{
  "id" : "5ae7cfb0-d149-11e9-ad4b-c984733d60b0-30",
  "name" : "30_浜坂温泉郷 国民保養温泉地計画書",
  "createdDate" : 0,
  "version" : 3,
  "text" : "（１）浜坂地区\n浜坂温泉は、昭和 53 年旧浜坂町役場近くで、消雪用水源掘削中に温泉の兆候が現れ、本格的調査で温泉を掘りあてた。\n昭和 56 年に、通産省の地域エネルギー開発利用モデル事業の第１号として「地熱水の広域定温供給システムによる多目的利用モデル事業」で整備し、昭和 57 年 6 月から集中管理方式により一般家庭及び浜坂海岸レクリエーションセンター、高齢者いきがい施設ユートピア浜坂、浜坂温泉保養荘、町営住宅宇都野団地、旅館・民宿等 15軒へ配湯している。配湯能力は 1,200 戸で、平成 27 年 3 月 31 日現在 671 戸が利用している。\n浴用の適応症は、神経痛、筋肉痛、五十肩、運動麻痺、関節のこわばり、うちみ、くじき、慢性消化器病、痔疾、冷え症、病後回復期、疲労回復、健康増進、きりきず、やけど、慢性皮膚病、虚弱児童、慢性婦人病である。\nまた、この地域は、山陰海岸国立公園（質的にも位置的にも中心となるのが名勝天然記念物但馬御火浦を擁する浜坂海岸）に指定（昭和 38 年 7 月 15 日）されて以来、浜坂県民サンビーチを中心とした夏場の海水浴、キャンプと、但馬御火浦を巡る観光遊覧船、さらに、冬場の温泉、カニ料理などレクリエーション、保養の適地である。",
  "docLength" : 0,
  "language" : "JA",
  "status" : "IN_PROGRESS",
  "modifiedDate" : 1567849349370,
  "documentSet" : [ ],
  "preannotation" : [ "PRE_LW" ],
  "sentences" : [ {
    "id" : "s0",
    "begin" : 0,
    "end" : 64,
    "text" : "（１）浜坂地区\n浜坂温泉は、昭和 53 年旧浜坂町役場近くで、消雪用水源掘削中に温泉の兆候が現れ、本格的調査で温泉を掘りあてた。",
    "tokens" : [ {
      "id" : "s0-t0",
      "begin" : 0,
      "end" : 1,
      "text" : "（",
      "whiteSpace" : false
    }, {
      "id" : "s0-t1",
      "begin" : 1,
      "end" : 2,
      "text" : "１",
      "whiteSpace" : false
    }, {
      "id" : "s0-t2",
      "begin" : 2,
      "end" : 3,
      "text" : "）",
      "whiteSpace" : false
    }, {
      "id" : "s0-t3",
      "begin" : 3,
      "end" : 5,
      "text" : "浜坂",
      "whiteSpace" : false
    }, {
      "id" : "s0-t4",
      "begin" : 5,
      "end" : 7,
      "text" : "地区",
      "whiteSpace" : false
    }, {
      "id" : "s0-t5",
      "begin" : 8,
      "end" : 10,
      "text" : "浜坂",
      "whiteSpace" : false
    }, {
      "id" : "s0-t6",
      "begin" : 10,
      "end" : 12,
      "text" : "温泉",
      "whiteSpace" : false
    }, {
      "id" : "s0-t7",
      "begin" : 12,
      "end" : 13,
      "text" : "は",
      "whiteSpace" : false
    }, {
      "id" : "s0-t8",
      "begin" : 13,
      "end" : 14,
      "text" : "、",
      "whiteSpace" : false
    }, {
      "id" : "s0-t9",
      "begin" : 14,
      "end" : 16,
      "text" : "昭和",
      "whiteSpace" : false
    }, {
      "id" : "s0-t10",
      "begin" : 17,
      "end" : 19,
      "text" : "53",
      "whiteSpace" : false
    }, {
      "id" : "s0-t11",
      "begin" : 20,
      "end" : 21,
      "text" : "年",
      "whiteSpace" : false
    }, {
      "id" : "s0-t12",
      "begin" : 21,
      "end" : 22,
      "text" : "旧",
      "whiteSpace" : false
    }, {
      "id" : "s0-t13",
      "begin" : 22,
      "end" : 24,
      "text" : "浜坂",
      "whiteSpace" : false
    }, {
      "id" : "s0-t14",
      "begin" : 24,
      "end" : 25,
      "text" : "町",
      "whiteSpace" : false
    }, {
      "id" : "s0-t15",
      "begin" : 25,
      "end" : 27,
      "text" : "役場",
      "whiteSpace" : false
    }, {
      "id" : "s0-t16",
      "begin" : 27,
      "end" : 29,
      "text" : "近く",
      "whiteSpace" : false
    }, {
      "id" : "s0-t17",
      "begin" : 29,
      "end" : 30,
      "text" : "で",
      "whiteSpace" : false
    }, {
      "id" : "s0-t18",
      "begin" : 30,
      "end" : 31,
      "text" : "、",
      "whiteSpace" : false
    }, {
      "id" : "s0-t19",
      "begin" : 31,
      "end" : 33,
      "text" : "消雪",
      "whiteSpace" : false
    }, {
      "id" : "s0-t20",
      "begin" : 33,
      "end" : 34,
      "text" : "用",
      "whiteSpace" : false
    }, {
      "id" : "s0-t21",
      "begin" : 34,
      "end" : 36,
      "text" : "水源",
      "whiteSpace" : false
    }, {
      "id" : "s0-t22",
      "begin" : 36,
      "end" : 38,
      "text" : "掘削",
      "whiteSpace" : false
    }, {
      "id" : "s0-t23",
      "begin" : 38,
      "end" : 39,
      "text" : "中",
      "whiteSpace" : false
    }, {
      "id" : "s0-t24",
      "begin" : 39,
      "end" : 40,
      "text" : "に",
      "whiteSpace" : false
    }, {
      "id" : "s0-t25",
      "begin" : 40,
      "end" : 42,
      "text" : "温泉",
      "whiteSpace" : false
    }, {
      "id" : "s0-t26",
      "begin" : 42,
      "end" : 43,
      "text" : "の",
      "whiteSpace" : false
    }, {
      "id" : "s0-t27",
      "begin" : 43,
      "end" : 45,
      "text" : "兆候",
      "whiteSpace" : false
    }, {
      "id" : "s0-t28",
      "begin" : 45,
      "end" : 46,
      "text" : "が",
      "whiteSpace" : false
    }, {
      "id" : "s0-t29",
      "begin" : 46,
      "end" : 48,
      "text" : "現れ",
      "whiteSpace" : false
    }, {
      "id" : "s0-t30",
      "begin" : 48,
      "end" : 49,
      "text" : "、",
      "whiteSpace" : false
    }, {
      "id" : "s0-t31",
      "begin" : 49,
      "end" : 51,
      "text" : "本格",
      "whiteSpace" : false
    }, {
      "id" : "s0-t32",
      "begin" : 51,
      "end" : 52,
      "text" : "的",
      "whiteSpace" : false
    }, {
      "id" : "s0-t33",
      "begin" : 52,
      "end" : 54,
      "text" : "調査",
      "whiteSpace" : false
    }, {
      "id" : "s0-t34",
      "begin" : 54,
      "end" : 55,
      "text" : "で",
      "whiteSpace" : false
    }, {
      "id" : "s0-t35",
      "begin" : 55,
      "end" : 57,
      "text" : "温泉",
      "whiteSpace" : false
    }, {
      "id" : "s0-t36",
      "begin" : 57,
      "end" : 58,
      "text" : "を",
      "whiteSpace" : false
    }, {
      "id" : "s0-t37",
      "begin" : 58,
      "end" : 63,
      "text" : "掘りあてた",
      "whiteSpace" : false
    }, {
      "id" : "s0-t38",
      "begin" : 63,
      "end" : 64,
      "text" : "。",
      "whiteSpace" : false
    } ]
  }, {
    "id" : "s1",
    "begin" : 65,
    "end" : 233,
    "text" : "昭和 56 年に、通産省の地域エネルギー開発利用モデル事業の第１号として「地熱水の広域定温供給システムによる多目的利用モデル事業」で整備し、昭和 57 年 6 月から集中管理方式により一般家庭及び浜坂海岸レクリエーションセンター、高齢者いきがい施設ユートピア浜坂、浜坂温泉保養荘、町営住宅宇都野団地、旅館・民宿等 15軒へ配湯している。",
    "tokens" : [ {
      "id" : "s1-t0",
      "begin" : 65,
      "end" : 67,
      "text" : "昭和",
      "whiteSpace" : false
    }, {
      "id" : "s1-t1",
      "begin" : 68,
      "end" : 70,
      "text" : "56",
      "whiteSpace" : false
    }, {
      "id" : "s1-t2",
      "begin" : 71,
      "end" : 72,
      "text" : "年",
      "whiteSpace" : false
    }, {
      "id" : "s1-t3",
      "begin" : 72,
      "end" : 73,
      "text" : "に",
      "whiteSpace" : false
    }, {
      "id" : "s1-t4",
      "begin" : 73,
      "end" : 74,
      "text" : "、",
      "whiteSpace" : false
    }, {
      "id" : "s1-t5",
      "begin" : 74,
      "end" : 76,
      "text" : "通産",
      "whiteSpace" : false
    }, {
      "id" : "s1-t6",
      "begin" : 76,
      "end" : 77,
      "text" : "省",
      "whiteSpace" : false
    }, {
      "id" : "s1-t7",
      "begin" : 77,
      "end" : 78,
      "text" : "の",
      "whiteSpace" : false
    }, {
      "id" : "s1-t8",
      "begin" : 78,
      "end" : 80,
      "text" : "地域",
      "whiteSpace" : false
    }, {
      "id" : "s1-t9",
      "begin" : 80,
      "end" : 85,
      "text" : "エネルギー",
      "whiteSpace" : false
    }, {
      "id" : "s1-t10",
      "begin" : 85,
      "end" : 87,
      "text" : "開発",
      "whiteSpace" : false
    }, {
      "id" : "s1-t11",
      "begin" : 87,
      "end" : 89,
      "text" : "利用",
      "whiteSpace" : false
    }, {
      "id" : "s1-t12",
      "begin" : 89,
      "end" : 92,
      "text" : "モデル",
      "whiteSpace" : false
    }, {
      "id" : "s1-t13",
      "begin" : 92,
      "end" : 94,
      "text" : "事業",
      "whiteSpace" : false
    }, {
      "id" : "s1-t14",
      "begin" : 94,
      "end" : 95,
      "text" : "の",
      "whiteSpace" : false
    }, {
      "id" : "s1-t15",
      "begin" : 95,
      "end" : 96,
      "text" : "第",
      "whiteSpace" : false
    }, {
      "id" : "s1-t16",
      "begin" : 96,
      "end" : 97,
      "text" : "１",
      "whiteSpace" : false
    }, {
      "id" : "s1-t17",
      "begin" : 97,
      "end" : 98,
      "text" : "号",
      "whiteSpace" : false
    }, {
      "id" : "s1-t18",
      "begin" : 98,
      "end" : 99,
      "text" : "と",
      "whiteSpace" : false
    }, {
      "id" : "s1-t19",
      "begin" : 99,
      "end" : 101,
      "text" : "して",
      "whiteSpace" : false
    }, {
      "id" : "s1-t20",
      "begin" : 101,
      "end" : 102,
      "text" : "「",
      "whiteSpace" : false
    }, {
      "id" : "s1-t21",
      "begin" : 102,
      "end" : 104,
      "text" : "地熱",
      "whiteSpace" : false
    }, {
      "id" : "s1-t22",
      "begin" : 104,
      "end" : 105,
      "text" : "水",
      "whiteSpace" : false
    }, {
      "id" : "s1-t23",
      "begin" : 105,
      "end" : 106,
      "text" : "の",
      "whiteSpace" : false
    }, {
      "id" : "s1-t24",
      "begin" : 106,
      "end" : 108,
      "text" : "広域",
      "whiteSpace" : false
    }, {
      "id" : "s1-t25",
      "begin" : 108,
      "end" : 110,
      "text" : "定温",
      "whiteSpace" : false
    }, {
      "id" : "s1-t26",
      "begin" : 110,
      "end" : 112,
      "text" : "供給",
      "whiteSpace" : false
    }, {
      "id" : "s1-t27",
      "begin" : 112,
      "end" : 116,
      "text" : "システム",
      "whiteSpace" : false
    }, {
      "id" : "s1-t28",
      "begin" : 116,
      "end" : 117,
      "text" : "に",
      "whiteSpace" : false
    }, {
      "id" : "s1-t29",
      "begin" : 117,
      "end" : 119,
      "text" : "よる",
      "whiteSpace" : false
    }, {
      "id" : "s1-t30",
      "begin" : 119,
      "end" : 122,
      "text" : "多目的",
      "whiteSpace" : false
    }, {
      "id" : "s1-t31",
      "begin" : 122,
      "end" : 124,
      "text" : "利用",
      "whiteSpace" : false
    }, {
      "id" : "s1-t32",
      "begin" : 124,
      "end" : 127,
      "text" : "モデル",
      "whiteSpace" : false
    }, {
      "id" : "s1-t33",
      "begin" : 127,
      "end" : 129,
      "text" : "事業",
      "whiteSpace" : false
    }, {
      "id" : "s1-t34",
      "begin" : 129,
      "end" : 130,
      "text" : "」",
      "whiteSpace" : false
    }, {
      "id" : "s1-t35",
      "begin" : 130,
      "end" : 131,
      "text" : "で",
      "whiteSpace" : false
    }, {
      "id" : "s1-t36",
      "begin" : 131,
      "end" : 133,
      "text" : "整備",
      "whiteSpace" : false
    }, {
      "id" : "s1-t37",
      "begin" : 133,
      "end" : 134,
      "text" : "し",
      "whiteSpace" : false
    }, {
      "id" : "s1-t38",
      "begin" : 134,
      "end" : 135,
      "text" : "、",
      "whiteSpace" : false
    }, {
      "id" : "s1-t39",
      "begin" : 135,
      "end" : 137,
      "text" : "昭和",
      "whiteSpace" : false
    }, {
      "id" : "s1-t40",
      "begin" : 138,
      "end" : 140,
      "text" : "57",
      "whiteSpace" : false
    }, {
      "id" : "s1-t41",
      "begin" : 141,
      "end" : 142,
      "text" : "年",
      "whiteSpace" : false
    }, {
      "id" : "s1-t42",
      "begin" : 143,
      "end" : 144,
      "text" : "6",
      "whiteSpace" : false
    }, {
      "id" : "s1-t43",
      "begin" : 145,
      "end" : 146,
      "text" : "月",
      "whiteSpace" : false
    }, {
      "id" : "s1-t44",
      "begin" : 146,
      "end" : 148,
      "text" : "から",
      "whiteSpace" : false
    }, {
      "id" : "s1-t45",
      "begin" : 148,
      "end" : 150,
      "text" : "集中",
      "whiteSpace" : false
    }, {
      "id" : "s1-t46",
      "begin" : 150,
      "end" : 152,
      "text" : "管理",
      "whiteSpace" : false
    }, {
      "id" : "s1-t47",
      "begin" : 152,
      "end" : 154,
      "text" : "方式",
      "whiteSpace" : false
    }, {
      "id" : "s1-t48",
      "begin" : 154,
      "end" : 155,
      "text" : "に",
      "whiteSpace" : false
    }, {
      "id" : "s1-t49",
      "begin" : 155,
      "end" : 157,
      "text" : "より",
      "whiteSpace" : false
    }, {
      "id" : "s1-t50",
      "begin" : 157,
      "end" : 159,
      "text" : "一般",
      "whiteSpace" : false
    }, {
      "id" : "s1-t51",
      "begin" : 159,
      "end" : 161,
      "text" : "家庭",
      "whiteSpace" : false
    }, {
      "id" : "s1-t52",
      "begin" : 161,
      "end" : 163,
      "text" : "及び",
      "whiteSpace" : false
    }, {
      "id" : "s1-t53",
      "begin" : 163,
      "end" : 165,
      "text" : "浜坂",
      "whiteSpace" : false
    }, {
      "id" : "s1-t54",
      "begin" : 165,
      "end" : 167,
      "text" : "海岸",
      "whiteSpace" : false
    }, {
      "id" : "s1-t55",
      "begin" : 167,
      "end" : 175,
      "text" : "レクリエーション",
      "whiteSpace" : false
    }, {
      "id" : "s1-t56",
      "begin" : 175,
      "end" : 179,
      "text" : "センター",
      "whiteSpace" : false
    }, {
      "id" : "s1-t57",
      "begin" : 179,
      "end" : 180,
      "text" : "、",
      "whiteSpace" : false
    }, {
      "id" : "s1-t58",
      "begin" : 180,
      "end" : 182,
      "text" : "高齢",
      "whiteSpace" : false
    }, {
      "id" : "s1-t59",
      "begin" : 182,
      "end" : 183,
      "text" : "者",
      "whiteSpace" : false
    }, {
      "id" : "s1-t60",
      "begin" : 183,
      "end" : 187,
      "text" : "いきがい",
      "whiteSpace" : false
    }, {
      "id" : "s1-t61",
      "begin" : 187,
      "end" : 189,
      "text" : "施設",
      "whiteSpace" : false
    }, {
      "id" : "s1-t62",
      "begin" : 189,
      "end" : 194,
      "text" : "ユートピア",
      "whiteSpace" : false
    }, {
      "id" : "s1-t63",
      "begin" : 194,
      "end" : 196,
      "text" : "浜坂",
      "whiteSpace" : false
    }, {
      "id" : "s1-t64",
      "begin" : 196,
      "end" : 197,
      "text" : "、",
      "whiteSpace" : false
    }, {
      "id" : "s1-t65",
      "begin" : 197,
      "end" : 199,
      "text" : "浜坂",
      "whiteSpace" : false
    }, {
      "id" : "s1-t66",
      "begin" : 199,
      "end" : 201,
      "text" : "温泉",
      "whiteSpace" : false
    }, {
      "id" : "s1-t67",
      "begin" : 201,
      "end" : 203,
      "text" : "保養",
      "whiteSpace" : false
    }, {
      "id" : "s1-t68",
      "begin" : 203,
      "end" : 204,
      "text" : "荘",
      "whiteSpace" : false
    }, {
      "id" : "s1-t69",
      "begin" : 204,
      "end" : 205,
      "text" : "、",
      "whiteSpace" : false
    }, {
      "id" : "s1-t70",
      "begin" : 205,
      "end" : 207,
      "text" : "町営",
      "whiteSpace" : false
    }, {
      "id" : "s1-t71",
      "begin" : 207,
      "end" : 209,
      "text" : "住宅",
      "whiteSpace" : false
    }, {
      "id" : "s1-t72",
      "begin" : 209,
      "end" : 212,
      "text" : "宇都野",
      "whiteSpace" : false
    }, {
      "id" : "s1-t73",
      "begin" : 212,
      "end" : 214,
      "text" : "団地",
      "whiteSpace" : false
    }, {
      "id" : "s1-t74",
      "begin" : 214,
      "end" : 215,
      "text" : "、",
      "whiteSpace" : false
    }, {
      "id" : "s1-t75",
      "begin" : 215,
      "end" : 217,
      "text" : "旅館",
      "whiteSpace" : false
    }, {
      "id" : "s1-t76",
      "begin" : 217,
      "end" : 218,
      "text" : "・",
      "whiteSpace" : false
    }, {
      "id" : "s1-t77",
      "begin" : 218,
      "end" : 220,
      "text" : "民宿",
      "whiteSpace" : false
    }, {
      "id" : "s1-t78",
      "begin" : 220,
      "end" : 221,
      "text" : "等",
      "whiteSpace" : false
    }, {
      "id" : "s1-t79",
      "begin" : 222,
      "end" : 224,
      "text" : "15",
      "whiteSpace" : false
    }, {
      "id" : "s1-t80",
      "begin" : 224,
      "end" : 225,
      "text" : "軒",
      "whiteSpace" : false
    }, {
      "id" : "s1-t81",
      "begin" : 225,
      "end" : 226,
      "text" : "へ",
      "whiteSpace" : false
    }, {
      "id" : "s1-t82",
      "begin" : 226,
      "end" : 228,
      "text" : "配湯",
      "whiteSpace" : false
    }, {
      "id" : "s1-t83",
      "begin" : 228,
      "end" : 230,
      "text" : "して",
      "whiteSpace" : false
    }, {
      "id" : "s1-t84",
      "begin" : 230,
      "end" : 232,
      "text" : "いる",
      "whiteSpace" : false
    }, {
      "id" : "s1-t85",
      "begin" : 232,
      "end" : 233,
      "text" : "。",
      "whiteSpace" : false
    } ]
  }, {
    "id" : "s2",
    "begin" : 233,
    "end" : 280,
    "text" : "配湯能力は 1,200 戸で、平成 27 年 3 月 31 日現在 671 戸が利用している。",
    "tokens" : [ {
      "id" : "s2-t0",
      "begin" : 233,
      "end" : 235,
      "text" : "配湯",
      "whiteSpace" : false
    }, {
      "id" : "s2-t1",
      "begin" : 235,
      "end" : 237,
      "text" : "能力",
      "whiteSpace" : false
    }, {
      "id" : "s2-t2",
      "begin" : 237,
      "end" : 238,
      "text" : "は",
      "whiteSpace" : false
    }, {
      "id" : "s2-t3",
      "begin" : 239,
      "end" : 244,
      "text" : "1,200",
      "whiteSpace" : false
    }, {
      "id" : "s2-t4",
      "begin" : 245,
      "end" : 246,
      "text" : "戸",
      "whiteSpace" : false
    }, {
      "id" : "s2-t5",
      "begin" : 246,
      "end" : 247,
      "text" : "で",
      "whiteSpace" : false
    }, {
      "id" : "s2-t6",
      "begin" : 247,
      "end" : 248,
      "text" : "、",
      "whiteSpace" : false
    }, {
      "id" : "s2-t7",
      "begin" : 248,
      "end" : 250,
      "text" : "平成",
      "whiteSpace" : false
    }, {
      "id" : "s2-t8",
      "begin" : 251,
      "end" : 253,
      "text" : "27",
      "whiteSpace" : false
    }, {
      "id" : "s2-t9",
      "begin" : 254,
      "end" : 255,
      "text" : "年",
      "whiteSpace" : false
    }, {
      "id" : "s2-t10",
      "begin" : 256,
      "end" : 257,
      "text" : "3",
      "whiteSpace" : false
    }, {
      "id" : "s2-t11",
      "begin" : 258,
      "end" : 259,
      "text" : "月",
      "whiteSpace" : false
    }, {
      "id" : "s2-t12",
      "begin" : 260,
      "end" : 262,
      "text" : "31",
      "whiteSpace" : false
    }, {
      "id" : "s2-t13",
      "begin" : 263,
      "end" : 264,
      "text" : "日",
      "whiteSpace" : false
    }, {
      "id" : "s2-t14",
      "begin" : 264,
      "end" : 266,
      "text" : "現在",
      "whiteSpace" : false
    }, {
      "id" : "s2-t15",
      "begin" : 267,
      "end" : 270,
      "text" : "671",
      "whiteSpace" : false
    }, {
      "id" : "s2-t16",
      "begin" : 271,
      "end" : 272,
      "text" : "戸",
      "whiteSpace" : false
    }, {
      "id" : "s2-t17",
      "begin" : 272,
      "end" : 273,
      "text" : "が",
      "whiteSpace" : false
    }, {
      "id" : "s2-t18",
      "begin" : 273,
      "end" : 275,
      "text" : "利用",
      "whiteSpace" : false
    }, {
      "id" : "s2-t19",
      "begin" : 275,
      "end" : 277,
      "text" : "して",
      "whiteSpace" : false
    }, {
      "id" : "s2-t20",
      "begin" : 277,
      "end" : 279,
      "text" : "いる",
      "whiteSpace" : false
    }, {
      "id" : "s2-t21",
      "begin" : 279,
      "end" : 280,
      "text" : "。",
      "whiteSpace" : false
    } ]
  }, {
    "id" : "s3",
    "begin" : 281,
    "end" : 381,
    "text" : "浴用の適応症は、神経痛、筋肉痛、五十肩、運動麻痺、関節のこわばり、うちみ、くじき、慢性消化器病、痔疾、冷え症、病後回復期、疲労回復、健康増進、きりきず、やけど、慢性皮膚病、虚弱児童、慢性婦人病である。",
    "tokens" : [ {
      "id" : "s3-t0",
      "begin" : 281,
      "end" : 282,
      "text" : "浴",
      "whiteSpace" : false
    }, {
      "id" : "s3-t1",
      "begin" : 282,
      "end" : 283,
      "text" : "用",
      "whiteSpace" : false
    }, {
      "id" : "s3-t2",
      "begin" : 283,
      "end" : 284,
      "text" : "の",
      "whiteSpace" : false
    }, {
      "id" : "s3-t3",
      "begin" : 284,
      "end" : 286,
      "text" : "適応",
      "whiteSpace" : false
    }, {
      "id" : "s3-t4",
      "begin" : 286,
      "end" : 287,
      "text" : "症",
      "whiteSpace" : false
    }, {
      "id" : "s3-t5",
      "begin" : 287,
      "end" : 288,
      "text" : "は",
      "whiteSpace" : false
    }, {
      "id" : "s3-t6",
      "begin" : 288,
      "end" : 289,
      "text" : "、",
      "whiteSpace" : false
    }, {
      "id" : "s3-t7",
      "begin" : 289,
      "end" : 291,
      "text" : "神経",
      "whiteSpace" : false
    }, {
      "id" : "s3-t8",
      "begin" : 291,
      "end" : 292,
      "text" : "痛",
      "whiteSpace" : false
    }, {
      "id" : "s3-t9",
      "begin" : 292,
      "end" : 293,
      "text" : "、",
      "whiteSpace" : false
    }, {
      "id" : "s3-t10",
      "begin" : 293,
      "end" : 295,
      "text" : "筋肉",
      "whiteSpace" : false
    }, {
      "id" : "s3-t11",
      "begin" : 295,
      "end" : 296,
      "text" : "痛",
      "whiteSpace" : false
    }, {
      "id" : "s3-t12",
      "begin" : 296,
      "end" : 297,
      "text" : "、",
      "whiteSpace" : false
    }, {
      "id" : "s3-t13",
      "begin" : 297,
      "end" : 299,
      "text" : "五十",
      "whiteSpace" : false
    }, {
      "id" : "s3-t14",
      "begin" : 299,
      "end" : 300,
      "text" : "肩",
      "whiteSpace" : false
    }, {
      "id" : "s3-t15",
      "begin" : 300,
      "end" : 301,
      "text" : "、",
      "whiteSpace" : false
    }, {
      "id" : "s3-t16",
      "begin" : 301,
      "end" : 303,
      "text" : "運動",
      "whiteSpace" : false
    }, {
      "id" : "s3-t17",
      "begin" : 303,
      "end" : 305,
      "text" : "麻痺",
      "whiteSpace" : false
    }, {
      "id" : "s3-t18",
      "begin" : 305,
      "end" : 306,
      "text" : "、",
      "whiteSpace" : false
    }, {
      "id" : "s3-t19",
      "begin" : 306,
      "end" : 308,
      "text" : "関節",
      "whiteSpace" : false
    }, {
      "id" : "s3-t20",
      "begin" : 308,
      "end" : 309,
      "text" : "の",
      "whiteSpace" : false
    }, {
      "id" : "s3-t21",
      "begin" : 309,
      "end" : 313,
      "text" : "こわばり",
      "whiteSpace" : false
    }, {
      "id" : "s3-t22",
      "begin" : 313,
      "end" : 314,
      "text" : "、",
      "whiteSpace" : false
    }, {
      "id" : "s3-t23",
      "begin" : 314,
      "end" : 317,
      "text" : "うちみ",
      "whiteSpace" : false
    }, {
      "id" : "s3-t24",
      "begin" : 317,
      "end" : 318,
      "text" : "、",
      "whiteSpace" : false
    }, {
      "id" : "s3-t25",
      "begin" : 318,
      "end" : 321,
      "text" : "くじき",
      "whiteSpace" : false
    }, {
      "id" : "s3-t26",
      "begin" : 321,
      "end" : 322,
      "text" : "、",
      "whiteSpace" : false
    }, {
      "id" : "s3-t27",
      "begin" : 322,
      "end" : 324,
      "text" : "慢性",
      "whiteSpace" : false
    }, {
      "id" : "s3-t28",
      "begin" : 324,
      "end" : 326,
      "text" : "消化",
      "whiteSpace" : false
    }, {
      "id" : "s3-t29",
      "begin" : 326,
      "end" : 327,
      "text" : "器",
      "whiteSpace" : false
    }, {
      "id" : "s3-t30",
      "begin" : 327,
      "end" : 328,
      "text" : "病",
      "whiteSpace" : false
    }, {
      "id" : "s3-t31",
      "begin" : 328,
      "end" : 329,
      "text" : "、",
      "whiteSpace" : false
    }, {
      "id" : "s3-t32",
      "begin" : 329,
      "end" : 330,
      "text" : "痔",
      "whiteSpace" : false
    }, {
      "id" : "s3-t33",
      "begin" : 330,
      "end" : 331,
      "text" : "疾",
      "whiteSpace" : false
    }, {
      "id" : "s3-t34",
      "begin" : 331,
      "end" : 332,
      "text" : "、",
      "whiteSpace" : false
    }, {
      "id" : "s3-t35",
      "begin" : 332,
      "end" : 335,
      "text" : "冷え症",
      "whiteSpace" : false
    }, {
      "id" : "s3-t36",
      "begin" : 335,
      "end" : 336,
      "text" : "、",
      "whiteSpace" : false
    }, {
      "id" : "s3-t37",
      "begin" : 336,
      "end" : 337,
      "text" : "病",
      "whiteSpace" : false
    }, {
      "id" : "s3-t38",
      "begin" : 337,
      "end" : 338,
      "text" : "後",
      "whiteSpace" : false
    }, {
      "id" : "s3-t39",
      "begin" : 338,
      "end" : 340,
      "text" : "回復",
      "whiteSpace" : false
    }, {
      "id" : "s3-t40",
      "begin" : 340,
      "end" : 341,
      "text" : "期",
      "whiteSpace" : false
    }, {
      "id" : "s3-t41",
      "begin" : 341,
      "end" : 342,
      "text" : "、",
      "whiteSpace" : false
    }, {
      "id" : "s3-t42",
      "begin" : 342,
      "end" : 344,
      "text" : "疲労",
      "whiteSpace" : false
    }, {
      "id" : "s3-t43",
      "begin" : 344,
      "end" : 346,
      "text" : "回復",
      "whiteSpace" : false
    }, {
      "id" : "s3-t44",
      "begin" : 346,
      "end" : 347,
      "text" : "、",
      "whiteSpace" : false
    }, {
      "id" : "s3-t45",
      "begin" : 347,
      "end" : 349,
      "text" : "健康",
      "whiteSpace" : false
    }, {
      "id" : "s3-t46",
      "begin" : 349,
      "end" : 351,
      "text" : "増進",
      "whiteSpace" : false
    }, {
      "id" : "s3-t47",
      "begin" : 351,
      "end" : 352,
      "text" : "、",
      "whiteSpace" : false
    }, {
      "id" : "s3-t48",
      "begin" : 352,
      "end" : 355,
      "text" : "きりき",
      "whiteSpace" : false
    }, {
      "id" : "s3-t49",
      "begin" : 355,
      "end" : 356,
      "text" : "ず",
      "whiteSpace" : false
    }, {
      "id" : "s3-t50",
      "begin" : 356,
      "end" : 357,
      "text" : "、",
      "whiteSpace" : false
    }, {
      "id" : "s3-t51",
      "begin" : 357,
      "end" : 360,
      "text" : "やけど",
      "whiteSpace" : false
    }, {
      "id" : "s3-t52",
      "begin" : 360,
      "end" : 361,
      "text" : "、",
      "whiteSpace" : false
    }, {
      "id" : "s3-t53",
      "begin" : 361,
      "end" : 366,
      "text" : "慢性皮膚病",
      "whiteSpace" : false
    }, {
      "id" : "s3-t54",
      "begin" : 366,
      "end" : 367,
      "text" : "、",
      "whiteSpace" : false
    }, {
      "id" : "s3-t55",
      "begin" : 367,
      "end" : 369,
      "text" : "虚弱",
      "whiteSpace" : false
    }, {
      "id" : "s3-t56",
      "begin" : 369,
      "end" : 371,
      "text" : "児童",
      "whiteSpace" : false
    }, {
      "id" : "s3-t57",
      "begin" : 371,
      "end" : 372,
      "text" : "、",
      "whiteSpace" : false
    }, {
      "id" : "s3-t58",
      "begin" : 372,
      "end" : 374,
      "text" : "慢性",
      "whiteSpace" : false
    }, {
      "id" : "s3-t59",
      "begin" : 374,
      "end" : 376,
      "text" : "婦人",
      "whiteSpace" : false
    }, {
      "id" : "s3-t60",
      "begin" : 376,
      "end" : 377,
      "text" : "病",
      "whiteSpace" : false
    }, {
      "id" : "s3-t61",
      "begin" : 377,
      "end" : 380,
      "text" : "である",
      "whiteSpace" : false
    }, {
      "id" : "s3-t62",
      "begin" : 380,
      "end" : 381,
      "text" : "。",
      "whiteSpace" : false
    } ]
  }, {
    "id" : "s4",
    "begin" : 382,
    "end" : 540,
    "text" : "また、この地域は、山陰海岸国立公園（質的にも位置的にも中心となるのが名勝天然記念物但馬御火浦を擁する浜坂海岸）に指定（昭和 38 年 7 月 15 日）されて以来、浜坂県民サンビーチを中心とした夏場の海水浴、キャンプと、但馬御火浦を巡る観光遊覧船、さらに、冬場の温泉、カニ料理などレクリエーション、保養の適地である。",
    "tokens" : [ {
      "id" : "s4-t0",
      "begin" : 382,
      "end" : 384,
      "text" : "また",
      "whiteSpace" : false
    }, {
      "id" : "s4-t1",
      "begin" : 384,
      "end" : 385,
      "text" : "、",
      "whiteSpace" : false
    }, {
      "id" : "s4-t2",
      "begin" : 385,
      "end" : 387,
      "text" : "この",
      "whiteSpace" : false
    }, {
      "id" : "s4-t3",
      "begin" : 387,
      "end" : 389,
      "text" : "地域",
      "whiteSpace" : false
    }, {
      "id" : "s4-t4",
      "begin" : 389,
      "end" : 390,
      "text" : "は",
      "whiteSpace" : false
    }, {
      "id" : "s4-t5",
      "begin" : 390,
      "end" : 391,
      "text" : "、",
      "whiteSpace" : false
    }, {
      "id" : "s4-t6",
      "begin" : 391,
      "end" : 393,
      "text" : "山陰",
      "whiteSpace" : false
    }, {
      "id" : "s4-t7",
      "begin" : 393,
      "end" : 395,
      "text" : "海岸",
      "whiteSpace" : false
    }, {
      "id" : "s4-t8",
      "begin" : 395,
      "end" : 397,
      "text" : "国立",
      "whiteSpace" : false
    }, {
      "id" : "s4-t9",
      "begin" : 397,
      "end" : 399,
      "text" : "公園",
      "whiteSpace" : false
    }, {
      "id" : "s4-t10",
      "begin" : 399,
      "end" : 400,
      "text" : "（",
      "whiteSpace" : false
    }, {
      "id" : "s4-t11",
      "begin" : 400,
      "end" : 403,
      "text" : "質的に",
      "whiteSpace" : false
    }, {
      "id" : "s4-t12",
      "begin" : 403,
      "end" : 404,
      "text" : "も",
      "whiteSpace" : false
    }, {
      "id" : "s4-t13",
      "begin" : 404,
      "end" : 406,
      "text" : "位置",
      "whiteSpace" : false
    }, {
      "id" : "s4-t14",
      "begin" : 406,
      "end" : 408,
      "text" : "的に",
      "whiteSpace" : false
    }, {
      "id" : "s4-t15",
      "begin" : 408,
      "end" : 409,
      "text" : "も",
      "whiteSpace" : false
    }, {
      "id" : "s4-t16",
      "begin" : 409,
      "end" : 411,
      "text" : "中心",
      "whiteSpace" : false
    }, {
      "id" : "s4-t17",
      "begin" : 411,
      "end" : 412,
      "text" : "と",
      "whiteSpace" : false
    }, {
      "id" : "s4-t18",
      "begin" : 412,
      "end" : 414,
      "text" : "なる",
      "whiteSpace" : false
    }, {
      "id" : "s4-t19",
      "begin" : 414,
      "end" : 415,
      "text" : "の",
      "whiteSpace" : false
    }, {
      "id" : "s4-t20",
      "begin" : 415,
      "end" : 416,
      "text" : "が",
      "whiteSpace" : false
    }, {
      "id" : "s4-t21",
      "begin" : 416,
      "end" : 418,
      "text" : "名勝",
      "whiteSpace" : false
    }, {
      "id" : "s4-t22",
      "begin" : 418,
      "end" : 420,
      "text" : "天然",
      "whiteSpace" : false
    }, {
      "id" : "s4-t23",
      "begin" : 420,
      "end" : 422,
      "text" : "記念",
      "whiteSpace" : false
    }, {
      "id" : "s4-t24",
      "begin" : 422,
      "end" : 423,
      "text" : "物",
      "whiteSpace" : false
    }, {
      "id" : "s4-t25",
      "begin" : 423,
      "end" : 425,
      "text" : "但馬",
      "whiteSpace" : false
    }, {
      "id" : "s4-t26",
      "begin" : 425,
      "end" : 426,
      "text" : "御",
      "whiteSpace" : false
    }, {
      "id" : "s4-t27",
      "begin" : 426,
      "end" : 428,
      "text" : "火浦",
      "whiteSpace" : false
    }, {
      "id" : "s4-t28",
      "begin" : 428,
      "end" : 429,
      "text" : "を",
      "whiteSpace" : false
    }, {
      "id" : "s4-t29",
      "begin" : 429,
      "end" : 432,
      "text" : "擁する",
      "whiteSpace" : false
    }, {
      "id" : "s4-t30",
      "begin" : 432,
      "end" : 434,
      "text" : "浜坂",
      "whiteSpace" : false
    }, {
      "id" : "s4-t31",
      "begin" : 434,
      "end" : 436,
      "text" : "海岸",
      "whiteSpace" : false
    }, {
      "id" : "s4-t32",
      "begin" : 436,
      "end" : 437,
      "text" : "）",
      "whiteSpace" : false
    }, {
      "id" : "s4-t33",
      "begin" : 437,
      "end" : 438,
      "text" : "に",
      "whiteSpace" : false
    }, {
      "id" : "s4-t34",
      "begin" : 438,
      "end" : 440,
      "text" : "指定",
      "whiteSpace" : false
    }, {
      "id" : "s4-t35",
      "begin" : 440,
      "end" : 441,
      "text" : "（",
      "whiteSpace" : false
    }, {
      "id" : "s4-t36",
      "begin" : 441,
      "end" : 443,
      "text" : "昭和",
      "whiteSpace" : false
    }, {
      "id" : "s4-t37",
      "begin" : 444,
      "end" : 446,
      "text" : "38",
      "whiteSpace" : false
    }, {
      "id" : "s4-t38",
      "begin" : 447,
      "end" : 448,
      "text" : "年",
      "whiteSpace" : false
    }, {
      "id" : "s4-t39",
      "begin" : 449,
      "end" : 450,
      "text" : "7",
      "whiteSpace" : false
    }, {
      "id" : "s4-t40",
      "begin" : 451,
      "end" : 452,
      "text" : "月",
      "whiteSpace" : false
    }, {
      "id" : "s4-t41",
      "begin" : 453,
      "end" : 455,
      "text" : "15",
      "whiteSpace" : false
    }, {
      "id" : "s4-t42",
      "begin" : 456,
      "end" : 457,
      "text" : "日",
      "whiteSpace" : false
    }, {
      "id" : "s4-t43",
      "begin" : 457,
      "end" : 458,
      "text" : "）",
      "whiteSpace" : false
    }, {
      "id" : "s4-t44",
      "begin" : 458,
      "end" : 459,
      "text" : "さ",
      "whiteSpace" : false
    }, {
      "id" : "s4-t45",
      "begin" : 459,
      "end" : 461,
      "text" : "れて",
      "whiteSpace" : false
    }, {
      "id" : "s4-t46",
      "begin" : 461,
      "end" : 463,
      "text" : "以来",
      "whiteSpace" : false
    }, {
      "id" : "s4-t47",
      "begin" : 463,
      "end" : 464,
      "text" : "、",
      "whiteSpace" : false
    }, {
      "id" : "s4-t48",
      "begin" : 464,
      "end" : 466,
      "text" : "浜坂",
      "whiteSpace" : false
    }, {
      "id" : "s4-t49",
      "begin" : 466,
      "end" : 468,
      "text" : "県民",
      "whiteSpace" : false
    }, {
      "id" : "s4-t50",
      "begin" : 468,
      "end" : 473,
      "text" : "サンビーチ",
      "whiteSpace" : false
    }, {
      "id" : "s4-t51",
      "begin" : 473,
      "end" : 474,
      "text" : "を",
      "whiteSpace" : false
    }, {
      "id" : "s4-t52",
      "begin" : 474,
      "end" : 476,
      "text" : "中心",
      "whiteSpace" : false
    }, {
      "id" : "s4-t53",
      "begin" : 476,
      "end" : 477,
      "text" : "と",
      "whiteSpace" : false
    }, {
      "id" : "s4-t54",
      "begin" : 477,
      "end" : 479,
      "text" : "した",
      "whiteSpace" : false
    }, {
      "id" : "s4-t55",
      "begin" : 479,
      "end" : 481,
      "text" : "夏場",
      "whiteSpace" : false
    }, {
      "id" : "s4-t56",
      "begin" : 481,
      "end" : 482,
      "text" : "の",
      "whiteSpace" : false
    }, {
      "id" : "s4-t57",
      "begin" : 482,
      "end" : 484,
      "text" : "海水",
      "whiteSpace" : false
    }, {
      "id" : "s4-t58",
      "begin" : 484,
      "end" : 485,
      "text" : "浴",
      "whiteSpace" : false
    }, {
      "id" : "s4-t59",
      "begin" : 485,
      "end" : 486,
      "text" : "、",
      "whiteSpace" : false
    }, {
      "id" : "s4-t60",
      "begin" : 486,
      "end" : 490,
      "text" : "キャンプ",
      "whiteSpace" : false
    }, {
      "id" : "s4-t61",
      "begin" : 490,
      "end" : 491,
      "text" : "と",
      "whiteSpace" : false
    }, {
      "id" : "s4-t62",
      "begin" : 491,
      "end" : 492,
      "text" : "、",
      "whiteSpace" : false
    }, {
      "id" : "s4-t63",
      "begin" : 492,
      "end" : 494,
      "text" : "但馬",
      "whiteSpace" : false
    }, {
      "id" : "s4-t64",
      "begin" : 494,
      "end" : 495,
      "text" : "御",
      "whiteSpace" : false
    }, {
      "id" : "s4-t65",
      "begin" : 495,
      "end" : 497,
      "text" : "火浦",
      "whiteSpace" : false
    }, {
      "id" : "s4-t66",
      "begin" : 497,
      "end" : 498,
      "text" : "を",
      "whiteSpace" : false
    }, {
      "id" : "s4-t67",
      "begin" : 498,
      "end" : 500,
      "text" : "巡る",
      "whiteSpace" : false
    }, {
      "id" : "s4-t68",
      "begin" : 500,
      "end" : 502,
      "text" : "観光",
      "whiteSpace" : false
    }, {
      "id" : "s4-t69",
      "begin" : 502,
      "end" : 504,
      "text" : "遊覧",
      "whiteSpace" : false
    }, {
      "id" : "s4-t70",
      "begin" : 504,
      "end" : 505,
      "text" : "船",
      "whiteSpace" : false
    }, {
      "id" : "s4-t71",
      "begin" : 505,
      "end" : 506,
      "text" : "、",
      "whiteSpace" : false
    }, {
      "id" : "s4-t72",
      "begin" : 506,
      "end" : 509,
      "text" : "さらに",
      "whiteSpace" : false
    }, {
      "id" : "s4-t73",
      "begin" : 509,
      "end" : 510,
      "text" : "、",
      "whiteSpace" : false
    }, {
      "id" : "s4-t74",
      "begin" : 510,
      "end" : 512,
      "text" : "冬場",
      "whiteSpace" : false
    }, {
      "id" : "s4-t75",
      "begin" : 512,
      "end" : 513,
      "text" : "の",
      "whiteSpace" : false
    }, {
      "id" : "s4-t76",
      "begin" : 513,
      "end" : 515,
      "text" : "温泉",
      "whiteSpace" : false
    }, {
      "id" : "s4-t77",
      "begin" : 515,
      "end" : 516,
      "text" : "、",
      "whiteSpace" : false
    }, {
      "id" : "s4-t78",
      "begin" : 516,
      "end" : 518,
      "text" : "カニ",
      "whiteSpace" : false
    }, {
      "id" : "s4-t79",
      "begin" : 518,
      "end" : 520,
      "text" : "料理",
      "whiteSpace" : false
    }, {
      "id" : "s4-t80",
      "begin" : 520,
      "end" : 522,
      "text" : "など",
      "whiteSpace" : false
    }, {
      "id" : "s4-t81",
      "begin" : 522,
      "end" : 530,
      "text" : "レクリエーション",
      "whiteSpace" : false
    }, {
      "id" : "s4-t82",
      "begin" : 530,
      "end" : 531,
      "text" : "、",
      "whiteSpace" : false
    }, {
      "id" : "s4-t83",
      "begin" : 531,
      "end" : 533,
      "text" : "保養",
      "whiteSpace" : false
    }, {
      "id" : "s4-t84",
      "begin" : 533,
      "end" : 534,
      "text" : "の",
      "whiteSpace" : false
    }, {
      "id" : "s4-t85",
      "begin" : 534,
      "end" : 536,
      "text" : "適地",
      "whiteSpace" : false
    }, {
      "id" : "s4-t86",
      "begin" : 536,
      "end" : 539,
      "text" : "である",
      "whiteSpace" : false
    }, {
      "id" : "s4-t87",
      "begin" : 539,
      "end" : 540,
      "text" : "。",
      "whiteSpace" : false
    } ]
  } ],
  "mentions" : [ {
    "id" : "s0-m1",
    "properties" : {
      "SIRE_MENTION_ROLE" : "ONSEN",
      "SIRE_ENTITY_SUBTYPE" : "NONE",
      "SIRE_MENTION_TYPE" : "NONE",
      "SIRE_MENTION_CLASS" : "SPC"
    },
    "type" : "ONSEN",
    "begin" : 8,
    "end" : 12,
    "inCoref" : false
  }, {
    "id" : "s3-m1",
    "properties" : {
      "SIRE_MENTION_ROLE" : "Tekiou",
      "SIRE_ENTITY_SUBTYPE" : "NONE",
      "SIRE_MENTION_TYPE" : "NONE",
      "SIRE_MENTION_CLASS" : "SPC"
    },
    "type" : "Tekiou",
    "begin" : 289,
    "end" : 292,
    "inCoref" : false
  }, {
    "id" : "s3-m2",
    "properties" : {
      "SIRE_MENTION_ROLE" : "Tekiou",
      "SIRE_ENTITY_SUBTYPE" : "NONE",
      "SIRE_MENTION_TYPE" : "NONE",
      "SIRE_MENTION_CLASS" : "SPC"
    },
    "type" : "Tekiou",
    "begin" : 293,
    "end" : 296,
    "inCoref" : false
  }, {
    "id" : "s3-m4",
    "properties" : {
      "SIRE_MENTION_ROLE" : "Tekiou",
      "SIRE_ENTITY_SUBTYPE" : "NONE",
      "SIRE_MENTION_TYPE" : "NONE",
      "SIRE_MENTION_CLASS" : "SPC"
    },
    "type" : "Tekiou",
    "begin" : 297,
    "end" : 300,
    "inCoref" : false
  }, {
    "id" : "s3-m5",
    "properties" : {
      "SIRE_MENTION_ROLE" : "Tekiou",
      "SIRE_ENTITY_SUBTYPE" : "NONE",
      "SIRE_MENTION_TYPE" : "NONE",
      "SIRE_MENTION_CLASS" : "SPC"
    },
    "type" : "Tekiou",
    "begin" : 301,
    "end" : 305,
    "inCoref" : false
  }, {
    "id" : "s3-m6",
    "properties" : {
      "SIRE_MENTION_ROLE" : "Tekiou",
      "SIRE_ENTITY_SUBTYPE" : "NONE",
      "SIRE_MENTION_TYPE" : "NONE",
      "SIRE_MENTION_CLASS" : "SPC"
    },
    "type" : "Tekiou",
    "begin" : 306,
    "end" : 313,
    "inCoref" : false
  }, {
    "id" : "s3-m7",
    "properties" : {
      "SIRE_MENTION_ROLE" : "Tekiou",
      "SIRE_ENTITY_SUBTYPE" : "NONE",
      "SIRE_MENTION_TYPE" : "NONE",
      "SIRE_MENTION_CLASS" : "SPC"
    },
    "type" : "Tekiou",
    "begin" : 314,
    "end" : 317,
    "inCoref" : false
  }, {
    "id" : "s3-m8",
    "properties" : {
      "SIRE_MENTION_ROLE" : "Tekiou",
      "SIRE_ENTITY_SUBTYPE" : "NONE",
      "SIRE_MENTION_TYPE" : "NONE",
      "SIRE_MENTION_CLASS" : "SPC"
    },
    "type" : "Tekiou",
    "begin" : 318,
    "end" : 321,
    "inCoref" : false
  }, {
    "id" : "s3-m9",
    "properties" : {
      "SIRE_MENTION_ROLE" : "Tekiou",
      "SIRE_ENTITY_SUBTYPE" : "NONE",
      "SIRE_MENTION_TYPE" : "NONE",
      "SIRE_MENTION_CLASS" : "SPC"
    },
    "type" : "Tekiou",
    "begin" : 322,
    "end" : 328,
    "inCoref" : false
  }, {
    "id" : "s3-m10",
    "properties" : {
      "SIRE_MENTION_ROLE" : "Tekiou",
      "SIRE_ENTITY_SUBTYPE" : "NONE",
      "SIRE_MENTION_TYPE" : "NONE",
      "SIRE_MENTION_CLASS" : "SPC"
    },
    "type" : "Tekiou",
    "begin" : 329,
    "end" : 331,
    "inCoref" : false
  }, {
    "id" : "s3-m11",
    "properties" : {
      "SIRE_MENTION_ROLE" : "Tekiou",
      "SIRE_ENTITY_SUBTYPE" : "NONE",
      "SIRE_MENTION_TYPE" : "NONE",
      "SIRE_MENTION_CLASS" : "SPC"
    },
    "type" : "Tekiou",
    "begin" : 332,
    "end" : 335,
    "inCoref" : false
  }, {
    "id" : "s3-m12",
    "properties" : {
      "SIRE_MENTION_ROLE" : "Tekiou",
      "SIRE_ENTITY_SUBTYPE" : "NONE",
      "SIRE_MENTION_TYPE" : "NONE",
      "SIRE_MENTION_CLASS" : "SPC"
    },
    "type" : "Tekiou",
    "begin" : 336,
    "end" : 341,
    "inCoref" : false
  }, {
    "id" : "s3-m13",
    "properties" : {
      "SIRE_MENTION_ROLE" : "Tekiou",
      "SIRE_ENTITY_SUBTYPE" : "NONE",
      "SIRE_MENTION_TYPE" : "NONE",
      "SIRE_MENTION_CLASS" : "SPC"
    },
    "type" : "Tekiou",
    "begin" : 342,
    "end" : 346,
    "inCoref" : false
  }, {
    "id" : "s3-m14",
    "properties" : {
      "SIRE_MENTION_ROLE" : "Tekiou",
      "SIRE_ENTITY_SUBTYPE" : "NONE",
      "SIRE_MENTION_TYPE" : "NONE",
      "SIRE_MENTION_CLASS" : "SPC"
    },
    "type" : "Tekiou",
    "begin" : 347,
    "end" : 351,
    "inCoref" : false
  }, {
    "id" : "s3-m15",
    "properties" : {
      "SIRE_MENTION_ROLE" : "Tekiou",
      "SIRE_ENTITY_SUBTYPE" : "NONE",
      "SIRE_MENTION_TYPE" : "NONE",
      "SIRE_MENTION_CLASS" : "SPC"
    },
    "type" : "Tekiou",
    "begin" : 352,
    "end" : 356,
    "inCoref" : false
  }, {
    "id" : "s3-m16",
    "properties" : {
      "SIRE_MENTION_ROLE" : "Tekiou",
      "SIRE_ENTITY_SUBTYPE" : "NONE",
      "SIRE_MENTION_TYPE" : "NONE",
      "SIRE_MENTION_CLASS" : "SPC"
    },
    "type" : "Tekiou",
    "begin" : 357,
    "end" : 360,
    "inCoref" : false
  }, {
    "id" : "s3-m17",
    "properties" : {
      "SIRE_MENTION_ROLE" : "Tekiou",
      "SIRE_ENTITY_SUBTYPE" : "NONE",
      "SIRE_MENTION_TYPE" : "NONE",
      "SIRE_MENTION_CLASS" : "SPC"
    },
    "type" : "Tekiou",
    "begin" : 361,
    "end" : 366,
    "inCoref" : false
  }, {
    "id" : "s3-m18",
    "properties" : {
      "SIRE_MENTION_ROLE" : "Tekiou",
      "SIRE_ENTITY_SUBTYPE" : "NONE",
      "SIRE_MENTION_TYPE" : "NONE",
      "SIRE_MENTION_CLASS" : "SPC"
    },
    "type" : "Tekiou",
    "begin" : 367,
    "end" : 371,
    "inCoref" : false
  }, {
    "id" : "s3-m19",
    "properties" : {
      "SIRE_MENTION_ROLE" : "Tekiou",
      "SIRE_ENTITY_SUBTYPE" : "NONE",
      "SIRE_MENTION_TYPE" : "NONE",
      "SIRE_MENTION_CLASS" : "SPC"
    },
    "type" : "Tekiou",
    "begin" : 372,
    "end" : 377,
    "inCoref" : false
  } ],
  "relations" : [ ],
  "corefs" : [ ],
  "typeResolved" : true,
  "userResolved" : false
}