{
  "id" : "5ae7cfb0-d149-11e9-ad4b-c984733d60b0-10",
  "name" : "10_湯郷温泉 国民保養温泉地 計画書",
  "createdDate" : 0,
  "version" : 3,
  "text" : "1. 温泉地の概要\n湯郷温泉は、岡山県の北東部、鳥取県・兵庫県との県境に位置する美作市の中心市街地に位置する。\n湯郷温泉の歴史は古く、奈良時代には塩湯郷の地名で知られており、開湯は 1200 年以上の昔、平安時代、延暦寺の慈覚大師円仁法師が、湯郷の地で水浴びをして傷を治す鷺を発見したという逸話から始まる。百人一首の選者である藤原定家も療養のために湯郷温泉を訪れたかったが、「遠方の為有馬温泉で我慢をするか」と書いている。開湯の逸話からもわかるように、湯郷温泉は療養湯であり、江戸末期には湯治客で賑わっており、湯郷村の 80 軒のうち７６軒が湯治関連を生業としていた。\nその医治効用は、大正 3 年に内務省が行った試験で証明されている。また、昭和２５年に京都大学の上治教授によって行われた調査では、湯郷温泉の気泡を含んだ泉質は、長時間の入浴に適しており、このような泉質は世界的にも珍しいと報告されている。\n現在でも元湯に併設されている村湯は、皮膚炎、消化器病、神経痛、リュウマチ皮膚病などに効能があるとされ、賑わいを見せている。\n美作市の中心を中国自動車道が横断しており京阪神からの交通アクセスも良く、市内には湯郷温泉の他にも多数の温泉資源、観光資源がある。そのため近年はインバウンド(外国人による訪日観光)も増加傾向にある。\n京阪神からのアクセスの良さから、昔日は歓楽街として賑わいをみせていたが、時代の流れとともに衰退し、新たな街づくりとしてスポーツとの関わりを前面に押し出し、合宿の誘致等に力を入れ始めた。 ",
  "docLength" : 0,
  "language" : "JA",
  "status" : "IN_PROGRESS",
  "modifiedDate" : 1567852151459,
  "documentSet" : [ ],
  "preannotation" : [ "PRE_LW" ],
  "sentences" : [ {
    "id" : "s0",
    "begin" : 0,
    "end" : 2,
    "text" : "1.",
    "tokens" : [ {
      "id" : "s0-t0",
      "begin" : 0,
      "end" : 1,
      "text" : "1",
      "whiteSpace" : false
    }, {
      "id" : "s0-t1",
      "begin" : 1,
      "end" : 2,
      "text" : ".",
      "whiteSpace" : false
    } ]
  }, {
    "id" : "s1",
    "begin" : 3,
    "end" : 55,
    "text" : "温泉地の概要\n湯郷温泉は、岡山県の北東部、鳥取県・兵庫県との県境に位置する美作市の中心市街地に位置する。",
    "tokens" : [ {
      "id" : "s1-t0",
      "begin" : 3,
      "end" : 5,
      "text" : "温泉",
      "whiteSpace" : false
    }, {
      "id" : "s1-t1",
      "begin" : 5,
      "end" : 6,
      "text" : "地",
      "whiteSpace" : false
    }, {
      "id" : "s1-t2",
      "begin" : 6,
      "end" : 7,
      "text" : "の",
      "whiteSpace" : false
    }, {
      "id" : "s1-t3",
      "begin" : 7,
      "end" : 9,
      "text" : "概要",
      "whiteSpace" : false
    }, {
      "id" : "s1-t4",
      "begin" : 10,
      "end" : 12,
      "text" : "湯郷",
      "whiteSpace" : false
    }, {
      "id" : "s1-t5",
      "begin" : 12,
      "end" : 14,
      "text" : "温泉",
      "whiteSpace" : false
    }, {
      "id" : "s1-t6",
      "begin" : 14,
      "end" : 15,
      "text" : "は",
      "whiteSpace" : false
    }, {
      "id" : "s1-t7",
      "begin" : 15,
      "end" : 16,
      "text" : "、",
      "whiteSpace" : false
    }, {
      "id" : "s1-t8",
      "begin" : 16,
      "end" : 18,
      "text" : "岡山",
      "whiteSpace" : false
    }, {
      "id" : "s1-t9",
      "begin" : 18,
      "end" : 19,
      "text" : "県",
      "whiteSpace" : false
    }, {
      "id" : "s1-t10",
      "begin" : 19,
      "end" : 20,
      "text" : "の",
      "whiteSpace" : false
    }, {
      "id" : "s1-t11",
      "begin" : 20,
      "end" : 22,
      "text" : "北東",
      "whiteSpace" : false
    }, {
      "id" : "s1-t12",
      "begin" : 22,
      "end" : 23,
      "text" : "部",
      "whiteSpace" : false
    }, {
      "id" : "s1-t13",
      "begin" : 23,
      "end" : 24,
      "text" : "、",
      "whiteSpace" : false
    }, {
      "id" : "s1-t14",
      "begin" : 24,
      "end" : 26,
      "text" : "鳥取",
      "whiteSpace" : false
    }, {
      "id" : "s1-t15",
      "begin" : 26,
      "end" : 27,
      "text" : "県",
      "whiteSpace" : false
    }, {
      "id" : "s1-t16",
      "begin" : 27,
      "end" : 28,
      "text" : "・",
      "whiteSpace" : false
    }, {
      "id" : "s1-t17",
      "begin" : 28,
      "end" : 30,
      "text" : "兵庫",
      "whiteSpace" : false
    }, {
      "id" : "s1-t18",
      "begin" : 30,
      "end" : 31,
      "text" : "県",
      "whiteSpace" : false
    }, {
      "id" : "s1-t19",
      "begin" : 31,
      "end" : 32,
      "text" : "と",
      "whiteSpace" : false
    }, {
      "id" : "s1-t20",
      "begin" : 32,
      "end" : 33,
      "text" : "の",
      "whiteSpace" : false
    }, {
      "id" : "s1-t21",
      "begin" : 33,
      "end" : 34,
      "text" : "県",
      "whiteSpace" : false
    }, {
      "id" : "s1-t22",
      "begin" : 34,
      "end" : 35,
      "text" : "境",
      "whiteSpace" : false
    }, {
      "id" : "s1-t23",
      "begin" : 35,
      "end" : 36,
      "text" : "に",
      "whiteSpace" : false
    }, {
      "id" : "s1-t24",
      "begin" : 36,
      "end" : 38,
      "text" : "位置",
      "whiteSpace" : false
    }, {
      "id" : "s1-t25",
      "begin" : 38,
      "end" : 40,
      "text" : "する",
      "whiteSpace" : false
    }, {
      "id" : "s1-t26",
      "begin" : 40,
      "end" : 42,
      "text" : "美作",
      "whiteSpace" : false
    }, {
      "id" : "s1-t27",
      "begin" : 42,
      "end" : 43,
      "text" : "市",
      "whiteSpace" : false
    }, {
      "id" : "s1-t28",
      "begin" : 43,
      "end" : 44,
      "text" : "の",
      "whiteSpace" : false
    }, {
      "id" : "s1-t29",
      "begin" : 44,
      "end" : 46,
      "text" : "中心",
      "whiteSpace" : false
    }, {
      "id" : "s1-t30",
      "begin" : 46,
      "end" : 48,
      "text" : "市街",
      "whiteSpace" : false
    }, {
      "id" : "s1-t31",
      "begin" : 48,
      "end" : 49,
      "text" : "地",
      "whiteSpace" : false
    }, {
      "id" : "s1-t32",
      "begin" : 49,
      "end" : 50,
      "text" : "に",
      "whiteSpace" : false
    }, {
      "id" : "s1-t33",
      "begin" : 50,
      "end" : 52,
      "text" : "位置",
      "whiteSpace" : false
    }, {
      "id" : "s1-t34",
      "begin" : 52,
      "end" : 54,
      "text" : "する",
      "whiteSpace" : false
    }, {
      "id" : "s1-t35",
      "begin" : 54,
      "end" : 55,
      "text" : "。",
      "whiteSpace" : false
    } ]
  }, {
    "id" : "s2",
    "begin" : 56,
    "end" : 153,
    "text" : "湯郷温泉の歴史は古く、奈良時代には塩湯郷の地名で知られており、開湯は 1200 年以上の昔、平安時代、延暦寺の慈覚大師円仁法師が、湯郷の地で水浴びをして傷を治す鷺を発見したという逸話から始まる。",
    "tokens" : [ {
      "id" : "s2-t0",
      "begin" : 56,
      "end" : 58,
      "text" : "湯郷",
      "whiteSpace" : false
    }, {
      "id" : "s2-t1",
      "begin" : 58,
      "end" : 60,
      "text" : "温泉",
      "whiteSpace" : false
    }, {
      "id" : "s2-t2",
      "begin" : 60,
      "end" : 61,
      "text" : "の",
      "whiteSpace" : false
    }, {
      "id" : "s2-t3",
      "begin" : 61,
      "end" : 63,
      "text" : "歴史",
      "whiteSpace" : false
    }, {
      "id" : "s2-t4",
      "begin" : 63,
      "end" : 64,
      "text" : "は",
      "whiteSpace" : false
    }, {
      "id" : "s2-t5",
      "begin" : 64,
      "end" : 66,
      "text" : "古く",
      "whiteSpace" : false
    }, {
      "id" : "s2-t6",
      "begin" : 66,
      "end" : 67,
      "text" : "、",
      "whiteSpace" : false
    }, {
      "id" : "s2-t7",
      "begin" : 67,
      "end" : 69,
      "text" : "奈良",
      "whiteSpace" : false
    }, {
      "id" : "s2-t8",
      "begin" : 69,
      "end" : 71,
      "text" : "時代",
      "whiteSpace" : false
    }, {
      "id" : "s2-t9",
      "begin" : 71,
      "end" : 72,
      "text" : "に",
      "whiteSpace" : false
    }, {
      "id" : "s2-t10",
      "begin" : 72,
      "end" : 73,
      "text" : "は",
      "whiteSpace" : false
    }, {
      "id" : "s2-t11",
      "begin" : 73,
      "end" : 74,
      "text" : "塩",
      "whiteSpace" : false
    }, {
      "id" : "s2-t12",
      "begin" : 74,
      "end" : 76,
      "text" : "湯郷",
      "whiteSpace" : false
    }, {
      "id" : "s2-t13",
      "begin" : 76,
      "end" : 77,
      "text" : "の",
      "whiteSpace" : false
    }, {
      "id" : "s2-t14",
      "begin" : 77,
      "end" : 79,
      "text" : "地名",
      "whiteSpace" : false
    }, {
      "id" : "s2-t15",
      "begin" : 79,
      "end" : 80,
      "text" : "で",
      "whiteSpace" : false
    }, {
      "id" : "s2-t16",
      "begin" : 80,
      "end" : 82,
      "text" : "知ら",
      "whiteSpace" : false
    }, {
      "id" : "s2-t17",
      "begin" : 82,
      "end" : 84,
      "text" : "れて",
      "whiteSpace" : false
    }, {
      "id" : "s2-t18",
      "begin" : 84,
      "end" : 86,
      "text" : "おり",
      "whiteSpace" : false
    }, {
      "id" : "s2-t19",
      "begin" : 86,
      "end" : 87,
      "text" : "、",
      "whiteSpace" : false
    }, {
      "id" : "s2-t20",
      "begin" : 87,
      "end" : 89,
      "text" : "開湯",
      "whiteSpace" : false
    }, {
      "id" : "s2-t21",
      "begin" : 89,
      "end" : 90,
      "text" : "は",
      "whiteSpace" : false
    }, {
      "id" : "s2-t22",
      "begin" : 91,
      "end" : 95,
      "text" : "1200",
      "whiteSpace" : false
    }, {
      "id" : "s2-t23",
      "begin" : 96,
      "end" : 97,
      "text" : "年",
      "whiteSpace" : false
    }, {
      "id" : "s2-t24",
      "begin" : 97,
      "end" : 99,
      "text" : "以上",
      "whiteSpace" : false
    }, {
      "id" : "s2-t25",
      "begin" : 99,
      "end" : 100,
      "text" : "の",
      "whiteSpace" : false
    }, {
      "id" : "s2-t26",
      "begin" : 100,
      "end" : 101,
      "text" : "昔",
      "whiteSpace" : false
    }, {
      "id" : "s2-t27",
      "begin" : 101,
      "end" : 102,
      "text" : "、",
      "whiteSpace" : false
    }, {
      "id" : "s2-t28",
      "begin" : 102,
      "end" : 104,
      "text" : "平安",
      "whiteSpace" : false
    }, {
      "id" : "s2-t29",
      "begin" : 104,
      "end" : 106,
      "text" : "時代",
      "whiteSpace" : false
    }, {
      "id" : "s2-t30",
      "begin" : 106,
      "end" : 107,
      "text" : "、",
      "whiteSpace" : false
    }, {
      "id" : "s2-t31",
      "begin" : 107,
      "end" : 110,
      "text" : "延暦寺",
      "whiteSpace" : false
    }, {
      "id" : "s2-t32",
      "begin" : 110,
      "end" : 111,
      "text" : "の",
      "whiteSpace" : false
    }, {
      "id" : "s2-t33",
      "begin" : 111,
      "end" : 113,
      "text" : "慈覚",
      "whiteSpace" : false
    }, {
      "id" : "s2-t34",
      "begin" : 113,
      "end" : 115,
      "text" : "大師",
      "whiteSpace" : false
    }, {
      "id" : "s2-t35",
      "begin" : 115,
      "end" : 117,
      "text" : "円仁",
      "whiteSpace" : false
    }, {
      "id" : "s2-t36",
      "begin" : 117,
      "end" : 119,
      "text" : "法師",
      "whiteSpace" : false
    }, {
      "id" : "s2-t37",
      "begin" : 119,
      "end" : 120,
      "text" : "が",
      "whiteSpace" : false
    }, {
      "id" : "s2-t38",
      "begin" : 120,
      "end" : 121,
      "text" : "、",
      "whiteSpace" : false
    }, {
      "id" : "s2-t39",
      "begin" : 121,
      "end" : 123,
      "text" : "湯郷",
      "whiteSpace" : false
    }, {
      "id" : "s2-t40",
      "begin" : 123,
      "end" : 124,
      "text" : "の",
      "whiteSpace" : false
    }, {
      "id" : "s2-t41",
      "begin" : 124,
      "end" : 125,
      "text" : "地",
      "whiteSpace" : false
    }, {
      "id" : "s2-t42",
      "begin" : 125,
      "end" : 126,
      "text" : "で",
      "whiteSpace" : false
    }, {
      "id" : "s2-t43",
      "begin" : 126,
      "end" : 127,
      "text" : "水",
      "whiteSpace" : false
    }, {
      "id" : "s2-t44",
      "begin" : 127,
      "end" : 129,
      "text" : "浴び",
      "whiteSpace" : false
    }, {
      "id" : "s2-t45",
      "begin" : 129,
      "end" : 130,
      "text" : "を",
      "whiteSpace" : false
    }, {
      "id" : "s2-t46",
      "begin" : 130,
      "end" : 132,
      "text" : "して",
      "whiteSpace" : false
    }, {
      "id" : "s2-t47",
      "begin" : 132,
      "end" : 133,
      "text" : "傷",
      "whiteSpace" : false
    }, {
      "id" : "s2-t48",
      "begin" : 133,
      "end" : 134,
      "text" : "を",
      "whiteSpace" : false
    }, {
      "id" : "s2-t49",
      "begin" : 134,
      "end" : 136,
      "text" : "治す",
      "whiteSpace" : false
    }, {
      "id" : "s2-t50",
      "begin" : 136,
      "end" : 137,
      "text" : "鷺",
      "whiteSpace" : false
    }, {
      "id" : "s2-t51",
      "begin" : 137,
      "end" : 138,
      "text" : "を",
      "whiteSpace" : false
    }, {
      "id" : "s2-t52",
      "begin" : 138,
      "end" : 140,
      "text" : "発見",
      "whiteSpace" : false
    }, {
      "id" : "s2-t53",
      "begin" : 140,
      "end" : 142,
      "text" : "した",
      "whiteSpace" : false
    }, {
      "id" : "s2-t54",
      "begin" : 142,
      "end" : 143,
      "text" : "と",
      "whiteSpace" : false
    }, {
      "id" : "s2-t55",
      "begin" : 143,
      "end" : 145,
      "text" : "いう",
      "whiteSpace" : false
    }, {
      "id" : "s2-t56",
      "begin" : 145,
      "end" : 147,
      "text" : "逸話",
      "whiteSpace" : false
    }, {
      "id" : "s2-t57",
      "begin" : 147,
      "end" : 149,
      "text" : "から",
      "whiteSpace" : false
    }, {
      "id" : "s2-t58",
      "begin" : 149,
      "end" : 152,
      "text" : "始まる",
      "whiteSpace" : false
    }, {
      "id" : "s2-t59",
      "begin" : 152,
      "end" : 153,
      "text" : "。",
      "whiteSpace" : false
    } ]
  }, {
    "id" : "s3",
    "begin" : 153,
    "end" : 211,
    "text" : "百人一首の選者である藤原定家も療養のために湯郷温泉を訪れたかったが、「遠方の為有馬温泉で我慢をするか」と書いている。",
    "tokens" : [ {
      "id" : "s3-t0",
      "begin" : 153,
      "end" : 157,
      "text" : "百人一首",
      "whiteSpace" : false
    }, {
      "id" : "s3-t1",
      "begin" : 157,
      "end" : 158,
      "text" : "の",
      "whiteSpace" : false
    }, {
      "id" : "s3-t2",
      "begin" : 158,
      "end" : 160,
      "text" : "選者",
      "whiteSpace" : false
    }, {
      "id" : "s3-t3",
      "begin" : 160,
      "end" : 163,
      "text" : "である",
      "whiteSpace" : false
    }, {
      "id" : "s3-t4",
      "begin" : 163,
      "end" : 165,
      "text" : "藤原",
      "whiteSpace" : false
    }, {
      "id" : "s3-t5",
      "begin" : 165,
      "end" : 167,
      "text" : "定家",
      "whiteSpace" : false
    }, {
      "id" : "s3-t6",
      "begin" : 167,
      "end" : 168,
      "text" : "も",
      "whiteSpace" : false
    }, {
      "id" : "s3-t7",
      "begin" : 168,
      "end" : 170,
      "text" : "療養",
      "whiteSpace" : false
    }, {
      "id" : "s3-t8",
      "begin" : 170,
      "end" : 171,
      "text" : "の",
      "whiteSpace" : false
    }, {
      "id" : "s3-t9",
      "begin" : 171,
      "end" : 173,
      "text" : "ため",
      "whiteSpace" : false
    }, {
      "id" : "s3-t10",
      "begin" : 173,
      "end" : 174,
      "text" : "に",
      "whiteSpace" : false
    }, {
      "id" : "s3-t11",
      "begin" : 174,
      "end" : 176,
      "text" : "湯郷",
      "whiteSpace" : false
    }, {
      "id" : "s3-t12",
      "begin" : 176,
      "end" : 178,
      "text" : "温泉",
      "whiteSpace" : false
    }, {
      "id" : "s3-t13",
      "begin" : 178,
      "end" : 179,
      "text" : "を",
      "whiteSpace" : false
    }, {
      "id" : "s3-t14",
      "begin" : 179,
      "end" : 181,
      "text" : "訪れ",
      "whiteSpace" : false
    }, {
      "id" : "s3-t15",
      "begin" : 181,
      "end" : 185,
      "text" : "たかった",
      "whiteSpace" : false
    }, {
      "id" : "s3-t16",
      "begin" : 185,
      "end" : 186,
      "text" : "が",
      "whiteSpace" : false
    }, {
      "id" : "s3-t17",
      "begin" : 186,
      "end" : 187,
      "text" : "、",
      "whiteSpace" : false
    }, {
      "id" : "s3-t18",
      "begin" : 187,
      "end" : 188,
      "text" : "「",
      "whiteSpace" : false
    }, {
      "id" : "s3-t19",
      "begin" : 188,
      "end" : 190,
      "text" : "遠方",
      "whiteSpace" : false
    }, {
      "id" : "s3-t20",
      "begin" : 190,
      "end" : 191,
      "text" : "の",
      "whiteSpace" : false
    }, {
      "id" : "s3-t21",
      "begin" : 191,
      "end" : 192,
      "text" : "為",
      "whiteSpace" : false
    }, {
      "id" : "s3-t22",
      "begin" : 192,
      "end" : 194,
      "text" : "有馬",
      "whiteSpace" : false
    }, {
      "id" : "s3-t23",
      "begin" : 194,
      "end" : 196,
      "text" : "温泉",
      "whiteSpace" : false
    }, {
      "id" : "s3-t24",
      "begin" : 196,
      "end" : 197,
      "text" : "で",
      "whiteSpace" : false
    }, {
      "id" : "s3-t25",
      "begin" : 197,
      "end" : 199,
      "text" : "我慢",
      "whiteSpace" : false
    }, {
      "id" : "s3-t26",
      "begin" : 199,
      "end" : 200,
      "text" : "を",
      "whiteSpace" : false
    }, {
      "id" : "s3-t27",
      "begin" : 200,
      "end" : 202,
      "text" : "する",
      "whiteSpace" : false
    }, {
      "id" : "s3-t28",
      "begin" : 202,
      "end" : 203,
      "text" : "か",
      "whiteSpace" : false
    }, {
      "id" : "s3-t29",
      "begin" : 203,
      "end" : 204,
      "text" : "」",
      "whiteSpace" : false
    }, {
      "id" : "s3-t30",
      "begin" : 204,
      "end" : 205,
      "text" : "と",
      "whiteSpace" : false
    }, {
      "id" : "s3-t31",
      "begin" : 205,
      "end" : 208,
      "text" : "書いて",
      "whiteSpace" : false
    }, {
      "id" : "s3-t32",
      "begin" : 208,
      "end" : 210,
      "text" : "いる",
      "whiteSpace" : false
    }, {
      "id" : "s3-t33",
      "begin" : 210,
      "end" : 211,
      "text" : "。",
      "whiteSpace" : false
    } ]
  }, {
    "id" : "s4",
    "begin" : 211,
    "end" : 284,
    "text" : "開湯の逸話からもわかるように、湯郷温泉は療養湯であり、江戸末期には湯治客で賑わっており、湯郷村の 80 軒のうち７６軒が湯治関連を生業としていた。",
    "tokens" : [ {
      "id" : "s4-t0",
      "begin" : 211,
      "end" : 213,
      "text" : "開湯",
      "whiteSpace" : false
    }, {
      "id" : "s4-t1",
      "begin" : 213,
      "end" : 214,
      "text" : "の",
      "whiteSpace" : false
    }, {
      "id" : "s4-t2",
      "begin" : 214,
      "end" : 216,
      "text" : "逸話",
      "whiteSpace" : false
    }, {
      "id" : "s4-t3",
      "begin" : 216,
      "end" : 218,
      "text" : "から",
      "whiteSpace" : false
    }, {
      "id" : "s4-t4",
      "begin" : 218,
      "end" : 219,
      "text" : "も",
      "whiteSpace" : false
    }, {
      "id" : "s4-t5",
      "begin" : 219,
      "end" : 222,
      "text" : "わかる",
      "whiteSpace" : false
    }, {
      "id" : "s4-t6",
      "begin" : 222,
      "end" : 225,
      "text" : "ように",
      "whiteSpace" : false
    }, {
      "id" : "s4-t7",
      "begin" : 225,
      "end" : 226,
      "text" : "、",
      "whiteSpace" : false
    }, {
      "id" : "s4-t8",
      "begin" : 226,
      "end" : 228,
      "text" : "湯郷",
      "whiteSpace" : false
    }, {
      "id" : "s4-t9",
      "begin" : 228,
      "end" : 230,
      "text" : "温泉",
      "whiteSpace" : false
    }, {
      "id" : "s4-t10",
      "begin" : 230,
      "end" : 231,
      "text" : "は",
      "whiteSpace" : false
    }, {
      "id" : "s4-t11",
      "begin" : 231,
      "end" : 234,
      "text" : "療養湯",
      "whiteSpace" : false
    }, {
      "id" : "s4-t12",
      "begin" : 234,
      "end" : 237,
      "text" : "であり",
      "whiteSpace" : false
    }, {
      "id" : "s4-t13",
      "begin" : 237,
      "end" : 238,
      "text" : "、",
      "whiteSpace" : false
    }, {
      "id" : "s4-t14",
      "begin" : 238,
      "end" : 240,
      "text" : "江戸",
      "whiteSpace" : false
    }, {
      "id" : "s4-t15",
      "begin" : 240,
      "end" : 242,
      "text" : "末期",
      "whiteSpace" : false
    }, {
      "id" : "s4-t16",
      "begin" : 242,
      "end" : 243,
      "text" : "に",
      "whiteSpace" : false
    }, {
      "id" : "s4-t17",
      "begin" : 243,
      "end" : 244,
      "text" : "は",
      "whiteSpace" : false
    }, {
      "id" : "s4-t18",
      "begin" : 244,
      "end" : 246,
      "text" : "湯治",
      "whiteSpace" : false
    }, {
      "id" : "s4-t19",
      "begin" : 246,
      "end" : 247,
      "text" : "客",
      "whiteSpace" : false
    }, {
      "id" : "s4-t20",
      "begin" : 247,
      "end" : 248,
      "text" : "で",
      "whiteSpace" : false
    }, {
      "id" : "s4-t21",
      "begin" : 248,
      "end" : 252,
      "text" : "賑わって",
      "whiteSpace" : false
    }, {
      "id" : "s4-t22",
      "begin" : 252,
      "end" : 254,
      "text" : "おり",
      "whiteSpace" : false
    }, {
      "id" : "s4-t23",
      "begin" : 254,
      "end" : 255,
      "text" : "、",
      "whiteSpace" : false
    }, {
      "id" : "s4-t24",
      "begin" : 255,
      "end" : 257,
      "text" : "湯郷",
      "whiteSpace" : false
    }, {
      "id" : "s4-t25",
      "begin" : 257,
      "end" : 258,
      "text" : "村",
      "whiteSpace" : false
    }, {
      "id" : "s4-t26",
      "begin" : 258,
      "end" : 259,
      "text" : "の",
      "whiteSpace" : false
    }, {
      "id" : "s4-t27",
      "begin" : 260,
      "end" : 262,
      "text" : "80",
      "whiteSpace" : false
    }, {
      "id" : "s4-t28",
      "begin" : 263,
      "end" : 264,
      "text" : "軒",
      "whiteSpace" : false
    }, {
      "id" : "s4-t29",
      "begin" : 264,
      "end" : 265,
      "text" : "の",
      "whiteSpace" : false
    }, {
      "id" : "s4-t30",
      "begin" : 265,
      "end" : 267,
      "text" : "うち",
      "whiteSpace" : false
    }, {
      "id" : "s4-t31",
      "begin" : 267,
      "end" : 269,
      "text" : "７６",
      "whiteSpace" : false
    }, {
      "id" : "s4-t32",
      "begin" : 269,
      "end" : 270,
      "text" : "軒",
      "whiteSpace" : false
    }, {
      "id" : "s4-t33",
      "begin" : 270,
      "end" : 271,
      "text" : "が",
      "whiteSpace" : false
    }, {
      "id" : "s4-t34",
      "begin" : 271,
      "end" : 273,
      "text" : "湯治",
      "whiteSpace" : false
    }, {
      "id" : "s4-t35",
      "begin" : 273,
      "end" : 275,
      "text" : "関連",
      "whiteSpace" : false
    }, {
      "id" : "s4-t36",
      "begin" : 275,
      "end" : 276,
      "text" : "を",
      "whiteSpace" : false
    }, {
      "id" : "s4-t37",
      "begin" : 276,
      "end" : 278,
      "text" : "生業",
      "whiteSpace" : false
    }, {
      "id" : "s4-t38",
      "begin" : 278,
      "end" : 279,
      "text" : "と",
      "whiteSpace" : false
    }, {
      "id" : "s4-t39",
      "begin" : 279,
      "end" : 281,
      "text" : "して",
      "whiteSpace" : false
    }, {
      "id" : "s4-t40",
      "begin" : 281,
      "end" : 283,
      "text" : "いた",
      "whiteSpace" : false
    }, {
      "id" : "s4-t41",
      "begin" : 283,
      "end" : 284,
      "text" : "。",
      "whiteSpace" : false
    } ]
  }, {
    "id" : "s5",
    "begin" : 285,
    "end" : 318,
    "text" : "その医治効用は、大正 3 年に内務省が行った試験で証明されている。",
    "tokens" : [ {
      "id" : "s5-t0",
      "begin" : 285,
      "end" : 287,
      "text" : "その",
      "whiteSpace" : false
    }, {
      "id" : "s5-t1",
      "begin" : 287,
      "end" : 289,
      "text" : "医治",
      "whiteSpace" : false
    }, {
      "id" : "s5-t2",
      "begin" : 289,
      "end" : 291,
      "text" : "効用",
      "whiteSpace" : false
    }, {
      "id" : "s5-t3",
      "begin" : 291,
      "end" : 292,
      "text" : "は",
      "whiteSpace" : false
    }, {
      "id" : "s5-t4",
      "begin" : 292,
      "end" : 293,
      "text" : "、",
      "whiteSpace" : false
    }, {
      "id" : "s5-t5",
      "begin" : 293,
      "end" : 295,
      "text" : "大正",
      "whiteSpace" : false
    }, {
      "id" : "s5-t6",
      "begin" : 296,
      "end" : 297,
      "text" : "3",
      "whiteSpace" : false
    }, {
      "id" : "s5-t7",
      "begin" : 298,
      "end" : 299,
      "text" : "年",
      "whiteSpace" : false
    }, {
      "id" : "s5-t8",
      "begin" : 299,
      "end" : 300,
      "text" : "に",
      "whiteSpace" : false
    }, {
      "id" : "s5-t9",
      "begin" : 300,
      "end" : 302,
      "text" : "内務",
      "whiteSpace" : false
    }, {
      "id" : "s5-t10",
      "begin" : 302,
      "end" : 303,
      "text" : "省",
      "whiteSpace" : false
    }, {
      "id" : "s5-t11",
      "begin" : 303,
      "end" : 304,
      "text" : "が",
      "whiteSpace" : false
    }, {
      "id" : "s5-t12",
      "begin" : 304,
      "end" : 307,
      "text" : "行った",
      "whiteSpace" : false
    }, {
      "id" : "s5-t13",
      "begin" : 307,
      "end" : 309,
      "text" : "試験",
      "whiteSpace" : false
    }, {
      "id" : "s5-t14",
      "begin" : 309,
      "end" : 310,
      "text" : "で",
      "whiteSpace" : false
    }, {
      "id" : "s5-t15",
      "begin" : 310,
      "end" : 312,
      "text" : "証明",
      "whiteSpace" : false
    }, {
      "id" : "s5-t16",
      "begin" : 312,
      "end" : 313,
      "text" : "さ",
      "whiteSpace" : false
    }, {
      "id" : "s5-t17",
      "begin" : 313,
      "end" : 315,
      "text" : "れて",
      "whiteSpace" : false
    }, {
      "id" : "s5-t18",
      "begin" : 315,
      "end" : 317,
      "text" : "いる",
      "whiteSpace" : false
    }, {
      "id" : "s5-t19",
      "begin" : 317,
      "end" : 318,
      "text" : "。",
      "whiteSpace" : false
    } ]
  }, {
    "id" : "s6",
    "begin" : 318,
    "end" : 402,
    "text" : "また、昭和２５年に京都大学の上治教授によって行われた調査では、湯郷温泉の気泡を含んだ泉質は、長時間の入浴に適しており、このような泉質は世界的にも珍しいと報告されている。",
    "tokens" : [ {
      "id" : "s6-t0",
      "begin" : 318,
      "end" : 320,
      "text" : "また",
      "whiteSpace" : false
    }, {
      "id" : "s6-t1",
      "begin" : 320,
      "end" : 321,
      "text" : "、",
      "whiteSpace" : false
    }, {
      "id" : "s6-t2",
      "begin" : 321,
      "end" : 323,
      "text" : "昭和",
      "whiteSpace" : false
    }, {
      "id" : "s6-t3",
      "begin" : 323,
      "end" : 325,
      "text" : "２５",
      "whiteSpace" : false
    }, {
      "id" : "s6-t4",
      "begin" : 325,
      "end" : 326,
      "text" : "年",
      "whiteSpace" : false
    }, {
      "id" : "s6-t5",
      "begin" : 326,
      "end" : 327,
      "text" : "に",
      "whiteSpace" : false
    }, {
      "id" : "s6-t6",
      "begin" : 327,
      "end" : 329,
      "text" : "京都",
      "whiteSpace" : false
    }, {
      "id" : "s6-t7",
      "begin" : 329,
      "end" : 331,
      "text" : "大学",
      "whiteSpace" : false
    }, {
      "id" : "s6-t8",
      "begin" : 331,
      "end" : 332,
      "text" : "の",
      "whiteSpace" : false
    }, {
      "id" : "s6-t9",
      "begin" : 332,
      "end" : 334,
      "text" : "上治",
      "whiteSpace" : false
    }, {
      "id" : "s6-t10",
      "begin" : 334,
      "end" : 336,
      "text" : "教授",
      "whiteSpace" : false
    }, {
      "id" : "s6-t11",
      "begin" : 336,
      "end" : 337,
      "text" : "に",
      "whiteSpace" : false
    }, {
      "id" : "s6-t12",
      "begin" : 337,
      "end" : 340,
      "text" : "よって",
      "whiteSpace" : false
    }, {
      "id" : "s6-t13",
      "begin" : 340,
      "end" : 342,
      "text" : "行わ",
      "whiteSpace" : false
    }, {
      "id" : "s6-t14",
      "begin" : 342,
      "end" : 344,
      "text" : "れた",
      "whiteSpace" : false
    }, {
      "id" : "s6-t15",
      "begin" : 344,
      "end" : 346,
      "text" : "調査",
      "whiteSpace" : false
    }, {
      "id" : "s6-t16",
      "begin" : 346,
      "end" : 347,
      "text" : "で",
      "whiteSpace" : false
    }, {
      "id" : "s6-t17",
      "begin" : 347,
      "end" : 348,
      "text" : "は",
      "whiteSpace" : false
    }, {
      "id" : "s6-t18",
      "begin" : 348,
      "end" : 349,
      "text" : "、",
      "whiteSpace" : false
    }, {
      "id" : "s6-t19",
      "begin" : 349,
      "end" : 351,
      "text" : "湯郷",
      "whiteSpace" : false
    }, {
      "id" : "s6-t20",
      "begin" : 351,
      "end" : 353,
      "text" : "温泉",
      "whiteSpace" : false
    }, {
      "id" : "s6-t21",
      "begin" : 353,
      "end" : 354,
      "text" : "の",
      "whiteSpace" : false
    }, {
      "id" : "s6-t22",
      "begin" : 354,
      "end" : 356,
      "text" : "気泡",
      "whiteSpace" : false
    }, {
      "id" : "s6-t23",
      "begin" : 356,
      "end" : 357,
      "text" : "を",
      "whiteSpace" : false
    }, {
      "id" : "s6-t24",
      "begin" : 357,
      "end" : 360,
      "text" : "含んだ",
      "whiteSpace" : false
    }, {
      "id" : "s6-t25",
      "begin" : 360,
      "end" : 362,
      "text" : "泉質",
      "whiteSpace" : false
    }, {
      "id" : "s6-t26",
      "begin" : 362,
      "end" : 363,
      "text" : "は",
      "whiteSpace" : false
    }, {
      "id" : "s6-t27",
      "begin" : 363,
      "end" : 364,
      "text" : "、",
      "whiteSpace" : false
    }, {
      "id" : "s6-t28",
      "begin" : 364,
      "end" : 365,
      "text" : "長",
      "whiteSpace" : false
    }, {
      "id" : "s6-t29",
      "begin" : 365,
      "end" : 367,
      "text" : "時間",
      "whiteSpace" : false
    }, {
      "id" : "s6-t30",
      "begin" : 367,
      "end" : 368,
      "text" : "の",
      "whiteSpace" : false
    }, {
      "id" : "s6-t31",
      "begin" : 368,
      "end" : 370,
      "text" : "入浴",
      "whiteSpace" : false
    }, {
      "id" : "s6-t32",
      "begin" : 370,
      "end" : 371,
      "text" : "に",
      "whiteSpace" : false
    }, {
      "id" : "s6-t33",
      "begin" : 371,
      "end" : 374,
      "text" : "適して",
      "whiteSpace" : false
    }, {
      "id" : "s6-t34",
      "begin" : 374,
      "end" : 376,
      "text" : "おり",
      "whiteSpace" : false
    }, {
      "id" : "s6-t35",
      "begin" : 376,
      "end" : 377,
      "text" : "、",
      "whiteSpace" : false
    }, {
      "id" : "s6-t36",
      "begin" : 377,
      "end" : 382,
      "text" : "このような",
      "whiteSpace" : false
    }, {
      "id" : "s6-t37",
      "begin" : 382,
      "end" : 384,
      "text" : "泉質",
      "whiteSpace" : false
    }, {
      "id" : "s6-t38",
      "begin" : 384,
      "end" : 385,
      "text" : "は",
      "whiteSpace" : false
    }, {
      "id" : "s6-t39",
      "begin" : 385,
      "end" : 387,
      "text" : "世界",
      "whiteSpace" : false
    }, {
      "id" : "s6-t40",
      "begin" : 387,
      "end" : 389,
      "text" : "的に",
      "whiteSpace" : false
    }, {
      "id" : "s6-t41",
      "begin" : 389,
      "end" : 390,
      "text" : "も",
      "whiteSpace" : false
    }, {
      "id" : "s6-t42",
      "begin" : 390,
      "end" : 393,
      "text" : "珍しい",
      "whiteSpace" : false
    }, {
      "id" : "s6-t43",
      "begin" : 393,
      "end" : 394,
      "text" : "と",
      "whiteSpace" : false
    }, {
      "id" : "s6-t44",
      "begin" : 394,
      "end" : 396,
      "text" : "報告",
      "whiteSpace" : false
    }, {
      "id" : "s6-t45",
      "begin" : 396,
      "end" : 397,
      "text" : "さ",
      "whiteSpace" : false
    }, {
      "id" : "s6-t46",
      "begin" : 397,
      "end" : 399,
      "text" : "れて",
      "whiteSpace" : false
    }, {
      "id" : "s6-t47",
      "begin" : 399,
      "end" : 401,
      "text" : "いる",
      "whiteSpace" : false
    }, {
      "id" : "s6-t48",
      "begin" : 401,
      "end" : 402,
      "text" : "。",
      "whiteSpace" : false
    } ]
  }, {
    "id" : "s7",
    "begin" : 403,
    "end" : 464,
    "text" : "現在でも元湯に併設されている村湯は、皮膚炎、消化器病、神経痛、リュウマチ皮膚病などに効能があるとされ、賑わいを見せている。",
    "tokens" : [ {
      "id" : "s7-t0",
      "begin" : 403,
      "end" : 405,
      "text" : "現在",
      "whiteSpace" : false
    }, {
      "id" : "s7-t1",
      "begin" : 405,
      "end" : 407,
      "text" : "でも",
      "whiteSpace" : false
    }, {
      "id" : "s7-t2",
      "begin" : 407,
      "end" : 409,
      "text" : "元湯",
      "whiteSpace" : false
    }, {
      "id" : "s7-t3",
      "begin" : 409,
      "end" : 410,
      "text" : "に",
      "whiteSpace" : false
    }, {
      "id" : "s7-t4",
      "begin" : 410,
      "end" : 412,
      "text" : "併設",
      "whiteSpace" : false
    }, {
      "id" : "s7-t5",
      "begin" : 412,
      "end" : 413,
      "text" : "さ",
      "whiteSpace" : false
    }, {
      "id" : "s7-t6",
      "begin" : 413,
      "end" : 415,
      "text" : "れて",
      "whiteSpace" : false
    }, {
      "id" : "s7-t7",
      "begin" : 415,
      "end" : 417,
      "text" : "いる",
      "whiteSpace" : false
    }, {
      "id" : "s7-t8",
      "begin" : 417,
      "end" : 419,
      "text" : "村湯",
      "whiteSpace" : false
    }, {
      "id" : "s7-t9",
      "begin" : 419,
      "end" : 420,
      "text" : "は",
      "whiteSpace" : false
    }, {
      "id" : "s7-t10",
      "begin" : 420,
      "end" : 421,
      "text" : "、",
      "whiteSpace" : false
    }, {
      "id" : "s7-t11",
      "begin" : 421,
      "end" : 423,
      "text" : "皮膚",
      "whiteSpace" : false
    }, {
      "id" : "s7-t12",
      "begin" : 423,
      "end" : 424,
      "text" : "炎",
      "whiteSpace" : false
    }, {
      "id" : "s7-t13",
      "begin" : 424,
      "end" : 425,
      "text" : "、",
      "whiteSpace" : false
    }, {
      "id" : "s7-t14",
      "begin" : 425,
      "end" : 427,
      "text" : "消化",
      "whiteSpace" : false
    }, {
      "id" : "s7-t15",
      "begin" : 427,
      "end" : 428,
      "text" : "器",
      "whiteSpace" : false
    }, {
      "id" : "s7-t16",
      "begin" : 428,
      "end" : 429,
      "text" : "病",
      "whiteSpace" : false
    }, {
      "id" : "s7-t17",
      "begin" : 429,
      "end" : 430,
      "text" : "、",
      "whiteSpace" : false
    }, {
      "id" : "s7-t18",
      "begin" : 430,
      "end" : 432,
      "text" : "神経",
      "whiteSpace" : false
    }, {
      "id" : "s7-t19",
      "begin" : 432,
      "end" : 433,
      "text" : "痛",
      "whiteSpace" : false
    }, {
      "id" : "s7-t20",
      "begin" : 433,
      "end" : 434,
      "text" : "、",
      "whiteSpace" : false
    }, {
      "id" : "s7-t21",
      "begin" : 434,
      "end" : 439,
      "text" : "リュウマチ",
      "whiteSpace" : false
    }, {
      "id" : "s7-t22",
      "begin" : 439,
      "end" : 441,
      "text" : "皮膚",
      "whiteSpace" : false
    }, {
      "id" : "s7-t23",
      "begin" : 441,
      "end" : 442,
      "text" : "病",
      "whiteSpace" : false
    }, {
      "id" : "s7-t24",
      "begin" : 442,
      "end" : 444,
      "text" : "など",
      "whiteSpace" : false
    }, {
      "id" : "s7-t25",
      "begin" : 444,
      "end" : 445,
      "text" : "に",
      "whiteSpace" : false
    }, {
      "id" : "s7-t26",
      "begin" : 445,
      "end" : 447,
      "text" : "効能",
      "whiteSpace" : false
    }, {
      "id" : "s7-t27",
      "begin" : 447,
      "end" : 448,
      "text" : "が",
      "whiteSpace" : false
    }, {
      "id" : "s7-t28",
      "begin" : 448,
      "end" : 450,
      "text" : "ある",
      "whiteSpace" : false
    }, {
      "id" : "s7-t29",
      "begin" : 450,
      "end" : 451,
      "text" : "と",
      "whiteSpace" : false
    }, {
      "id" : "s7-t30",
      "begin" : 451,
      "end" : 452,
      "text" : "さ",
      "whiteSpace" : false
    }, {
      "id" : "s7-t31",
      "begin" : 452,
      "end" : 453,
      "text" : "れ",
      "whiteSpace" : false
    }, {
      "id" : "s7-t32",
      "begin" : 453,
      "end" : 454,
      "text" : "、",
      "whiteSpace" : false
    }, {
      "id" : "s7-t33",
      "begin" : 454,
      "end" : 457,
      "text" : "賑わい",
      "whiteSpace" : false
    }, {
      "id" : "s7-t34",
      "begin" : 457,
      "end" : 458,
      "text" : "を",
      "whiteSpace" : false
    }, {
      "id" : "s7-t35",
      "begin" : 458,
      "end" : 461,
      "text" : "見せて",
      "whiteSpace" : false
    }, {
      "id" : "s7-t36",
      "begin" : 461,
      "end" : 463,
      "text" : "いる",
      "whiteSpace" : false
    }, {
      "id" : "s7-t37",
      "begin" : 463,
      "end" : 464,
      "text" : "。",
      "whiteSpace" : false
    } ]
  }, {
    "id" : "s8",
    "begin" : 465,
    "end" : 529,
    "text" : "美作市の中心を中国自動車道が横断しており京阪神からの交通アクセスも良く、市内には湯郷温泉の他にも多数の温泉資源、観光資源がある。",
    "tokens" : [ {
      "id" : "s8-t0",
      "begin" : 465,
      "end" : 467,
      "text" : "美作",
      "whiteSpace" : false
    }, {
      "id" : "s8-t1",
      "begin" : 467,
      "end" : 468,
      "text" : "市",
      "whiteSpace" : false
    }, {
      "id" : "s8-t2",
      "begin" : 468,
      "end" : 469,
      "text" : "の",
      "whiteSpace" : false
    }, {
      "id" : "s8-t3",
      "begin" : 469,
      "end" : 471,
      "text" : "中心",
      "whiteSpace" : false
    }, {
      "id" : "s8-t4",
      "begin" : 471,
      "end" : 472,
      "text" : "を",
      "whiteSpace" : false
    }, {
      "id" : "s8-t5",
      "begin" : 472,
      "end" : 474,
      "text" : "中国",
      "whiteSpace" : false
    }, {
      "id" : "s8-t6",
      "begin" : 474,
      "end" : 477,
      "text" : "自動車",
      "whiteSpace" : false
    }, {
      "id" : "s8-t7",
      "begin" : 477,
      "end" : 478,
      "text" : "道",
      "whiteSpace" : false
    }, {
      "id" : "s8-t8",
      "begin" : 478,
      "end" : 479,
      "text" : "が",
      "whiteSpace" : false
    }, {
      "id" : "s8-t9",
      "begin" : 479,
      "end" : 481,
      "text" : "横断",
      "whiteSpace" : false
    }, {
      "id" : "s8-t10",
      "begin" : 481,
      "end" : 483,
      "text" : "して",
      "whiteSpace" : false
    }, {
      "id" : "s8-t11",
      "begin" : 483,
      "end" : 485,
      "text" : "おり",
      "whiteSpace" : false
    }, {
      "id" : "s8-t12",
      "begin" : 485,
      "end" : 486,
      "text" : "京",
      "whiteSpace" : false
    }, {
      "id" : "s8-t13",
      "begin" : 486,
      "end" : 487,
      "text" : "阪",
      "whiteSpace" : false
    }, {
      "id" : "s8-t14",
      "begin" : 487,
      "end" : 488,
      "text" : "神",
      "whiteSpace" : false
    }, {
      "id" : "s8-t15",
      "begin" : 488,
      "end" : 490,
      "text" : "から",
      "whiteSpace" : false
    }, {
      "id" : "s8-t16",
      "begin" : 490,
      "end" : 491,
      "text" : "の",
      "whiteSpace" : false
    }, {
      "id" : "s8-t17",
      "begin" : 491,
      "end" : 493,
      "text" : "交通",
      "whiteSpace" : false
    }, {
      "id" : "s8-t18",
      "begin" : 493,
      "end" : 497,
      "text" : "アクセス",
      "whiteSpace" : false
    }, {
      "id" : "s8-t19",
      "begin" : 497,
      "end" : 498,
      "text" : "も",
      "whiteSpace" : false
    }, {
      "id" : "s8-t20",
      "begin" : 498,
      "end" : 500,
      "text" : "良く",
      "whiteSpace" : false
    }, {
      "id" : "s8-t21",
      "begin" : 500,
      "end" : 501,
      "text" : "、",
      "whiteSpace" : false
    }, {
      "id" : "s8-t22",
      "begin" : 501,
      "end" : 502,
      "text" : "市",
      "whiteSpace" : false
    }, {
      "id" : "s8-t23",
      "begin" : 502,
      "end" : 503,
      "text" : "内",
      "whiteSpace" : false
    }, {
      "id" : "s8-t24",
      "begin" : 503,
      "end" : 504,
      "text" : "に",
      "whiteSpace" : false
    }, {
      "id" : "s8-t25",
      "begin" : 504,
      "end" : 505,
      "text" : "は",
      "whiteSpace" : false
    }, {
      "id" : "s8-t26",
      "begin" : 505,
      "end" : 507,
      "text" : "湯郷",
      "whiteSpace" : false
    }, {
      "id" : "s8-t27",
      "begin" : 507,
      "end" : 509,
      "text" : "温泉",
      "whiteSpace" : false
    }, {
      "id" : "s8-t28",
      "begin" : 509,
      "end" : 510,
      "text" : "の",
      "whiteSpace" : false
    }, {
      "id" : "s8-t29",
      "begin" : 510,
      "end" : 511,
      "text" : "他",
      "whiteSpace" : false
    }, {
      "id" : "s8-t30",
      "begin" : 511,
      "end" : 512,
      "text" : "に",
      "whiteSpace" : false
    }, {
      "id" : "s8-t31",
      "begin" : 512,
      "end" : 513,
      "text" : "も",
      "whiteSpace" : false
    }, {
      "id" : "s8-t32",
      "begin" : 513,
      "end" : 515,
      "text" : "多数",
      "whiteSpace" : false
    }, {
      "id" : "s8-t33",
      "begin" : 515,
      "end" : 516,
      "text" : "の",
      "whiteSpace" : false
    }, {
      "id" : "s8-t34",
      "begin" : 516,
      "end" : 518,
      "text" : "温泉",
      "whiteSpace" : false
    }, {
      "id" : "s8-t35",
      "begin" : 518,
      "end" : 520,
      "text" : "資源",
      "whiteSpace" : false
    }, {
      "id" : "s8-t36",
      "begin" : 520,
      "end" : 521,
      "text" : "、",
      "whiteSpace" : false
    }, {
      "id" : "s8-t37",
      "begin" : 521,
      "end" : 523,
      "text" : "観光",
      "whiteSpace" : false
    }, {
      "id" : "s8-t38",
      "begin" : 523,
      "end" : 525,
      "text" : "資源",
      "whiteSpace" : false
    }, {
      "id" : "s8-t39",
      "begin" : 525,
      "end" : 526,
      "text" : "が",
      "whiteSpace" : false
    }, {
      "id" : "s8-t40",
      "begin" : 526,
      "end" : 528,
      "text" : "ある",
      "whiteSpace" : false
    }, {
      "id" : "s8-t41",
      "begin" : 528,
      "end" : 529,
      "text" : "。",
      "whiteSpace" : false
    } ]
  }, {
    "id" : "s9",
    "begin" : 529,
    "end" : 563,
    "text" : "そのため近年はインバウンド(外国人による訪日観光)も増加傾向にある。",
    "tokens" : [ {
      "id" : "s9-t0",
      "begin" : 529,
      "end" : 531,
      "text" : "その",
      "whiteSpace" : false
    }, {
      "id" : "s9-t1",
      "begin" : 531,
      "end" : 533,
      "text" : "ため",
      "whiteSpace" : false
    }, {
      "id" : "s9-t2",
      "begin" : 533,
      "end" : 535,
      "text" : "近年",
      "whiteSpace" : false
    }, {
      "id" : "s9-t3",
      "begin" : 535,
      "end" : 536,
      "text" : "は",
      "whiteSpace" : false
    }, {
      "id" : "s9-t4",
      "begin" : 536,
      "end" : 542,
      "text" : "インバウンド",
      "whiteSpace" : false
    }, {
      "id" : "s9-t5",
      "begin" : 542,
      "end" : 543,
      "text" : "(",
      "whiteSpace" : false
    }, {
      "id" : "s9-t6",
      "begin" : 543,
      "end" : 545,
      "text" : "外国",
      "whiteSpace" : false
    }, {
      "id" : "s9-t7",
      "begin" : 545,
      "end" : 546,
      "text" : "人",
      "whiteSpace" : false
    }, {
      "id" : "s9-t8",
      "begin" : 546,
      "end" : 547,
      "text" : "に",
      "whiteSpace" : false
    }, {
      "id" : "s9-t9",
      "begin" : 547,
      "end" : 549,
      "text" : "よる",
      "whiteSpace" : false
    }, {
      "id" : "s9-t10",
      "begin" : 549,
      "end" : 550,
      "text" : "訪",
      "whiteSpace" : false
    }, {
      "id" : "s9-t11",
      "begin" : 550,
      "end" : 551,
      "text" : "日",
      "whiteSpace" : false
    }, {
      "id" : "s9-t12",
      "begin" : 551,
      "end" : 553,
      "text" : "観光",
      "whiteSpace" : false
    }, {
      "id" : "s9-t13",
      "begin" : 553,
      "end" : 554,
      "text" : ")",
      "whiteSpace" : false
    }, {
      "id" : "s9-t14",
      "begin" : 554,
      "end" : 555,
      "text" : "も",
      "whiteSpace" : false
    }, {
      "id" : "s9-t15",
      "begin" : 555,
      "end" : 557,
      "text" : "増加",
      "whiteSpace" : false
    }, {
      "id" : "s9-t16",
      "begin" : 557,
      "end" : 559,
      "text" : "傾向",
      "whiteSpace" : false
    }, {
      "id" : "s9-t17",
      "begin" : 559,
      "end" : 560,
      "text" : "に",
      "whiteSpace" : false
    }, {
      "id" : "s9-t18",
      "begin" : 560,
      "end" : 562,
      "text" : "ある",
      "whiteSpace" : false
    }, {
      "id" : "s9-t19",
      "begin" : 562,
      "end" : 563,
      "text" : "。",
      "whiteSpace" : false
    } ]
  }, {
    "id" : "s10",
    "begin" : 564,
    "end" : 656,
    "text" : "京阪神からのアクセスの良さから、昔日は歓楽街として賑わいをみせていたが、時代の流れとともに衰退し、新たな街づくりとしてスポーツとの関わりを前面に押し出し、合宿の誘致等に力を入れ始めた。",
    "tokens" : [ {
      "id" : "s10-t0",
      "begin" : 564,
      "end" : 565,
      "text" : "京",
      "whiteSpace" : false
    }, {
      "id" : "s10-t1",
      "begin" : 565,
      "end" : 566,
      "text" : "阪",
      "whiteSpace" : false
    }, {
      "id" : "s10-t2",
      "begin" : 566,
      "end" : 567,
      "text" : "神",
      "whiteSpace" : false
    }, {
      "id" : "s10-t3",
      "begin" : 567,
      "end" : 569,
      "text" : "から",
      "whiteSpace" : false
    }, {
      "id" : "s10-t4",
      "begin" : 569,
      "end" : 570,
      "text" : "の",
      "whiteSpace" : false
    }, {
      "id" : "s10-t5",
      "begin" : 570,
      "end" : 574,
      "text" : "アクセス",
      "whiteSpace" : false
    }, {
      "id" : "s10-t6",
      "begin" : 574,
      "end" : 575,
      "text" : "の",
      "whiteSpace" : false
    }, {
      "id" : "s10-t7",
      "begin" : 575,
      "end" : 576,
      "text" : "良",
      "whiteSpace" : false
    }, {
      "id" : "s10-t8",
      "begin" : 576,
      "end" : 577,
      "text" : "さ",
      "whiteSpace" : false
    }, {
      "id" : "s10-t9",
      "begin" : 577,
      "end" : 579,
      "text" : "から",
      "whiteSpace" : false
    }, {
      "id" : "s10-t10",
      "begin" : 579,
      "end" : 580,
      "text" : "、",
      "whiteSpace" : false
    }, {
      "id" : "s10-t11",
      "begin" : 580,
      "end" : 581,
      "text" : "昔",
      "whiteSpace" : false
    }, {
      "id" : "s10-t12",
      "begin" : 581,
      "end" : 582,
      "text" : "日",
      "whiteSpace" : false
    }, {
      "id" : "s10-t13",
      "begin" : 582,
      "end" : 583,
      "text" : "は",
      "whiteSpace" : false
    }, {
      "id" : "s10-t14",
      "begin" : 583,
      "end" : 585,
      "text" : "歓楽",
      "whiteSpace" : false
    }, {
      "id" : "s10-t15",
      "begin" : 585,
      "end" : 586,
      "text" : "街",
      "whiteSpace" : false
    }, {
      "id" : "s10-t16",
      "begin" : 586,
      "end" : 587,
      "text" : "と",
      "whiteSpace" : false
    }, {
      "id" : "s10-t17",
      "begin" : 587,
      "end" : 589,
      "text" : "して",
      "whiteSpace" : false
    }, {
      "id" : "s10-t18",
      "begin" : 589,
      "end" : 592,
      "text" : "賑わい",
      "whiteSpace" : false
    }, {
      "id" : "s10-t19",
      "begin" : 592,
      "end" : 593,
      "text" : "を",
      "whiteSpace" : false
    }, {
      "id" : "s10-t20",
      "begin" : 593,
      "end" : 596,
      "text" : "みせて",
      "whiteSpace" : false
    }, {
      "id" : "s10-t21",
      "begin" : 596,
      "end" : 598,
      "text" : "いた",
      "whiteSpace" : false
    }, {
      "id" : "s10-t22",
      "begin" : 598,
      "end" : 599,
      "text" : "が",
      "whiteSpace" : false
    }, {
      "id" : "s10-t23",
      "begin" : 599,
      "end" : 600,
      "text" : "、",
      "whiteSpace" : false
    }, {
      "id" : "s10-t24",
      "begin" : 600,
      "end" : 602,
      "text" : "時代",
      "whiteSpace" : false
    }, {
      "id" : "s10-t25",
      "begin" : 602,
      "end" : 603,
      "text" : "の",
      "whiteSpace" : false
    }, {
      "id" : "s10-t26",
      "begin" : 603,
      "end" : 605,
      "text" : "流れ",
      "whiteSpace" : false
    }, {
      "id" : "s10-t27",
      "begin" : 605,
      "end" : 606,
      "text" : "と",
      "whiteSpace" : false
    }, {
      "id" : "s10-t28",
      "begin" : 606,
      "end" : 609,
      "text" : "ともに",
      "whiteSpace" : false
    }, {
      "id" : "s10-t29",
      "begin" : 609,
      "end" : 611,
      "text" : "衰退",
      "whiteSpace" : false
    }, {
      "id" : "s10-t30",
      "begin" : 611,
      "end" : 612,
      "text" : "し",
      "whiteSpace" : false
    }, {
      "id" : "s10-t31",
      "begin" : 612,
      "end" : 613,
      "text" : "、",
      "whiteSpace" : false
    }, {
      "id" : "s10-t32",
      "begin" : 613,
      "end" : 616,
      "text" : "新たな",
      "whiteSpace" : false
    }, {
      "id" : "s10-t33",
      "begin" : 616,
      "end" : 617,
      "text" : "街",
      "whiteSpace" : false
    }, {
      "id" : "s10-t34",
      "begin" : 617,
      "end" : 620,
      "text" : "づくり",
      "whiteSpace" : false
    }, {
      "id" : "s10-t35",
      "begin" : 620,
      "end" : 621,
      "text" : "と",
      "whiteSpace" : false
    }, {
      "id" : "s10-t36",
      "begin" : 621,
      "end" : 623,
      "text" : "して",
      "whiteSpace" : false
    }, {
      "id" : "s10-t37",
      "begin" : 623,
      "end" : 627,
      "text" : "スポーツ",
      "whiteSpace" : false
    }, {
      "id" : "s10-t38",
      "begin" : 627,
      "end" : 628,
      "text" : "と",
      "whiteSpace" : false
    }, {
      "id" : "s10-t39",
      "begin" : 628,
      "end" : 629,
      "text" : "の",
      "whiteSpace" : false
    }, {
      "id" : "s10-t40",
      "begin" : 629,
      "end" : 632,
      "text" : "関わり",
      "whiteSpace" : false
    }, {
      "id" : "s10-t41",
      "begin" : 632,
      "end" : 633,
      "text" : "を",
      "whiteSpace" : false
    }, {
      "id" : "s10-t42",
      "begin" : 633,
      "end" : 635,
      "text" : "前面",
      "whiteSpace" : false
    }, {
      "id" : "s10-t43",
      "begin" : 635,
      "end" : 636,
      "text" : "に",
      "whiteSpace" : false
    }, {
      "id" : "s10-t44",
      "begin" : 636,
      "end" : 640,
      "text" : "押し出し",
      "whiteSpace" : false
    }, {
      "id" : "s10-t45",
      "begin" : 640,
      "end" : 641,
      "text" : "、",
      "whiteSpace" : false
    }, {
      "id" : "s10-t46",
      "begin" : 641,
      "end" : 643,
      "text" : "合宿",
      "whiteSpace" : false
    }, {
      "id" : "s10-t47",
      "begin" : 643,
      "end" : 644,
      "text" : "の",
      "whiteSpace" : false
    }, {
      "id" : "s10-t48",
      "begin" : 644,
      "end" : 646,
      "text" : "誘致",
      "whiteSpace" : false
    }, {
      "id" : "s10-t49",
      "begin" : 646,
      "end" : 647,
      "text" : "等",
      "whiteSpace" : false
    }, {
      "id" : "s10-t50",
      "begin" : 647,
      "end" : 648,
      "text" : "に",
      "whiteSpace" : false
    }, {
      "id" : "s10-t51",
      "begin" : 648,
      "end" : 649,
      "text" : "力",
      "whiteSpace" : false
    }, {
      "id" : "s10-t52",
      "begin" : 649,
      "end" : 650,
      "text" : "を",
      "whiteSpace" : false
    }, {
      "id" : "s10-t53",
      "begin" : 650,
      "end" : 652,
      "text" : "入れ",
      "whiteSpace" : false
    }, {
      "id" : "s10-t54",
      "begin" : 652,
      "end" : 655,
      "text" : "始めた",
      "whiteSpace" : false
    }, {
      "id" : "s10-t55",
      "begin" : 655,
      "end" : 656,
      "text" : "。",
      "whiteSpace" : false
    } ]
  } ],
  "mentions" : [ {
    "id" : "s1-m1",
    "properties" : {
      "SIRE_MENTION_ROLE" : "ONSEN",
      "SIRE_ENTITY_SUBTYPE" : "NONE",
      "SIRE_MENTION_TYPE" : "NONE",
      "SIRE_MENTION_CLASS" : "SPC"
    },
    "type" : "ONSEN",
    "begin" : 10,
    "end" : 14,
    "inCoref" : true
  }, {
    "id" : "s2-m1",
    "properties" : {
      "SIRE_MENTION_ROLE" : "ONSEN",
      "SIRE_ENTITY_SUBTYPE" : "NONE",
      "SIRE_MENTION_TYPE" : "NONE",
      "SIRE_MENTION_CLASS" : "SPC"
    },
    "type" : "ONSEN",
    "begin" : 56,
    "end" : 60,
    "inCoref" : true
  }, {
    "id" : "s3-m1",
    "properties" : {
      "SIRE_MENTION_ROLE" : "ONSEN",
      "SIRE_ENTITY_SUBTYPE" : "NONE",
      "SIRE_MENTION_TYPE" : "NONE",
      "SIRE_MENTION_CLASS" : "SPC"
    },
    "type" : "ONSEN",
    "begin" : 174,
    "end" : 178,
    "inCoref" : true
  }, {
    "id" : "s3-m2",
    "properties" : {
      "SIRE_MENTION_ROLE" : "ONSEN",
      "SIRE_ENTITY_SUBTYPE" : "NONE",
      "SIRE_MENTION_TYPE" : "NONE",
      "SIRE_MENTION_CLASS" : "SPC"
    },
    "type" : "ONSEN",
    "begin" : 192,
    "end" : 196,
    "inCoref" : false
  }, {
    "id" : "s4-m1",
    "properties" : {
      "SIRE_MENTION_ROLE" : "ONSEN",
      "SIRE_ENTITY_SUBTYPE" : "NONE",
      "SIRE_MENTION_TYPE" : "NONE",
      "SIRE_MENTION_CLASS" : "SPC"
    },
    "type" : "ONSEN",
    "begin" : 226,
    "end" : 230,
    "inCoref" : true
  }, {
    "id" : "s6-m1",
    "properties" : {
      "SIRE_MENTION_ROLE" : "ONSEN",
      "SIRE_ENTITY_SUBTYPE" : "NONE",
      "SIRE_MENTION_TYPE" : "NONE",
      "SIRE_MENTION_CLASS" : "SPC"
    },
    "type" : "ONSEN",
    "begin" : 349,
    "end" : 353,
    "inCoref" : false
  }, {
    "id" : "s7-m5",
    "properties" : {
      "SIRE_MENTION_ROLE" : "ONSEN",
      "SIRE_ENTITY_SUBTYPE" : "NONE",
      "SIRE_MENTION_TYPE" : "NONE",
      "SIRE_MENTION_CLASS" : "SPC"
    },
    "type" : "ONSEN",
    "begin" : 417,
    "end" : 419,
    "inCoref" : false
  }, {
    "id" : "s7-m1",
    "properties" : {
      "SIRE_MENTION_ROLE" : "Tekiou",
      "SIRE_ENTITY_SUBTYPE" : "NONE",
      "SIRE_MENTION_TYPE" : "NONE",
      "SIRE_MENTION_CLASS" : "SPC"
    },
    "type" : "Tekiou",
    "begin" : 421,
    "end" : 424,
    "inCoref" : false
  }, {
    "id" : "s7-m2",
    "properties" : {
      "SIRE_MENTION_ROLE" : "Tekiou",
      "SIRE_ENTITY_SUBTYPE" : "NONE",
      "SIRE_MENTION_TYPE" : "NONE",
      "SIRE_MENTION_CLASS" : "SPC"
    },
    "type" : "Tekiou",
    "begin" : 425,
    "end" : 429,
    "inCoref" : false
  }, {
    "id" : "s7-m3",
    "properties" : {
      "SIRE_MENTION_ROLE" : "Tekiou",
      "SIRE_ENTITY_SUBTYPE" : "NONE",
      "SIRE_MENTION_TYPE" : "NONE",
      "SIRE_MENTION_CLASS" : "SPC"
    },
    "type" : "Tekiou",
    "begin" : 430,
    "end" : 433,
    "inCoref" : false
  }, {
    "id" : "s7-m4",
    "properties" : {
      "SIRE_MENTION_ROLE" : "Tekiou",
      "SIRE_ENTITY_SUBTYPE" : "NONE",
      "SIRE_MENTION_TYPE" : "NONE",
      "SIRE_MENTION_CLASS" : "SPC"
    },
    "type" : "Tekiou",
    "begin" : 434,
    "end" : 442,
    "inCoref" : false
  }, {
    "id" : "s8-m1",
    "properties" : {
      "SIRE_MENTION_ROLE" : "ONSEN",
      "SIRE_ENTITY_SUBTYPE" : "NONE",
      "SIRE_MENTION_TYPE" : "NONE",
      "SIRE_MENTION_CLASS" : "SPC"
    },
    "type" : "ONSEN",
    "begin" : 505,
    "end" : 509,
    "inCoref" : true
  } ],
  "relations" : [ {
    "id" : "s7-r1",
    "properties" : { },
    "type" : "targetCase",
    "args" : [ "s7-m5", "s7-m1" ]
  }, {
    "id" : "s7-r2",
    "properties" : { },
    "type" : "targetCase",
    "args" : [ "s7-m5", "s7-m2" ]
  }, {
    "id" : "s7-r3",
    "properties" : { },
    "type" : "targetCase",
    "args" : [ "s7-m5", "s7-m3" ]
  }, {
    "id" : "s7-r4",
    "properties" : { },
    "type" : "targetCase",
    "args" : [ "s7-m5", "s7-m4" ]
  } ],
  "corefs" : [ {
    "id" : "c1",
    "properties" : { },
    "mentions" : [ "s1-m1", "s2-m1", "s3-m1", "s4-m1", "s8-m1" ]
  } ],
  "typeResolved" : true,
  "userResolved" : false
}