{
  "id" : "5ae7cfb0-d149-11e9-ad4b-c984733d60b0-20",
  "name" : "20_丸子温泉郷 国民保養温泉地計画書",
  "createdDate" : 0,
  "version" : 3,
  "text" : "５．温泉資源の保護に関する取組方針\n（１）温泉資源の状況\n丸子温泉郷には８個所の源泉があり、旅館や共同浴場などに利用されている。\n温度は 27.0℃～47.0℃まであり、泉質はカルシウム・ナトリウム－硫酸塩温泉又は単純温泉となっている。 ",
  "docLength" : 0,
  "language" : "JA",
  "status" : "IN_PROGRESS",
  "modifiedDate" : 1567847541474,
  "documentSet" : [ ],
  "preannotation" : [ "PRE_LW" ],
  "sentences" : [ {
    "id" : "s0",
    "begin" : 0,
    "end" : 2,
    "text" : "５．",
    "tokens" : [ {
      "id" : "s0-t0",
      "begin" : 0,
      "end" : 1,
      "text" : "５",
      "whiteSpace" : false
    }, {
      "id" : "s0-t1",
      "begin" : 1,
      "end" : 2,
      "text" : "．",
      "whiteSpace" : false
    } ]
  }, {
    "id" : "s1",
    "begin" : 2,
    "end" : 64,
    "text" : "温泉資源の保護に関する取組方針\n（１）温泉資源の状況\n丸子温泉郷には８個所の源泉があり、旅館や共同浴場などに利用されている。",
    "tokens" : [ {
      "id" : "s1-t0",
      "begin" : 2,
      "end" : 4,
      "text" : "温泉",
      "whiteSpace" : false
    }, {
      "id" : "s1-t1",
      "begin" : 4,
      "end" : 6,
      "text" : "資源",
      "whiteSpace" : false
    }, {
      "id" : "s1-t2",
      "begin" : 6,
      "end" : 7,
      "text" : "の",
      "whiteSpace" : false
    }, {
      "id" : "s1-t3",
      "begin" : 7,
      "end" : 9,
      "text" : "保護",
      "whiteSpace" : false
    }, {
      "id" : "s1-t4",
      "begin" : 9,
      "end" : 10,
      "text" : "に",
      "whiteSpace" : false
    }, {
      "id" : "s1-t5",
      "begin" : 10,
      "end" : 13,
      "text" : "関する",
      "whiteSpace" : false
    }, {
      "id" : "s1-t6",
      "begin" : 13,
      "end" : 15,
      "text" : "取組",
      "whiteSpace" : false
    }, {
      "id" : "s1-t7",
      "begin" : 15,
      "end" : 17,
      "text" : "方針",
      "whiteSpace" : false
    }, {
      "id" : "s1-t8",
      "begin" : 18,
      "end" : 19,
      "text" : "（",
      "whiteSpace" : false
    }, {
      "id" : "s1-t9",
      "begin" : 19,
      "end" : 20,
      "text" : "１",
      "whiteSpace" : false
    }, {
      "id" : "s1-t10",
      "begin" : 20,
      "end" : 21,
      "text" : "）",
      "whiteSpace" : false
    }, {
      "id" : "s1-t11",
      "begin" : 21,
      "end" : 23,
      "text" : "温泉",
      "whiteSpace" : false
    }, {
      "id" : "s1-t12",
      "begin" : 23,
      "end" : 25,
      "text" : "資源",
      "whiteSpace" : false
    }, {
      "id" : "s1-t13",
      "begin" : 25,
      "end" : 26,
      "text" : "の",
      "whiteSpace" : false
    }, {
      "id" : "s1-t14",
      "begin" : 26,
      "end" : 28,
      "text" : "状況",
      "whiteSpace" : false
    }, {
      "id" : "s1-t15",
      "begin" : 29,
      "end" : 31,
      "text" : "丸子",
      "whiteSpace" : false
    }, {
      "id" : "s1-t16",
      "begin" : 31,
      "end" : 34,
      "text" : "温泉郷",
      "whiteSpace" : false
    }, {
      "id" : "s1-t17",
      "begin" : 34,
      "end" : 35,
      "text" : "に",
      "whiteSpace" : false
    }, {
      "id" : "s1-t18",
      "begin" : 35,
      "end" : 36,
      "text" : "は",
      "whiteSpace" : false
    }, {
      "id" : "s1-t19",
      "begin" : 36,
      "end" : 37,
      "text" : "８",
      "whiteSpace" : false
    }, {
      "id" : "s1-t20",
      "begin" : 37,
      "end" : 39,
      "text" : "個所",
      "whiteSpace" : false
    }, {
      "id" : "s1-t21",
      "begin" : 39,
      "end" : 40,
      "text" : "の",
      "whiteSpace" : false
    }, {
      "id" : "s1-t22",
      "begin" : 40,
      "end" : 42,
      "text" : "源泉",
      "whiteSpace" : false
    }, {
      "id" : "s1-t23",
      "begin" : 42,
      "end" : 43,
      "text" : "が",
      "whiteSpace" : false
    }, {
      "id" : "s1-t24",
      "begin" : 43,
      "end" : 45,
      "text" : "あり",
      "whiteSpace" : false
    }, {
      "id" : "s1-t25",
      "begin" : 45,
      "end" : 46,
      "text" : "、",
      "whiteSpace" : false
    }, {
      "id" : "s1-t26",
      "begin" : 46,
      "end" : 48,
      "text" : "旅館",
      "whiteSpace" : false
    }, {
      "id" : "s1-t27",
      "begin" : 48,
      "end" : 49,
      "text" : "や",
      "whiteSpace" : false
    }, {
      "id" : "s1-t28",
      "begin" : 49,
      "end" : 51,
      "text" : "共同",
      "whiteSpace" : false
    }, {
      "id" : "s1-t29",
      "begin" : 51,
      "end" : 53,
      "text" : "浴場",
      "whiteSpace" : false
    }, {
      "id" : "s1-t30",
      "begin" : 53,
      "end" : 55,
      "text" : "など",
      "whiteSpace" : false
    }, {
      "id" : "s1-t31",
      "begin" : 55,
      "end" : 56,
      "text" : "に",
      "whiteSpace" : false
    }, {
      "id" : "s1-t32",
      "begin" : 56,
      "end" : 58,
      "text" : "利用",
      "whiteSpace" : false
    }, {
      "id" : "s1-t33",
      "begin" : 58,
      "end" : 59,
      "text" : "さ",
      "whiteSpace" : false
    }, {
      "id" : "s1-t34",
      "begin" : 59,
      "end" : 61,
      "text" : "れて",
      "whiteSpace" : false
    }, {
      "id" : "s1-t35",
      "begin" : 61,
      "end" : 63,
      "text" : "いる",
      "whiteSpace" : false
    }, {
      "id" : "s1-t36",
      "begin" : 63,
      "end" : 64,
      "text" : "。",
      "whiteSpace" : false
    } ]
  }, {
    "id" : "s2",
    "begin" : 65,
    "end" : 118,
    "text" : "温度は 27.0℃～47.0℃まであり、泉質はカルシウム・ナトリウム－硫酸塩温泉又は単純温泉となっている。",
    "tokens" : [ {
      "id" : "s2-t0",
      "begin" : 65,
      "end" : 67,
      "text" : "温度",
      "whiteSpace" : false
    }, {
      "id" : "s2-t1",
      "begin" : 67,
      "end" : 68,
      "text" : "は",
      "whiteSpace" : false
    }, {
      "id" : "s2-t2",
      "begin" : 69,
      "end" : 73,
      "text" : "27.0",
      "whiteSpace" : false
    }, {
      "id" : "s2-t3",
      "begin" : 73,
      "end" : 79,
      "text" : "℃～47.0",
      "whiteSpace" : false
    }, {
      "id" : "s2-t4",
      "begin" : 79,
      "end" : 80,
      "text" : "℃",
      "whiteSpace" : false
    }, {
      "id" : "s2-t5",
      "begin" : 80,
      "end" : 84,
      "text" : "まであり",
      "whiteSpace" : false
    }, {
      "id" : "s2-t6",
      "begin" : 84,
      "end" : 85,
      "text" : "、",
      "whiteSpace" : false
    }, {
      "id" : "s2-t7",
      "begin" : 85,
      "end" : 87,
      "text" : "泉質",
      "whiteSpace" : false
    }, {
      "id" : "s2-t8",
      "begin" : 87,
      "end" : 88,
      "text" : "は",
      "whiteSpace" : false
    }, {
      "id" : "s2-t9",
      "begin" : 88,
      "end" : 93,
      "text" : "カルシウム",
      "whiteSpace" : false
    }, {
      "id" : "s2-t10",
      "begin" : 93,
      "end" : 94,
      "text" : "・",
      "whiteSpace" : false
    }, {
      "id" : "s2-t11",
      "begin" : 94,
      "end" : 99,
      "text" : "ナトリウム",
      "whiteSpace" : false
    }, {
      "id" : "s2-t12",
      "begin" : 99,
      "end" : 100,
      "text" : "－",
      "whiteSpace" : false
    }, {
      "id" : "s2-t13",
      "begin" : 100,
      "end" : 102,
      "text" : "硫酸",
      "whiteSpace" : false
    }, {
      "id" : "s2-t14",
      "begin" : 102,
      "end" : 103,
      "text" : "塩",
      "whiteSpace" : false
    }, {
      "id" : "s2-t15",
      "begin" : 103,
      "end" : 105,
      "text" : "温泉",
      "whiteSpace" : false
    }, {
      "id" : "s2-t16",
      "begin" : 105,
      "end" : 106,
      "text" : "又",
      "whiteSpace" : false
    }, {
      "id" : "s2-t17",
      "begin" : 106,
      "end" : 107,
      "text" : "は",
      "whiteSpace" : false
    }, {
      "id" : "s2-t18",
      "begin" : 107,
      "end" : 109,
      "text" : "単純",
      "whiteSpace" : false
    }, {
      "id" : "s2-t19",
      "begin" : 109,
      "end" : 111,
      "text" : "温泉",
      "whiteSpace" : false
    }, {
      "id" : "s2-t20",
      "begin" : 111,
      "end" : 112,
      "text" : "と",
      "whiteSpace" : false
    }, {
      "id" : "s2-t21",
      "begin" : 112,
      "end" : 115,
      "text" : "なって",
      "whiteSpace" : false
    }, {
      "id" : "s2-t22",
      "begin" : 115,
      "end" : 117,
      "text" : "いる",
      "whiteSpace" : false
    }, {
      "id" : "s2-t23",
      "begin" : 117,
      "end" : 118,
      "text" : "。",
      "whiteSpace" : false
    } ]
  } ],
  "mentions" : [ {
    "id" : "s1-m1",
    "properties" : {
      "SIRE_MENTION_ROLE" : "ONSEN",
      "SIRE_ENTITY_SUBTYPE" : "NONE",
      "SIRE_MENTION_TYPE" : "NONE",
      "SIRE_MENTION_CLASS" : "SPC"
    },
    "type" : "ONSEN",
    "begin" : 29,
    "end" : 34,
    "inCoref" : false
  }, {
    "id" : "s2-m2",
    "properties" : {
      "SIRE_MENTION_ROLE" : "Sensitsu",
      "SIRE_ENTITY_SUBTYPE" : "NONE",
      "SIRE_MENTION_TYPE" : "NONE",
      "SIRE_MENTION_CLASS" : "SPC"
    },
    "type" : "Sensitsu",
    "begin" : 88,
    "end" : 105,
    "inCoref" : false
  }, {
    "id" : "s2-m0",
    "properties" : {
      "SIRE_MENTION_CLASS" : "SPC",
      "SIRE_MENTION_ROLE" : "Sensitsu",
      "SIRE_MENTION_TYPE" : "NONE",
      "SIRE_ENTITY_SUBTYPE" : "NONE"
    },
    "type" : "Sensitsu",
    "begin" : 107,
    "end" : 111,
    "inCoref" : false
  } ],
  "relations" : [ ],
  "corefs" : [ ],
  "typeResolved" : true,
  "userResolved" : false
}