{
  "id" : "5ae7cfb0-d149-11e9-ad4b-c984733d60b0-28",
  "name" : "28_奥日光湯元温泉国民保養温泉地計画書",
  "createdDate" : 0,
  "version" : 3,
  "text" : "１．温泉地の概要\n奥日光湯元温泉は、栃木県の北西部にあって、群馬、栃木、福島の三県にまたがる日光国立公園第２種特別地域内に位置している。南側を除く三方を白根山、温泉ヶ岳、三岳の山々に囲まれ、開けた南側は湯ノ湖に面している。\n標高は約 1,500ｍで、首都圏地域と比較するとおよそ５～７℃気温が低く、避暑地にも適している。周辺の山々や湯ノ湖周辺に残る原生林に抱かれ、変化に富んだ手つかずの自然を湖岸に整備された遊歩道などで楽しむことができる。また、秋には色とりどりの見事な紅葉が見られるなど、保養地として大変恵まれた環境にある。\n源泉地は、温泉街の北、湯ノ平湿原にあり、19ある源泉は屋根によって保護されている。源泉の配湯は、当温泉地にある 24 の宿泊施設の他、光徳地区、中禅寺地区へも行われている。ほとんどが自噴泉で温泉の湧出温度は 52～80℃、総湧出量は、1,769.5ℓ／分である。また、泉質は、「含硫黄－ナトリウム・カルシウム－硫酸塩・炭酸水素塩（・塩化物）温泉（硫化水素型）」である。\n当温泉地の歴史は古く、今から約 1,200 年前に遡り、奈良時代に日光を開山した勝道上人がこの温泉を発見し、薬師の湯と名づけたのが当温泉地の始まりと伝えられている。\n1791 年（寛政3 年）の「日光山中禅寺温泉記」や、江戸時代文政年間に成立した「日光山志」等によると、湯平（現在の湯元）には 9 軒の大きな湯屋があり、いずれも泉源のある東寄りの山際に並んで建てられていたと記されている等、今もその面影が残っている。\nまた、1878 年（明治 11 年）6 月には、イザベラ・バードが日光滞在中に当地を訪れて八島屋に宿泊しており、自身の本国への手紙の中で当温泉地の活況ぶりを記している。やがて、日本有数の湯治場として知られるようになり、1954 年（昭和 29 年）、当温泉は酸ヶ湯温泉および四万温泉とともに、「日光湯元温泉」の名称で国民保養温泉地の第一号指定を受けた。",
  "docLength" : 0,
  "language" : "JA",
  "status" : "IN_PROGRESS",
  "modifiedDate" : 1567848968451,
  "documentSet" : [ ],
  "preannotation" : [ "PRE_LW" ],
  "sentences" : [ {
    "id" : "s0",
    "begin" : 0,
    "end" : 2,
    "text" : "１．",
    "tokens" : [ {
      "id" : "s0-t0",
      "begin" : 0,
      "end" : 1,
      "text" : "１",
      "whiteSpace" : false
    }, {
      "id" : "s0-t1",
      "begin" : 1,
      "end" : 2,
      "text" : "．",
      "whiteSpace" : false
    } ]
  }, {
    "id" : "s1",
    "begin" : 2,
    "end" : 68,
    "text" : "温泉地の概要\n奥日光湯元温泉は、栃木県の北西部にあって、群馬、栃木、福島の三県にまたがる日光国立公園第２種特別地域内に位置している。",
    "tokens" : [ {
      "id" : "s1-t0",
      "begin" : 2,
      "end" : 4,
      "text" : "温泉",
      "whiteSpace" : false
    }, {
      "id" : "s1-t1",
      "begin" : 4,
      "end" : 5,
      "text" : "地",
      "whiteSpace" : false
    }, {
      "id" : "s1-t2",
      "begin" : 5,
      "end" : 6,
      "text" : "の",
      "whiteSpace" : false
    }, {
      "id" : "s1-t3",
      "begin" : 6,
      "end" : 8,
      "text" : "概要",
      "whiteSpace" : false
    }, {
      "id" : "s1-t4",
      "begin" : 9,
      "end" : 11,
      "text" : "奥日",
      "whiteSpace" : false
    }, {
      "id" : "s1-t5",
      "begin" : 11,
      "end" : 13,
      "text" : "光湯",
      "whiteSpace" : false
    }, {
      "id" : "s1-t6",
      "begin" : 13,
      "end" : 14,
      "text" : "元",
      "whiteSpace" : false
    }, {
      "id" : "s1-t7",
      "begin" : 14,
      "end" : 16,
      "text" : "温泉",
      "whiteSpace" : false
    }, {
      "id" : "s1-t8",
      "begin" : 16,
      "end" : 17,
      "text" : "は",
      "whiteSpace" : false
    }, {
      "id" : "s1-t9",
      "begin" : 17,
      "end" : 18,
      "text" : "、",
      "whiteSpace" : false
    }, {
      "id" : "s1-t10",
      "begin" : 18,
      "end" : 20,
      "text" : "栃木",
      "whiteSpace" : false
    }, {
      "id" : "s1-t11",
      "begin" : 20,
      "end" : 21,
      "text" : "県",
      "whiteSpace" : false
    }, {
      "id" : "s1-t12",
      "begin" : 21,
      "end" : 22,
      "text" : "の",
      "whiteSpace" : false
    }, {
      "id" : "s1-t13",
      "begin" : 22,
      "end" : 24,
      "text" : "北西",
      "whiteSpace" : false
    }, {
      "id" : "s1-t14",
      "begin" : 24,
      "end" : 25,
      "text" : "部",
      "whiteSpace" : false
    }, {
      "id" : "s1-t15",
      "begin" : 25,
      "end" : 26,
      "text" : "に",
      "whiteSpace" : false
    }, {
      "id" : "s1-t16",
      "begin" : 26,
      "end" : 29,
      "text" : "あって",
      "whiteSpace" : false
    }, {
      "id" : "s1-t17",
      "begin" : 29,
      "end" : 30,
      "text" : "、",
      "whiteSpace" : false
    }, {
      "id" : "s1-t18",
      "begin" : 30,
      "end" : 32,
      "text" : "群馬",
      "whiteSpace" : false
    }, {
      "id" : "s1-t19",
      "begin" : 32,
      "end" : 33,
      "text" : "、",
      "whiteSpace" : false
    }, {
      "id" : "s1-t20",
      "begin" : 33,
      "end" : 35,
      "text" : "栃木",
      "whiteSpace" : false
    }, {
      "id" : "s1-t21",
      "begin" : 35,
      "end" : 36,
      "text" : "、",
      "whiteSpace" : false
    }, {
      "id" : "s1-t22",
      "begin" : 36,
      "end" : 38,
      "text" : "福島",
      "whiteSpace" : false
    }, {
      "id" : "s1-t23",
      "begin" : 38,
      "end" : 39,
      "text" : "の",
      "whiteSpace" : false
    }, {
      "id" : "s1-t24",
      "begin" : 39,
      "end" : 40,
      "text" : "三",
      "whiteSpace" : false
    }, {
      "id" : "s1-t25",
      "begin" : 40,
      "end" : 41,
      "text" : "県",
      "whiteSpace" : false
    }, {
      "id" : "s1-t26",
      "begin" : 41,
      "end" : 42,
      "text" : "に",
      "whiteSpace" : false
    }, {
      "id" : "s1-t27",
      "begin" : 42,
      "end" : 46,
      "text" : "またがる",
      "whiteSpace" : false
    }, {
      "id" : "s1-t28",
      "begin" : 46,
      "end" : 48,
      "text" : "日光",
      "whiteSpace" : false
    }, {
      "id" : "s1-t29",
      "begin" : 48,
      "end" : 50,
      "text" : "国立",
      "whiteSpace" : false
    }, {
      "id" : "s1-t30",
      "begin" : 50,
      "end" : 52,
      "text" : "公園",
      "whiteSpace" : false
    }, {
      "id" : "s1-t31",
      "begin" : 52,
      "end" : 53,
      "text" : "第",
      "whiteSpace" : false
    }, {
      "id" : "s1-t32",
      "begin" : 53,
      "end" : 54,
      "text" : "２",
      "whiteSpace" : false
    }, {
      "id" : "s1-t33",
      "begin" : 54,
      "end" : 55,
      "text" : "種",
      "whiteSpace" : false
    }, {
      "id" : "s1-t34",
      "begin" : 55,
      "end" : 57,
      "text" : "特別",
      "whiteSpace" : false
    }, {
      "id" : "s1-t35",
      "begin" : 57,
      "end" : 59,
      "text" : "地域",
      "whiteSpace" : false
    }, {
      "id" : "s1-t36",
      "begin" : 59,
      "end" : 60,
      "text" : "内",
      "whiteSpace" : false
    }, {
      "id" : "s1-t37",
      "begin" : 60,
      "end" : 61,
      "text" : "に",
      "whiteSpace" : false
    }, {
      "id" : "s1-t38",
      "begin" : 61,
      "end" : 63,
      "text" : "位置",
      "whiteSpace" : false
    }, {
      "id" : "s1-t39",
      "begin" : 63,
      "end" : 65,
      "text" : "して",
      "whiteSpace" : false
    }, {
      "id" : "s1-t40",
      "begin" : 65,
      "end" : 67,
      "text" : "いる",
      "whiteSpace" : false
    }, {
      "id" : "s1-t41",
      "begin" : 67,
      "end" : 68,
      "text" : "。",
      "whiteSpace" : false
    } ]
  }, {
    "id" : "s2",
    "begin" : 68,
    "end" : 111,
    "text" : "南側を除く三方を白根山、温泉ヶ岳、三岳の山々に囲まれ、開けた南側は湯ノ湖に面している。",
    "tokens" : [ {
      "id" : "s2-t0",
      "begin" : 68,
      "end" : 69,
      "text" : "南",
      "whiteSpace" : false
    }, {
      "id" : "s2-t1",
      "begin" : 69,
      "end" : 70,
      "text" : "側",
      "whiteSpace" : false
    }, {
      "id" : "s2-t2",
      "begin" : 70,
      "end" : 71,
      "text" : "を",
      "whiteSpace" : false
    }, {
      "id" : "s2-t3",
      "begin" : 71,
      "end" : 73,
      "text" : "除く",
      "whiteSpace" : false
    }, {
      "id" : "s2-t4",
      "begin" : 73,
      "end" : 75,
      "text" : "三方",
      "whiteSpace" : false
    }, {
      "id" : "s2-t5",
      "begin" : 75,
      "end" : 76,
      "text" : "を",
      "whiteSpace" : false
    }, {
      "id" : "s2-t6",
      "begin" : 76,
      "end" : 79,
      "text" : "白根山",
      "whiteSpace" : false
    }, {
      "id" : "s2-t7",
      "begin" : 79,
      "end" : 80,
      "text" : "、",
      "whiteSpace" : false
    }, {
      "id" : "s2-t8",
      "begin" : 80,
      "end" : 82,
      "text" : "温泉",
      "whiteSpace" : false
    }, {
      "id" : "s2-t9",
      "begin" : 82,
      "end" : 84,
      "text" : "ヶ岳",
      "whiteSpace" : false
    }, {
      "id" : "s2-t10",
      "begin" : 84,
      "end" : 85,
      "text" : "、",
      "whiteSpace" : false
    }, {
      "id" : "s2-t11",
      "begin" : 85,
      "end" : 86,
      "text" : "三",
      "whiteSpace" : false
    }, {
      "id" : "s2-t12",
      "begin" : 86,
      "end" : 87,
      "text" : "岳",
      "whiteSpace" : false
    }, {
      "id" : "s2-t13",
      "begin" : 87,
      "end" : 88,
      "text" : "の",
      "whiteSpace" : false
    }, {
      "id" : "s2-t14",
      "begin" : 88,
      "end" : 90,
      "text" : "山々",
      "whiteSpace" : false
    }, {
      "id" : "s2-t15",
      "begin" : 90,
      "end" : 91,
      "text" : "に",
      "whiteSpace" : false
    }, {
      "id" : "s2-t16",
      "begin" : 91,
      "end" : 93,
      "text" : "囲ま",
      "whiteSpace" : false
    }, {
      "id" : "s2-t17",
      "begin" : 93,
      "end" : 94,
      "text" : "れ",
      "whiteSpace" : false
    }, {
      "id" : "s2-t18",
      "begin" : 94,
      "end" : 95,
      "text" : "、",
      "whiteSpace" : false
    }, {
      "id" : "s2-t19",
      "begin" : 95,
      "end" : 98,
      "text" : "開けた",
      "whiteSpace" : false
    }, {
      "id" : "s2-t20",
      "begin" : 98,
      "end" : 99,
      "text" : "南",
      "whiteSpace" : false
    }, {
      "id" : "s2-t21",
      "begin" : 99,
      "end" : 100,
      "text" : "側",
      "whiteSpace" : false
    }, {
      "id" : "s2-t22",
      "begin" : 100,
      "end" : 101,
      "text" : "は",
      "whiteSpace" : false
    }, {
      "id" : "s2-t23",
      "begin" : 101,
      "end" : 104,
      "text" : "湯ノ湖",
      "whiteSpace" : false
    }, {
      "id" : "s2-t24",
      "begin" : 104,
      "end" : 105,
      "text" : "に",
      "whiteSpace" : false
    }, {
      "id" : "s2-t25",
      "begin" : 105,
      "end" : 108,
      "text" : "面して",
      "whiteSpace" : false
    }, {
      "id" : "s2-t26",
      "begin" : 108,
      "end" : 110,
      "text" : "いる",
      "whiteSpace" : false
    }, {
      "id" : "s2-t27",
      "begin" : 110,
      "end" : 111,
      "text" : "。",
      "whiteSpace" : false
    } ]
  }, {
    "id" : "s3",
    "begin" : 112,
    "end" : 160,
    "text" : "標高は約 1,500ｍで、首都圏地域と比較するとおよそ５～７℃気温が低く、避暑地にも適している。",
    "tokens" : [ {
      "id" : "s3-t0",
      "begin" : 112,
      "end" : 114,
      "text" : "標高",
      "whiteSpace" : false
    }, {
      "id" : "s3-t1",
      "begin" : 114,
      "end" : 115,
      "text" : "は",
      "whiteSpace" : false
    }, {
      "id" : "s3-t2",
      "begin" : 115,
      "end" : 116,
      "text" : "約",
      "whiteSpace" : false
    }, {
      "id" : "s3-t3",
      "begin" : 117,
      "end" : 123,
      "text" : "1,500ｍ",
      "whiteSpace" : false
    }, {
      "id" : "s3-t4",
      "begin" : 123,
      "end" : 124,
      "text" : "で",
      "whiteSpace" : false
    }, {
      "id" : "s3-t5",
      "begin" : 124,
      "end" : 125,
      "text" : "、",
      "whiteSpace" : false
    }, {
      "id" : "s3-t6",
      "begin" : 125,
      "end" : 127,
      "text" : "首都",
      "whiteSpace" : false
    }, {
      "id" : "s3-t7",
      "begin" : 127,
      "end" : 128,
      "text" : "圏",
      "whiteSpace" : false
    }, {
      "id" : "s3-t8",
      "begin" : 128,
      "end" : 130,
      "text" : "地域",
      "whiteSpace" : false
    }, {
      "id" : "s3-t9",
      "begin" : 130,
      "end" : 131,
      "text" : "と",
      "whiteSpace" : false
    }, {
      "id" : "s3-t10",
      "begin" : 131,
      "end" : 133,
      "text" : "比較",
      "whiteSpace" : false
    }, {
      "id" : "s3-t11",
      "begin" : 133,
      "end" : 135,
      "text" : "する",
      "whiteSpace" : false
    }, {
      "id" : "s3-t12",
      "begin" : 135,
      "end" : 136,
      "text" : "と",
      "whiteSpace" : false
    }, {
      "id" : "s3-t13",
      "begin" : 136,
      "end" : 139,
      "text" : "およそ",
      "whiteSpace" : false
    }, {
      "id" : "s3-t14",
      "begin" : 139,
      "end" : 140,
      "text" : "５",
      "whiteSpace" : false
    }, {
      "id" : "s3-t15",
      "begin" : 140,
      "end" : 141,
      "text" : "～",
      "whiteSpace" : false
    }, {
      "id" : "s3-t16",
      "begin" : 141,
      "end" : 142,
      "text" : "７",
      "whiteSpace" : false
    }, {
      "id" : "s3-t17",
      "begin" : 142,
      "end" : 143,
      "text" : "℃",
      "whiteSpace" : false
    }, {
      "id" : "s3-t18",
      "begin" : 143,
      "end" : 145,
      "text" : "気温",
      "whiteSpace" : false
    }, {
      "id" : "s3-t19",
      "begin" : 145,
      "end" : 146,
      "text" : "が",
      "whiteSpace" : false
    }, {
      "id" : "s3-t20",
      "begin" : 146,
      "end" : 148,
      "text" : "低く",
      "whiteSpace" : false
    }, {
      "id" : "s3-t21",
      "begin" : 148,
      "end" : 149,
      "text" : "、",
      "whiteSpace" : false
    }, {
      "id" : "s3-t22",
      "begin" : 149,
      "end" : 151,
      "text" : "避暑",
      "whiteSpace" : false
    }, {
      "id" : "s3-t23",
      "begin" : 151,
      "end" : 152,
      "text" : "地",
      "whiteSpace" : false
    }, {
      "id" : "s3-t24",
      "begin" : 152,
      "end" : 153,
      "text" : "に",
      "whiteSpace" : false
    }, {
      "id" : "s3-t25",
      "begin" : 153,
      "end" : 154,
      "text" : "も",
      "whiteSpace" : false
    }, {
      "id" : "s3-t26",
      "begin" : 154,
      "end" : 157,
      "text" : "適して",
      "whiteSpace" : false
    }, {
      "id" : "s3-t27",
      "begin" : 157,
      "end" : 159,
      "text" : "いる",
      "whiteSpace" : false
    }, {
      "id" : "s3-t28",
      "begin" : 159,
      "end" : 160,
      "text" : "。",
      "whiteSpace" : false
    } ]
  }, {
    "id" : "s4",
    "begin" : 160,
    "end" : 220,
    "text" : "周辺の山々や湯ノ湖周辺に残る原生林に抱かれ、変化に富んだ手つかずの自然を湖岸に整備された遊歩道などで楽しむことができる。",
    "tokens" : [ {
      "id" : "s4-t0",
      "begin" : 160,
      "end" : 162,
      "text" : "周辺",
      "whiteSpace" : false
    }, {
      "id" : "s4-t1",
      "begin" : 162,
      "end" : 163,
      "text" : "の",
      "whiteSpace" : false
    }, {
      "id" : "s4-t2",
      "begin" : 163,
      "end" : 165,
      "text" : "山々",
      "whiteSpace" : false
    }, {
      "id" : "s4-t3",
      "begin" : 165,
      "end" : 166,
      "text" : "や",
      "whiteSpace" : false
    }, {
      "id" : "s4-t4",
      "begin" : 166,
      "end" : 169,
      "text" : "湯ノ湖",
      "whiteSpace" : false
    }, {
      "id" : "s4-t5",
      "begin" : 169,
      "end" : 171,
      "text" : "周辺",
      "whiteSpace" : false
    }, {
      "id" : "s4-t6",
      "begin" : 171,
      "end" : 172,
      "text" : "に",
      "whiteSpace" : false
    }, {
      "id" : "s4-t7",
      "begin" : 172,
      "end" : 174,
      "text" : "残る",
      "whiteSpace" : false
    }, {
      "id" : "s4-t8",
      "begin" : 174,
      "end" : 176,
      "text" : "原生",
      "whiteSpace" : false
    }, {
      "id" : "s4-t9",
      "begin" : 176,
      "end" : 177,
      "text" : "林",
      "whiteSpace" : false
    }, {
      "id" : "s4-t10",
      "begin" : 177,
      "end" : 178,
      "text" : "に",
      "whiteSpace" : false
    }, {
      "id" : "s4-t11",
      "begin" : 178,
      "end" : 180,
      "text" : "抱か",
      "whiteSpace" : false
    }, {
      "id" : "s4-t12",
      "begin" : 180,
      "end" : 181,
      "text" : "れ",
      "whiteSpace" : false
    }, {
      "id" : "s4-t13",
      "begin" : 181,
      "end" : 182,
      "text" : "、",
      "whiteSpace" : false
    }, {
      "id" : "s4-t14",
      "begin" : 182,
      "end" : 184,
      "text" : "変化",
      "whiteSpace" : false
    }, {
      "id" : "s4-t15",
      "begin" : 184,
      "end" : 185,
      "text" : "に",
      "whiteSpace" : false
    }, {
      "id" : "s4-t16",
      "begin" : 185,
      "end" : 188,
      "text" : "富んだ",
      "whiteSpace" : false
    }, {
      "id" : "s4-t17",
      "begin" : 188,
      "end" : 192,
      "text" : "手つかず",
      "whiteSpace" : false
    }, {
      "id" : "s4-t18",
      "begin" : 192,
      "end" : 193,
      "text" : "の",
      "whiteSpace" : false
    }, {
      "id" : "s4-t19",
      "begin" : 193,
      "end" : 195,
      "text" : "自然",
      "whiteSpace" : false
    }, {
      "id" : "s4-t20",
      "begin" : 195,
      "end" : 196,
      "text" : "を",
      "whiteSpace" : false
    }, {
      "id" : "s4-t21",
      "begin" : 196,
      "end" : 198,
      "text" : "湖岸",
      "whiteSpace" : false
    }, {
      "id" : "s4-t22",
      "begin" : 198,
      "end" : 199,
      "text" : "に",
      "whiteSpace" : false
    }, {
      "id" : "s4-t23",
      "begin" : 199,
      "end" : 201,
      "text" : "整備",
      "whiteSpace" : false
    }, {
      "id" : "s4-t24",
      "begin" : 201,
      "end" : 202,
      "text" : "さ",
      "whiteSpace" : false
    }, {
      "id" : "s4-t25",
      "begin" : 202,
      "end" : 204,
      "text" : "れた",
      "whiteSpace" : false
    }, {
      "id" : "s4-t26",
      "begin" : 204,
      "end" : 207,
      "text" : "遊歩道",
      "whiteSpace" : false
    }, {
      "id" : "s4-t27",
      "begin" : 207,
      "end" : 209,
      "text" : "など",
      "whiteSpace" : false
    }, {
      "id" : "s4-t28",
      "begin" : 209,
      "end" : 210,
      "text" : "で",
      "whiteSpace" : false
    }, {
      "id" : "s4-t29",
      "begin" : 210,
      "end" : 213,
      "text" : "楽しむ",
      "whiteSpace" : false
    }, {
      "id" : "s4-t30",
      "begin" : 213,
      "end" : 215,
      "text" : "こと",
      "whiteSpace" : false
    }, {
      "id" : "s4-t31",
      "begin" : 215,
      "end" : 216,
      "text" : "が",
      "whiteSpace" : false
    }, {
      "id" : "s4-t32",
      "begin" : 216,
      "end" : 219,
      "text" : "できる",
      "whiteSpace" : false
    }, {
      "id" : "s4-t33",
      "begin" : 219,
      "end" : 220,
      "text" : "。",
      "whiteSpace" : false
    } ]
  }, {
    "id" : "s5",
    "begin" : 220,
    "end" : 263,
    "text" : "また、秋には色とりどりの見事な紅葉が見られるなど、保養地として大変恵まれた環境にある。",
    "tokens" : [ {
      "id" : "s5-t0",
      "begin" : 220,
      "end" : 222,
      "text" : "また",
      "whiteSpace" : false
    }, {
      "id" : "s5-t1",
      "begin" : 222,
      "end" : 223,
      "text" : "、",
      "whiteSpace" : false
    }, {
      "id" : "s5-t2",
      "begin" : 223,
      "end" : 224,
      "text" : "秋",
      "whiteSpace" : false
    }, {
      "id" : "s5-t3",
      "begin" : 224,
      "end" : 225,
      "text" : "に",
      "whiteSpace" : false
    }, {
      "id" : "s5-t4",
      "begin" : 225,
      "end" : 226,
      "text" : "は",
      "whiteSpace" : false
    }, {
      "id" : "s5-t5",
      "begin" : 226,
      "end" : 232,
      "text" : "色とりどりの",
      "whiteSpace" : false
    }, {
      "id" : "s5-t6",
      "begin" : 232,
      "end" : 235,
      "text" : "見事な",
      "whiteSpace" : false
    }, {
      "id" : "s5-t7",
      "begin" : 235,
      "end" : 237,
      "text" : "紅葉",
      "whiteSpace" : false
    }, {
      "id" : "s5-t8",
      "begin" : 237,
      "end" : 238,
      "text" : "が",
      "whiteSpace" : false
    }, {
      "id" : "s5-t9",
      "begin" : 238,
      "end" : 239,
      "text" : "見",
      "whiteSpace" : false
    }, {
      "id" : "s5-t10",
      "begin" : 239,
      "end" : 242,
      "text" : "られる",
      "whiteSpace" : false
    }, {
      "id" : "s5-t11",
      "begin" : 242,
      "end" : 244,
      "text" : "など",
      "whiteSpace" : false
    }, {
      "id" : "s5-t12",
      "begin" : 244,
      "end" : 245,
      "text" : "、",
      "whiteSpace" : false
    }, {
      "id" : "s5-t13",
      "begin" : 245,
      "end" : 247,
      "text" : "保養",
      "whiteSpace" : false
    }, {
      "id" : "s5-t14",
      "begin" : 247,
      "end" : 248,
      "text" : "地",
      "whiteSpace" : false
    }, {
      "id" : "s5-t15",
      "begin" : 248,
      "end" : 249,
      "text" : "と",
      "whiteSpace" : false
    }, {
      "id" : "s5-t16",
      "begin" : 249,
      "end" : 251,
      "text" : "して",
      "whiteSpace" : false
    }, {
      "id" : "s5-t17",
      "begin" : 251,
      "end" : 253,
      "text" : "大変",
      "whiteSpace" : false
    }, {
      "id" : "s5-t18",
      "begin" : 253,
      "end" : 257,
      "text" : "恵まれた",
      "whiteSpace" : false
    }, {
      "id" : "s5-t19",
      "begin" : 257,
      "end" : 259,
      "text" : "環境",
      "whiteSpace" : false
    }, {
      "id" : "s5-t20",
      "begin" : 259,
      "end" : 260,
      "text" : "に",
      "whiteSpace" : false
    }, {
      "id" : "s5-t21",
      "begin" : 260,
      "end" : 262,
      "text" : "ある",
      "whiteSpace" : false
    }, {
      "id" : "s5-t22",
      "begin" : 262,
      "end" : 263,
      "text" : "。",
      "whiteSpace" : false
    } ]
  }, {
    "id" : "s6",
    "begin" : 264,
    "end" : 305,
    "text" : "源泉地は、温泉街の北、湯ノ平湿原にあり、19ある源泉は屋根によって保護されている。",
    "tokens" : [ {
      "id" : "s6-t0",
      "begin" : 264,
      "end" : 266,
      "text" : "源泉",
      "whiteSpace" : false
    }, {
      "id" : "s6-t1",
      "begin" : 266,
      "end" : 267,
      "text" : "地",
      "whiteSpace" : false
    }, {
      "id" : "s6-t2",
      "begin" : 267,
      "end" : 268,
      "text" : "は",
      "whiteSpace" : false
    }, {
      "id" : "s6-t3",
      "begin" : 268,
      "end" : 269,
      "text" : "、",
      "whiteSpace" : false
    }, {
      "id" : "s6-t4",
      "begin" : 269,
      "end" : 271,
      "text" : "温泉",
      "whiteSpace" : false
    }, {
      "id" : "s6-t5",
      "begin" : 271,
      "end" : 272,
      "text" : "街",
      "whiteSpace" : false
    }, {
      "id" : "s6-t6",
      "begin" : 272,
      "end" : 273,
      "text" : "の",
      "whiteSpace" : false
    }, {
      "id" : "s6-t7",
      "begin" : 273,
      "end" : 274,
      "text" : "北",
      "whiteSpace" : false
    }, {
      "id" : "s6-t8",
      "begin" : 274,
      "end" : 275,
      "text" : "、",
      "whiteSpace" : false
    }, {
      "id" : "s6-t9",
      "begin" : 275,
      "end" : 278,
      "text" : "湯ノ平",
      "whiteSpace" : false
    }, {
      "id" : "s6-t10",
      "begin" : 278,
      "end" : 280,
      "text" : "湿原",
      "whiteSpace" : false
    }, {
      "id" : "s6-t11",
      "begin" : 280,
      "end" : 281,
      "text" : "に",
      "whiteSpace" : false
    }, {
      "id" : "s6-t12",
      "begin" : 281,
      "end" : 283,
      "text" : "あり",
      "whiteSpace" : false
    }, {
      "id" : "s6-t13",
      "begin" : 283,
      "end" : 284,
      "text" : "、",
      "whiteSpace" : false
    }, {
      "id" : "s6-t14",
      "begin" : 284,
      "end" : 286,
      "text" : "19",
      "whiteSpace" : false
    }, {
      "id" : "s6-t15",
      "begin" : 286,
      "end" : 288,
      "text" : "ある",
      "whiteSpace" : false
    }, {
      "id" : "s6-t16",
      "begin" : 288,
      "end" : 290,
      "text" : "源泉",
      "whiteSpace" : false
    }, {
      "id" : "s6-t17",
      "begin" : 290,
      "end" : 291,
      "text" : "は",
      "whiteSpace" : false
    }, {
      "id" : "s6-t18",
      "begin" : 291,
      "end" : 293,
      "text" : "屋根",
      "whiteSpace" : false
    }, {
      "id" : "s6-t19",
      "begin" : 293,
      "end" : 294,
      "text" : "に",
      "whiteSpace" : false
    }, {
      "id" : "s6-t20",
      "begin" : 294,
      "end" : 297,
      "text" : "よって",
      "whiteSpace" : false
    }, {
      "id" : "s6-t21",
      "begin" : 297,
      "end" : 299,
      "text" : "保護",
      "whiteSpace" : false
    }, {
      "id" : "s6-t22",
      "begin" : 299,
      "end" : 300,
      "text" : "さ",
      "whiteSpace" : false
    }, {
      "id" : "s6-t23",
      "begin" : 300,
      "end" : 302,
      "text" : "れて",
      "whiteSpace" : false
    }, {
      "id" : "s6-t24",
      "begin" : 302,
      "end" : 304,
      "text" : "いる",
      "whiteSpace" : false
    }, {
      "id" : "s6-t25",
      "begin" : 304,
      "end" : 305,
      "text" : "。",
      "whiteSpace" : false
    } ]
  }, {
    "id" : "s7",
    "begin" : 305,
    "end" : 350,
    "text" : "源泉の配湯は、当温泉地にある 24 の宿泊施設の他、光徳地区、中禅寺地区へも行われている。",
    "tokens" : [ {
      "id" : "s7-t0",
      "begin" : 305,
      "end" : 307,
      "text" : "源泉",
      "whiteSpace" : false
    }, {
      "id" : "s7-t1",
      "begin" : 307,
      "end" : 308,
      "text" : "の",
      "whiteSpace" : false
    }, {
      "id" : "s7-t2",
      "begin" : 308,
      "end" : 310,
      "text" : "配湯",
      "whiteSpace" : false
    }, {
      "id" : "s7-t3",
      "begin" : 310,
      "end" : 311,
      "text" : "は",
      "whiteSpace" : false
    }, {
      "id" : "s7-t4",
      "begin" : 311,
      "end" : 312,
      "text" : "、",
      "whiteSpace" : false
    }, {
      "id" : "s7-t5",
      "begin" : 312,
      "end" : 313,
      "text" : "当",
      "whiteSpace" : false
    }, {
      "id" : "s7-t6",
      "begin" : 313,
      "end" : 315,
      "text" : "温泉",
      "whiteSpace" : false
    }, {
      "id" : "s7-t7",
      "begin" : 315,
      "end" : 316,
      "text" : "地",
      "whiteSpace" : false
    }, {
      "id" : "s7-t8",
      "begin" : 316,
      "end" : 317,
      "text" : "に",
      "whiteSpace" : false
    }, {
      "id" : "s7-t9",
      "begin" : 317,
      "end" : 319,
      "text" : "ある",
      "whiteSpace" : false
    }, {
      "id" : "s7-t10",
      "begin" : 320,
      "end" : 322,
      "text" : "24",
      "whiteSpace" : false
    }, {
      "id" : "s7-t11",
      "begin" : 323,
      "end" : 324,
      "text" : "の",
      "whiteSpace" : false
    }, {
      "id" : "s7-t12",
      "begin" : 324,
      "end" : 326,
      "text" : "宿泊",
      "whiteSpace" : false
    }, {
      "id" : "s7-t13",
      "begin" : 326,
      "end" : 328,
      "text" : "施設",
      "whiteSpace" : false
    }, {
      "id" : "s7-t14",
      "begin" : 328,
      "end" : 329,
      "text" : "の",
      "whiteSpace" : false
    }, {
      "id" : "s7-t15",
      "begin" : 329,
      "end" : 330,
      "text" : "他",
      "whiteSpace" : false
    }, {
      "id" : "s7-t16",
      "begin" : 330,
      "end" : 331,
      "text" : "、",
      "whiteSpace" : false
    }, {
      "id" : "s7-t17",
      "begin" : 331,
      "end" : 333,
      "text" : "光徳",
      "whiteSpace" : false
    }, {
      "id" : "s7-t18",
      "begin" : 333,
      "end" : 335,
      "text" : "地区",
      "whiteSpace" : false
    }, {
      "id" : "s7-t19",
      "begin" : 335,
      "end" : 336,
      "text" : "、",
      "whiteSpace" : false
    }, {
      "id" : "s7-t20",
      "begin" : 336,
      "end" : 339,
      "text" : "中禅寺",
      "whiteSpace" : false
    }, {
      "id" : "s7-t21",
      "begin" : 339,
      "end" : 341,
      "text" : "地区",
      "whiteSpace" : false
    }, {
      "id" : "s7-t22",
      "begin" : 341,
      "end" : 342,
      "text" : "へ",
      "whiteSpace" : false
    }, {
      "id" : "s7-t23",
      "begin" : 342,
      "end" : 343,
      "text" : "も",
      "whiteSpace" : false
    }, {
      "id" : "s7-t24",
      "begin" : 343,
      "end" : 345,
      "text" : "行わ",
      "whiteSpace" : false
    }, {
      "id" : "s7-t25",
      "begin" : 345,
      "end" : 347,
      "text" : "れて",
      "whiteSpace" : false
    }, {
      "id" : "s7-t26",
      "begin" : 347,
      "end" : 349,
      "text" : "いる",
      "whiteSpace" : false
    }, {
      "id" : "s7-t27",
      "begin" : 349,
      "end" : 350,
      "text" : "。",
      "whiteSpace" : false
    } ]
  }, {
    "id" : "s8",
    "begin" : 350,
    "end" : 395,
    "text" : "ほとんどが自噴泉で温泉の湧出温度は 52～80℃、総湧出量は、1,769.5ℓ／分である。",
    "tokens" : [ {
      "id" : "s8-t0",
      "begin" : 350,
      "end" : 354,
      "text" : "ほとんど",
      "whiteSpace" : false
    }, {
      "id" : "s8-t1",
      "begin" : 354,
      "end" : 355,
      "text" : "が",
      "whiteSpace" : false
    }, {
      "id" : "s8-t2",
      "begin" : 355,
      "end" : 356,
      "text" : "自",
      "whiteSpace" : false
    }, {
      "id" : "s8-t3",
      "begin" : 356,
      "end" : 358,
      "text" : "噴泉",
      "whiteSpace" : false
    }, {
      "id" : "s8-t4",
      "begin" : 358,
      "end" : 359,
      "text" : "で",
      "whiteSpace" : false
    }, {
      "id" : "s8-t5",
      "begin" : 359,
      "end" : 361,
      "text" : "温泉",
      "whiteSpace" : false
    }, {
      "id" : "s8-t6",
      "begin" : 361,
      "end" : 362,
      "text" : "の",
      "whiteSpace" : false
    }, {
      "id" : "s8-t7",
      "begin" : 362,
      "end" : 364,
      "text" : "湧出",
      "whiteSpace" : false
    }, {
      "id" : "s8-t8",
      "begin" : 364,
      "end" : 366,
      "text" : "温度",
      "whiteSpace" : false
    }, {
      "id" : "s8-t9",
      "begin" : 366,
      "end" : 367,
      "text" : "は",
      "whiteSpace" : false
    }, {
      "id" : "s8-t10",
      "begin" : 368,
      "end" : 370,
      "text" : "52",
      "whiteSpace" : false
    }, {
      "id" : "s8-t11",
      "begin" : 370,
      "end" : 371,
      "text" : "～",
      "whiteSpace" : false
    }, {
      "id" : "s8-t12",
      "begin" : 371,
      "end" : 373,
      "text" : "80",
      "whiteSpace" : false
    }, {
      "id" : "s8-t13",
      "begin" : 373,
      "end" : 374,
      "text" : "℃",
      "whiteSpace" : false
    }, {
      "id" : "s8-t14",
      "begin" : 374,
      "end" : 375,
      "text" : "、",
      "whiteSpace" : false
    }, {
      "id" : "s8-t15",
      "begin" : 375,
      "end" : 376,
      "text" : "総",
      "whiteSpace" : false
    }, {
      "id" : "s8-t16",
      "begin" : 376,
      "end" : 378,
      "text" : "湧出",
      "whiteSpace" : false
    }, {
      "id" : "s8-t17",
      "begin" : 378,
      "end" : 379,
      "text" : "量",
      "whiteSpace" : false
    }, {
      "id" : "s8-t18",
      "begin" : 379,
      "end" : 380,
      "text" : "は",
      "whiteSpace" : false
    }, {
      "id" : "s8-t19",
      "begin" : 380,
      "end" : 381,
      "text" : "、",
      "whiteSpace" : false
    }, {
      "id" : "s8-t20",
      "begin" : 381,
      "end" : 390,
      "text" : "1,769.5ℓ／",
      "whiteSpace" : false
    }, {
      "id" : "s8-t21",
      "begin" : 390,
      "end" : 391,
      "text" : "分",
      "whiteSpace" : false
    }, {
      "id" : "s8-t22",
      "begin" : 391,
      "end" : 394,
      "text" : "である",
      "whiteSpace" : false
    }, {
      "id" : "s8-t23",
      "begin" : 394,
      "end" : 395,
      "text" : "。",
      "whiteSpace" : false
    } ]
  }, {
    "id" : "s9",
    "begin" : 395,
    "end" : 448,
    "text" : "また、泉質は、「含硫黄－ナトリウム・カルシウム－硫酸塩・炭酸水素塩（・塩化物）温泉（硫化水素型）」である。",
    "tokens" : [ {
      "id" : "s9-t0",
      "begin" : 395,
      "end" : 397,
      "text" : "また",
      "whiteSpace" : false
    }, {
      "id" : "s9-t1",
      "begin" : 397,
      "end" : 398,
      "text" : "、",
      "whiteSpace" : false
    }, {
      "id" : "s9-t2",
      "begin" : 398,
      "end" : 400,
      "text" : "泉質",
      "whiteSpace" : false
    }, {
      "id" : "s9-t3",
      "begin" : 400,
      "end" : 401,
      "text" : "は",
      "whiteSpace" : false
    }, {
      "id" : "s9-t4",
      "begin" : 401,
      "end" : 402,
      "text" : "、",
      "whiteSpace" : false
    }, {
      "id" : "s9-t5",
      "begin" : 402,
      "end" : 403,
      "text" : "「",
      "whiteSpace" : false
    }, {
      "id" : "s9-t6",
      "begin" : 403,
      "end" : 404,
      "text" : "含",
      "whiteSpace" : false
    }, {
      "id" : "s9-t7",
      "begin" : 404,
      "end" : 406,
      "text" : "硫黄",
      "whiteSpace" : false
    }, {
      "id" : "s9-t8",
      "begin" : 406,
      "end" : 407,
      "text" : "－",
      "whiteSpace" : false
    }, {
      "id" : "s9-t9",
      "begin" : 407,
      "end" : 412,
      "text" : "ナトリウム",
      "whiteSpace" : false
    }, {
      "id" : "s9-t10",
      "begin" : 412,
      "end" : 413,
      "text" : "・",
      "whiteSpace" : false
    }, {
      "id" : "s9-t11",
      "begin" : 413,
      "end" : 418,
      "text" : "カルシウム",
      "whiteSpace" : false
    }, {
      "id" : "s9-t12",
      "begin" : 418,
      "end" : 419,
      "text" : "－",
      "whiteSpace" : false
    }, {
      "id" : "s9-t13",
      "begin" : 419,
      "end" : 421,
      "text" : "硫酸",
      "whiteSpace" : false
    }, {
      "id" : "s9-t14",
      "begin" : 421,
      "end" : 422,
      "text" : "塩",
      "whiteSpace" : false
    }, {
      "id" : "s9-t15",
      "begin" : 422,
      "end" : 423,
      "text" : "・",
      "whiteSpace" : false
    }, {
      "id" : "s9-t16",
      "begin" : 423,
      "end" : 425,
      "text" : "炭酸",
      "whiteSpace" : false
    }, {
      "id" : "s9-t17",
      "begin" : 425,
      "end" : 427,
      "text" : "水素",
      "whiteSpace" : false
    }, {
      "id" : "s9-t18",
      "begin" : 427,
      "end" : 428,
      "text" : "塩",
      "whiteSpace" : false
    }, {
      "id" : "s9-t19",
      "begin" : 428,
      "end" : 429,
      "text" : "（",
      "whiteSpace" : false
    }, {
      "id" : "s9-t20",
      "begin" : 429,
      "end" : 430,
      "text" : "・",
      "whiteSpace" : false
    }, {
      "id" : "s9-t21",
      "begin" : 430,
      "end" : 432,
      "text" : "塩化",
      "whiteSpace" : false
    }, {
      "id" : "s9-t22",
      "begin" : 432,
      "end" : 433,
      "text" : "物",
      "whiteSpace" : false
    }, {
      "id" : "s9-t23",
      "begin" : 433,
      "end" : 434,
      "text" : "）",
      "whiteSpace" : false
    }, {
      "id" : "s9-t24",
      "begin" : 434,
      "end" : 436,
      "text" : "温泉",
      "whiteSpace" : false
    }, {
      "id" : "s9-t25",
      "begin" : 436,
      "end" : 437,
      "text" : "（",
      "whiteSpace" : false
    }, {
      "id" : "s9-t26",
      "begin" : 437,
      "end" : 439,
      "text" : "硫化",
      "whiteSpace" : false
    }, {
      "id" : "s9-t27",
      "begin" : 439,
      "end" : 441,
      "text" : "水素",
      "whiteSpace" : false
    }, {
      "id" : "s9-t28",
      "begin" : 441,
      "end" : 442,
      "text" : "型",
      "whiteSpace" : false
    }, {
      "id" : "s9-t29",
      "begin" : 442,
      "end" : 443,
      "text" : "）",
      "whiteSpace" : false
    }, {
      "id" : "s9-t30",
      "begin" : 443,
      "end" : 444,
      "text" : "」",
      "whiteSpace" : false
    }, {
      "id" : "s9-t31",
      "begin" : 444,
      "end" : 447,
      "text" : "である",
      "whiteSpace" : false
    }, {
      "id" : "s9-t32",
      "begin" : 447,
      "end" : 448,
      "text" : "。",
      "whiteSpace" : false
    } ]
  }, {
    "id" : "s10",
    "begin" : 449,
    "end" : 531,
    "text" : "当温泉地の歴史は古く、今から約 1,200 年前に遡り、奈良時代に日光を開山した勝道上人がこの温泉を発見し、薬師の湯と名づけたのが当温泉地の始まりと伝えられている。",
    "tokens" : [ {
      "id" : "s10-t0",
      "begin" : 449,
      "end" : 450,
      "text" : "当",
      "whiteSpace" : false
    }, {
      "id" : "s10-t1",
      "begin" : 450,
      "end" : 452,
      "text" : "温泉",
      "whiteSpace" : false
    }, {
      "id" : "s10-t2",
      "begin" : 452,
      "end" : 453,
      "text" : "地",
      "whiteSpace" : false
    }, {
      "id" : "s10-t3",
      "begin" : 453,
      "end" : 454,
      "text" : "の",
      "whiteSpace" : false
    }, {
      "id" : "s10-t4",
      "begin" : 454,
      "end" : 456,
      "text" : "歴史",
      "whiteSpace" : false
    }, {
      "id" : "s10-t5",
      "begin" : 456,
      "end" : 457,
      "text" : "は",
      "whiteSpace" : false
    }, {
      "id" : "s10-t6",
      "begin" : 457,
      "end" : 459,
      "text" : "古く",
      "whiteSpace" : false
    }, {
      "id" : "s10-t7",
      "begin" : 459,
      "end" : 460,
      "text" : "、",
      "whiteSpace" : false
    }, {
      "id" : "s10-t8",
      "begin" : 460,
      "end" : 461,
      "text" : "今",
      "whiteSpace" : false
    }, {
      "id" : "s10-t9",
      "begin" : 461,
      "end" : 463,
      "text" : "から",
      "whiteSpace" : false
    }, {
      "id" : "s10-t10",
      "begin" : 463,
      "end" : 464,
      "text" : "約",
      "whiteSpace" : false
    }, {
      "id" : "s10-t11",
      "begin" : 465,
      "end" : 470,
      "text" : "1,200",
      "whiteSpace" : false
    }, {
      "id" : "s10-t12",
      "begin" : 471,
      "end" : 472,
      "text" : "年",
      "whiteSpace" : false
    }, {
      "id" : "s10-t13",
      "begin" : 472,
      "end" : 473,
      "text" : "前",
      "whiteSpace" : false
    }, {
      "id" : "s10-t14",
      "begin" : 473,
      "end" : 474,
      "text" : "に",
      "whiteSpace" : false
    }, {
      "id" : "s10-t15",
      "begin" : 474,
      "end" : 476,
      "text" : "遡り",
      "whiteSpace" : false
    }, {
      "id" : "s10-t16",
      "begin" : 476,
      "end" : 477,
      "text" : "、",
      "whiteSpace" : false
    }, {
      "id" : "s10-t17",
      "begin" : 477,
      "end" : 479,
      "text" : "奈良",
      "whiteSpace" : false
    }, {
      "id" : "s10-t18",
      "begin" : 479,
      "end" : 481,
      "text" : "時代",
      "whiteSpace" : false
    }, {
      "id" : "s10-t19",
      "begin" : 481,
      "end" : 482,
      "text" : "に",
      "whiteSpace" : false
    }, {
      "id" : "s10-t20",
      "begin" : 482,
      "end" : 484,
      "text" : "日光",
      "whiteSpace" : false
    }, {
      "id" : "s10-t21",
      "begin" : 484,
      "end" : 485,
      "text" : "を",
      "whiteSpace" : false
    }, {
      "id" : "s10-t22",
      "begin" : 485,
      "end" : 487,
      "text" : "開山",
      "whiteSpace" : false
    }, {
      "id" : "s10-t23",
      "begin" : 487,
      "end" : 489,
      "text" : "した",
      "whiteSpace" : false
    }, {
      "id" : "s10-t24",
      "begin" : 489,
      "end" : 491,
      "text" : "勝道",
      "whiteSpace" : false
    }, {
      "id" : "s10-t25",
      "begin" : 491,
      "end" : 493,
      "text" : "上人",
      "whiteSpace" : false
    }, {
      "id" : "s10-t26",
      "begin" : 493,
      "end" : 494,
      "text" : "が",
      "whiteSpace" : false
    }, {
      "id" : "s10-t27",
      "begin" : 494,
      "end" : 496,
      "text" : "この",
      "whiteSpace" : false
    }, {
      "id" : "s10-t28",
      "begin" : 496,
      "end" : 498,
      "text" : "温泉",
      "whiteSpace" : false
    }, {
      "id" : "s10-t29",
      "begin" : 498,
      "end" : 499,
      "text" : "を",
      "whiteSpace" : false
    }, {
      "id" : "s10-t30",
      "begin" : 499,
      "end" : 501,
      "text" : "発見",
      "whiteSpace" : false
    }, {
      "id" : "s10-t31",
      "begin" : 501,
      "end" : 502,
      "text" : "し",
      "whiteSpace" : false
    }, {
      "id" : "s10-t32",
      "begin" : 502,
      "end" : 503,
      "text" : "、",
      "whiteSpace" : false
    }, {
      "id" : "s10-t33",
      "begin" : 503,
      "end" : 505,
      "text" : "薬師",
      "whiteSpace" : false
    }, {
      "id" : "s10-t34",
      "begin" : 505,
      "end" : 506,
      "text" : "の",
      "whiteSpace" : false
    }, {
      "id" : "s10-t35",
      "begin" : 506,
      "end" : 507,
      "text" : "湯",
      "whiteSpace" : false
    }, {
      "id" : "s10-t36",
      "begin" : 507,
      "end" : 508,
      "text" : "と",
      "whiteSpace" : false
    }, {
      "id" : "s10-t37",
      "begin" : 508,
      "end" : 512,
      "text" : "名づけた",
      "whiteSpace" : false
    }, {
      "id" : "s10-t38",
      "begin" : 512,
      "end" : 513,
      "text" : "の",
      "whiteSpace" : false
    }, {
      "id" : "s10-t39",
      "begin" : 513,
      "end" : 514,
      "text" : "が",
      "whiteSpace" : false
    }, {
      "id" : "s10-t40",
      "begin" : 514,
      "end" : 516,
      "text" : "当温",
      "whiteSpace" : false
    }, {
      "id" : "s10-t41",
      "begin" : 516,
      "end" : 518,
      "text" : "泉地",
      "whiteSpace" : false
    }, {
      "id" : "s10-t42",
      "begin" : 518,
      "end" : 519,
      "text" : "の",
      "whiteSpace" : false
    }, {
      "id" : "s10-t43",
      "begin" : 519,
      "end" : 522,
      "text" : "始まり",
      "whiteSpace" : false
    }, {
      "id" : "s10-t44",
      "begin" : 522,
      "end" : 523,
      "text" : "と",
      "whiteSpace" : false
    }, {
      "id" : "s10-t45",
      "begin" : 523,
      "end" : 525,
      "text" : "伝え",
      "whiteSpace" : false
    }, {
      "id" : "s10-t46",
      "begin" : 525,
      "end" : 528,
      "text" : "られて",
      "whiteSpace" : false
    }, {
      "id" : "s10-t47",
      "begin" : 528,
      "end" : 530,
      "text" : "いる",
      "whiteSpace" : false
    }, {
      "id" : "s10-t48",
      "begin" : 530,
      "end" : 531,
      "text" : "。",
      "whiteSpace" : false
    } ]
  }, {
    "id" : "s11",
    "begin" : 532,
    "end" : 657,
    "text" : "1791 年（寛政3 年）の「日光山中禅寺温泉記」や、江戸時代文政年間に成立した「日光山志」等によると、湯平（現在の湯元）には 9 軒の大きな湯屋があり、いずれも泉源のある東寄りの山際に並んで建てられていたと記されている等、今もその面影が残っている。",
    "tokens" : [ {
      "id" : "s11-t0",
      "begin" : 532,
      "end" : 536,
      "text" : "1791",
      "whiteSpace" : false
    }, {
      "id" : "s11-t1",
      "begin" : 537,
      "end" : 538,
      "text" : "年",
      "whiteSpace" : false
    }, {
      "id" : "s11-t2",
      "begin" : 538,
      "end" : 539,
      "text" : "（",
      "whiteSpace" : false
    }, {
      "id" : "s11-t3",
      "begin" : 539,
      "end" : 541,
      "text" : "寛政",
      "whiteSpace" : false
    }, {
      "id" : "s11-t4",
      "begin" : 541,
      "end" : 542,
      "text" : "3",
      "whiteSpace" : false
    }, {
      "id" : "s11-t5",
      "begin" : 543,
      "end" : 544,
      "text" : "年",
      "whiteSpace" : false
    }, {
      "id" : "s11-t6",
      "begin" : 544,
      "end" : 545,
      "text" : "）",
      "whiteSpace" : false
    }, {
      "id" : "s11-t7",
      "begin" : 545,
      "end" : 546,
      "text" : "の",
      "whiteSpace" : false
    }, {
      "id" : "s11-t8",
      "begin" : 546,
      "end" : 547,
      "text" : "「",
      "whiteSpace" : false
    }, {
      "id" : "s11-t9",
      "begin" : 547,
      "end" : 550,
      "text" : "日光山",
      "whiteSpace" : false
    }, {
      "id" : "s11-t10",
      "begin" : 550,
      "end" : 553,
      "text" : "中禅寺",
      "whiteSpace" : false
    }, {
      "id" : "s11-t11",
      "begin" : 553,
      "end" : 555,
      "text" : "温泉",
      "whiteSpace" : false
    }, {
      "id" : "s11-t12",
      "begin" : 555,
      "end" : 556,
      "text" : "記",
      "whiteSpace" : false
    }, {
      "id" : "s11-t13",
      "begin" : 556,
      "end" : 557,
      "text" : "」",
      "whiteSpace" : false
    }, {
      "id" : "s11-t14",
      "begin" : 557,
      "end" : 558,
      "text" : "や",
      "whiteSpace" : false
    }, {
      "id" : "s11-t15",
      "begin" : 558,
      "end" : 559,
      "text" : "、",
      "whiteSpace" : false
    }, {
      "id" : "s11-t16",
      "begin" : 559,
      "end" : 561,
      "text" : "江戸",
      "whiteSpace" : false
    }, {
      "id" : "s11-t17",
      "begin" : 561,
      "end" : 563,
      "text" : "時代",
      "whiteSpace" : false
    }, {
      "id" : "s11-t18",
      "begin" : 563,
      "end" : 565,
      "text" : "文政",
      "whiteSpace" : false
    }, {
      "id" : "s11-t19",
      "begin" : 565,
      "end" : 567,
      "text" : "年間",
      "whiteSpace" : false
    }, {
      "id" : "s11-t20",
      "begin" : 567,
      "end" : 568,
      "text" : "に",
      "whiteSpace" : false
    }, {
      "id" : "s11-t21",
      "begin" : 568,
      "end" : 570,
      "text" : "成立",
      "whiteSpace" : false
    }, {
      "id" : "s11-t22",
      "begin" : 570,
      "end" : 572,
      "text" : "した",
      "whiteSpace" : false
    }, {
      "id" : "s11-t23",
      "begin" : 572,
      "end" : 573,
      "text" : "「",
      "whiteSpace" : false
    }, {
      "id" : "s11-t24",
      "begin" : 573,
      "end" : 575,
      "text" : "日光",
      "whiteSpace" : false
    }, {
      "id" : "s11-t25",
      "begin" : 575,
      "end" : 577,
      "text" : "山志",
      "whiteSpace" : false
    }, {
      "id" : "s11-t26",
      "begin" : 577,
      "end" : 578,
      "text" : "」",
      "whiteSpace" : false
    }, {
      "id" : "s11-t27",
      "begin" : 578,
      "end" : 579,
      "text" : "等",
      "whiteSpace" : false
    }, {
      "id" : "s11-t28",
      "begin" : 579,
      "end" : 580,
      "text" : "に",
      "whiteSpace" : false
    }, {
      "id" : "s11-t29",
      "begin" : 580,
      "end" : 582,
      "text" : "よる",
      "whiteSpace" : false
    }, {
      "id" : "s11-t30",
      "begin" : 582,
      "end" : 583,
      "text" : "と",
      "whiteSpace" : false
    }, {
      "id" : "s11-t31",
      "begin" : 583,
      "end" : 584,
      "text" : "、",
      "whiteSpace" : false
    }, {
      "id" : "s11-t32",
      "begin" : 584,
      "end" : 586,
      "text" : "湯平",
      "whiteSpace" : false
    }, {
      "id" : "s11-t33",
      "begin" : 586,
      "end" : 587,
      "text" : "（",
      "whiteSpace" : false
    }, {
      "id" : "s11-t34",
      "begin" : 587,
      "end" : 589,
      "text" : "現在",
      "whiteSpace" : false
    }, {
      "id" : "s11-t35",
      "begin" : 589,
      "end" : 590,
      "text" : "の",
      "whiteSpace" : false
    }, {
      "id" : "s11-t36",
      "begin" : 590,
      "end" : 592,
      "text" : "湯元",
      "whiteSpace" : false
    }, {
      "id" : "s11-t37",
      "begin" : 592,
      "end" : 593,
      "text" : "）",
      "whiteSpace" : false
    }, {
      "id" : "s11-t38",
      "begin" : 593,
      "end" : 594,
      "text" : "に",
      "whiteSpace" : false
    }, {
      "id" : "s11-t39",
      "begin" : 594,
      "end" : 595,
      "text" : "は",
      "whiteSpace" : false
    }, {
      "id" : "s11-t40",
      "begin" : 596,
      "end" : 597,
      "text" : "9",
      "whiteSpace" : false
    }, {
      "id" : "s11-t41",
      "begin" : 598,
      "end" : 599,
      "text" : "軒",
      "whiteSpace" : false
    }, {
      "id" : "s11-t42",
      "begin" : 599,
      "end" : 600,
      "text" : "の",
      "whiteSpace" : false
    }, {
      "id" : "s11-t43",
      "begin" : 600,
      "end" : 603,
      "text" : "大きな",
      "whiteSpace" : false
    }, {
      "id" : "s11-t44",
      "begin" : 603,
      "end" : 605,
      "text" : "湯屋",
      "whiteSpace" : false
    }, {
      "id" : "s11-t45",
      "begin" : 605,
      "end" : 606,
      "text" : "が",
      "whiteSpace" : false
    }, {
      "id" : "s11-t46",
      "begin" : 606,
      "end" : 608,
      "text" : "あり",
      "whiteSpace" : false
    }, {
      "id" : "s11-t47",
      "begin" : 608,
      "end" : 609,
      "text" : "、",
      "whiteSpace" : false
    }, {
      "id" : "s11-t48",
      "begin" : 609,
      "end" : 612,
      "text" : "いずれ",
      "whiteSpace" : false
    }, {
      "id" : "s11-t49",
      "begin" : 612,
      "end" : 613,
      "text" : "も",
      "whiteSpace" : false
    }, {
      "id" : "s11-t50",
      "begin" : 613,
      "end" : 615,
      "text" : "泉源",
      "whiteSpace" : false
    }, {
      "id" : "s11-t51",
      "begin" : 615,
      "end" : 616,
      "text" : "の",
      "whiteSpace" : false
    }, {
      "id" : "s11-t52",
      "begin" : 616,
      "end" : 618,
      "text" : "ある",
      "whiteSpace" : false
    }, {
      "id" : "s11-t53",
      "begin" : 618,
      "end" : 621,
      "text" : "東寄り",
      "whiteSpace" : false
    }, {
      "id" : "s11-t54",
      "begin" : 621,
      "end" : 622,
      "text" : "の",
      "whiteSpace" : false
    }, {
      "id" : "s11-t55",
      "begin" : 622,
      "end" : 624,
      "text" : "山際",
      "whiteSpace" : false
    }, {
      "id" : "s11-t56",
      "begin" : 624,
      "end" : 625,
      "text" : "に",
      "whiteSpace" : false
    }, {
      "id" : "s11-t57",
      "begin" : 625,
      "end" : 628,
      "text" : "並んで",
      "whiteSpace" : false
    }, {
      "id" : "s11-t58",
      "begin" : 628,
      "end" : 630,
      "text" : "建て",
      "whiteSpace" : false
    }, {
      "id" : "s11-t59",
      "begin" : 630,
      "end" : 633,
      "text" : "られて",
      "whiteSpace" : false
    }, {
      "id" : "s11-t60",
      "begin" : 633,
      "end" : 635,
      "text" : "いた",
      "whiteSpace" : false
    }, {
      "id" : "s11-t61",
      "begin" : 635,
      "end" : 636,
      "text" : "と",
      "whiteSpace" : false
    }, {
      "id" : "s11-t62",
      "begin" : 636,
      "end" : 638,
      "text" : "記さ",
      "whiteSpace" : false
    }, {
      "id" : "s11-t63",
      "begin" : 638,
      "end" : 640,
      "text" : "れて",
      "whiteSpace" : false
    }, {
      "id" : "s11-t64",
      "begin" : 640,
      "end" : 642,
      "text" : "いる",
      "whiteSpace" : false
    }, {
      "id" : "s11-t65",
      "begin" : 642,
      "end" : 643,
      "text" : "等",
      "whiteSpace" : false
    }, {
      "id" : "s11-t66",
      "begin" : 643,
      "end" : 644,
      "text" : "、",
      "whiteSpace" : false
    }, {
      "id" : "s11-t67",
      "begin" : 644,
      "end" : 645,
      "text" : "今",
      "whiteSpace" : false
    }, {
      "id" : "s11-t68",
      "begin" : 645,
      "end" : 646,
      "text" : "も",
      "whiteSpace" : false
    }, {
      "id" : "s11-t69",
      "begin" : 646,
      "end" : 648,
      "text" : "その",
      "whiteSpace" : false
    }, {
      "id" : "s11-t70",
      "begin" : 648,
      "end" : 650,
      "text" : "面影",
      "whiteSpace" : false
    }, {
      "id" : "s11-t71",
      "begin" : 650,
      "end" : 651,
      "text" : "が",
      "whiteSpace" : false
    }, {
      "id" : "s11-t72",
      "begin" : 651,
      "end" : 654,
      "text" : "残って",
      "whiteSpace" : false
    }, {
      "id" : "s11-t73",
      "begin" : 654,
      "end" : 656,
      "text" : "いる",
      "whiteSpace" : false
    }, {
      "id" : "s11-t74",
      "begin" : 656,
      "end" : 657,
      "text" : "。",
      "whiteSpace" : false
    } ]
  }, {
    "id" : "s12",
    "begin" : 658,
    "end" : 742,
    "text" : "また、1878 年（明治 11 年）6 月には、イザベラ・バードが日光滞在中に当地を訪れて八島屋に宿泊しており、自身の本国への手紙の中で当温泉地の活況ぶりを記している。",
    "tokens" : [ {
      "id" : "s12-t0",
      "begin" : 658,
      "end" : 660,
      "text" : "また",
      "whiteSpace" : false
    }, {
      "id" : "s12-t1",
      "begin" : 660,
      "end" : 661,
      "text" : "、",
      "whiteSpace" : false
    }, {
      "id" : "s12-t2",
      "begin" : 661,
      "end" : 665,
      "text" : "1878",
      "whiteSpace" : false
    }, {
      "id" : "s12-t3",
      "begin" : 666,
      "end" : 667,
      "text" : "年",
      "whiteSpace" : false
    }, {
      "id" : "s12-t4",
      "begin" : 667,
      "end" : 668,
      "text" : "（",
      "whiteSpace" : false
    }, {
      "id" : "s12-t5",
      "begin" : 668,
      "end" : 670,
      "text" : "明治",
      "whiteSpace" : false
    }, {
      "id" : "s12-t6",
      "begin" : 671,
      "end" : 673,
      "text" : "11",
      "whiteSpace" : false
    }, {
      "id" : "s12-t7",
      "begin" : 674,
      "end" : 675,
      "text" : "年",
      "whiteSpace" : false
    }, {
      "id" : "s12-t8",
      "begin" : 675,
      "end" : 676,
      "text" : "）",
      "whiteSpace" : false
    }, {
      "id" : "s12-t9",
      "begin" : 676,
      "end" : 677,
      "text" : "6",
      "whiteSpace" : false
    }, {
      "id" : "s12-t10",
      "begin" : 678,
      "end" : 679,
      "text" : "月",
      "whiteSpace" : false
    }, {
      "id" : "s12-t11",
      "begin" : 679,
      "end" : 680,
      "text" : "に",
      "whiteSpace" : false
    }, {
      "id" : "s12-t12",
      "begin" : 680,
      "end" : 681,
      "text" : "は",
      "whiteSpace" : false
    }, {
      "id" : "s12-t13",
      "begin" : 681,
      "end" : 682,
      "text" : "、",
      "whiteSpace" : false
    }, {
      "id" : "s12-t14",
      "begin" : 682,
      "end" : 686,
      "text" : "イザベラ",
      "whiteSpace" : false
    }, {
      "id" : "s12-t15",
      "begin" : 686,
      "end" : 687,
      "text" : "・",
      "whiteSpace" : false
    }, {
      "id" : "s12-t16",
      "begin" : 687,
      "end" : 690,
      "text" : "バード",
      "whiteSpace" : false
    }, {
      "id" : "s12-t17",
      "begin" : 690,
      "end" : 691,
      "text" : "が",
      "whiteSpace" : false
    }, {
      "id" : "s12-t18",
      "begin" : 691,
      "end" : 693,
      "text" : "日光",
      "whiteSpace" : false
    }, {
      "id" : "s12-t19",
      "begin" : 693,
      "end" : 695,
      "text" : "滞在",
      "whiteSpace" : false
    }, {
      "id" : "s12-t20",
      "begin" : 695,
      "end" : 696,
      "text" : "中",
      "whiteSpace" : false
    }, {
      "id" : "s12-t21",
      "begin" : 696,
      "end" : 697,
      "text" : "に",
      "whiteSpace" : false
    }, {
      "id" : "s12-t22",
      "begin" : 697,
      "end" : 699,
      "text" : "当地",
      "whiteSpace" : false
    }, {
      "id" : "s12-t23",
      "begin" : 699,
      "end" : 700,
      "text" : "を",
      "whiteSpace" : false
    }, {
      "id" : "s12-t24",
      "begin" : 700,
      "end" : 703,
      "text" : "訪れて",
      "whiteSpace" : false
    }, {
      "id" : "s12-t25",
      "begin" : 703,
      "end" : 705,
      "text" : "八島",
      "whiteSpace" : false
    }, {
      "id" : "s12-t26",
      "begin" : 705,
      "end" : 706,
      "text" : "屋",
      "whiteSpace" : false
    }, {
      "id" : "s12-t27",
      "begin" : 706,
      "end" : 707,
      "text" : "に",
      "whiteSpace" : false
    }, {
      "id" : "s12-t28",
      "begin" : 707,
      "end" : 709,
      "text" : "宿泊",
      "whiteSpace" : false
    }, {
      "id" : "s12-t29",
      "begin" : 709,
      "end" : 711,
      "text" : "して",
      "whiteSpace" : false
    }, {
      "id" : "s12-t30",
      "begin" : 711,
      "end" : 713,
      "text" : "おり",
      "whiteSpace" : false
    }, {
      "id" : "s12-t31",
      "begin" : 713,
      "end" : 714,
      "text" : "、",
      "whiteSpace" : false
    }, {
      "id" : "s12-t32",
      "begin" : 714,
      "end" : 716,
      "text" : "自身",
      "whiteSpace" : false
    }, {
      "id" : "s12-t33",
      "begin" : 716,
      "end" : 717,
      "text" : "の",
      "whiteSpace" : false
    }, {
      "id" : "s12-t34",
      "begin" : 717,
      "end" : 719,
      "text" : "本国",
      "whiteSpace" : false
    }, {
      "id" : "s12-t35",
      "begin" : 719,
      "end" : 720,
      "text" : "へ",
      "whiteSpace" : false
    }, {
      "id" : "s12-t36",
      "begin" : 720,
      "end" : 721,
      "text" : "の",
      "whiteSpace" : false
    }, {
      "id" : "s12-t37",
      "begin" : 721,
      "end" : 723,
      "text" : "手紙",
      "whiteSpace" : false
    }, {
      "id" : "s12-t38",
      "begin" : 723,
      "end" : 724,
      "text" : "の",
      "whiteSpace" : false
    }, {
      "id" : "s12-t39",
      "begin" : 724,
      "end" : 725,
      "text" : "中",
      "whiteSpace" : false
    }, {
      "id" : "s12-t40",
      "begin" : 725,
      "end" : 726,
      "text" : "で",
      "whiteSpace" : false
    }, {
      "id" : "s12-t41",
      "begin" : 726,
      "end" : 728,
      "text" : "当温",
      "whiteSpace" : false
    }, {
      "id" : "s12-t42",
      "begin" : 728,
      "end" : 730,
      "text" : "泉地",
      "whiteSpace" : false
    }, {
      "id" : "s12-t43",
      "begin" : 730,
      "end" : 731,
      "text" : "の",
      "whiteSpace" : false
    }, {
      "id" : "s12-t44",
      "begin" : 731,
      "end" : 733,
      "text" : "活況",
      "whiteSpace" : false
    }, {
      "id" : "s12-t45",
      "begin" : 733,
      "end" : 735,
      "text" : "ぶり",
      "whiteSpace" : false
    }, {
      "id" : "s12-t46",
      "begin" : 735,
      "end" : 736,
      "text" : "を",
      "whiteSpace" : false
    }, {
      "id" : "s12-t47",
      "begin" : 736,
      "end" : 739,
      "text" : "記して",
      "whiteSpace" : false
    }, {
      "id" : "s12-t48",
      "begin" : 739,
      "end" : 741,
      "text" : "いる",
      "whiteSpace" : false
    }, {
      "id" : "s12-t49",
      "begin" : 741,
      "end" : 742,
      "text" : "。",
      "whiteSpace" : false
    } ]
  }, {
    "id" : "s13",
    "begin" : 742,
    "end" : 834,
    "text" : "やがて、日本有数の湯治場として知られるようになり、1954 年（昭和 29 年）、当温泉は酸ヶ湯温泉および四万温泉とともに、「日光湯元温泉」の名称で国民保養温泉地の第一号指定を受けた。",
    "tokens" : [ {
      "id" : "s13-t0",
      "begin" : 742,
      "end" : 745,
      "text" : "やがて",
      "whiteSpace" : false
    }, {
      "id" : "s13-t1",
      "begin" : 745,
      "end" : 746,
      "text" : "、",
      "whiteSpace" : false
    }, {
      "id" : "s13-t2",
      "begin" : 746,
      "end" : 748,
      "text" : "日本",
      "whiteSpace" : false
    }, {
      "id" : "s13-t3",
      "begin" : 748,
      "end" : 750,
      "text" : "有数",
      "whiteSpace" : false
    }, {
      "id" : "s13-t4",
      "begin" : 750,
      "end" : 751,
      "text" : "の",
      "whiteSpace" : false
    }, {
      "id" : "s13-t5",
      "begin" : 751,
      "end" : 753,
      "text" : "湯治",
      "whiteSpace" : false
    }, {
      "id" : "s13-t6",
      "begin" : 753,
      "end" : 754,
      "text" : "場",
      "whiteSpace" : false
    }, {
      "id" : "s13-t7",
      "begin" : 754,
      "end" : 755,
      "text" : "と",
      "whiteSpace" : false
    }, {
      "id" : "s13-t8",
      "begin" : 755,
      "end" : 757,
      "text" : "して",
      "whiteSpace" : false
    }, {
      "id" : "s13-t9",
      "begin" : 757,
      "end" : 759,
      "text" : "知ら",
      "whiteSpace" : false
    }, {
      "id" : "s13-t10",
      "begin" : 759,
      "end" : 761,
      "text" : "れる",
      "whiteSpace" : false
    }, {
      "id" : "s13-t11",
      "begin" : 761,
      "end" : 764,
      "text" : "ように",
      "whiteSpace" : false
    }, {
      "id" : "s13-t12",
      "begin" : 764,
      "end" : 766,
      "text" : "なり",
      "whiteSpace" : false
    }, {
      "id" : "s13-t13",
      "begin" : 766,
      "end" : 767,
      "text" : "、",
      "whiteSpace" : false
    }, {
      "id" : "s13-t14",
      "begin" : 767,
      "end" : 771,
      "text" : "1954",
      "whiteSpace" : false
    }, {
      "id" : "s13-t15",
      "begin" : 772,
      "end" : 773,
      "text" : "年",
      "whiteSpace" : false
    }, {
      "id" : "s13-t16",
      "begin" : 773,
      "end" : 774,
      "text" : "（",
      "whiteSpace" : false
    }, {
      "id" : "s13-t17",
      "begin" : 774,
      "end" : 776,
      "text" : "昭和",
      "whiteSpace" : false
    }, {
      "id" : "s13-t18",
      "begin" : 777,
      "end" : 779,
      "text" : "29",
      "whiteSpace" : false
    }, {
      "id" : "s13-t19",
      "begin" : 780,
      "end" : 781,
      "text" : "年",
      "whiteSpace" : false
    }, {
      "id" : "s13-t20",
      "begin" : 781,
      "end" : 782,
      "text" : "）",
      "whiteSpace" : false
    }, {
      "id" : "s13-t21",
      "begin" : 782,
      "end" : 783,
      "text" : "、",
      "whiteSpace" : false
    }, {
      "id" : "s13-t22",
      "begin" : 783,
      "end" : 784,
      "text" : "当",
      "whiteSpace" : false
    }, {
      "id" : "s13-t23",
      "begin" : 784,
      "end" : 786,
      "text" : "温泉",
      "whiteSpace" : false
    }, {
      "id" : "s13-t24",
      "begin" : 786,
      "end" : 787,
      "text" : "は",
      "whiteSpace" : false
    }, {
      "id" : "s13-t25",
      "begin" : 787,
      "end" : 788,
      "text" : "酸",
      "whiteSpace" : false
    }, {
      "id" : "s13-t26",
      "begin" : 788,
      "end" : 790,
      "text" : "ヶ湯",
      "whiteSpace" : false
    }, {
      "id" : "s13-t27",
      "begin" : 790,
      "end" : 792,
      "text" : "温泉",
      "whiteSpace" : false
    }, {
      "id" : "s13-t28",
      "begin" : 792,
      "end" : 795,
      "text" : "および",
      "whiteSpace" : false
    }, {
      "id" : "s13-t29",
      "begin" : 795,
      "end" : 797,
      "text" : "四万",
      "whiteSpace" : false
    }, {
      "id" : "s13-t30",
      "begin" : 797,
      "end" : 799,
      "text" : "温泉",
      "whiteSpace" : false
    }, {
      "id" : "s13-t31",
      "begin" : 799,
      "end" : 800,
      "text" : "と",
      "whiteSpace" : false
    }, {
      "id" : "s13-t32",
      "begin" : 800,
      "end" : 803,
      "text" : "ともに",
      "whiteSpace" : false
    }, {
      "id" : "s13-t33",
      "begin" : 803,
      "end" : 804,
      "text" : "、",
      "whiteSpace" : false
    }, {
      "id" : "s13-t34",
      "begin" : 804,
      "end" : 805,
      "text" : "「",
      "whiteSpace" : false
    }, {
      "id" : "s13-t35",
      "begin" : 805,
      "end" : 807,
      "text" : "日光",
      "whiteSpace" : false
    }, {
      "id" : "s13-t36",
      "begin" : 807,
      "end" : 808,
      "text" : "湯",
      "whiteSpace" : false
    }, {
      "id" : "s13-t37",
      "begin" : 808,
      "end" : 809,
      "text" : "元",
      "whiteSpace" : false
    }, {
      "id" : "s13-t38",
      "begin" : 809,
      "end" : 811,
      "text" : "温泉",
      "whiteSpace" : false
    }, {
      "id" : "s13-t39",
      "begin" : 811,
      "end" : 812,
      "text" : "」",
      "whiteSpace" : false
    }, {
      "id" : "s13-t40",
      "begin" : 812,
      "end" : 813,
      "text" : "の",
      "whiteSpace" : false
    }, {
      "id" : "s13-t41",
      "begin" : 813,
      "end" : 815,
      "text" : "名称",
      "whiteSpace" : false
    }, {
      "id" : "s13-t42",
      "begin" : 815,
      "end" : 816,
      "text" : "で",
      "whiteSpace" : false
    }, {
      "id" : "s13-t43",
      "begin" : 816,
      "end" : 818,
      "text" : "国民",
      "whiteSpace" : false
    }, {
      "id" : "s13-t44",
      "begin" : 818,
      "end" : 820,
      "text" : "保養",
      "whiteSpace" : false
    }, {
      "id" : "s13-t45",
      "begin" : 820,
      "end" : 822,
      "text" : "温泉",
      "whiteSpace" : false
    }, {
      "id" : "s13-t46",
      "begin" : 822,
      "end" : 823,
      "text" : "地",
      "whiteSpace" : false
    }, {
      "id" : "s13-t47",
      "begin" : 823,
      "end" : 824,
      "text" : "の",
      "whiteSpace" : false
    }, {
      "id" : "s13-t48",
      "begin" : 824,
      "end" : 825,
      "text" : "第",
      "whiteSpace" : false
    }, {
      "id" : "s13-t49",
      "begin" : 825,
      "end" : 826,
      "text" : "一",
      "whiteSpace" : false
    }, {
      "id" : "s13-t50",
      "begin" : 826,
      "end" : 827,
      "text" : "号",
      "whiteSpace" : false
    }, {
      "id" : "s13-t51",
      "begin" : 827,
      "end" : 829,
      "text" : "指定",
      "whiteSpace" : false
    }, {
      "id" : "s13-t52",
      "begin" : 829,
      "end" : 830,
      "text" : "を",
      "whiteSpace" : false
    }, {
      "id" : "s13-t53",
      "begin" : 830,
      "end" : 833,
      "text" : "受けた",
      "whiteSpace" : false
    }, {
      "id" : "s13-t54",
      "begin" : 833,
      "end" : 834,
      "text" : "。",
      "whiteSpace" : false
    } ]
  } ],
  "mentions" : [ {
    "id" : "s1-m1",
    "properties" : {
      "SIRE_MENTION_ROLE" : "ONSEN",
      "SIRE_ENTITY_SUBTYPE" : "NONE",
      "SIRE_MENTION_TYPE" : "NONE",
      "SIRE_MENTION_CLASS" : "SPC"
    },
    "type" : "ONSEN",
    "begin" : 9,
    "end" : 16,
    "inCoref" : false
  }, {
    "id" : "s9-m1",
    "properties" : {
      "SIRE_MENTION_ROLE" : "Sensitsu",
      "SIRE_ENTITY_SUBTYPE" : "NONE",
      "SIRE_MENTION_TYPE" : "NONE",
      "SIRE_MENTION_CLASS" : "SPC"
    },
    "type" : "Sensitsu",
    "begin" : 404,
    "end" : 443,
    "inCoref" : false
  }, {
    "id" : "s13-m1",
    "properties" : {
      "SIRE_MENTION_ROLE" : "ONSEN",
      "SIRE_ENTITY_SUBTYPE" : "NONE",
      "SIRE_MENTION_TYPE" : "NONE",
      "SIRE_MENTION_CLASS" : "SPC"
    },
    "type" : "ONSEN",
    "begin" : 787,
    "end" : 792,
    "inCoref" : false
  }, {
    "id" : "s13-m2",
    "properties" : {
      "SIRE_MENTION_ROLE" : "ONSEN",
      "SIRE_ENTITY_SUBTYPE" : "NONE",
      "SIRE_MENTION_TYPE" : "NONE",
      "SIRE_MENTION_CLASS" : "SPC"
    },
    "type" : "ONSEN",
    "begin" : 795,
    "end" : 799,
    "inCoref" : false
  }, {
    "id" : "s13-m3",
    "properties" : {
      "SIRE_MENTION_ROLE" : "ONSEN",
      "SIRE_ENTITY_SUBTYPE" : "NONE",
      "SIRE_MENTION_TYPE" : "NONE",
      "SIRE_MENTION_CLASS" : "SPC"
    },
    "type" : "ONSEN",
    "begin" : 805,
    "end" : 811,
    "inCoref" : false
  } ],
  "relations" : [ ],
  "corefs" : [ ],
  "typeResolved" : true,
  "userResolved" : false
}