{
  "id" : "5ae7cfb0-d149-11e9-ad4b-c984733d60b0-24",
  "name" : "24_五頭温泉郷 国民保養温泉地計画書",
  "createdDate" : 0,
  "version" : 3,
  "text" : "五頭山は古来より山岳信仰があり、複数の登山経路があり多くの信仰者が訪 れてきた。五頭山西麓に展開する五頭温泉郷の各温泉地は永い歴史を持ち、山岳信仰者が訪れる湯治場として利用されてきた。 国道 290 号線の東側に、出湯温泉、今板温泉、村杉温泉がほぼ１㎞の間隔を空けて点在し温泉郷を形成している。 五頭温泉郷の主な泉質は放射能泉であり、42℃以上の高温源泉は少ないが、ラジウム含有量が多く、痛風や関節リウマチ等の適応症がある。出湯温泉にお いては単純温泉の源泉もある。五頭温泉郷には、宿泊施設が 16 軒、公衆浴場が ４施設、足湯が２カ所、飲泉施設が４カ所設置されている。\n",
  "docLength" : 0,
  "language" : "JA",
  "status" : "IN_PROGRESS",
  "modifiedDate" : 1567848297969,
  "documentSet" : [ ],
  "preannotation" : [ "PRE_LW" ],
  "sentences" : [ {
    "id" : "s0",
    "begin" : 0,
    "end" : 40,
    "text" : "五頭山は古来より山岳信仰があり、複数の登山経路があり多くの信仰者が訪 れてきた。",
    "tokens" : [ {
      "id" : "s0-t0",
      "begin" : 0,
      "end" : 3,
      "text" : "五頭山",
      "whiteSpace" : false
    }, {
      "id" : "s0-t1",
      "begin" : 3,
      "end" : 4,
      "text" : "は",
      "whiteSpace" : false
    }, {
      "id" : "s0-t2",
      "begin" : 4,
      "end" : 6,
      "text" : "古来",
      "whiteSpace" : false
    }, {
      "id" : "s0-t3",
      "begin" : 6,
      "end" : 8,
      "text" : "より",
      "whiteSpace" : false
    }, {
      "id" : "s0-t4",
      "begin" : 8,
      "end" : 10,
      "text" : "山岳",
      "whiteSpace" : false
    }, {
      "id" : "s0-t5",
      "begin" : 10,
      "end" : 12,
      "text" : "信仰",
      "whiteSpace" : false
    }, {
      "id" : "s0-t6",
      "begin" : 12,
      "end" : 13,
      "text" : "が",
      "whiteSpace" : false
    }, {
      "id" : "s0-t7",
      "begin" : 13,
      "end" : 15,
      "text" : "あり",
      "whiteSpace" : false
    }, {
      "id" : "s0-t8",
      "begin" : 15,
      "end" : 16,
      "text" : "、",
      "whiteSpace" : false
    }, {
      "id" : "s0-t9",
      "begin" : 16,
      "end" : 18,
      "text" : "複数",
      "whiteSpace" : false
    }, {
      "id" : "s0-t10",
      "begin" : 18,
      "end" : 19,
      "text" : "の",
      "whiteSpace" : false
    }, {
      "id" : "s0-t11",
      "begin" : 19,
      "end" : 21,
      "text" : "登山",
      "whiteSpace" : false
    }, {
      "id" : "s0-t12",
      "begin" : 21,
      "end" : 23,
      "text" : "経路",
      "whiteSpace" : false
    }, {
      "id" : "s0-t13",
      "begin" : 23,
      "end" : 24,
      "text" : "が",
      "whiteSpace" : false
    }, {
      "id" : "s0-t14",
      "begin" : 24,
      "end" : 26,
      "text" : "あり",
      "whiteSpace" : false
    }, {
      "id" : "s0-t15",
      "begin" : 26,
      "end" : 28,
      "text" : "多く",
      "whiteSpace" : false
    }, {
      "id" : "s0-t16",
      "begin" : 28,
      "end" : 29,
      "text" : "の",
      "whiteSpace" : false
    }, {
      "id" : "s0-t17",
      "begin" : 29,
      "end" : 31,
      "text" : "信仰",
      "whiteSpace" : false
    }, {
      "id" : "s0-t18",
      "begin" : 31,
      "end" : 32,
      "text" : "者",
      "whiteSpace" : false
    }, {
      "id" : "s0-t19",
      "begin" : 32,
      "end" : 33,
      "text" : "が",
      "whiteSpace" : false
    }, {
      "id" : "s0-t20",
      "begin" : 33,
      "end" : 34,
      "text" : "訪",
      "whiteSpace" : false
    }, {
      "id" : "s0-t21",
      "begin" : 35,
      "end" : 37,
      "text" : "れて",
      "whiteSpace" : false
    }, {
      "id" : "s0-t22",
      "begin" : 37,
      "end" : 39,
      "text" : "きた",
      "whiteSpace" : false
    }, {
      "id" : "s0-t23",
      "begin" : 39,
      "end" : 40,
      "text" : "。",
      "whiteSpace" : false
    } ]
  }, {
    "id" : "s1",
    "begin" : 40,
    "end" : 92,
    "text" : "五頭山西麓に展開する五頭温泉郷の各温泉地は永い歴史を持ち、山岳信仰者が訪れる湯治場として利用されてきた。",
    "tokens" : [ {
      "id" : "s1-t0",
      "begin" : 40,
      "end" : 43,
      "text" : "五頭山",
      "whiteSpace" : false
    }, {
      "id" : "s1-t1",
      "begin" : 43,
      "end" : 45,
      "text" : "西麓",
      "whiteSpace" : false
    }, {
      "id" : "s1-t2",
      "begin" : 45,
      "end" : 46,
      "text" : "に",
      "whiteSpace" : false
    }, {
      "id" : "s1-t3",
      "begin" : 46,
      "end" : 48,
      "text" : "展開",
      "whiteSpace" : false
    }, {
      "id" : "s1-t4",
      "begin" : 48,
      "end" : 50,
      "text" : "する",
      "whiteSpace" : false
    }, {
      "id" : "s1-t5",
      "begin" : 50,
      "end" : 52,
      "text" : "五頭",
      "whiteSpace" : false
    }, {
      "id" : "s1-t6",
      "begin" : 52,
      "end" : 55,
      "text" : "温泉郷",
      "whiteSpace" : false
    }, {
      "id" : "s1-t7",
      "begin" : 55,
      "end" : 56,
      "text" : "の",
      "whiteSpace" : false
    }, {
      "id" : "s1-t8",
      "begin" : 56,
      "end" : 57,
      "text" : "各",
      "whiteSpace" : false
    }, {
      "id" : "s1-t9",
      "begin" : 57,
      "end" : 59,
      "text" : "温泉",
      "whiteSpace" : false
    }, {
      "id" : "s1-t10",
      "begin" : 59,
      "end" : 60,
      "text" : "地",
      "whiteSpace" : false
    }, {
      "id" : "s1-t11",
      "begin" : 60,
      "end" : 61,
      "text" : "は",
      "whiteSpace" : false
    }, {
      "id" : "s1-t12",
      "begin" : 61,
      "end" : 63,
      "text" : "永い",
      "whiteSpace" : false
    }, {
      "id" : "s1-t13",
      "begin" : 63,
      "end" : 65,
      "text" : "歴史",
      "whiteSpace" : false
    }, {
      "id" : "s1-t14",
      "begin" : 65,
      "end" : 66,
      "text" : "を",
      "whiteSpace" : false
    }, {
      "id" : "s1-t15",
      "begin" : 66,
      "end" : 68,
      "text" : "持ち",
      "whiteSpace" : false
    }, {
      "id" : "s1-t16",
      "begin" : 68,
      "end" : 69,
      "text" : "、",
      "whiteSpace" : false
    }, {
      "id" : "s1-t17",
      "begin" : 69,
      "end" : 71,
      "text" : "山岳",
      "whiteSpace" : false
    }, {
      "id" : "s1-t18",
      "begin" : 71,
      "end" : 73,
      "text" : "信仰",
      "whiteSpace" : false
    }, {
      "id" : "s1-t19",
      "begin" : 73,
      "end" : 74,
      "text" : "者",
      "whiteSpace" : false
    }, {
      "id" : "s1-t20",
      "begin" : 74,
      "end" : 75,
      "text" : "が",
      "whiteSpace" : false
    }, {
      "id" : "s1-t21",
      "begin" : 75,
      "end" : 78,
      "text" : "訪れる",
      "whiteSpace" : false
    }, {
      "id" : "s1-t22",
      "begin" : 78,
      "end" : 80,
      "text" : "湯治",
      "whiteSpace" : false
    }, {
      "id" : "s1-t23",
      "begin" : 80,
      "end" : 81,
      "text" : "場",
      "whiteSpace" : false
    }, {
      "id" : "s1-t24",
      "begin" : 81,
      "end" : 82,
      "text" : "と",
      "whiteSpace" : false
    }, {
      "id" : "s1-t25",
      "begin" : 82,
      "end" : 84,
      "text" : "して",
      "whiteSpace" : false
    }, {
      "id" : "s1-t26",
      "begin" : 84,
      "end" : 86,
      "text" : "利用",
      "whiteSpace" : false
    }, {
      "id" : "s1-t27",
      "begin" : 86,
      "end" : 87,
      "text" : "さ",
      "whiteSpace" : false
    }, {
      "id" : "s1-t28",
      "begin" : 87,
      "end" : 89,
      "text" : "れて",
      "whiteSpace" : false
    }, {
      "id" : "s1-t29",
      "begin" : 89,
      "end" : 91,
      "text" : "きた",
      "whiteSpace" : false
    }, {
      "id" : "s1-t30",
      "begin" : 91,
      "end" : 92,
      "text" : "。",
      "whiteSpace" : false
    } ]
  }, {
    "id" : "s2",
    "begin" : 93,
    "end" : 147,
    "text" : "国道 290 号線の東側に、出湯温泉、今板温泉、村杉温泉がほぼ１㎞の間隔を空けて点在し温泉郷を形成している。",
    "tokens" : [ {
      "id" : "s2-t0",
      "begin" : 93,
      "end" : 95,
      "text" : "国道",
      "whiteSpace" : false
    }, {
      "id" : "s2-t1",
      "begin" : 96,
      "end" : 99,
      "text" : "290",
      "whiteSpace" : false
    }, {
      "id" : "s2-t2",
      "begin" : 100,
      "end" : 101,
      "text" : "号",
      "whiteSpace" : false
    }, {
      "id" : "s2-t3",
      "begin" : 101,
      "end" : 102,
      "text" : "線",
      "whiteSpace" : false
    }, {
      "id" : "s2-t4",
      "begin" : 102,
      "end" : 103,
      "text" : "の",
      "whiteSpace" : false
    }, {
      "id" : "s2-t5",
      "begin" : 103,
      "end" : 104,
      "text" : "東",
      "whiteSpace" : false
    }, {
      "id" : "s2-t6",
      "begin" : 104,
      "end" : 105,
      "text" : "側",
      "whiteSpace" : false
    }, {
      "id" : "s2-t7",
      "begin" : 105,
      "end" : 106,
      "text" : "に",
      "whiteSpace" : false
    }, {
      "id" : "s2-t8",
      "begin" : 106,
      "end" : 107,
      "text" : "、",
      "whiteSpace" : false
    }, {
      "id" : "s2-t9",
      "begin" : 107,
      "end" : 109,
      "text" : "出湯",
      "whiteSpace" : false
    }, {
      "id" : "s2-t10",
      "begin" : 109,
      "end" : 111,
      "text" : "温泉",
      "whiteSpace" : false
    }, {
      "id" : "s2-t11",
      "begin" : 111,
      "end" : 112,
      "text" : "、",
      "whiteSpace" : false
    }, {
      "id" : "s2-t12",
      "begin" : 112,
      "end" : 114,
      "text" : "今板",
      "whiteSpace" : false
    }, {
      "id" : "s2-t13",
      "begin" : 114,
      "end" : 116,
      "text" : "温泉",
      "whiteSpace" : false
    }, {
      "id" : "s2-t14",
      "begin" : 116,
      "end" : 117,
      "text" : "、",
      "whiteSpace" : false
    }, {
      "id" : "s2-t15",
      "begin" : 117,
      "end" : 119,
      "text" : "村杉",
      "whiteSpace" : false
    }, {
      "id" : "s2-t16",
      "begin" : 119,
      "end" : 121,
      "text" : "温泉",
      "whiteSpace" : false
    }, {
      "id" : "s2-t17",
      "begin" : 121,
      "end" : 122,
      "text" : "が",
      "whiteSpace" : false
    }, {
      "id" : "s2-t18",
      "begin" : 122,
      "end" : 124,
      "text" : "ほぼ",
      "whiteSpace" : false
    }, {
      "id" : "s2-t19",
      "begin" : 124,
      "end" : 126,
      "text" : "１㎞",
      "whiteSpace" : false
    }, {
      "id" : "s2-t20",
      "begin" : 126,
      "end" : 127,
      "text" : "の",
      "whiteSpace" : false
    }, {
      "id" : "s2-t21",
      "begin" : 127,
      "end" : 129,
      "text" : "間隔",
      "whiteSpace" : false
    }, {
      "id" : "s2-t22",
      "begin" : 129,
      "end" : 130,
      "text" : "を",
      "whiteSpace" : false
    }, {
      "id" : "s2-t23",
      "begin" : 130,
      "end" : 133,
      "text" : "空けて",
      "whiteSpace" : false
    }, {
      "id" : "s2-t24",
      "begin" : 133,
      "end" : 135,
      "text" : "点在",
      "whiteSpace" : false
    }, {
      "id" : "s2-t25",
      "begin" : 135,
      "end" : 136,
      "text" : "し",
      "whiteSpace" : false
    }, {
      "id" : "s2-t26",
      "begin" : 136,
      "end" : 139,
      "text" : "温泉郷",
      "whiteSpace" : false
    }, {
      "id" : "s2-t27",
      "begin" : 139,
      "end" : 140,
      "text" : "を",
      "whiteSpace" : false
    }, {
      "id" : "s2-t28",
      "begin" : 140,
      "end" : 142,
      "text" : "形成",
      "whiteSpace" : false
    }, {
      "id" : "s2-t29",
      "begin" : 142,
      "end" : 144,
      "text" : "して",
      "whiteSpace" : false
    }, {
      "id" : "s2-t30",
      "begin" : 144,
      "end" : 146,
      "text" : "いる",
      "whiteSpace" : false
    }, {
      "id" : "s2-t31",
      "begin" : 146,
      "end" : 147,
      "text" : "。",
      "whiteSpace" : false
    } ]
  }, {
    "id" : "s3",
    "begin" : 148,
    "end" : 212,
    "text" : "五頭温泉郷の主な泉質は放射能泉であり、42℃以上の高温源泉は少ないが、ラジウム含有量が多く、痛風や関節リウマチ等の適応症がある。",
    "tokens" : [ {
      "id" : "s3-t0",
      "begin" : 148,
      "end" : 150,
      "text" : "五頭",
      "whiteSpace" : false
    }, {
      "id" : "s3-t1",
      "begin" : 150,
      "end" : 153,
      "text" : "温泉郷",
      "whiteSpace" : false
    }, {
      "id" : "s3-t2",
      "begin" : 153,
      "end" : 154,
      "text" : "の",
      "whiteSpace" : false
    }, {
      "id" : "s3-t3",
      "begin" : 154,
      "end" : 156,
      "text" : "主な",
      "whiteSpace" : false
    }, {
      "id" : "s3-t4",
      "begin" : 156,
      "end" : 158,
      "text" : "泉質",
      "whiteSpace" : false
    }, {
      "id" : "s3-t5",
      "begin" : 158,
      "end" : 159,
      "text" : "は",
      "whiteSpace" : false
    }, {
      "id" : "s3-t6",
      "begin" : 159,
      "end" : 162,
      "text" : "放射能",
      "whiteSpace" : false
    }, {
      "id" : "s3-t7",
      "begin" : 162,
      "end" : 163,
      "text" : "泉",
      "whiteSpace" : false
    }, {
      "id" : "s3-t8",
      "begin" : 163,
      "end" : 166,
      "text" : "であり",
      "whiteSpace" : false
    }, {
      "id" : "s3-t9",
      "begin" : 166,
      "end" : 167,
      "text" : "、",
      "whiteSpace" : false
    }, {
      "id" : "s3-t10",
      "begin" : 167,
      "end" : 169,
      "text" : "42",
      "whiteSpace" : false
    }, {
      "id" : "s3-t11",
      "begin" : 169,
      "end" : 170,
      "text" : "℃",
      "whiteSpace" : false
    }, {
      "id" : "s3-t12",
      "begin" : 170,
      "end" : 172,
      "text" : "以上",
      "whiteSpace" : false
    }, {
      "id" : "s3-t13",
      "begin" : 172,
      "end" : 173,
      "text" : "の",
      "whiteSpace" : false
    }, {
      "id" : "s3-t14",
      "begin" : 173,
      "end" : 175,
      "text" : "高温",
      "whiteSpace" : false
    }, {
      "id" : "s3-t15",
      "begin" : 175,
      "end" : 177,
      "text" : "源泉",
      "whiteSpace" : false
    }, {
      "id" : "s3-t16",
      "begin" : 177,
      "end" : 178,
      "text" : "は",
      "whiteSpace" : false
    }, {
      "id" : "s3-t17",
      "begin" : 178,
      "end" : 181,
      "text" : "少ない",
      "whiteSpace" : false
    }, {
      "id" : "s3-t18",
      "begin" : 181,
      "end" : 182,
      "text" : "が",
      "whiteSpace" : false
    }, {
      "id" : "s3-t19",
      "begin" : 182,
      "end" : 183,
      "text" : "、",
      "whiteSpace" : false
    }, {
      "id" : "s3-t20",
      "begin" : 183,
      "end" : 187,
      "text" : "ラジウム",
      "whiteSpace" : false
    }, {
      "id" : "s3-t21",
      "begin" : 187,
      "end" : 189,
      "text" : "含有",
      "whiteSpace" : false
    }, {
      "id" : "s3-t22",
      "begin" : 189,
      "end" : 190,
      "text" : "量",
      "whiteSpace" : false
    }, {
      "id" : "s3-t23",
      "begin" : 190,
      "end" : 191,
      "text" : "が",
      "whiteSpace" : false
    }, {
      "id" : "s3-t24",
      "begin" : 191,
      "end" : 193,
      "text" : "多く",
      "whiteSpace" : false
    }, {
      "id" : "s3-t25",
      "begin" : 193,
      "end" : 194,
      "text" : "、",
      "whiteSpace" : false
    }, {
      "id" : "s3-t26",
      "begin" : 194,
      "end" : 196,
      "text" : "痛風",
      "whiteSpace" : false
    }, {
      "id" : "s3-t27",
      "begin" : 196,
      "end" : 197,
      "text" : "や",
      "whiteSpace" : false
    }, {
      "id" : "s3-t28",
      "begin" : 197,
      "end" : 199,
      "text" : "関節",
      "whiteSpace" : false
    }, {
      "id" : "s3-t29",
      "begin" : 199,
      "end" : 203,
      "text" : "リウマチ",
      "whiteSpace" : false
    }, {
      "id" : "s3-t30",
      "begin" : 203,
      "end" : 204,
      "text" : "等",
      "whiteSpace" : false
    }, {
      "id" : "s3-t31",
      "begin" : 204,
      "end" : 205,
      "text" : "の",
      "whiteSpace" : false
    }, {
      "id" : "s3-t32",
      "begin" : 205,
      "end" : 207,
      "text" : "適応",
      "whiteSpace" : false
    }, {
      "id" : "s3-t33",
      "begin" : 207,
      "end" : 208,
      "text" : "症",
      "whiteSpace" : false
    }, {
      "id" : "s3-t34",
      "begin" : 208,
      "end" : 209,
      "text" : "が",
      "whiteSpace" : false
    }, {
      "id" : "s3-t35",
      "begin" : 209,
      "end" : 211,
      "text" : "ある",
      "whiteSpace" : false
    }, {
      "id" : "s3-t36",
      "begin" : 211,
      "end" : 212,
      "text" : "。",
      "whiteSpace" : false
    } ]
  }, {
    "id" : "s4",
    "begin" : 212,
    "end" : 233,
    "text" : "出湯温泉にお いては単純温泉の源泉もある。",
    "tokens" : [ {
      "id" : "s4-t0",
      "begin" : 212,
      "end" : 214,
      "text" : "出湯",
      "whiteSpace" : false
    }, {
      "id" : "s4-t1",
      "begin" : 214,
      "end" : 216,
      "text" : "温泉",
      "whiteSpace" : false
    }, {
      "id" : "s4-t2",
      "begin" : 216,
      "end" : 217,
      "text" : "に",
      "whiteSpace" : false
    }, {
      "id" : "s4-t3",
      "begin" : 217,
      "end" : 218,
      "text" : "お",
      "whiteSpace" : false
    }, {
      "id" : "s4-t4",
      "begin" : 219,
      "end" : 221,
      "text" : "いて",
      "whiteSpace" : false
    }, {
      "id" : "s4-t5",
      "begin" : 221,
      "end" : 222,
      "text" : "は",
      "whiteSpace" : false
    }, {
      "id" : "s4-t6",
      "begin" : 222,
      "end" : 224,
      "text" : "単純",
      "whiteSpace" : false
    }, {
      "id" : "s4-t7",
      "begin" : 224,
      "end" : 226,
      "text" : "温泉",
      "whiteSpace" : false
    }, {
      "id" : "s4-t8",
      "begin" : 226,
      "end" : 227,
      "text" : "の",
      "whiteSpace" : false
    }, {
      "id" : "s4-t9",
      "begin" : 227,
      "end" : 229,
      "text" : "源泉",
      "whiteSpace" : false
    }, {
      "id" : "s4-t10",
      "begin" : 229,
      "end" : 230,
      "text" : "も",
      "whiteSpace" : false
    }, {
      "id" : "s4-t11",
      "begin" : 230,
      "end" : 232,
      "text" : "ある",
      "whiteSpace" : false
    }, {
      "id" : "s4-t12",
      "begin" : 232,
      "end" : 233,
      "text" : "。",
      "whiteSpace" : false
    } ]
  }, {
    "id" : "s5",
    "begin" : 233,
    "end" : 285,
    "text" : "五頭温泉郷には、宿泊施設が 16 軒、公衆浴場が ４施設、足湯が２カ所、飲泉施設が４カ所設置されている。",
    "tokens" : [ {
      "id" : "s5-t0",
      "begin" : 233,
      "end" : 235,
      "text" : "五頭",
      "whiteSpace" : false
    }, {
      "id" : "s5-t1",
      "begin" : 235,
      "end" : 238,
      "text" : "温泉郷",
      "whiteSpace" : false
    }, {
      "id" : "s5-t2",
      "begin" : 238,
      "end" : 239,
      "text" : "に",
      "whiteSpace" : false
    }, {
      "id" : "s5-t3",
      "begin" : 239,
      "end" : 240,
      "text" : "は",
      "whiteSpace" : false
    }, {
      "id" : "s5-t4",
      "begin" : 240,
      "end" : 241,
      "text" : "、",
      "whiteSpace" : false
    }, {
      "id" : "s5-t5",
      "begin" : 241,
      "end" : 243,
      "text" : "宿泊",
      "whiteSpace" : false
    }, {
      "id" : "s5-t6",
      "begin" : 243,
      "end" : 245,
      "text" : "施設",
      "whiteSpace" : false
    }, {
      "id" : "s5-t7",
      "begin" : 245,
      "end" : 246,
      "text" : "が",
      "whiteSpace" : false
    }, {
      "id" : "s5-t8",
      "begin" : 247,
      "end" : 249,
      "text" : "16",
      "whiteSpace" : false
    }, {
      "id" : "s5-t9",
      "begin" : 250,
      "end" : 251,
      "text" : "軒",
      "whiteSpace" : false
    }, {
      "id" : "s5-t10",
      "begin" : 251,
      "end" : 252,
      "text" : "、",
      "whiteSpace" : false
    }, {
      "id" : "s5-t11",
      "begin" : 252,
      "end" : 254,
      "text" : "公衆",
      "whiteSpace" : false
    }, {
      "id" : "s5-t12",
      "begin" : 254,
      "end" : 256,
      "text" : "浴場",
      "whiteSpace" : false
    }, {
      "id" : "s5-t13",
      "begin" : 256,
      "end" : 257,
      "text" : "が",
      "whiteSpace" : false
    }, {
      "id" : "s5-t14",
      "begin" : 258,
      "end" : 259,
      "text" : "４",
      "whiteSpace" : false
    }, {
      "id" : "s5-t15",
      "begin" : 259,
      "end" : 261,
      "text" : "施設",
      "whiteSpace" : false
    }, {
      "id" : "s5-t16",
      "begin" : 261,
      "end" : 262,
      "text" : "、",
      "whiteSpace" : false
    }, {
      "id" : "s5-t17",
      "begin" : 262,
      "end" : 264,
      "text" : "足湯",
      "whiteSpace" : false
    }, {
      "id" : "s5-t18",
      "begin" : 264,
      "end" : 265,
      "text" : "が",
      "whiteSpace" : false
    }, {
      "id" : "s5-t19",
      "begin" : 265,
      "end" : 266,
      "text" : "２",
      "whiteSpace" : false
    }, {
      "id" : "s5-t20",
      "begin" : 266,
      "end" : 268,
      "text" : "カ所",
      "whiteSpace" : false
    }, {
      "id" : "s5-t21",
      "begin" : 268,
      "end" : 269,
      "text" : "、",
      "whiteSpace" : false
    }, {
      "id" : "s5-t22",
      "begin" : 269,
      "end" : 271,
      "text" : "飲泉",
      "whiteSpace" : false
    }, {
      "id" : "s5-t23",
      "begin" : 271,
      "end" : 273,
      "text" : "施設",
      "whiteSpace" : false
    }, {
      "id" : "s5-t24",
      "begin" : 273,
      "end" : 274,
      "text" : "が",
      "whiteSpace" : false
    }, {
      "id" : "s5-t25",
      "begin" : 274,
      "end" : 275,
      "text" : "４",
      "whiteSpace" : false
    }, {
      "id" : "s5-t26",
      "begin" : 275,
      "end" : 277,
      "text" : "カ所",
      "whiteSpace" : false
    }, {
      "id" : "s5-t27",
      "begin" : 277,
      "end" : 279,
      "text" : "設置",
      "whiteSpace" : false
    }, {
      "id" : "s5-t28",
      "begin" : 279,
      "end" : 280,
      "text" : "さ",
      "whiteSpace" : false
    }, {
      "id" : "s5-t29",
      "begin" : 280,
      "end" : 282,
      "text" : "れて",
      "whiteSpace" : false
    }, {
      "id" : "s5-t30",
      "begin" : 282,
      "end" : 284,
      "text" : "いる",
      "whiteSpace" : false
    }, {
      "id" : "s5-t31",
      "begin" : 284,
      "end" : 285,
      "text" : "。",
      "whiteSpace" : false
    } ]
  } ],
  "mentions" : [ {
    "id" : "s1-m1",
    "properties" : {
      "SIRE_MENTION_ROLE" : "ONSEN",
      "SIRE_ENTITY_SUBTYPE" : "NONE",
      "SIRE_MENTION_TYPE" : "NONE",
      "SIRE_MENTION_CLASS" : "SPC"
    },
    "type" : "ONSEN",
    "begin" : 50,
    "end" : 55,
    "inCoref" : true
  }, {
    "id" : "s2-m1",
    "properties" : {
      "SIRE_MENTION_ROLE" : "ONSEN",
      "SIRE_ENTITY_SUBTYPE" : "NONE",
      "SIRE_MENTION_TYPE" : "NONE",
      "SIRE_MENTION_CLASS" : "SPC"
    },
    "type" : "ONSEN",
    "begin" : 107,
    "end" : 111,
    "inCoref" : true
  }, {
    "id" : "s2-m2",
    "properties" : {
      "SIRE_MENTION_ROLE" : "ONSEN",
      "SIRE_ENTITY_SUBTYPE" : "NONE",
      "SIRE_MENTION_TYPE" : "NONE",
      "SIRE_MENTION_CLASS" : "SPC"
    },
    "type" : "ONSEN",
    "begin" : 112,
    "end" : 116,
    "inCoref" : false
  }, {
    "id" : "s2-m3",
    "properties" : {
      "SIRE_MENTION_ROLE" : "ONSEN",
      "SIRE_ENTITY_SUBTYPE" : "NONE",
      "SIRE_MENTION_TYPE" : "NONE",
      "SIRE_MENTION_CLASS" : "SPC"
    },
    "type" : "ONSEN",
    "begin" : 117,
    "end" : 121,
    "inCoref" : false
  }, {
    "id" : "s3-m2",
    "properties" : {
      "SIRE_MENTION_ROLE" : "ONSEN",
      "SIRE_ENTITY_SUBTYPE" : "NONE",
      "SIRE_MENTION_TYPE" : "NONE",
      "SIRE_MENTION_CLASS" : "SPC"
    },
    "type" : "ONSEN",
    "begin" : 148,
    "end" : 153,
    "inCoref" : true
  }, {
    "id" : "s3-m0",
    "properties" : {
      "SIRE_MENTION_CLASS" : "SPC",
      "SIRE_MENTION_ROLE" : "Sensitsu",
      "SIRE_MENTION_TYPE" : "NONE",
      "SIRE_ENTITY_SUBTYPE" : "NONE"
    },
    "type" : "Sensitsu",
    "begin" : 159,
    "end" : 163,
    "inCoref" : false
  }, {
    "id" : "s3-m3",
    "properties" : {
      "SIRE_MENTION_ROLE" : "Tekiou",
      "SIRE_ENTITY_SUBTYPE" : "NONE",
      "SIRE_MENTION_TYPE" : "NONE",
      "SIRE_MENTION_CLASS" : "SPC"
    },
    "type" : "Tekiou",
    "begin" : 194,
    "end" : 196,
    "inCoref" : false
  }, {
    "id" : "s3-m4",
    "properties" : {
      "SIRE_MENTION_ROLE" : "Tekiou",
      "SIRE_ENTITY_SUBTYPE" : "NONE",
      "SIRE_MENTION_TYPE" : "NONE",
      "SIRE_MENTION_CLASS" : "SPC"
    },
    "type" : "Tekiou",
    "begin" : 197,
    "end" : 203,
    "inCoref" : false
  }, {
    "id" : "s4-m2",
    "properties" : {
      "SIRE_MENTION_ROLE" : "ONSEN",
      "SIRE_ENTITY_SUBTYPE" : "NONE",
      "SIRE_MENTION_TYPE" : "NONE",
      "SIRE_MENTION_CLASS" : "SPC"
    },
    "type" : "ONSEN",
    "begin" : 212,
    "end" : 217,
    "inCoref" : true
  }, {
    "id" : "s4-m0",
    "properties" : {
      "SIRE_MENTION_CLASS" : "SPC",
      "SIRE_MENTION_ROLE" : "Sensitsu",
      "SIRE_MENTION_TYPE" : "NONE",
      "SIRE_ENTITY_SUBTYPE" : "NONE"
    },
    "type" : "Sensitsu",
    "begin" : 222,
    "end" : 226,
    "inCoref" : false
  }, {
    "id" : "s5-m1",
    "properties" : {
      "SIRE_MENTION_ROLE" : "ONSEN",
      "SIRE_ENTITY_SUBTYPE" : "NONE",
      "SIRE_MENTION_TYPE" : "NONE",
      "SIRE_MENTION_CLASS" : "SPC"
    },
    "type" : "ONSEN",
    "begin" : 233,
    "end" : 238,
    "inCoref" : true
  } ],
  "relations" : [ {
    "id" : "s3-r1",
    "properties" : { },
    "type" : "hasAttribute",
    "args" : [ "s3-m2", "s3-m0" ]
  }, {
    "id" : "s3-r2",
    "properties" : { },
    "type" : "targetCase",
    "args" : [ "s3-m2", "s3-m3" ]
  }, {
    "id" : "s3-r3",
    "properties" : { },
    "type" : "targetCase",
    "args" : [ "s3-m2", "s3-m4" ]
  }, {
    "id" : "s3-r4",
    "properties" : { },
    "type" : "targetCase",
    "args" : [ "s3-m0", "s3-m3" ]
  }, {
    "id" : "s3-r5",
    "properties" : { },
    "type" : "targetCase",
    "args" : [ "s3-m0", "s3-m4" ]
  }, {
    "id" : "s4-r1",
    "properties" : { },
    "type" : "hasAttribute",
    "args" : [ "s4-m2", "s4-m0" ]
  } ],
  "corefs" : [ {
    "id" : "c1",
    "properties" : { },
    "mentions" : [ "s1-m1", "s3-m2", "s5-m1" ]
  }, {
    "id" : "c2",
    "properties" : { },
    "mentions" : [ "s2-m1", "s4-m2" ]
  } ],
  "typeResolved" : true,
  "userResolved" : false
}