{
  "id" : "5ae7cfb0-d149-11e9-ad4b-c984733d60b0-8",
  "name" : "8_国民保養温泉地新規指定等の概要",
  "createdDate" : 0,
  "version" : 3,
  "text" : "鳴子温泉郷 （宮城県大崎市）の概要（平成28年５月20日大幅拡充）\n○概要\n鳴子温泉，東鳴子温泉，川渡温泉，中山平温泉，鬼首温泉の５つの温泉地の総称で，宮城県大崎市北西部の山形県と秋田県に接する山あいに位置し，栗駒国定公園に含まれる。\n○特徴\n最も古い温泉では開湯千年の歴史を有し，全体では約370本の源泉数を誇り，掲示用泉質名の10種類のうち，二酸化炭素泉と放射能泉，含よう素泉以外の7種類が存在する。\n松尾芭蕉の歩いた「おくのほそ道」でも知られ，芭蕉の句碑や尿前の関跡など史跡も多く，歴史を感じることができる。\n○泉質等\n主な泉質：単純温泉，硫黄泉，炭酸水素塩泉，硫酸塩泉，塩化物泉 など\n主な効用：きりきず，冷え症，筋肉痛，胃腸機能の低下等\n○今後の方針\n鳴子温泉郷として，更に温泉の公共的利用の増進を図るため，温泉の適正な利用を進めるとともに，自然景観と調和のとれた街並みの保全に努めながら，自然環境と温泉を生かした健康増進に寄与するプログラムなどを増やし，現代版の保養・休養地として，連泊・中長期滞在型の温泉地としての発展を目指していく。",
  "docLength" : 0,
  "language" : "JA",
  "status" : "IN_PROGRESS",
  "modifiedDate" : 1567849985530,
  "documentSet" : [ ],
  "preannotation" : [ "PRE_LW" ],
  "sentences" : [ {
    "id" : "s0",
    "begin" : 0,
    "end" : 117,
    "text" : "鳴子温泉郷 （宮城県大崎市）の概要（平成28年５月20日大幅拡充）\n○概要\n鳴子温泉，東鳴子温泉，川渡温泉，中山平温泉，鬼首温泉の５つの温泉地の総称で，宮城県大崎市北西部の山形県と秋田県に接する山あいに位置し，栗駒国定公園に含まれる。",
    "tokens" : [ {
      "id" : "s0-t0",
      "begin" : 0,
      "end" : 2,
      "text" : "鳴子",
      "whiteSpace" : false
    }, {
      "id" : "s0-t1",
      "begin" : 2,
      "end" : 5,
      "text" : "温泉郷",
      "whiteSpace" : false
    }, {
      "id" : "s0-t2",
      "begin" : 6,
      "end" : 7,
      "text" : "（",
      "whiteSpace" : false
    }, {
      "id" : "s0-t3",
      "begin" : 7,
      "end" : 9,
      "text" : "宮城",
      "whiteSpace" : false
    }, {
      "id" : "s0-t4",
      "begin" : 9,
      "end" : 10,
      "text" : "県",
      "whiteSpace" : false
    }, {
      "id" : "s0-t5",
      "begin" : 10,
      "end" : 12,
      "text" : "大崎",
      "whiteSpace" : false
    }, {
      "id" : "s0-t6",
      "begin" : 12,
      "end" : 13,
      "text" : "市",
      "whiteSpace" : false
    }, {
      "id" : "s0-t7",
      "begin" : 13,
      "end" : 14,
      "text" : "）",
      "whiteSpace" : false
    }, {
      "id" : "s0-t8",
      "begin" : 14,
      "end" : 15,
      "text" : "の",
      "whiteSpace" : false
    }, {
      "id" : "s0-t9",
      "begin" : 15,
      "end" : 17,
      "text" : "概要",
      "whiteSpace" : false
    }, {
      "id" : "s0-t10",
      "begin" : 17,
      "end" : 18,
      "text" : "（",
      "whiteSpace" : false
    }, {
      "id" : "s0-t11",
      "begin" : 18,
      "end" : 20,
      "text" : "平成",
      "whiteSpace" : false
    }, {
      "id" : "s0-t12",
      "begin" : 20,
      "end" : 22,
      "text" : "28",
      "whiteSpace" : false
    }, {
      "id" : "s0-t13",
      "begin" : 22,
      "end" : 23,
      "text" : "年",
      "whiteSpace" : false
    }, {
      "id" : "s0-t14",
      "begin" : 23,
      "end" : 24,
      "text" : "５",
      "whiteSpace" : false
    }, {
      "id" : "s0-t15",
      "begin" : 24,
      "end" : 25,
      "text" : "月",
      "whiteSpace" : false
    }, {
      "id" : "s0-t16",
      "begin" : 25,
      "end" : 27,
      "text" : "20",
      "whiteSpace" : false
    }, {
      "id" : "s0-t17",
      "begin" : 27,
      "end" : 28,
      "text" : "日",
      "whiteSpace" : false
    }, {
      "id" : "s0-t18",
      "begin" : 28,
      "end" : 30,
      "text" : "大幅",
      "whiteSpace" : false
    }, {
      "id" : "s0-t19",
      "begin" : 30,
      "end" : 32,
      "text" : "拡充",
      "whiteSpace" : false
    }, {
      "id" : "s0-t20",
      "begin" : 32,
      "end" : 33,
      "text" : "）",
      "whiteSpace" : false
    }, {
      "id" : "s0-t21",
      "begin" : 34,
      "end" : 35,
      "text" : "○",
      "whiteSpace" : false
    }, {
      "id" : "s0-t22",
      "begin" : 35,
      "end" : 37,
      "text" : "概要",
      "whiteSpace" : false
    }, {
      "id" : "s0-t23",
      "begin" : 38,
      "end" : 40,
      "text" : "鳴子",
      "whiteSpace" : false
    }, {
      "id" : "s0-t24",
      "begin" : 40,
      "end" : 42,
      "text" : "温泉",
      "whiteSpace" : false
    }, {
      "id" : "s0-t25",
      "begin" : 42,
      "end" : 43,
      "text" : "，",
      "whiteSpace" : false
    }, {
      "id" : "s0-t26",
      "begin" : 43,
      "end" : 46,
      "text" : "東鳴子",
      "whiteSpace" : false
    }, {
      "id" : "s0-t27",
      "begin" : 46,
      "end" : 48,
      "text" : "温泉",
      "whiteSpace" : false
    }, {
      "id" : "s0-t28",
      "begin" : 48,
      "end" : 49,
      "text" : "，",
      "whiteSpace" : false
    }, {
      "id" : "s0-t29",
      "begin" : 49,
      "end" : 51,
      "text" : "川渡",
      "whiteSpace" : false
    }, {
      "id" : "s0-t30",
      "begin" : 51,
      "end" : 53,
      "text" : "温泉",
      "whiteSpace" : false
    }, {
      "id" : "s0-t31",
      "begin" : 53,
      "end" : 54,
      "text" : "，",
      "whiteSpace" : false
    }, {
      "id" : "s0-t32",
      "begin" : 54,
      "end" : 57,
      "text" : "中山平",
      "whiteSpace" : false
    }, {
      "id" : "s0-t33",
      "begin" : 57,
      "end" : 59,
      "text" : "温泉",
      "whiteSpace" : false
    }, {
      "id" : "s0-t34",
      "begin" : 59,
      "end" : 60,
      "text" : "，",
      "whiteSpace" : false
    }, {
      "id" : "s0-t35",
      "begin" : 60,
      "end" : 62,
      "text" : "鬼首",
      "whiteSpace" : false
    }, {
      "id" : "s0-t36",
      "begin" : 62,
      "end" : 64,
      "text" : "温泉",
      "whiteSpace" : false
    }, {
      "id" : "s0-t37",
      "begin" : 64,
      "end" : 65,
      "text" : "の",
      "whiteSpace" : false
    }, {
      "id" : "s0-t38",
      "begin" : 65,
      "end" : 66,
      "text" : "５",
      "whiteSpace" : false
    }, {
      "id" : "s0-t39",
      "begin" : 66,
      "end" : 67,
      "text" : "つ",
      "whiteSpace" : false
    }, {
      "id" : "s0-t40",
      "begin" : 67,
      "end" : 68,
      "text" : "の",
      "whiteSpace" : false
    }, {
      "id" : "s0-t41",
      "begin" : 68,
      "end" : 70,
      "text" : "温泉",
      "whiteSpace" : false
    }, {
      "id" : "s0-t42",
      "begin" : 70,
      "end" : 71,
      "text" : "地",
      "whiteSpace" : false
    }, {
      "id" : "s0-t43",
      "begin" : 71,
      "end" : 72,
      "text" : "の",
      "whiteSpace" : false
    }, {
      "id" : "s0-t44",
      "begin" : 72,
      "end" : 74,
      "text" : "総称",
      "whiteSpace" : false
    }, {
      "id" : "s0-t45",
      "begin" : 74,
      "end" : 75,
      "text" : "で",
      "whiteSpace" : false
    }, {
      "id" : "s0-t46",
      "begin" : 75,
      "end" : 76,
      "text" : "，",
      "whiteSpace" : false
    }, {
      "id" : "s0-t47",
      "begin" : 76,
      "end" : 78,
      "text" : "宮城",
      "whiteSpace" : false
    }, {
      "id" : "s0-t48",
      "begin" : 78,
      "end" : 79,
      "text" : "県",
      "whiteSpace" : false
    }, {
      "id" : "s0-t49",
      "begin" : 79,
      "end" : 81,
      "text" : "大崎",
      "whiteSpace" : false
    }, {
      "id" : "s0-t50",
      "begin" : 81,
      "end" : 82,
      "text" : "市",
      "whiteSpace" : false
    }, {
      "id" : "s0-t51",
      "begin" : 82,
      "end" : 84,
      "text" : "北西",
      "whiteSpace" : false
    }, {
      "id" : "s0-t52",
      "begin" : 84,
      "end" : 85,
      "text" : "部",
      "whiteSpace" : false
    }, {
      "id" : "s0-t53",
      "begin" : 85,
      "end" : 86,
      "text" : "の",
      "whiteSpace" : false
    }, {
      "id" : "s0-t54",
      "begin" : 86,
      "end" : 88,
      "text" : "山形",
      "whiteSpace" : false
    }, {
      "id" : "s0-t55",
      "begin" : 88,
      "end" : 89,
      "text" : "県",
      "whiteSpace" : false
    }, {
      "id" : "s0-t56",
      "begin" : 89,
      "end" : 90,
      "text" : "と",
      "whiteSpace" : false
    }, {
      "id" : "s0-t57",
      "begin" : 90,
      "end" : 92,
      "text" : "秋田",
      "whiteSpace" : false
    }, {
      "id" : "s0-t58",
      "begin" : 92,
      "end" : 93,
      "text" : "県",
      "whiteSpace" : false
    }, {
      "id" : "s0-t59",
      "begin" : 93,
      "end" : 94,
      "text" : "に",
      "whiteSpace" : false
    }, {
      "id" : "s0-t60",
      "begin" : 94,
      "end" : 97,
      "text" : "接する",
      "whiteSpace" : false
    }, {
      "id" : "s0-t61",
      "begin" : 97,
      "end" : 100,
      "text" : "山あい",
      "whiteSpace" : false
    }, {
      "id" : "s0-t62",
      "begin" : 100,
      "end" : 101,
      "text" : "に",
      "whiteSpace" : false
    }, {
      "id" : "s0-t63",
      "begin" : 101,
      "end" : 103,
      "text" : "位置",
      "whiteSpace" : false
    }, {
      "id" : "s0-t64",
      "begin" : 103,
      "end" : 104,
      "text" : "し",
      "whiteSpace" : false
    }, {
      "id" : "s0-t65",
      "begin" : 104,
      "end" : 105,
      "text" : "，",
      "whiteSpace" : false
    }, {
      "id" : "s0-t66",
      "begin" : 105,
      "end" : 107,
      "text" : "栗駒",
      "whiteSpace" : false
    }, {
      "id" : "s0-t67",
      "begin" : 107,
      "end" : 109,
      "text" : "国定",
      "whiteSpace" : false
    }, {
      "id" : "s0-t68",
      "begin" : 109,
      "end" : 111,
      "text" : "公園",
      "whiteSpace" : false
    }, {
      "id" : "s0-t69",
      "begin" : 111,
      "end" : 112,
      "text" : "に",
      "whiteSpace" : false
    }, {
      "id" : "s0-t70",
      "begin" : 112,
      "end" : 114,
      "text" : "含ま",
      "whiteSpace" : false
    }, {
      "id" : "s0-t71",
      "begin" : 114,
      "end" : 116,
      "text" : "れる",
      "whiteSpace" : false
    }, {
      "id" : "s0-t72",
      "begin" : 116,
      "end" : 117,
      "text" : "。",
      "whiteSpace" : false
    } ]
  }, {
    "id" : "s1",
    "begin" : 118,
    "end" : 202,
    "text" : "○特徴\n最も古い温泉では開湯千年の歴史を有し，全体では約370本の源泉数を誇り，掲示用泉質名の10種類のうち，二酸化炭素泉と放射能泉，含よう素泉以外の7種類が存在する。",
    "tokens" : [ {
      "id" : "s1-t0",
      "begin" : 118,
      "end" : 119,
      "text" : "○",
      "whiteSpace" : false
    }, {
      "id" : "s1-t1",
      "begin" : 119,
      "end" : 121,
      "text" : "特徴",
      "whiteSpace" : false
    }, {
      "id" : "s1-t2",
      "begin" : 122,
      "end" : 124,
      "text" : "最も",
      "whiteSpace" : false
    }, {
      "id" : "s1-t3",
      "begin" : 124,
      "end" : 126,
      "text" : "古い",
      "whiteSpace" : false
    }, {
      "id" : "s1-t4",
      "begin" : 126,
      "end" : 128,
      "text" : "温泉",
      "whiteSpace" : false
    }, {
      "id" : "s1-t5",
      "begin" : 128,
      "end" : 129,
      "text" : "で",
      "whiteSpace" : false
    }, {
      "id" : "s1-t6",
      "begin" : 129,
      "end" : 130,
      "text" : "は",
      "whiteSpace" : false
    }, {
      "id" : "s1-t7",
      "begin" : 130,
      "end" : 132,
      "text" : "開湯",
      "whiteSpace" : false
    }, {
      "id" : "s1-t8",
      "begin" : 132,
      "end" : 133,
      "text" : "千",
      "whiteSpace" : false
    }, {
      "id" : "s1-t9",
      "begin" : 133,
      "end" : 134,
      "text" : "年",
      "whiteSpace" : false
    }, {
      "id" : "s1-t10",
      "begin" : 134,
      "end" : 135,
      "text" : "の",
      "whiteSpace" : false
    }, {
      "id" : "s1-t11",
      "begin" : 135,
      "end" : 137,
      "text" : "歴史",
      "whiteSpace" : false
    }, {
      "id" : "s1-t12",
      "begin" : 137,
      "end" : 138,
      "text" : "を",
      "whiteSpace" : false
    }, {
      "id" : "s1-t13",
      "begin" : 138,
      "end" : 140,
      "text" : "有し",
      "whiteSpace" : false
    }, {
      "id" : "s1-t14",
      "begin" : 140,
      "end" : 141,
      "text" : "，",
      "whiteSpace" : false
    }, {
      "id" : "s1-t15",
      "begin" : 141,
      "end" : 143,
      "text" : "全体",
      "whiteSpace" : false
    }, {
      "id" : "s1-t16",
      "begin" : 143,
      "end" : 144,
      "text" : "で",
      "whiteSpace" : false
    }, {
      "id" : "s1-t17",
      "begin" : 144,
      "end" : 145,
      "text" : "は",
      "whiteSpace" : false
    }, {
      "id" : "s1-t18",
      "begin" : 145,
      "end" : 146,
      "text" : "約",
      "whiteSpace" : false
    }, {
      "id" : "s1-t19",
      "begin" : 146,
      "end" : 149,
      "text" : "370",
      "whiteSpace" : false
    }, {
      "id" : "s1-t20",
      "begin" : 149,
      "end" : 150,
      "text" : "本",
      "whiteSpace" : false
    }, {
      "id" : "s1-t21",
      "begin" : 150,
      "end" : 151,
      "text" : "の",
      "whiteSpace" : false
    }, {
      "id" : "s1-t22",
      "begin" : 151,
      "end" : 153,
      "text" : "源泉",
      "whiteSpace" : false
    }, {
      "id" : "s1-t23",
      "begin" : 153,
      "end" : 154,
      "text" : "数",
      "whiteSpace" : false
    }, {
      "id" : "s1-t24",
      "begin" : 154,
      "end" : 155,
      "text" : "を",
      "whiteSpace" : false
    }, {
      "id" : "s1-t25",
      "begin" : 155,
      "end" : 157,
      "text" : "誇り",
      "whiteSpace" : false
    }, {
      "id" : "s1-t26",
      "begin" : 157,
      "end" : 158,
      "text" : "，",
      "whiteSpace" : false
    }, {
      "id" : "s1-t27",
      "begin" : 158,
      "end" : 160,
      "text" : "掲示",
      "whiteSpace" : false
    }, {
      "id" : "s1-t28",
      "begin" : 160,
      "end" : 161,
      "text" : "用",
      "whiteSpace" : false
    }, {
      "id" : "s1-t29",
      "begin" : 161,
      "end" : 163,
      "text" : "泉質",
      "whiteSpace" : false
    }, {
      "id" : "s1-t30",
      "begin" : 163,
      "end" : 164,
      "text" : "名",
      "whiteSpace" : false
    }, {
      "id" : "s1-t31",
      "begin" : 164,
      "end" : 165,
      "text" : "の",
      "whiteSpace" : false
    }, {
      "id" : "s1-t32",
      "begin" : 165,
      "end" : 167,
      "text" : "10",
      "whiteSpace" : false
    }, {
      "id" : "s1-t33",
      "begin" : 167,
      "end" : 169,
      "text" : "種類",
      "whiteSpace" : false
    }, {
      "id" : "s1-t34",
      "begin" : 169,
      "end" : 170,
      "text" : "の",
      "whiteSpace" : false
    }, {
      "id" : "s1-t35",
      "begin" : 170,
      "end" : 172,
      "text" : "うち",
      "whiteSpace" : false
    }, {
      "id" : "s1-t36",
      "begin" : 172,
      "end" : 173,
      "text" : "，",
      "whiteSpace" : false
    }, {
      "id" : "s1-t37",
      "begin" : 173,
      "end" : 174,
      "text" : "二",
      "whiteSpace" : false
    }, {
      "id" : "s1-t38",
      "begin" : 174,
      "end" : 176,
      "text" : "酸化",
      "whiteSpace" : false
    }, {
      "id" : "s1-t39",
      "begin" : 176,
      "end" : 178,
      "text" : "炭素",
      "whiteSpace" : false
    }, {
      "id" : "s1-t40",
      "begin" : 178,
      "end" : 179,
      "text" : "泉",
      "whiteSpace" : false
    }, {
      "id" : "s1-t41",
      "begin" : 179,
      "end" : 180,
      "text" : "と",
      "whiteSpace" : false
    }, {
      "id" : "s1-t42",
      "begin" : 180,
      "end" : 183,
      "text" : "放射能",
      "whiteSpace" : false
    }, {
      "id" : "s1-t43",
      "begin" : 183,
      "end" : 184,
      "text" : "泉",
      "whiteSpace" : false
    }, {
      "id" : "s1-t44",
      "begin" : 184,
      "end" : 185,
      "text" : "，",
      "whiteSpace" : false
    }, {
      "id" : "s1-t45",
      "begin" : 185,
      "end" : 188,
      "text" : "含よう",
      "whiteSpace" : false
    }, {
      "id" : "s1-t46",
      "begin" : 188,
      "end" : 190,
      "text" : "素泉",
      "whiteSpace" : false
    }, {
      "id" : "s1-t47",
      "begin" : 190,
      "end" : 192,
      "text" : "以外",
      "whiteSpace" : false
    }, {
      "id" : "s1-t48",
      "begin" : 192,
      "end" : 193,
      "text" : "の",
      "whiteSpace" : false
    }, {
      "id" : "s1-t49",
      "begin" : 193,
      "end" : 194,
      "text" : "7",
      "whiteSpace" : false
    }, {
      "id" : "s1-t50",
      "begin" : 194,
      "end" : 196,
      "text" : "種類",
      "whiteSpace" : false
    }, {
      "id" : "s1-t51",
      "begin" : 196,
      "end" : 197,
      "text" : "が",
      "whiteSpace" : false
    }, {
      "id" : "s1-t52",
      "begin" : 197,
      "end" : 199,
      "text" : "存在",
      "whiteSpace" : false
    }, {
      "id" : "s1-t53",
      "begin" : 199,
      "end" : 201,
      "text" : "する",
      "whiteSpace" : false
    }, {
      "id" : "s1-t54",
      "begin" : 201,
      "end" : 202,
      "text" : "。",
      "whiteSpace" : false
    } ]
  }, {
    "id" : "s2",
    "begin" : 203,
    "end" : 257,
    "text" : "松尾芭蕉の歩いた「おくのほそ道」でも知られ，芭蕉の句碑や尿前の関跡など史跡も多く，歴史を感じることができる。",
    "tokens" : [ {
      "id" : "s2-t0",
      "begin" : 203,
      "end" : 205,
      "text" : "松尾",
      "whiteSpace" : false
    }, {
      "id" : "s2-t1",
      "begin" : 205,
      "end" : 207,
      "text" : "芭蕉",
      "whiteSpace" : false
    }, {
      "id" : "s2-t2",
      "begin" : 207,
      "end" : 208,
      "text" : "の",
      "whiteSpace" : false
    }, {
      "id" : "s2-t3",
      "begin" : 208,
      "end" : 211,
      "text" : "歩いた",
      "whiteSpace" : false
    }, {
      "id" : "s2-t4",
      "begin" : 211,
      "end" : 212,
      "text" : "「",
      "whiteSpace" : false
    }, {
      "id" : "s2-t5",
      "begin" : 212,
      "end" : 214,
      "text" : "おく",
      "whiteSpace" : false
    }, {
      "id" : "s2-t6",
      "begin" : 214,
      "end" : 215,
      "text" : "の",
      "whiteSpace" : false
    }, {
      "id" : "s2-t7",
      "begin" : 215,
      "end" : 217,
      "text" : "ほそ",
      "whiteSpace" : false
    }, {
      "id" : "s2-t8",
      "begin" : 217,
      "end" : 218,
      "text" : "道",
      "whiteSpace" : false
    }, {
      "id" : "s2-t9",
      "begin" : 218,
      "end" : 219,
      "text" : "」",
      "whiteSpace" : false
    }, {
      "id" : "s2-t10",
      "begin" : 219,
      "end" : 221,
      "text" : "でも",
      "whiteSpace" : false
    }, {
      "id" : "s2-t11",
      "begin" : 221,
      "end" : 223,
      "text" : "知ら",
      "whiteSpace" : false
    }, {
      "id" : "s2-t12",
      "begin" : 223,
      "end" : 224,
      "text" : "れ",
      "whiteSpace" : false
    }, {
      "id" : "s2-t13",
      "begin" : 224,
      "end" : 225,
      "text" : "，",
      "whiteSpace" : false
    }, {
      "id" : "s2-t14",
      "begin" : 225,
      "end" : 227,
      "text" : "芭蕉",
      "whiteSpace" : false
    }, {
      "id" : "s2-t15",
      "begin" : 227,
      "end" : 228,
      "text" : "の",
      "whiteSpace" : false
    }, {
      "id" : "s2-t16",
      "begin" : 228,
      "end" : 230,
      "text" : "句碑",
      "whiteSpace" : false
    }, {
      "id" : "s2-t17",
      "begin" : 230,
      "end" : 231,
      "text" : "や",
      "whiteSpace" : false
    }, {
      "id" : "s2-t18",
      "begin" : 231,
      "end" : 232,
      "text" : "尿",
      "whiteSpace" : false
    }, {
      "id" : "s2-t19",
      "begin" : 232,
      "end" : 233,
      "text" : "前",
      "whiteSpace" : false
    }, {
      "id" : "s2-t20",
      "begin" : 233,
      "end" : 234,
      "text" : "の",
      "whiteSpace" : false
    }, {
      "id" : "s2-t21",
      "begin" : 234,
      "end" : 236,
      "text" : "関跡",
      "whiteSpace" : false
    }, {
      "id" : "s2-t22",
      "begin" : 236,
      "end" : 238,
      "text" : "など",
      "whiteSpace" : false
    }, {
      "id" : "s2-t23",
      "begin" : 238,
      "end" : 240,
      "text" : "史跡",
      "whiteSpace" : false
    }, {
      "id" : "s2-t24",
      "begin" : 240,
      "end" : 241,
      "text" : "も",
      "whiteSpace" : false
    }, {
      "id" : "s2-t25",
      "begin" : 241,
      "end" : 243,
      "text" : "多く",
      "whiteSpace" : false
    }, {
      "id" : "s2-t26",
      "begin" : 243,
      "end" : 244,
      "text" : "，",
      "whiteSpace" : false
    }, {
      "id" : "s2-t27",
      "begin" : 244,
      "end" : 246,
      "text" : "歴史",
      "whiteSpace" : false
    }, {
      "id" : "s2-t28",
      "begin" : 246,
      "end" : 247,
      "text" : "を",
      "whiteSpace" : false
    }, {
      "id" : "s2-t29",
      "begin" : 247,
      "end" : 250,
      "text" : "感じる",
      "whiteSpace" : false
    }, {
      "id" : "s2-t30",
      "begin" : 250,
      "end" : 252,
      "text" : "こと",
      "whiteSpace" : false
    }, {
      "id" : "s2-t31",
      "begin" : 252,
      "end" : 253,
      "text" : "が",
      "whiteSpace" : false
    }, {
      "id" : "s2-t32",
      "begin" : 253,
      "end" : 256,
      "text" : "できる",
      "whiteSpace" : false
    }, {
      "id" : "s2-t33",
      "begin" : 256,
      "end" : 257,
      "text" : "。",
      "whiteSpace" : false
    } ]
  }, {
    "id" : "s3",
    "begin" : 258,
    "end" : 474,
    "text" : "○泉質等\n主な泉質：単純温泉，硫黄泉，炭酸水素塩泉，硫酸塩泉，塩化物泉 など\n主な効用：きりきず，冷え症，筋肉痛，胃腸機能の低下等\n○今後の方針\n鳴子温泉郷として，更に温泉の公共的利用の増進を図るため，温泉の適正な利用を進めるとともに，自然景観と調和のとれた街並みの保全に努めながら，自然環境と温泉を生かした健康増進に寄与するプログラムなどを増やし，現代版の保養・休養地として，連泊・中長期滞在型の温泉地としての発展を目指していく。",
    "tokens" : [ {
      "id" : "s3-t0",
      "begin" : 258,
      "end" : 259,
      "text" : "○",
      "whiteSpace" : false
    }, {
      "id" : "s3-t1",
      "begin" : 259,
      "end" : 261,
      "text" : "泉質",
      "whiteSpace" : false
    }, {
      "id" : "s3-t2",
      "begin" : 261,
      "end" : 262,
      "text" : "等",
      "whiteSpace" : false
    }, {
      "id" : "s3-t3",
      "begin" : 263,
      "end" : 265,
      "text" : "主な",
      "whiteSpace" : false
    }, {
      "id" : "s3-t4",
      "begin" : 265,
      "end" : 267,
      "text" : "泉質",
      "whiteSpace" : false
    }, {
      "id" : "s3-t5",
      "begin" : 267,
      "end" : 268,
      "text" : "：",
      "whiteSpace" : false
    }, {
      "id" : "s3-t6",
      "begin" : 268,
      "end" : 270,
      "text" : "単純",
      "whiteSpace" : false
    }, {
      "id" : "s3-t7",
      "begin" : 270,
      "end" : 272,
      "text" : "温泉",
      "whiteSpace" : false
    }, {
      "id" : "s3-t8",
      "begin" : 272,
      "end" : 273,
      "text" : "，",
      "whiteSpace" : false
    }, {
      "id" : "s3-t9",
      "begin" : 273,
      "end" : 275,
      "text" : "硫黄",
      "whiteSpace" : false
    }, {
      "id" : "s3-t10",
      "begin" : 275,
      "end" : 276,
      "text" : "泉",
      "whiteSpace" : false
    }, {
      "id" : "s3-t11",
      "begin" : 276,
      "end" : 277,
      "text" : "，",
      "whiteSpace" : false
    }, {
      "id" : "s3-t12",
      "begin" : 277,
      "end" : 279,
      "text" : "炭酸",
      "whiteSpace" : false
    }, {
      "id" : "s3-t13",
      "begin" : 279,
      "end" : 281,
      "text" : "水素",
      "whiteSpace" : false
    }, {
      "id" : "s3-t14",
      "begin" : 281,
      "end" : 283,
      "text" : "塩泉",
      "whiteSpace" : false
    }, {
      "id" : "s3-t15",
      "begin" : 283,
      "end" : 284,
      "text" : "，",
      "whiteSpace" : false
    }, {
      "id" : "s3-t16",
      "begin" : 284,
      "end" : 286,
      "text" : "硫酸",
      "whiteSpace" : false
    }, {
      "id" : "s3-t17",
      "begin" : 286,
      "end" : 288,
      "text" : "塩泉",
      "whiteSpace" : false
    }, {
      "id" : "s3-t18",
      "begin" : 288,
      "end" : 289,
      "text" : "，",
      "whiteSpace" : false
    }, {
      "id" : "s3-t19",
      "begin" : 289,
      "end" : 291,
      "text" : "塩化",
      "whiteSpace" : false
    }, {
      "id" : "s3-t20",
      "begin" : 291,
      "end" : 293,
      "text" : "物泉",
      "whiteSpace" : false
    }, {
      "id" : "s3-t21",
      "begin" : 294,
      "end" : 296,
      "text" : "など",
      "whiteSpace" : false
    }, {
      "id" : "s3-t22",
      "begin" : 297,
      "end" : 299,
      "text" : "主な",
      "whiteSpace" : false
    }, {
      "id" : "s3-t23",
      "begin" : 299,
      "end" : 301,
      "text" : "効用",
      "whiteSpace" : false
    }, {
      "id" : "s3-t24",
      "begin" : 301,
      "end" : 302,
      "text" : "：",
      "whiteSpace" : false
    }, {
      "id" : "s3-t25",
      "begin" : 302,
      "end" : 305,
      "text" : "きりき",
      "whiteSpace" : false
    }, {
      "id" : "s3-t26",
      "begin" : 305,
      "end" : 306,
      "text" : "ず",
      "whiteSpace" : false
    }, {
      "id" : "s3-t27",
      "begin" : 306,
      "end" : 307,
      "text" : "，",
      "whiteSpace" : false
    }, {
      "id" : "s3-t28",
      "begin" : 307,
      "end" : 310,
      "text" : "冷え症",
      "whiteSpace" : false
    }, {
      "id" : "s3-t29",
      "begin" : 310,
      "end" : 311,
      "text" : "，",
      "whiteSpace" : false
    }, {
      "id" : "s3-t30",
      "begin" : 311,
      "end" : 313,
      "text" : "筋肉",
      "whiteSpace" : false
    }, {
      "id" : "s3-t31",
      "begin" : 313,
      "end" : 314,
      "text" : "痛",
      "whiteSpace" : false
    }, {
      "id" : "s3-t32",
      "begin" : 314,
      "end" : 315,
      "text" : "，",
      "whiteSpace" : false
    }, {
      "id" : "s3-t33",
      "begin" : 315,
      "end" : 317,
      "text" : "胃腸",
      "whiteSpace" : false
    }, {
      "id" : "s3-t34",
      "begin" : 317,
      "end" : 319,
      "text" : "機能",
      "whiteSpace" : false
    }, {
      "id" : "s3-t35",
      "begin" : 319,
      "end" : 320,
      "text" : "の",
      "whiteSpace" : false
    }, {
      "id" : "s3-t36",
      "begin" : 320,
      "end" : 322,
      "text" : "低下",
      "whiteSpace" : false
    }, {
      "id" : "s3-t37",
      "begin" : 322,
      "end" : 323,
      "text" : "等",
      "whiteSpace" : false
    }, {
      "id" : "s3-t38",
      "begin" : 324,
      "end" : 325,
      "text" : "○",
      "whiteSpace" : false
    }, {
      "id" : "s3-t39",
      "begin" : 325,
      "end" : 327,
      "text" : "今後",
      "whiteSpace" : false
    }, {
      "id" : "s3-t40",
      "begin" : 327,
      "end" : 328,
      "text" : "の",
      "whiteSpace" : false
    }, {
      "id" : "s3-t41",
      "begin" : 328,
      "end" : 330,
      "text" : "方針",
      "whiteSpace" : false
    }, {
      "id" : "s3-t42",
      "begin" : 331,
      "end" : 333,
      "text" : "鳴子",
      "whiteSpace" : false
    }, {
      "id" : "s3-t43",
      "begin" : 333,
      "end" : 336,
      "text" : "温泉郷",
      "whiteSpace" : false
    }, {
      "id" : "s3-t44",
      "begin" : 336,
      "end" : 337,
      "text" : "と",
      "whiteSpace" : false
    }, {
      "id" : "s3-t45",
      "begin" : 337,
      "end" : 339,
      "text" : "して",
      "whiteSpace" : false
    }, {
      "id" : "s3-t46",
      "begin" : 339,
      "end" : 340,
      "text" : "，",
      "whiteSpace" : false
    }, {
      "id" : "s3-t47",
      "begin" : 340,
      "end" : 342,
      "text" : "更に",
      "whiteSpace" : false
    }, {
      "id" : "s3-t48",
      "begin" : 342,
      "end" : 344,
      "text" : "温泉",
      "whiteSpace" : false
    }, {
      "id" : "s3-t49",
      "begin" : 344,
      "end" : 345,
      "text" : "の",
      "whiteSpace" : false
    }, {
      "id" : "s3-t50",
      "begin" : 345,
      "end" : 347,
      "text" : "公共",
      "whiteSpace" : false
    }, {
      "id" : "s3-t51",
      "begin" : 347,
      "end" : 348,
      "text" : "的",
      "whiteSpace" : false
    }, {
      "id" : "s3-t52",
      "begin" : 348,
      "end" : 350,
      "text" : "利用",
      "whiteSpace" : false
    }, {
      "id" : "s3-t53",
      "begin" : 350,
      "end" : 351,
      "text" : "の",
      "whiteSpace" : false
    }, {
      "id" : "s3-t54",
      "begin" : 351,
      "end" : 353,
      "text" : "増進",
      "whiteSpace" : false
    }, {
      "id" : "s3-t55",
      "begin" : 353,
      "end" : 354,
      "text" : "を",
      "whiteSpace" : false
    }, {
      "id" : "s3-t56",
      "begin" : 354,
      "end" : 356,
      "text" : "図る",
      "whiteSpace" : false
    }, {
      "id" : "s3-t57",
      "begin" : 356,
      "end" : 358,
      "text" : "ため",
      "whiteSpace" : false
    }, {
      "id" : "s3-t58",
      "begin" : 358,
      "end" : 359,
      "text" : "，",
      "whiteSpace" : false
    }, {
      "id" : "s3-t59",
      "begin" : 359,
      "end" : 361,
      "text" : "温泉",
      "whiteSpace" : false
    }, {
      "id" : "s3-t60",
      "begin" : 361,
      "end" : 362,
      "text" : "の",
      "whiteSpace" : false
    }, {
      "id" : "s3-t61",
      "begin" : 362,
      "end" : 365,
      "text" : "適正な",
      "whiteSpace" : false
    }, {
      "id" : "s3-t62",
      "begin" : 365,
      "end" : 367,
      "text" : "利用",
      "whiteSpace" : false
    }, {
      "id" : "s3-t63",
      "begin" : 367,
      "end" : 368,
      "text" : "を",
      "whiteSpace" : false
    }, {
      "id" : "s3-t64",
      "begin" : 368,
      "end" : 371,
      "text" : "進める",
      "whiteSpace" : false
    }, {
      "id" : "s3-t65",
      "begin" : 371,
      "end" : 372,
      "text" : "と",
      "whiteSpace" : false
    }, {
      "id" : "s3-t66",
      "begin" : 372,
      "end" : 375,
      "text" : "ともに",
      "whiteSpace" : false
    }, {
      "id" : "s3-t67",
      "begin" : 375,
      "end" : 376,
      "text" : "，",
      "whiteSpace" : false
    }, {
      "id" : "s3-t68",
      "begin" : 376,
      "end" : 378,
      "text" : "自然",
      "whiteSpace" : false
    }, {
      "id" : "s3-t69",
      "begin" : 378,
      "end" : 380,
      "text" : "景観",
      "whiteSpace" : false
    }, {
      "id" : "s3-t70",
      "begin" : 380,
      "end" : 381,
      "text" : "と",
      "whiteSpace" : false
    }, {
      "id" : "s3-t71",
      "begin" : 381,
      "end" : 383,
      "text" : "調和",
      "whiteSpace" : false
    }, {
      "id" : "s3-t72",
      "begin" : 383,
      "end" : 384,
      "text" : "の",
      "whiteSpace" : false
    }, {
      "id" : "s3-t73",
      "begin" : 384,
      "end" : 387,
      "text" : "とれた",
      "whiteSpace" : false
    }, {
      "id" : "s3-t74",
      "begin" : 387,
      "end" : 390,
      "text" : "街並み",
      "whiteSpace" : false
    }, {
      "id" : "s3-t75",
      "begin" : 390,
      "end" : 391,
      "text" : "の",
      "whiteSpace" : false
    }, {
      "id" : "s3-t76",
      "begin" : 391,
      "end" : 393,
      "text" : "保全",
      "whiteSpace" : false
    }, {
      "id" : "s3-t77",
      "begin" : 393,
      "end" : 394,
      "text" : "に",
      "whiteSpace" : false
    }, {
      "id" : "s3-t78",
      "begin" : 394,
      "end" : 396,
      "text" : "努め",
      "whiteSpace" : false
    }, {
      "id" : "s3-t79",
      "begin" : 396,
      "end" : 399,
      "text" : "ながら",
      "whiteSpace" : false
    }, {
      "id" : "s3-t80",
      "begin" : 399,
      "end" : 400,
      "text" : "，",
      "whiteSpace" : false
    }, {
      "id" : "s3-t81",
      "begin" : 400,
      "end" : 402,
      "text" : "自然",
      "whiteSpace" : false
    }, {
      "id" : "s3-t82",
      "begin" : 402,
      "end" : 404,
      "text" : "環境",
      "whiteSpace" : false
    }, {
      "id" : "s3-t83",
      "begin" : 404,
      "end" : 405,
      "text" : "と",
      "whiteSpace" : false
    }, {
      "id" : "s3-t84",
      "begin" : 405,
      "end" : 407,
      "text" : "温泉",
      "whiteSpace" : false
    }, {
      "id" : "s3-t85",
      "begin" : 407,
      "end" : 408,
      "text" : "を",
      "whiteSpace" : false
    }, {
      "id" : "s3-t86",
      "begin" : 408,
      "end" : 412,
      "text" : "生かした",
      "whiteSpace" : false
    }, {
      "id" : "s3-t87",
      "begin" : 412,
      "end" : 414,
      "text" : "健康",
      "whiteSpace" : false
    }, {
      "id" : "s3-t88",
      "begin" : 414,
      "end" : 416,
      "text" : "増進",
      "whiteSpace" : false
    }, {
      "id" : "s3-t89",
      "begin" : 416,
      "end" : 417,
      "text" : "に",
      "whiteSpace" : false
    }, {
      "id" : "s3-t90",
      "begin" : 417,
      "end" : 419,
      "text" : "寄与",
      "whiteSpace" : false
    }, {
      "id" : "s3-t91",
      "begin" : 419,
      "end" : 421,
      "text" : "する",
      "whiteSpace" : false
    }, {
      "id" : "s3-t92",
      "begin" : 421,
      "end" : 426,
      "text" : "プログラム",
      "whiteSpace" : false
    }, {
      "id" : "s3-t93",
      "begin" : 426,
      "end" : 428,
      "text" : "など",
      "whiteSpace" : false
    }, {
      "id" : "s3-t94",
      "begin" : 428,
      "end" : 429,
      "text" : "を",
      "whiteSpace" : false
    }, {
      "id" : "s3-t95",
      "begin" : 429,
      "end" : 432,
      "text" : "増やし",
      "whiteSpace" : false
    }, {
      "id" : "s3-t96",
      "begin" : 432,
      "end" : 433,
      "text" : "，",
      "whiteSpace" : false
    }, {
      "id" : "s3-t97",
      "begin" : 433,
      "end" : 435,
      "text" : "現代",
      "whiteSpace" : false
    }, {
      "id" : "s3-t98",
      "begin" : 435,
      "end" : 436,
      "text" : "版",
      "whiteSpace" : false
    }, {
      "id" : "s3-t99",
      "begin" : 436,
      "end" : 437,
      "text" : "の",
      "whiteSpace" : false
    }, {
      "id" : "s3-t100",
      "begin" : 437,
      "end" : 439,
      "text" : "保養",
      "whiteSpace" : false
    }, {
      "id" : "s3-t101",
      "begin" : 439,
      "end" : 440,
      "text" : "・",
      "whiteSpace" : false
    }, {
      "id" : "s3-t102",
      "begin" : 440,
      "end" : 442,
      "text" : "休養",
      "whiteSpace" : false
    }, {
      "id" : "s3-t103",
      "begin" : 442,
      "end" : 443,
      "text" : "地",
      "whiteSpace" : false
    }, {
      "id" : "s3-t104",
      "begin" : 443,
      "end" : 444,
      "text" : "と",
      "whiteSpace" : false
    }, {
      "id" : "s3-t105",
      "begin" : 444,
      "end" : 446,
      "text" : "して",
      "whiteSpace" : false
    }, {
      "id" : "s3-t106",
      "begin" : 446,
      "end" : 447,
      "text" : "，",
      "whiteSpace" : false
    }, {
      "id" : "s3-t107",
      "begin" : 447,
      "end" : 449,
      "text" : "連泊",
      "whiteSpace" : false
    }, {
      "id" : "s3-t108",
      "begin" : 449,
      "end" : 450,
      "text" : "・",
      "whiteSpace" : false
    }, {
      "id" : "s3-t109",
      "begin" : 450,
      "end" : 451,
      "text" : "中",
      "whiteSpace" : false
    }, {
      "id" : "s3-t110",
      "begin" : 451,
      "end" : 453,
      "text" : "長期",
      "whiteSpace" : false
    }, {
      "id" : "s3-t111",
      "begin" : 453,
      "end" : 455,
      "text" : "滞在",
      "whiteSpace" : false
    }, {
      "id" : "s3-t112",
      "begin" : 455,
      "end" : 456,
      "text" : "型",
      "whiteSpace" : false
    }, {
      "id" : "s3-t113",
      "begin" : 456,
      "end" : 457,
      "text" : "の",
      "whiteSpace" : false
    }, {
      "id" : "s3-t114",
      "begin" : 457,
      "end" : 459,
      "text" : "温泉",
      "whiteSpace" : false
    }, {
      "id" : "s3-t115",
      "begin" : 459,
      "end" : 460,
      "text" : "地",
      "whiteSpace" : false
    }, {
      "id" : "s3-t116",
      "begin" : 460,
      "end" : 461,
      "text" : "と",
      "whiteSpace" : false
    }, {
      "id" : "s3-t117",
      "begin" : 461,
      "end" : 463,
      "text" : "して",
      "whiteSpace" : false
    }, {
      "id" : "s3-t118",
      "begin" : 463,
      "end" : 464,
      "text" : "の",
      "whiteSpace" : false
    }, {
      "id" : "s3-t119",
      "begin" : 464,
      "end" : 466,
      "text" : "発展",
      "whiteSpace" : false
    }, {
      "id" : "s3-t120",
      "begin" : 466,
      "end" : 467,
      "text" : "を",
      "whiteSpace" : false
    }, {
      "id" : "s3-t121",
      "begin" : 467,
      "end" : 471,
      "text" : "目指して",
      "whiteSpace" : false
    }, {
      "id" : "s3-t122",
      "begin" : 471,
      "end" : 473,
      "text" : "いく",
      "whiteSpace" : false
    }, {
      "id" : "s3-t123",
      "begin" : 473,
      "end" : 474,
      "text" : "。",
      "whiteSpace" : false
    } ]
  } ],
  "mentions" : [ {
    "id" : "s0-m1",
    "properties" : {
      "SIRE_MENTION_ROLE" : "ONSEN",
      "SIRE_ENTITY_SUBTYPE" : "NONE",
      "SIRE_MENTION_TYPE" : "NONE",
      "SIRE_MENTION_CLASS" : "SPC"
    },
    "type" : "ONSEN",
    "begin" : 0,
    "end" : 5,
    "inCoref" : false
  }, {
    "id" : "s0-m2",
    "properties" : {
      "SIRE_MENTION_ROLE" : "ONSEN",
      "SIRE_ENTITY_SUBTYPE" : "NONE",
      "SIRE_MENTION_TYPE" : "NONE",
      "SIRE_MENTION_CLASS" : "SPC"
    },
    "type" : "ONSEN",
    "begin" : 38,
    "end" : 42,
    "inCoref" : false
  }, {
    "id" : "s0-m3",
    "properties" : {
      "SIRE_MENTION_ROLE" : "ONSEN",
      "SIRE_ENTITY_SUBTYPE" : "NONE",
      "SIRE_MENTION_TYPE" : "NONE",
      "SIRE_MENTION_CLASS" : "SPC"
    },
    "type" : "ONSEN",
    "begin" : 43,
    "end" : 48,
    "inCoref" : false
  }, {
    "id" : "s0-m4",
    "properties" : {
      "SIRE_MENTION_ROLE" : "ONSEN",
      "SIRE_ENTITY_SUBTYPE" : "NONE",
      "SIRE_MENTION_TYPE" : "NONE",
      "SIRE_MENTION_CLASS" : "SPC"
    },
    "type" : "ONSEN",
    "begin" : 49,
    "end" : 53,
    "inCoref" : false
  }, {
    "id" : "s0-m5",
    "properties" : {
      "SIRE_MENTION_ROLE" : "ONSEN",
      "SIRE_ENTITY_SUBTYPE" : "NONE",
      "SIRE_MENTION_TYPE" : "NONE",
      "SIRE_MENTION_CLASS" : "SPC"
    },
    "type" : "ONSEN",
    "begin" : 54,
    "end" : 59,
    "inCoref" : false
  }, {
    "id" : "s0-m6",
    "properties" : {
      "SIRE_MENTION_ROLE" : "ONSEN",
      "SIRE_ENTITY_SUBTYPE" : "NONE",
      "SIRE_MENTION_TYPE" : "NONE",
      "SIRE_MENTION_CLASS" : "SPC"
    },
    "type" : "ONSEN",
    "begin" : 60,
    "end" : 64,
    "inCoref" : false
  }, {
    "id" : "s1-m0",
    "properties" : {
      "SIRE_MENTION_CLASS" : "SPC",
      "SIRE_MENTION_ROLE" : "Sensitsu",
      "SIRE_MENTION_TYPE" : "NONE",
      "SIRE_ENTITY_SUBTYPE" : "NONE"
    },
    "type" : "Sensitsu",
    "begin" : 173,
    "end" : 179,
    "inCoref" : false
  }, {
    "id" : "s1-m1",
    "properties" : {
      "SIRE_MENTION_CLASS" : "SPC",
      "SIRE_MENTION_ROLE" : "Sensitsu",
      "SIRE_MENTION_TYPE" : "NONE",
      "SIRE_ENTITY_SUBTYPE" : "NONE"
    },
    "type" : "Sensitsu",
    "begin" : 180,
    "end" : 184,
    "inCoref" : false
  }, {
    "id" : "s3-m0",
    "properties" : {
      "SIRE_MENTION_CLASS" : "SPC",
      "SIRE_MENTION_ROLE" : "Sensitsu",
      "SIRE_MENTION_TYPE" : "NONE",
      "SIRE_ENTITY_SUBTYPE" : "NONE"
    },
    "type" : "Sensitsu",
    "begin" : 268,
    "end" : 272,
    "inCoref" : false
  }, {
    "id" : "s3-m1",
    "properties" : {
      "SIRE_MENTION_CLASS" : "SPC",
      "SIRE_MENTION_ROLE" : "Sensitsu",
      "SIRE_MENTION_TYPE" : "NONE",
      "SIRE_ENTITY_SUBTYPE" : "NONE"
    },
    "type" : "Sensitsu",
    "begin" : 273,
    "end" : 276,
    "inCoref" : false
  }, {
    "id" : "s3-m2",
    "properties" : {
      "SIRE_MENTION_CLASS" : "SPC",
      "SIRE_MENTION_ROLE" : "Sensitsu",
      "SIRE_MENTION_TYPE" : "NONE",
      "SIRE_ENTITY_SUBTYPE" : "NONE"
    },
    "type" : "Sensitsu",
    "begin" : 277,
    "end" : 283,
    "inCoref" : false
  }, {
    "id" : "s3-m3",
    "properties" : {
      "SIRE_MENTION_CLASS" : "SPC",
      "SIRE_MENTION_ROLE" : "Sensitsu",
      "SIRE_MENTION_TYPE" : "NONE",
      "SIRE_ENTITY_SUBTYPE" : "NONE"
    },
    "type" : "Sensitsu",
    "begin" : 284,
    "end" : 288,
    "inCoref" : false
  }, {
    "id" : "s3-m4",
    "properties" : {
      "SIRE_MENTION_CLASS" : "SPC",
      "SIRE_MENTION_ROLE" : "Sensitsu",
      "SIRE_MENTION_TYPE" : "NONE",
      "SIRE_ENTITY_SUBTYPE" : "NONE"
    },
    "type" : "Sensitsu",
    "begin" : 289,
    "end" : 293,
    "inCoref" : false
  }, {
    "id" : "s3-m6",
    "properties" : {
      "SIRE_MENTION_ROLE" : "Tekiou",
      "SIRE_ENTITY_SUBTYPE" : "NONE",
      "SIRE_MENTION_TYPE" : "NONE",
      "SIRE_MENTION_CLASS" : "SPC"
    },
    "type" : "Tekiou",
    "begin" : 302,
    "end" : 306,
    "inCoref" : false
  }, {
    "id" : "s3-m7",
    "properties" : {
      "SIRE_MENTION_ROLE" : "Tekiou",
      "SIRE_ENTITY_SUBTYPE" : "NONE",
      "SIRE_MENTION_TYPE" : "NONE",
      "SIRE_MENTION_CLASS" : "SPC"
    },
    "type" : "Tekiou",
    "begin" : 307,
    "end" : 310,
    "inCoref" : false
  }, {
    "id" : "s3-m8",
    "properties" : {
      "SIRE_MENTION_ROLE" : "Tekiou",
      "SIRE_ENTITY_SUBTYPE" : "NONE",
      "SIRE_MENTION_TYPE" : "NONE",
      "SIRE_MENTION_CLASS" : "SPC"
    },
    "type" : "Tekiou",
    "begin" : 311,
    "end" : 314,
    "inCoref" : false
  }, {
    "id" : "s3-m9",
    "properties" : {
      "SIRE_MENTION_ROLE" : "Tekiou",
      "SIRE_ENTITY_SUBTYPE" : "NONE",
      "SIRE_MENTION_TYPE" : "NONE",
      "SIRE_MENTION_CLASS" : "SPC"
    },
    "type" : "Tekiou",
    "begin" : 315,
    "end" : 322,
    "inCoref" : false
  }, {
    "id" : "s3-m10",
    "properties" : {
      "SIRE_MENTION_ROLE" : "ONSEN",
      "SIRE_ENTITY_SUBTYPE" : "NONE",
      "SIRE_MENTION_TYPE" : "NONE",
      "SIRE_MENTION_CLASS" : "SPC"
    },
    "type" : "ONSEN",
    "begin" : 331,
    "end" : 336,
    "inCoref" : false
  } ],
  "relations" : [ ],
  "corefs" : [ ],
  "typeResolved" : true,
  "userResolved" : false
}