{
  "id" : "5ae7cfb0-d149-11e9-ad4b-c984733d60b0-22",
  "name" : "22_土湯・高湯温泉郷 国民保養温泉地計画書",
  "createdDate" : 0,
  "version" : 3,
  "text" : "（１）土湯温泉\n土湯温泉は、ＪＲ福島駅から南西方向 16ｋｍに位置し、一級河川荒川沿いに発達した温泉地である。温泉街の標高は約 450ｍであり、温泉地全域が磐梯朝日国立公園に指定されている。\n現在、17 軒の旅館・ホテルがあり、中心部を流れる荒川沿いに温泉街を形成しているほか、土湯峠に至る道筋や荒川源流域も数件の旅館が散在している。\n気候は、福島市の平野部と比較するとやや冷涼であり、夏期は涼しく、冬期の積雪は 40ｃｍ程度と比較的多く、１年を通じた平均気温は約 10 度前後である。\n土湯温泉で最も湯量の多い源泉群は、土湯温泉街から約２ｋｍの山深い荒川の源流沿いにあり、地中から 130 度前後の蒸気と熱水が噴出し、天然の湧き水を加え、まろやかな肌触りになった温泉が、毎分約 1,400 リットル、24 時間絶え間なく温泉街に供給されている。\n泉質は、無色透明の単純温泉で、刺激の少ない弱アルカリ性温泉だが、ほかにも硫黄泉や炭酸水素塩泉などの泉質を持つ独自の源泉が湧出する宿もある。\nまた、土湯温泉では、東日本大震災からの復興再生のため、小水力発電やバイナリー発電を通じ、再生可能エネルギーによる地域おこしに取り組んでいる。平成 27 年11 月に稼働したバイナリー発電施設は、既存の 16 号源泉を活用して発電しているが、温泉水の成分は損なわず、発電後も使えるなど、持続可能な温泉地としての新たな魅力創出に貢献している。",
  "docLength" : 0,
  "language" : "JA",
  "status" : "IN_PROGRESS",
  "modifiedDate" : 1567848018041,
  "documentSet" : [ ],
  "preannotation" : [ "PRE_LW" ],
  "sentences" : [ {
    "id" : "s0",
    "begin" : 0,
    "end" : 55,
    "text" : "（１）土湯温泉\n土湯温泉は、ＪＲ福島駅から南西方向 16ｋｍに位置し、一級河川荒川沿いに発達した温泉地である。",
    "tokens" : [ {
      "id" : "s0-t0",
      "begin" : 0,
      "end" : 1,
      "text" : "（",
      "whiteSpace" : false
    }, {
      "id" : "s0-t1",
      "begin" : 1,
      "end" : 2,
      "text" : "１",
      "whiteSpace" : false
    }, {
      "id" : "s0-t2",
      "begin" : 2,
      "end" : 3,
      "text" : "）",
      "whiteSpace" : false
    }, {
      "id" : "s0-t3",
      "begin" : 3,
      "end" : 5,
      "text" : "土湯",
      "whiteSpace" : false
    }, {
      "id" : "s0-t4",
      "begin" : 5,
      "end" : 7,
      "text" : "温泉",
      "whiteSpace" : false
    }, {
      "id" : "s0-t5",
      "begin" : 8,
      "end" : 10,
      "text" : "土湯",
      "whiteSpace" : false
    }, {
      "id" : "s0-t6",
      "begin" : 10,
      "end" : 12,
      "text" : "温泉",
      "whiteSpace" : false
    }, {
      "id" : "s0-t7",
      "begin" : 12,
      "end" : 13,
      "text" : "は",
      "whiteSpace" : false
    }, {
      "id" : "s0-t8",
      "begin" : 13,
      "end" : 14,
      "text" : "、",
      "whiteSpace" : false
    }, {
      "id" : "s0-t9",
      "begin" : 14,
      "end" : 16,
      "text" : "ＪＲ",
      "whiteSpace" : false
    }, {
      "id" : "s0-t10",
      "begin" : 16,
      "end" : 18,
      "text" : "福島",
      "whiteSpace" : false
    }, {
      "id" : "s0-t11",
      "begin" : 18,
      "end" : 19,
      "text" : "駅",
      "whiteSpace" : false
    }, {
      "id" : "s0-t12",
      "begin" : 19,
      "end" : 21,
      "text" : "から",
      "whiteSpace" : false
    }, {
      "id" : "s0-t13",
      "begin" : 21,
      "end" : 23,
      "text" : "南西",
      "whiteSpace" : false
    }, {
      "id" : "s0-t14",
      "begin" : 23,
      "end" : 25,
      "text" : "方向",
      "whiteSpace" : false
    }, {
      "id" : "s0-t15",
      "begin" : 26,
      "end" : 30,
      "text" : "16ｋｍ",
      "whiteSpace" : false
    }, {
      "id" : "s0-t16",
      "begin" : 30,
      "end" : 31,
      "text" : "に",
      "whiteSpace" : false
    }, {
      "id" : "s0-t17",
      "begin" : 31,
      "end" : 33,
      "text" : "位置",
      "whiteSpace" : false
    }, {
      "id" : "s0-t18",
      "begin" : 33,
      "end" : 34,
      "text" : "し",
      "whiteSpace" : false
    }, {
      "id" : "s0-t19",
      "begin" : 34,
      "end" : 35,
      "text" : "、",
      "whiteSpace" : false
    }, {
      "id" : "s0-t20",
      "begin" : 35,
      "end" : 36,
      "text" : "一",
      "whiteSpace" : false
    }, {
      "id" : "s0-t21",
      "begin" : 36,
      "end" : 37,
      "text" : "級",
      "whiteSpace" : false
    }, {
      "id" : "s0-t22",
      "begin" : 37,
      "end" : 39,
      "text" : "河川",
      "whiteSpace" : false
    }, {
      "id" : "s0-t23",
      "begin" : 39,
      "end" : 41,
      "text" : "荒川",
      "whiteSpace" : false
    }, {
      "id" : "s0-t24",
      "begin" : 41,
      "end" : 43,
      "text" : "沿い",
      "whiteSpace" : false
    }, {
      "id" : "s0-t25",
      "begin" : 43,
      "end" : 44,
      "text" : "に",
      "whiteSpace" : false
    }, {
      "id" : "s0-t26",
      "begin" : 44,
      "end" : 46,
      "text" : "発達",
      "whiteSpace" : false
    }, {
      "id" : "s0-t27",
      "begin" : 46,
      "end" : 48,
      "text" : "した",
      "whiteSpace" : false
    }, {
      "id" : "s0-t28",
      "begin" : 48,
      "end" : 50,
      "text" : "温泉",
      "whiteSpace" : false
    }, {
      "id" : "s0-t29",
      "begin" : 50,
      "end" : 51,
      "text" : "地",
      "whiteSpace" : false
    }, {
      "id" : "s0-t30",
      "begin" : 51,
      "end" : 54,
      "text" : "である",
      "whiteSpace" : false
    }, {
      "id" : "s0-t31",
      "begin" : 54,
      "end" : 55,
      "text" : "。",
      "whiteSpace" : false
    } ]
  }, {
    "id" : "s1",
    "begin" : 55,
    "end" : 95,
    "text" : "温泉街の標高は約 450ｍであり、温泉地全域が磐梯朝日国立公園に指定されている。",
    "tokens" : [ {
      "id" : "s1-t0",
      "begin" : 55,
      "end" : 57,
      "text" : "温泉",
      "whiteSpace" : false
    }, {
      "id" : "s1-t1",
      "begin" : 57,
      "end" : 58,
      "text" : "街",
      "whiteSpace" : false
    }, {
      "id" : "s1-t2",
      "begin" : 58,
      "end" : 59,
      "text" : "の",
      "whiteSpace" : false
    }, {
      "id" : "s1-t3",
      "begin" : 59,
      "end" : 61,
      "text" : "標高",
      "whiteSpace" : false
    }, {
      "id" : "s1-t4",
      "begin" : 61,
      "end" : 62,
      "text" : "は",
      "whiteSpace" : false
    }, {
      "id" : "s1-t5",
      "begin" : 62,
      "end" : 63,
      "text" : "約",
      "whiteSpace" : false
    }, {
      "id" : "s1-t6",
      "begin" : 64,
      "end" : 68,
      "text" : "450ｍ",
      "whiteSpace" : false
    }, {
      "id" : "s1-t7",
      "begin" : 68,
      "end" : 71,
      "text" : "であり",
      "whiteSpace" : false
    }, {
      "id" : "s1-t8",
      "begin" : 71,
      "end" : 72,
      "text" : "、",
      "whiteSpace" : false
    }, {
      "id" : "s1-t9",
      "begin" : 72,
      "end" : 74,
      "text" : "温泉",
      "whiteSpace" : false
    }, {
      "id" : "s1-t10",
      "begin" : 74,
      "end" : 75,
      "text" : "地",
      "whiteSpace" : false
    }, {
      "id" : "s1-t11",
      "begin" : 75,
      "end" : 77,
      "text" : "全域",
      "whiteSpace" : false
    }, {
      "id" : "s1-t12",
      "begin" : 77,
      "end" : 78,
      "text" : "が",
      "whiteSpace" : false
    }, {
      "id" : "s1-t13",
      "begin" : 78,
      "end" : 80,
      "text" : "磐梯",
      "whiteSpace" : false
    }, {
      "id" : "s1-t14",
      "begin" : 80,
      "end" : 82,
      "text" : "朝日",
      "whiteSpace" : false
    }, {
      "id" : "s1-t15",
      "begin" : 82,
      "end" : 84,
      "text" : "国立",
      "whiteSpace" : false
    }, {
      "id" : "s1-t16",
      "begin" : 84,
      "end" : 86,
      "text" : "公園",
      "whiteSpace" : false
    }, {
      "id" : "s1-t17",
      "begin" : 86,
      "end" : 87,
      "text" : "に",
      "whiteSpace" : false
    }, {
      "id" : "s1-t18",
      "begin" : 87,
      "end" : 89,
      "text" : "指定",
      "whiteSpace" : false
    }, {
      "id" : "s1-t19",
      "begin" : 89,
      "end" : 90,
      "text" : "さ",
      "whiteSpace" : false
    }, {
      "id" : "s1-t20",
      "begin" : 90,
      "end" : 92,
      "text" : "れて",
      "whiteSpace" : false
    }, {
      "id" : "s1-t21",
      "begin" : 92,
      "end" : 94,
      "text" : "いる",
      "whiteSpace" : false
    }, {
      "id" : "s1-t22",
      "begin" : 94,
      "end" : 95,
      "text" : "。",
      "whiteSpace" : false
    } ]
  }, {
    "id" : "s2",
    "begin" : 96,
    "end" : 167,
    "text" : "現在、17 軒の旅館・ホテルがあり、中心部を流れる荒川沿いに温泉街を形成しているほか、土湯峠に至る道筋や荒川源流域も数件の旅館が散在している。",
    "tokens" : [ {
      "id" : "s2-t0",
      "begin" : 96,
      "end" : 98,
      "text" : "現在",
      "whiteSpace" : false
    }, {
      "id" : "s2-t1",
      "begin" : 98,
      "end" : 99,
      "text" : "、",
      "whiteSpace" : false
    }, {
      "id" : "s2-t2",
      "begin" : 99,
      "end" : 101,
      "text" : "17",
      "whiteSpace" : false
    }, {
      "id" : "s2-t3",
      "begin" : 102,
      "end" : 103,
      "text" : "軒",
      "whiteSpace" : false
    }, {
      "id" : "s2-t4",
      "begin" : 103,
      "end" : 104,
      "text" : "の",
      "whiteSpace" : false
    }, {
      "id" : "s2-t5",
      "begin" : 104,
      "end" : 106,
      "text" : "旅館",
      "whiteSpace" : false
    }, {
      "id" : "s2-t6",
      "begin" : 106,
      "end" : 107,
      "text" : "・",
      "whiteSpace" : false
    }, {
      "id" : "s2-t7",
      "begin" : 107,
      "end" : 110,
      "text" : "ホテル",
      "whiteSpace" : false
    }, {
      "id" : "s2-t8",
      "begin" : 110,
      "end" : 111,
      "text" : "が",
      "whiteSpace" : false
    }, {
      "id" : "s2-t9",
      "begin" : 111,
      "end" : 113,
      "text" : "あり",
      "whiteSpace" : false
    }, {
      "id" : "s2-t10",
      "begin" : 113,
      "end" : 114,
      "text" : "、",
      "whiteSpace" : false
    }, {
      "id" : "s2-t11",
      "begin" : 114,
      "end" : 116,
      "text" : "中心",
      "whiteSpace" : false
    }, {
      "id" : "s2-t12",
      "begin" : 116,
      "end" : 117,
      "text" : "部",
      "whiteSpace" : false
    }, {
      "id" : "s2-t13",
      "begin" : 117,
      "end" : 118,
      "text" : "を",
      "whiteSpace" : false
    }, {
      "id" : "s2-t14",
      "begin" : 118,
      "end" : 121,
      "text" : "流れる",
      "whiteSpace" : false
    }, {
      "id" : "s2-t15",
      "begin" : 121,
      "end" : 123,
      "text" : "荒川",
      "whiteSpace" : false
    }, {
      "id" : "s2-t16",
      "begin" : 123,
      "end" : 125,
      "text" : "沿い",
      "whiteSpace" : false
    }, {
      "id" : "s2-t17",
      "begin" : 125,
      "end" : 126,
      "text" : "に",
      "whiteSpace" : false
    }, {
      "id" : "s2-t18",
      "begin" : 126,
      "end" : 128,
      "text" : "温泉",
      "whiteSpace" : false
    }, {
      "id" : "s2-t19",
      "begin" : 128,
      "end" : 129,
      "text" : "街",
      "whiteSpace" : false
    }, {
      "id" : "s2-t20",
      "begin" : 129,
      "end" : 130,
      "text" : "を",
      "whiteSpace" : false
    }, {
      "id" : "s2-t21",
      "begin" : 130,
      "end" : 132,
      "text" : "形成",
      "whiteSpace" : false
    }, {
      "id" : "s2-t22",
      "begin" : 132,
      "end" : 134,
      "text" : "して",
      "whiteSpace" : false
    }, {
      "id" : "s2-t23",
      "begin" : 134,
      "end" : 136,
      "text" : "いる",
      "whiteSpace" : false
    }, {
      "id" : "s2-t24",
      "begin" : 136,
      "end" : 138,
      "text" : "ほか",
      "whiteSpace" : false
    }, {
      "id" : "s2-t25",
      "begin" : 138,
      "end" : 139,
      "text" : "、",
      "whiteSpace" : false
    }, {
      "id" : "s2-t26",
      "begin" : 139,
      "end" : 141,
      "text" : "土湯",
      "whiteSpace" : false
    }, {
      "id" : "s2-t27",
      "begin" : 141,
      "end" : 142,
      "text" : "峠",
      "whiteSpace" : false
    }, {
      "id" : "s2-t28",
      "begin" : 142,
      "end" : 143,
      "text" : "に",
      "whiteSpace" : false
    }, {
      "id" : "s2-t29",
      "begin" : 143,
      "end" : 145,
      "text" : "至る",
      "whiteSpace" : false
    }, {
      "id" : "s2-t30",
      "begin" : 145,
      "end" : 147,
      "text" : "道筋",
      "whiteSpace" : false
    }, {
      "id" : "s2-t31",
      "begin" : 147,
      "end" : 148,
      "text" : "や",
      "whiteSpace" : false
    }, {
      "id" : "s2-t32",
      "begin" : 148,
      "end" : 150,
      "text" : "荒川",
      "whiteSpace" : false
    }, {
      "id" : "s2-t33",
      "begin" : 150,
      "end" : 151,
      "text" : "源",
      "whiteSpace" : false
    }, {
      "id" : "s2-t34",
      "begin" : 151,
      "end" : 153,
      "text" : "流域",
      "whiteSpace" : false
    }, {
      "id" : "s2-t35",
      "begin" : 153,
      "end" : 154,
      "text" : "も",
      "whiteSpace" : false
    }, {
      "id" : "s2-t36",
      "begin" : 154,
      "end" : 155,
      "text" : "数",
      "whiteSpace" : false
    }, {
      "id" : "s2-t37",
      "begin" : 155,
      "end" : 156,
      "text" : "件",
      "whiteSpace" : false
    }, {
      "id" : "s2-t38",
      "begin" : 156,
      "end" : 157,
      "text" : "の",
      "whiteSpace" : false
    }, {
      "id" : "s2-t39",
      "begin" : 157,
      "end" : 159,
      "text" : "旅館",
      "whiteSpace" : false
    }, {
      "id" : "s2-t40",
      "begin" : 159,
      "end" : 160,
      "text" : "が",
      "whiteSpace" : false
    }, {
      "id" : "s2-t41",
      "begin" : 160,
      "end" : 162,
      "text" : "散在",
      "whiteSpace" : false
    }, {
      "id" : "s2-t42",
      "begin" : 162,
      "end" : 164,
      "text" : "して",
      "whiteSpace" : false
    }, {
      "id" : "s2-t43",
      "begin" : 164,
      "end" : 166,
      "text" : "いる",
      "whiteSpace" : false
    }, {
      "id" : "s2-t44",
      "begin" : 166,
      "end" : 167,
      "text" : "。",
      "whiteSpace" : false
    } ]
  }, {
    "id" : "s3",
    "begin" : 168,
    "end" : 243,
    "text" : "気候は、福島市の平野部と比較するとやや冷涼であり、夏期は涼しく、冬期の積雪は 40ｃｍ程度と比較的多く、１年を通じた平均気温は約 10 度前後である。",
    "tokens" : [ {
      "id" : "s3-t0",
      "begin" : 168,
      "end" : 170,
      "text" : "気候",
      "whiteSpace" : false
    }, {
      "id" : "s3-t1",
      "begin" : 170,
      "end" : 171,
      "text" : "は",
      "whiteSpace" : false
    }, {
      "id" : "s3-t2",
      "begin" : 171,
      "end" : 172,
      "text" : "、",
      "whiteSpace" : false
    }, {
      "id" : "s3-t3",
      "begin" : 172,
      "end" : 174,
      "text" : "福島",
      "whiteSpace" : false
    }, {
      "id" : "s3-t4",
      "begin" : 174,
      "end" : 175,
      "text" : "市",
      "whiteSpace" : false
    }, {
      "id" : "s3-t5",
      "begin" : 175,
      "end" : 176,
      "text" : "の",
      "whiteSpace" : false
    }, {
      "id" : "s3-t6",
      "begin" : 176,
      "end" : 178,
      "text" : "平野",
      "whiteSpace" : false
    }, {
      "id" : "s3-t7",
      "begin" : 178,
      "end" : 179,
      "text" : "部",
      "whiteSpace" : false
    }, {
      "id" : "s3-t8",
      "begin" : 179,
      "end" : 180,
      "text" : "と",
      "whiteSpace" : false
    }, {
      "id" : "s3-t9",
      "begin" : 180,
      "end" : 182,
      "text" : "比較",
      "whiteSpace" : false
    }, {
      "id" : "s3-t10",
      "begin" : 182,
      "end" : 184,
      "text" : "する",
      "whiteSpace" : false
    }, {
      "id" : "s3-t11",
      "begin" : 184,
      "end" : 185,
      "text" : "と",
      "whiteSpace" : false
    }, {
      "id" : "s3-t12",
      "begin" : 185,
      "end" : 187,
      "text" : "やや",
      "whiteSpace" : false
    }, {
      "id" : "s3-t13",
      "begin" : 187,
      "end" : 189,
      "text" : "冷涼",
      "whiteSpace" : false
    }, {
      "id" : "s3-t14",
      "begin" : 189,
      "end" : 192,
      "text" : "であり",
      "whiteSpace" : false
    }, {
      "id" : "s3-t15",
      "begin" : 192,
      "end" : 193,
      "text" : "、",
      "whiteSpace" : false
    }, {
      "id" : "s3-t16",
      "begin" : 193,
      "end" : 195,
      "text" : "夏期",
      "whiteSpace" : false
    }, {
      "id" : "s3-t17",
      "begin" : 195,
      "end" : 196,
      "text" : "は",
      "whiteSpace" : false
    }, {
      "id" : "s3-t18",
      "begin" : 196,
      "end" : 199,
      "text" : "涼しく",
      "whiteSpace" : false
    }, {
      "id" : "s3-t19",
      "begin" : 199,
      "end" : 200,
      "text" : "、",
      "whiteSpace" : false
    }, {
      "id" : "s3-t20",
      "begin" : 200,
      "end" : 202,
      "text" : "冬期",
      "whiteSpace" : false
    }, {
      "id" : "s3-t21",
      "begin" : 202,
      "end" : 203,
      "text" : "の",
      "whiteSpace" : false
    }, {
      "id" : "s3-t22",
      "begin" : 203,
      "end" : 205,
      "text" : "積雪",
      "whiteSpace" : false
    }, {
      "id" : "s3-t23",
      "begin" : 205,
      "end" : 206,
      "text" : "は",
      "whiteSpace" : false
    }, {
      "id" : "s3-t24",
      "begin" : 207,
      "end" : 211,
      "text" : "40ｃｍ",
      "whiteSpace" : false
    }, {
      "id" : "s3-t25",
      "begin" : 211,
      "end" : 213,
      "text" : "程度",
      "whiteSpace" : false
    }, {
      "id" : "s3-t26",
      "begin" : 213,
      "end" : 214,
      "text" : "と",
      "whiteSpace" : false
    }, {
      "id" : "s3-t27",
      "begin" : 214,
      "end" : 217,
      "text" : "比較的",
      "whiteSpace" : false
    }, {
      "id" : "s3-t28",
      "begin" : 217,
      "end" : 219,
      "text" : "多く",
      "whiteSpace" : false
    }, {
      "id" : "s3-t29",
      "begin" : 219,
      "end" : 220,
      "text" : "、",
      "whiteSpace" : false
    }, {
      "id" : "s3-t30",
      "begin" : 220,
      "end" : 221,
      "text" : "１",
      "whiteSpace" : false
    }, {
      "id" : "s3-t31",
      "begin" : 221,
      "end" : 222,
      "text" : "年",
      "whiteSpace" : false
    }, {
      "id" : "s3-t32",
      "begin" : 222,
      "end" : 223,
      "text" : "を",
      "whiteSpace" : false
    }, {
      "id" : "s3-t33",
      "begin" : 223,
      "end" : 226,
      "text" : "通じた",
      "whiteSpace" : false
    }, {
      "id" : "s3-t34",
      "begin" : 226,
      "end" : 228,
      "text" : "平均",
      "whiteSpace" : false
    }, {
      "id" : "s3-t35",
      "begin" : 228,
      "end" : 230,
      "text" : "気温",
      "whiteSpace" : false
    }, {
      "id" : "s3-t36",
      "begin" : 230,
      "end" : 231,
      "text" : "は",
      "whiteSpace" : false
    }, {
      "id" : "s3-t37",
      "begin" : 231,
      "end" : 232,
      "text" : "約",
      "whiteSpace" : false
    }, {
      "id" : "s3-t38",
      "begin" : 233,
      "end" : 235,
      "text" : "10",
      "whiteSpace" : false
    }, {
      "id" : "s3-t39",
      "begin" : 236,
      "end" : 237,
      "text" : "度",
      "whiteSpace" : false
    }, {
      "id" : "s3-t40",
      "begin" : 237,
      "end" : 239,
      "text" : "前後",
      "whiteSpace" : false
    }, {
      "id" : "s3-t41",
      "begin" : 239,
      "end" : 242,
      "text" : "である",
      "whiteSpace" : false
    }, {
      "id" : "s3-t42",
      "begin" : 242,
      "end" : 243,
      "text" : "。",
      "whiteSpace" : false
    } ]
  }, {
    "id" : "s4",
    "begin" : 244,
    "end" : 373,
    "text" : "土湯温泉で最も湯量の多い源泉群は、土湯温泉街から約２ｋｍの山深い荒川の源流沿いにあり、地中から 130 度前後の蒸気と熱水が噴出し、天然の湧き水を加え、まろやかな肌触りになった温泉が、毎分約 1,400 リットル、24 時間絶え間なく温泉街に供給されている。",
    "tokens" : [ {
      "id" : "s4-t0",
      "begin" : 244,
      "end" : 246,
      "text" : "土湯",
      "whiteSpace" : false
    }, {
      "id" : "s4-t1",
      "begin" : 246,
      "end" : 248,
      "text" : "温泉",
      "whiteSpace" : false
    }, {
      "id" : "s4-t2",
      "begin" : 248,
      "end" : 249,
      "text" : "で",
      "whiteSpace" : false
    }, {
      "id" : "s4-t3",
      "begin" : 249,
      "end" : 251,
      "text" : "最も",
      "whiteSpace" : false
    }, {
      "id" : "s4-t4",
      "begin" : 251,
      "end" : 253,
      "text" : "湯量",
      "whiteSpace" : false
    }, {
      "id" : "s4-t5",
      "begin" : 253,
      "end" : 254,
      "text" : "の",
      "whiteSpace" : false
    }, {
      "id" : "s4-t6",
      "begin" : 254,
      "end" : 256,
      "text" : "多い",
      "whiteSpace" : false
    }, {
      "id" : "s4-t7",
      "begin" : 256,
      "end" : 258,
      "text" : "源泉",
      "whiteSpace" : false
    }, {
      "id" : "s4-t8",
      "begin" : 258,
      "end" : 259,
      "text" : "群",
      "whiteSpace" : false
    }, {
      "id" : "s4-t9",
      "begin" : 259,
      "end" : 260,
      "text" : "は",
      "whiteSpace" : false
    }, {
      "id" : "s4-t10",
      "begin" : 260,
      "end" : 261,
      "text" : "、",
      "whiteSpace" : false
    }, {
      "id" : "s4-t11",
      "begin" : 261,
      "end" : 263,
      "text" : "土湯",
      "whiteSpace" : false
    }, {
      "id" : "s4-t12",
      "begin" : 263,
      "end" : 265,
      "text" : "温泉",
      "whiteSpace" : false
    }, {
      "id" : "s4-t13",
      "begin" : 265,
      "end" : 266,
      "text" : "街",
      "whiteSpace" : false
    }, {
      "id" : "s4-t14",
      "begin" : 266,
      "end" : 268,
      "text" : "から",
      "whiteSpace" : false
    }, {
      "id" : "s4-t15",
      "begin" : 268,
      "end" : 269,
      "text" : "約",
      "whiteSpace" : false
    }, {
      "id" : "s4-t16",
      "begin" : 269,
      "end" : 272,
      "text" : "２ｋｍ",
      "whiteSpace" : false
    }, {
      "id" : "s4-t17",
      "begin" : 272,
      "end" : 273,
      "text" : "の",
      "whiteSpace" : false
    }, {
      "id" : "s4-t18",
      "begin" : 273,
      "end" : 276,
      "text" : "山深い",
      "whiteSpace" : false
    }, {
      "id" : "s4-t19",
      "begin" : 276,
      "end" : 278,
      "text" : "荒川",
      "whiteSpace" : false
    }, {
      "id" : "s4-t20",
      "begin" : 278,
      "end" : 279,
      "text" : "の",
      "whiteSpace" : false
    }, {
      "id" : "s4-t21",
      "begin" : 279,
      "end" : 281,
      "text" : "源流",
      "whiteSpace" : false
    }, {
      "id" : "s4-t22",
      "begin" : 281,
      "end" : 283,
      "text" : "沿い",
      "whiteSpace" : false
    }, {
      "id" : "s4-t23",
      "begin" : 283,
      "end" : 284,
      "text" : "に",
      "whiteSpace" : false
    }, {
      "id" : "s4-t24",
      "begin" : 284,
      "end" : 286,
      "text" : "あり",
      "whiteSpace" : false
    }, {
      "id" : "s4-t25",
      "begin" : 286,
      "end" : 287,
      "text" : "、",
      "whiteSpace" : false
    }, {
      "id" : "s4-t26",
      "begin" : 287,
      "end" : 289,
      "text" : "地中",
      "whiteSpace" : false
    }, {
      "id" : "s4-t27",
      "begin" : 289,
      "end" : 291,
      "text" : "から",
      "whiteSpace" : false
    }, {
      "id" : "s4-t28",
      "begin" : 292,
      "end" : 295,
      "text" : "130",
      "whiteSpace" : false
    }, {
      "id" : "s4-t29",
      "begin" : 296,
      "end" : 297,
      "text" : "度",
      "whiteSpace" : false
    }, {
      "id" : "s4-t30",
      "begin" : 297,
      "end" : 299,
      "text" : "前後",
      "whiteSpace" : false
    }, {
      "id" : "s4-t31",
      "begin" : 299,
      "end" : 300,
      "text" : "の",
      "whiteSpace" : false
    }, {
      "id" : "s4-t32",
      "begin" : 300,
      "end" : 302,
      "text" : "蒸気",
      "whiteSpace" : false
    }, {
      "id" : "s4-t33",
      "begin" : 302,
      "end" : 303,
      "text" : "と",
      "whiteSpace" : false
    }, {
      "id" : "s4-t34",
      "begin" : 303,
      "end" : 305,
      "text" : "熱水",
      "whiteSpace" : false
    }, {
      "id" : "s4-t35",
      "begin" : 305,
      "end" : 306,
      "text" : "が",
      "whiteSpace" : false
    }, {
      "id" : "s4-t36",
      "begin" : 306,
      "end" : 308,
      "text" : "噴出",
      "whiteSpace" : false
    }, {
      "id" : "s4-t37",
      "begin" : 308,
      "end" : 309,
      "text" : "し",
      "whiteSpace" : false
    }, {
      "id" : "s4-t38",
      "begin" : 309,
      "end" : 310,
      "text" : "、",
      "whiteSpace" : false
    }, {
      "id" : "s4-t39",
      "begin" : 310,
      "end" : 312,
      "text" : "天然",
      "whiteSpace" : false
    }, {
      "id" : "s4-t40",
      "begin" : 312,
      "end" : 313,
      "text" : "の",
      "whiteSpace" : false
    }, {
      "id" : "s4-t41",
      "begin" : 313,
      "end" : 315,
      "text" : "湧き",
      "whiteSpace" : false
    }, {
      "id" : "s4-t42",
      "begin" : 315,
      "end" : 316,
      "text" : "水",
      "whiteSpace" : false
    }, {
      "id" : "s4-t43",
      "begin" : 316,
      "end" : 317,
      "text" : "を",
      "whiteSpace" : false
    }, {
      "id" : "s4-t44",
      "begin" : 317,
      "end" : 319,
      "text" : "加え",
      "whiteSpace" : false
    }, {
      "id" : "s4-t45",
      "begin" : 319,
      "end" : 320,
      "text" : "、",
      "whiteSpace" : false
    }, {
      "id" : "s4-t46",
      "begin" : 320,
      "end" : 325,
      "text" : "まろやかな",
      "whiteSpace" : false
    }, {
      "id" : "s4-t47",
      "begin" : 325,
      "end" : 328,
      "text" : "肌触り",
      "whiteSpace" : false
    }, {
      "id" : "s4-t48",
      "begin" : 328,
      "end" : 329,
      "text" : "に",
      "whiteSpace" : false
    }, {
      "id" : "s4-t49",
      "begin" : 329,
      "end" : 332,
      "text" : "なった",
      "whiteSpace" : false
    }, {
      "id" : "s4-t50",
      "begin" : 332,
      "end" : 334,
      "text" : "温泉",
      "whiteSpace" : false
    }, {
      "id" : "s4-t51",
      "begin" : 334,
      "end" : 335,
      "text" : "が",
      "whiteSpace" : false
    }, {
      "id" : "s4-t52",
      "begin" : 335,
      "end" : 336,
      "text" : "、",
      "whiteSpace" : false
    }, {
      "id" : "s4-t53",
      "begin" : 336,
      "end" : 338,
      "text" : "毎分",
      "whiteSpace" : false
    }, {
      "id" : "s4-t54",
      "begin" : 338,
      "end" : 339,
      "text" : "約",
      "whiteSpace" : false
    }, {
      "id" : "s4-t55",
      "begin" : 340,
      "end" : 345,
      "text" : "1,400",
      "whiteSpace" : false
    }, {
      "id" : "s4-t56",
      "begin" : 346,
      "end" : 350,
      "text" : "リットル",
      "whiteSpace" : false
    }, {
      "id" : "s4-t57",
      "begin" : 350,
      "end" : 351,
      "text" : "、",
      "whiteSpace" : false
    }, {
      "id" : "s4-t58",
      "begin" : 351,
      "end" : 353,
      "text" : "24",
      "whiteSpace" : false
    }, {
      "id" : "s4-t59",
      "begin" : 354,
      "end" : 356,
      "text" : "時間",
      "whiteSpace" : false
    }, {
      "id" : "s4-t60",
      "begin" : 356,
      "end" : 359,
      "text" : "絶え間",
      "whiteSpace" : false
    }, {
      "id" : "s4-t61",
      "begin" : 359,
      "end" : 361,
      "text" : "なく",
      "whiteSpace" : false
    }, {
      "id" : "s4-t62",
      "begin" : 361,
      "end" : 363,
      "text" : "温泉",
      "whiteSpace" : false
    }, {
      "id" : "s4-t63",
      "begin" : 363,
      "end" : 364,
      "text" : "街",
      "whiteSpace" : false
    }, {
      "id" : "s4-t64",
      "begin" : 364,
      "end" : 365,
      "text" : "に",
      "whiteSpace" : false
    }, {
      "id" : "s4-t65",
      "begin" : 365,
      "end" : 367,
      "text" : "供給",
      "whiteSpace" : false
    }, {
      "id" : "s4-t66",
      "begin" : 367,
      "end" : 368,
      "text" : "さ",
      "whiteSpace" : false
    }, {
      "id" : "s4-t67",
      "begin" : 368,
      "end" : 370,
      "text" : "れて",
      "whiteSpace" : false
    }, {
      "id" : "s4-t68",
      "begin" : 370,
      "end" : 372,
      "text" : "いる",
      "whiteSpace" : false
    }, {
      "id" : "s4-t69",
      "begin" : 372,
      "end" : 373,
      "text" : "。",
      "whiteSpace" : false
    } ]
  }, {
    "id" : "s5",
    "begin" : 374,
    "end" : 443,
    "text" : "泉質は、無色透明の単純温泉で、刺激の少ない弱アルカリ性温泉だが、ほかにも硫黄泉や炭酸水素塩泉などの泉質を持つ独自の源泉が湧出する宿もある。",
    "tokens" : [ {
      "id" : "s5-t0",
      "begin" : 374,
      "end" : 376,
      "text" : "泉質",
      "whiteSpace" : false
    }, {
      "id" : "s5-t1",
      "begin" : 376,
      "end" : 377,
      "text" : "は",
      "whiteSpace" : false
    }, {
      "id" : "s5-t2",
      "begin" : 377,
      "end" : 378,
      "text" : "、",
      "whiteSpace" : false
    }, {
      "id" : "s5-t3",
      "begin" : 378,
      "end" : 380,
      "text" : "無色",
      "whiteSpace" : false
    }, {
      "id" : "s5-t4",
      "begin" : 380,
      "end" : 382,
      "text" : "透明",
      "whiteSpace" : false
    }, {
      "id" : "s5-t5",
      "begin" : 382,
      "end" : 383,
      "text" : "の",
      "whiteSpace" : false
    }, {
      "id" : "s5-t6",
      "begin" : 383,
      "end" : 385,
      "text" : "単純",
      "whiteSpace" : false
    }, {
      "id" : "s5-t7",
      "begin" : 385,
      "end" : 387,
      "text" : "温泉",
      "whiteSpace" : false
    }, {
      "id" : "s5-t8",
      "begin" : 387,
      "end" : 388,
      "text" : "で",
      "whiteSpace" : false
    }, {
      "id" : "s5-t9",
      "begin" : 388,
      "end" : 389,
      "text" : "、",
      "whiteSpace" : false
    }, {
      "id" : "s5-t10",
      "begin" : 389,
      "end" : 391,
      "text" : "刺激",
      "whiteSpace" : false
    }, {
      "id" : "s5-t11",
      "begin" : 391,
      "end" : 392,
      "text" : "の",
      "whiteSpace" : false
    }, {
      "id" : "s5-t12",
      "begin" : 392,
      "end" : 395,
      "text" : "少ない",
      "whiteSpace" : false
    }, {
      "id" : "s5-t13",
      "begin" : 395,
      "end" : 396,
      "text" : "弱",
      "whiteSpace" : false
    }, {
      "id" : "s5-t14",
      "begin" : 396,
      "end" : 400,
      "text" : "アルカリ",
      "whiteSpace" : false
    }, {
      "id" : "s5-t15",
      "begin" : 400,
      "end" : 401,
      "text" : "性",
      "whiteSpace" : false
    }, {
      "id" : "s5-t16",
      "begin" : 401,
      "end" : 403,
      "text" : "温泉",
      "whiteSpace" : false
    }, {
      "id" : "s5-t17",
      "begin" : 403,
      "end" : 404,
      "text" : "だ",
      "whiteSpace" : false
    }, {
      "id" : "s5-t18",
      "begin" : 404,
      "end" : 405,
      "text" : "が",
      "whiteSpace" : false
    }, {
      "id" : "s5-t19",
      "begin" : 405,
      "end" : 406,
      "text" : "、",
      "whiteSpace" : false
    }, {
      "id" : "s5-t20",
      "begin" : 406,
      "end" : 408,
      "text" : "ほか",
      "whiteSpace" : false
    }, {
      "id" : "s5-t21",
      "begin" : 408,
      "end" : 409,
      "text" : "に",
      "whiteSpace" : false
    }, {
      "id" : "s5-t22",
      "begin" : 409,
      "end" : 410,
      "text" : "も",
      "whiteSpace" : false
    }, {
      "id" : "s5-t23",
      "begin" : 410,
      "end" : 412,
      "text" : "硫黄",
      "whiteSpace" : false
    }, {
      "id" : "s5-t24",
      "begin" : 412,
      "end" : 413,
      "text" : "泉",
      "whiteSpace" : false
    }, {
      "id" : "s5-t25",
      "begin" : 413,
      "end" : 414,
      "text" : "や",
      "whiteSpace" : false
    }, {
      "id" : "s5-t26",
      "begin" : 414,
      "end" : 416,
      "text" : "炭酸",
      "whiteSpace" : false
    }, {
      "id" : "s5-t27",
      "begin" : 416,
      "end" : 418,
      "text" : "水素",
      "whiteSpace" : false
    }, {
      "id" : "s5-t28",
      "begin" : 418,
      "end" : 420,
      "text" : "塩泉",
      "whiteSpace" : false
    }, {
      "id" : "s5-t29",
      "begin" : 420,
      "end" : 422,
      "text" : "など",
      "whiteSpace" : false
    }, {
      "id" : "s5-t30",
      "begin" : 422,
      "end" : 423,
      "text" : "の",
      "whiteSpace" : false
    }, {
      "id" : "s5-t31",
      "begin" : 423,
      "end" : 425,
      "text" : "泉質",
      "whiteSpace" : false
    }, {
      "id" : "s5-t32",
      "begin" : 425,
      "end" : 426,
      "text" : "を",
      "whiteSpace" : false
    }, {
      "id" : "s5-t33",
      "begin" : 426,
      "end" : 428,
      "text" : "持つ",
      "whiteSpace" : false
    }, {
      "id" : "s5-t34",
      "begin" : 428,
      "end" : 431,
      "text" : "独自の",
      "whiteSpace" : false
    }, {
      "id" : "s5-t35",
      "begin" : 431,
      "end" : 433,
      "text" : "源泉",
      "whiteSpace" : false
    }, {
      "id" : "s5-t36",
      "begin" : 433,
      "end" : 434,
      "text" : "が",
      "whiteSpace" : false
    }, {
      "id" : "s5-t37",
      "begin" : 434,
      "end" : 436,
      "text" : "湧出",
      "whiteSpace" : false
    }, {
      "id" : "s5-t38",
      "begin" : 436,
      "end" : 438,
      "text" : "する",
      "whiteSpace" : false
    }, {
      "id" : "s5-t39",
      "begin" : 438,
      "end" : 439,
      "text" : "宿",
      "whiteSpace" : false
    }, {
      "id" : "s5-t40",
      "begin" : 439,
      "end" : 440,
      "text" : "も",
      "whiteSpace" : false
    }, {
      "id" : "s5-t41",
      "begin" : 440,
      "end" : 442,
      "text" : "ある",
      "whiteSpace" : false
    }, {
      "id" : "s5-t42",
      "begin" : 442,
      "end" : 443,
      "text" : "。",
      "whiteSpace" : false
    } ]
  }, {
    "id" : "s6",
    "begin" : 444,
    "end" : 514,
    "text" : "また、土湯温泉では、東日本大震災からの復興再生のため、小水力発電やバイナリー発電を通じ、再生可能エネルギーによる地域おこしに取り組んでいる。",
    "tokens" : [ {
      "id" : "s6-t0",
      "begin" : 444,
      "end" : 446,
      "text" : "また",
      "whiteSpace" : false
    }, {
      "id" : "s6-t1",
      "begin" : 446,
      "end" : 447,
      "text" : "、",
      "whiteSpace" : false
    }, {
      "id" : "s6-t2",
      "begin" : 447,
      "end" : 449,
      "text" : "土湯",
      "whiteSpace" : false
    }, {
      "id" : "s6-t3",
      "begin" : 449,
      "end" : 451,
      "text" : "温泉",
      "whiteSpace" : false
    }, {
      "id" : "s6-t4",
      "begin" : 451,
      "end" : 452,
      "text" : "で",
      "whiteSpace" : false
    }, {
      "id" : "s6-t5",
      "begin" : 452,
      "end" : 453,
      "text" : "は",
      "whiteSpace" : false
    }, {
      "id" : "s6-t6",
      "begin" : 453,
      "end" : 454,
      "text" : "、",
      "whiteSpace" : false
    }, {
      "id" : "s6-t7",
      "begin" : 454,
      "end" : 455,
      "text" : "東",
      "whiteSpace" : false
    }, {
      "id" : "s6-t8",
      "begin" : 455,
      "end" : 457,
      "text" : "日本",
      "whiteSpace" : false
    }, {
      "id" : "s6-t9",
      "begin" : 457,
      "end" : 458,
      "text" : "大",
      "whiteSpace" : false
    }, {
      "id" : "s6-t10",
      "begin" : 458,
      "end" : 460,
      "text" : "震災",
      "whiteSpace" : false
    }, {
      "id" : "s6-t11",
      "begin" : 460,
      "end" : 462,
      "text" : "から",
      "whiteSpace" : false
    }, {
      "id" : "s6-t12",
      "begin" : 462,
      "end" : 463,
      "text" : "の",
      "whiteSpace" : false
    }, {
      "id" : "s6-t13",
      "begin" : 463,
      "end" : 465,
      "text" : "復興",
      "whiteSpace" : false
    }, {
      "id" : "s6-t14",
      "begin" : 465,
      "end" : 467,
      "text" : "再生",
      "whiteSpace" : false
    }, {
      "id" : "s6-t15",
      "begin" : 467,
      "end" : 468,
      "text" : "の",
      "whiteSpace" : false
    }, {
      "id" : "s6-t16",
      "begin" : 468,
      "end" : 470,
      "text" : "ため",
      "whiteSpace" : false
    }, {
      "id" : "s6-t17",
      "begin" : 470,
      "end" : 471,
      "text" : "、",
      "whiteSpace" : false
    }, {
      "id" : "s6-t18",
      "begin" : 471,
      "end" : 472,
      "text" : "小",
      "whiteSpace" : false
    }, {
      "id" : "s6-t19",
      "begin" : 472,
      "end" : 474,
      "text" : "水力",
      "whiteSpace" : false
    }, {
      "id" : "s6-t20",
      "begin" : 474,
      "end" : 476,
      "text" : "発電",
      "whiteSpace" : false
    }, {
      "id" : "s6-t21",
      "begin" : 476,
      "end" : 477,
      "text" : "や",
      "whiteSpace" : false
    }, {
      "id" : "s6-t22",
      "begin" : 477,
      "end" : 482,
      "text" : "バイナリー",
      "whiteSpace" : false
    }, {
      "id" : "s6-t23",
      "begin" : 482,
      "end" : 484,
      "text" : "発電",
      "whiteSpace" : false
    }, {
      "id" : "s6-t24",
      "begin" : 484,
      "end" : 485,
      "text" : "を",
      "whiteSpace" : false
    }, {
      "id" : "s6-t25",
      "begin" : 485,
      "end" : 487,
      "text" : "通じ",
      "whiteSpace" : false
    }, {
      "id" : "s6-t26",
      "begin" : 487,
      "end" : 488,
      "text" : "、",
      "whiteSpace" : false
    }, {
      "id" : "s6-t27",
      "begin" : 488,
      "end" : 490,
      "text" : "再生",
      "whiteSpace" : false
    }, {
      "id" : "s6-t28",
      "begin" : 490,
      "end" : 492,
      "text" : "可能",
      "whiteSpace" : false
    }, {
      "id" : "s6-t29",
      "begin" : 492,
      "end" : 497,
      "text" : "エネルギー",
      "whiteSpace" : false
    }, {
      "id" : "s6-t30",
      "begin" : 497,
      "end" : 498,
      "text" : "に",
      "whiteSpace" : false
    }, {
      "id" : "s6-t31",
      "begin" : 498,
      "end" : 500,
      "text" : "よる",
      "whiteSpace" : false
    }, {
      "id" : "s6-t32",
      "begin" : 500,
      "end" : 502,
      "text" : "地域",
      "whiteSpace" : false
    }, {
      "id" : "s6-t33",
      "begin" : 502,
      "end" : 505,
      "text" : "おこし",
      "whiteSpace" : false
    }, {
      "id" : "s6-t34",
      "begin" : 505,
      "end" : 506,
      "text" : "に",
      "whiteSpace" : false
    }, {
      "id" : "s6-t35",
      "begin" : 506,
      "end" : 511,
      "text" : "取り組んで",
      "whiteSpace" : false
    }, {
      "id" : "s6-t36",
      "begin" : 511,
      "end" : 513,
      "text" : "いる",
      "whiteSpace" : false
    }, {
      "id" : "s6-t37",
      "begin" : 513,
      "end" : 514,
      "text" : "。",
      "whiteSpace" : false
    } ]
  }, {
    "id" : "s7",
    "begin" : 514,
    "end" : 613,
    "text" : "平成 27 年11 月に稼働したバイナリー発電施設は、既存の 16 号源泉を活用して発電しているが、温泉水の成分は損なわず、発電後も使えるなど、持続可能な温泉地としての新たな魅力創出に貢献している。",
    "tokens" : [ {
      "id" : "s7-t0",
      "begin" : 514,
      "end" : 516,
      "text" : "平成",
      "whiteSpace" : false
    }, {
      "id" : "s7-t1",
      "begin" : 517,
      "end" : 519,
      "text" : "27",
      "whiteSpace" : false
    }, {
      "id" : "s7-t2",
      "begin" : 520,
      "end" : 521,
      "text" : "年",
      "whiteSpace" : false
    }, {
      "id" : "s7-t3",
      "begin" : 521,
      "end" : 523,
      "text" : "11",
      "whiteSpace" : false
    }, {
      "id" : "s7-t4",
      "begin" : 524,
      "end" : 525,
      "text" : "月",
      "whiteSpace" : false
    }, {
      "id" : "s7-t5",
      "begin" : 525,
      "end" : 526,
      "text" : "に",
      "whiteSpace" : false
    }, {
      "id" : "s7-t6",
      "begin" : 526,
      "end" : 528,
      "text" : "稼働",
      "whiteSpace" : false
    }, {
      "id" : "s7-t7",
      "begin" : 528,
      "end" : 530,
      "text" : "した",
      "whiteSpace" : false
    }, {
      "id" : "s7-t8",
      "begin" : 530,
      "end" : 535,
      "text" : "バイナリー",
      "whiteSpace" : false
    }, {
      "id" : "s7-t9",
      "begin" : 535,
      "end" : 537,
      "text" : "発電",
      "whiteSpace" : false
    }, {
      "id" : "s7-t10",
      "begin" : 537,
      "end" : 539,
      "text" : "施設",
      "whiteSpace" : false
    }, {
      "id" : "s7-t11",
      "begin" : 539,
      "end" : 540,
      "text" : "は",
      "whiteSpace" : false
    }, {
      "id" : "s7-t12",
      "begin" : 540,
      "end" : 541,
      "text" : "、",
      "whiteSpace" : false
    }, {
      "id" : "s7-t13",
      "begin" : 541,
      "end" : 543,
      "text" : "既存",
      "whiteSpace" : false
    }, {
      "id" : "s7-t14",
      "begin" : 543,
      "end" : 544,
      "text" : "の",
      "whiteSpace" : false
    }, {
      "id" : "s7-t15",
      "begin" : 545,
      "end" : 547,
      "text" : "16",
      "whiteSpace" : false
    }, {
      "id" : "s7-t16",
      "begin" : 548,
      "end" : 549,
      "text" : "号",
      "whiteSpace" : false
    }, {
      "id" : "s7-t17",
      "begin" : 549,
      "end" : 551,
      "text" : "源泉",
      "whiteSpace" : false
    }, {
      "id" : "s7-t18",
      "begin" : 551,
      "end" : 552,
      "text" : "を",
      "whiteSpace" : false
    }, {
      "id" : "s7-t19",
      "begin" : 552,
      "end" : 554,
      "text" : "活用",
      "whiteSpace" : false
    }, {
      "id" : "s7-t20",
      "begin" : 554,
      "end" : 556,
      "text" : "して",
      "whiteSpace" : false
    }, {
      "id" : "s7-t21",
      "begin" : 556,
      "end" : 558,
      "text" : "発電",
      "whiteSpace" : false
    }, {
      "id" : "s7-t22",
      "begin" : 558,
      "end" : 560,
      "text" : "して",
      "whiteSpace" : false
    }, {
      "id" : "s7-t23",
      "begin" : 560,
      "end" : 562,
      "text" : "いる",
      "whiteSpace" : false
    }, {
      "id" : "s7-t24",
      "begin" : 562,
      "end" : 563,
      "text" : "が",
      "whiteSpace" : false
    }, {
      "id" : "s7-t25",
      "begin" : 563,
      "end" : 564,
      "text" : "、",
      "whiteSpace" : false
    }, {
      "id" : "s7-t26",
      "begin" : 564,
      "end" : 566,
      "text" : "温泉",
      "whiteSpace" : false
    }, {
      "id" : "s7-t27",
      "begin" : 566,
      "end" : 567,
      "text" : "水",
      "whiteSpace" : false
    }, {
      "id" : "s7-t28",
      "begin" : 567,
      "end" : 568,
      "text" : "の",
      "whiteSpace" : false
    }, {
      "id" : "s7-t29",
      "begin" : 568,
      "end" : 570,
      "text" : "成分",
      "whiteSpace" : false
    }, {
      "id" : "s7-t30",
      "begin" : 570,
      "end" : 571,
      "text" : "は",
      "whiteSpace" : false
    }, {
      "id" : "s7-t31",
      "begin" : 571,
      "end" : 574,
      "text" : "損なわ",
      "whiteSpace" : false
    }, {
      "id" : "s7-t32",
      "begin" : 574,
      "end" : 575,
      "text" : "ず",
      "whiteSpace" : false
    }, {
      "id" : "s7-t33",
      "begin" : 575,
      "end" : 576,
      "text" : "、",
      "whiteSpace" : false
    }, {
      "id" : "s7-t34",
      "begin" : 576,
      "end" : 578,
      "text" : "発電",
      "whiteSpace" : false
    }, {
      "id" : "s7-t35",
      "begin" : 578,
      "end" : 579,
      "text" : "後",
      "whiteSpace" : false
    }, {
      "id" : "s7-t36",
      "begin" : 579,
      "end" : 580,
      "text" : "も",
      "whiteSpace" : false
    }, {
      "id" : "s7-t37",
      "begin" : 580,
      "end" : 583,
      "text" : "使える",
      "whiteSpace" : false
    }, {
      "id" : "s7-t38",
      "begin" : 583,
      "end" : 585,
      "text" : "など",
      "whiteSpace" : false
    }, {
      "id" : "s7-t39",
      "begin" : 585,
      "end" : 586,
      "text" : "、",
      "whiteSpace" : false
    }, {
      "id" : "s7-t40",
      "begin" : 586,
      "end" : 588,
      "text" : "持続",
      "whiteSpace" : false
    }, {
      "id" : "s7-t41",
      "begin" : 588,
      "end" : 591,
      "text" : "可能な",
      "whiteSpace" : false
    }, {
      "id" : "s7-t42",
      "begin" : 591,
      "end" : 593,
      "text" : "温泉",
      "whiteSpace" : false
    }, {
      "id" : "s7-t43",
      "begin" : 593,
      "end" : 594,
      "text" : "地",
      "whiteSpace" : false
    }, {
      "id" : "s7-t44",
      "begin" : 594,
      "end" : 595,
      "text" : "と",
      "whiteSpace" : false
    }, {
      "id" : "s7-t45",
      "begin" : 595,
      "end" : 597,
      "text" : "して",
      "whiteSpace" : false
    }, {
      "id" : "s7-t46",
      "begin" : 597,
      "end" : 598,
      "text" : "の",
      "whiteSpace" : false
    }, {
      "id" : "s7-t47",
      "begin" : 598,
      "end" : 601,
      "text" : "新たな",
      "whiteSpace" : false
    }, {
      "id" : "s7-t48",
      "begin" : 601,
      "end" : 603,
      "text" : "魅力",
      "whiteSpace" : false
    }, {
      "id" : "s7-t49",
      "begin" : 603,
      "end" : 605,
      "text" : "創出",
      "whiteSpace" : false
    }, {
      "id" : "s7-t50",
      "begin" : 605,
      "end" : 606,
      "text" : "に",
      "whiteSpace" : false
    }, {
      "id" : "s7-t51",
      "begin" : 606,
      "end" : 608,
      "text" : "貢献",
      "whiteSpace" : false
    }, {
      "id" : "s7-t52",
      "begin" : 608,
      "end" : 610,
      "text" : "して",
      "whiteSpace" : false
    }, {
      "id" : "s7-t53",
      "begin" : 610,
      "end" : 612,
      "text" : "いる",
      "whiteSpace" : false
    }, {
      "id" : "s7-t54",
      "begin" : 612,
      "end" : 613,
      "text" : "。",
      "whiteSpace" : false
    } ]
  } ],
  "mentions" : [ {
    "id" : "s0-m2",
    "properties" : {
      "SIRE_MENTION_ROLE" : "ONSEN",
      "SIRE_ENTITY_SUBTYPE" : "NONE",
      "SIRE_MENTION_TYPE" : "NONE",
      "SIRE_MENTION_CLASS" : "SPC"
    },
    "type" : "ONSEN",
    "begin" : 3,
    "end" : 7,
    "inCoref" : false
  }, {
    "id" : "s0-m1",
    "properties" : {
      "SIRE_MENTION_ROLE" : "ONSEN",
      "SIRE_ENTITY_SUBTYPE" : "NONE",
      "SIRE_MENTION_TYPE" : "NONE",
      "SIRE_MENTION_CLASS" : "SPC"
    },
    "type" : "ONSEN",
    "begin" : 8,
    "end" : 12,
    "inCoref" : false
  }, {
    "id" : "s4-m1",
    "properties" : {
      "SIRE_MENTION_ROLE" : "ONSEN",
      "SIRE_ENTITY_SUBTYPE" : "NONE",
      "SIRE_MENTION_TYPE" : "NONE",
      "SIRE_MENTION_CLASS" : "SPC"
    },
    "type" : "ONSEN",
    "begin" : 244,
    "end" : 248,
    "inCoref" : false
  }, {
    "id" : "s4-m2",
    "properties" : {
      "SIRE_MENTION_ROLE" : "ONSEN",
      "SIRE_ENTITY_SUBTYPE" : "NONE",
      "SIRE_MENTION_TYPE" : "NONE",
      "SIRE_MENTION_CLASS" : "SPC"
    },
    "type" : "ONSEN",
    "begin" : 261,
    "end" : 265,
    "inCoref" : false
  }, {
    "id" : "s5-m0",
    "properties" : {
      "SIRE_MENTION_CLASS" : "SPC",
      "SIRE_MENTION_ROLE" : "Sensitsu",
      "SIRE_MENTION_TYPE" : "NONE",
      "SIRE_ENTITY_SUBTYPE" : "NONE"
    },
    "type" : "Sensitsu",
    "begin" : 383,
    "end" : 387,
    "inCoref" : false
  }, {
    "id" : "s5-m4",
    "properties" : {
      "SIRE_MENTION_ROLE" : "Sensitsu",
      "SIRE_ENTITY_SUBTYPE" : "NONE",
      "SIRE_MENTION_TYPE" : "NONE",
      "SIRE_MENTION_CLASS" : "SPC"
    },
    "type" : "Sensitsu",
    "begin" : 395,
    "end" : 403,
    "inCoref" : false
  }, {
    "id" : "s5-m1",
    "properties" : {
      "SIRE_MENTION_CLASS" : "SPC",
      "SIRE_MENTION_ROLE" : "Sensitsu",
      "SIRE_MENTION_TYPE" : "NONE",
      "SIRE_ENTITY_SUBTYPE" : "NONE"
    },
    "type" : "Sensitsu",
    "begin" : 410,
    "end" : 413,
    "inCoref" : false
  }, {
    "id" : "s5-m2",
    "properties" : {
      "SIRE_MENTION_CLASS" : "SPC",
      "SIRE_MENTION_ROLE" : "Sensitsu",
      "SIRE_MENTION_TYPE" : "NONE",
      "SIRE_ENTITY_SUBTYPE" : "NONE"
    },
    "type" : "Sensitsu",
    "begin" : 414,
    "end" : 420,
    "inCoref" : false
  }, {
    "id" : "s6-m1",
    "properties" : {
      "SIRE_MENTION_ROLE" : "ONSEN",
      "SIRE_ENTITY_SUBTYPE" : "NONE",
      "SIRE_MENTION_TYPE" : "NONE",
      "SIRE_MENTION_CLASS" : "SPC"
    },
    "type" : "ONSEN",
    "begin" : 447,
    "end" : 451,
    "inCoref" : false
  } ],
  "relations" : [ ],
  "corefs" : [ ],
  "typeResolved" : true,
  "userResolved" : false
}