{
  "id" : "5ae7cfb0-d149-11e9-ad4b-c984733d60b0-23",
  "name" : "23_土湯・高湯温泉郷 国民保養温泉地計画書",
  "createdDate" : 0,
  "version" : 3,
  "text" : "（２）高湯温泉\n高湯温泉は、ＪＲ福島駅から西方 18ｋｍ、福島県屈指の景勝地で知られる磐梯吾妻スカイラインの玄関地に位置し、温泉地のほぼ全域が磐梯朝日国立公園に指定されており、周辺の自然資源は極めて良好である。\n「高湯」の名のとおり吾妻連峰に連なる標高約 750ｍの高地であることから、かつて信夫高湯（高湯温泉）と呼ばれ、山形の最上高湯（蔵王温泉）、米沢の白布高湯（白布温泉）と並び“奥州三高湯”に数えられている。\n気候は、高地であるため夏は冷涼で快適であるが、冬期は厳しく、積雪は 150ｃｍ程度で１年を通じて天気の変動は激しい。\n高湯温泉では、９本の源泉を有し、毎分約 3,000 リットルもの湯量を誇り、泉温は 42.8～50.5 度、源泉によって湯花が多い、砂を吐くなどの微妙な特徴の違いがある。地形の高低差を利用し、江戸時代から続く全国でも希少な自然流下で引き湯され、加温、加水を一切せず、自然に湧出した温泉水をそのまま９軒の宿と１軒の共同浴場に供給している。平成 22 年６月には東北で初、全国で９番目となる「源泉かけ流し宣言」を行い、開湯以来400 年続く“ありのままの本物の温泉”をかけ流しで提供することを誓った。\n温泉街全体から硫黄の独特の匂いが感じることできる白濁の色を呈した温泉の泉質は、酸性・含硫黄（硫化水素型）－アルミニウム・カルシウム硫酸塩温泉（低張性－酸性－高温泉）でアトピー性皮膚炎、慢性湿疹などに効能があるほか、美人の湯としても知られている。\nまた、高湯温泉と土湯峠を結ぶ、全長約 29ｋｍの磐梯吾妻スカイラインの起点であり、最高標高 1,622ｍの吾妻連峰を縫うように走りながら、季節毎に雄大で変化に富んだ様々な景色を堪能することができ、年間通過交通量（冬期は閉鎖）は約 20 万台（平成 26 年度実績）であり、80 万人の観光客が訪れている。",
  "docLength" : 0,
  "language" : "JA",
  "status" : "IN_PROGRESS",
  "modifiedDate" : 1567848175167,
  "documentSet" : [ ],
  "preannotation" : [ "PRE_LW" ],
  "sentences" : [ {
    "id" : "s0",
    "begin" : 0,
    "end" : 105,
    "text" : "（２）高湯温泉\n高湯温泉は、ＪＲ福島駅から西方 18ｋｍ、福島県屈指の景勝地で知られる磐梯吾妻スカイラインの玄関地に位置し、温泉地のほぼ全域が磐梯朝日国立公園に指定されており、周辺の自然資源は極めて良好である。",
    "tokens" : [ {
      "id" : "s0-t0",
      "begin" : 0,
      "end" : 1,
      "text" : "（",
      "whiteSpace" : false
    }, {
      "id" : "s0-t1",
      "begin" : 1,
      "end" : 2,
      "text" : "２",
      "whiteSpace" : false
    }, {
      "id" : "s0-t2",
      "begin" : 2,
      "end" : 3,
      "text" : "）",
      "whiteSpace" : false
    }, {
      "id" : "s0-t3",
      "begin" : 3,
      "end" : 5,
      "text" : "高湯",
      "whiteSpace" : false
    }, {
      "id" : "s0-t4",
      "begin" : 5,
      "end" : 7,
      "text" : "温泉",
      "whiteSpace" : false
    }, {
      "id" : "s0-t5",
      "begin" : 8,
      "end" : 10,
      "text" : "高湯",
      "whiteSpace" : false
    }, {
      "id" : "s0-t6",
      "begin" : 10,
      "end" : 12,
      "text" : "温泉",
      "whiteSpace" : false
    }, {
      "id" : "s0-t7",
      "begin" : 12,
      "end" : 13,
      "text" : "は",
      "whiteSpace" : false
    }, {
      "id" : "s0-t8",
      "begin" : 13,
      "end" : 14,
      "text" : "、",
      "whiteSpace" : false
    }, {
      "id" : "s0-t9",
      "begin" : 14,
      "end" : 16,
      "text" : "ＪＲ",
      "whiteSpace" : false
    }, {
      "id" : "s0-t10",
      "begin" : 16,
      "end" : 18,
      "text" : "福島",
      "whiteSpace" : false
    }, {
      "id" : "s0-t11",
      "begin" : 18,
      "end" : 19,
      "text" : "駅",
      "whiteSpace" : false
    }, {
      "id" : "s0-t12",
      "begin" : 19,
      "end" : 21,
      "text" : "から",
      "whiteSpace" : false
    }, {
      "id" : "s0-t13",
      "begin" : 21,
      "end" : 23,
      "text" : "西方",
      "whiteSpace" : false
    }, {
      "id" : "s0-t14",
      "begin" : 24,
      "end" : 28,
      "text" : "18ｋｍ",
      "whiteSpace" : false
    }, {
      "id" : "s0-t15",
      "begin" : 28,
      "end" : 29,
      "text" : "、",
      "whiteSpace" : false
    }, {
      "id" : "s0-t16",
      "begin" : 29,
      "end" : 31,
      "text" : "福島",
      "whiteSpace" : false
    }, {
      "id" : "s0-t17",
      "begin" : 31,
      "end" : 32,
      "text" : "県",
      "whiteSpace" : false
    }, {
      "id" : "s0-t18",
      "begin" : 32,
      "end" : 34,
      "text" : "屈指",
      "whiteSpace" : false
    }, {
      "id" : "s0-t19",
      "begin" : 34,
      "end" : 35,
      "text" : "の",
      "whiteSpace" : false
    }, {
      "id" : "s0-t20",
      "begin" : 35,
      "end" : 37,
      "text" : "景勝",
      "whiteSpace" : false
    }, {
      "id" : "s0-t21",
      "begin" : 37,
      "end" : 38,
      "text" : "地",
      "whiteSpace" : false
    }, {
      "id" : "s0-t22",
      "begin" : 38,
      "end" : 39,
      "text" : "で",
      "whiteSpace" : false
    }, {
      "id" : "s0-t23",
      "begin" : 39,
      "end" : 41,
      "text" : "知ら",
      "whiteSpace" : false
    }, {
      "id" : "s0-t24",
      "begin" : 41,
      "end" : 43,
      "text" : "れる",
      "whiteSpace" : false
    }, {
      "id" : "s0-t25",
      "begin" : 43,
      "end" : 46,
      "text" : "磐梯吾",
      "whiteSpace" : false
    }, {
      "id" : "s0-t26",
      "begin" : 46,
      "end" : 47,
      "text" : "妻",
      "whiteSpace" : false
    }, {
      "id" : "s0-t27",
      "begin" : 47,
      "end" : 53,
      "text" : "スカイライン",
      "whiteSpace" : false
    }, {
      "id" : "s0-t28",
      "begin" : 53,
      "end" : 54,
      "text" : "の",
      "whiteSpace" : false
    }, {
      "id" : "s0-t29",
      "begin" : 54,
      "end" : 56,
      "text" : "玄関",
      "whiteSpace" : false
    }, {
      "id" : "s0-t30",
      "begin" : 56,
      "end" : 57,
      "text" : "地",
      "whiteSpace" : false
    }, {
      "id" : "s0-t31",
      "begin" : 57,
      "end" : 58,
      "text" : "に",
      "whiteSpace" : false
    }, {
      "id" : "s0-t32",
      "begin" : 58,
      "end" : 60,
      "text" : "位置",
      "whiteSpace" : false
    }, {
      "id" : "s0-t33",
      "begin" : 60,
      "end" : 61,
      "text" : "し",
      "whiteSpace" : false
    }, {
      "id" : "s0-t34",
      "begin" : 61,
      "end" : 62,
      "text" : "、",
      "whiteSpace" : false
    }, {
      "id" : "s0-t35",
      "begin" : 62,
      "end" : 64,
      "text" : "温泉",
      "whiteSpace" : false
    }, {
      "id" : "s0-t36",
      "begin" : 64,
      "end" : 65,
      "text" : "地",
      "whiteSpace" : false
    }, {
      "id" : "s0-t37",
      "begin" : 65,
      "end" : 66,
      "text" : "の",
      "whiteSpace" : false
    }, {
      "id" : "s0-t38",
      "begin" : 66,
      "end" : 68,
      "text" : "ほぼ",
      "whiteSpace" : false
    }, {
      "id" : "s0-t39",
      "begin" : 68,
      "end" : 70,
      "text" : "全域",
      "whiteSpace" : false
    }, {
      "id" : "s0-t40",
      "begin" : 70,
      "end" : 71,
      "text" : "が",
      "whiteSpace" : false
    }, {
      "id" : "s0-t41",
      "begin" : 71,
      "end" : 73,
      "text" : "磐梯",
      "whiteSpace" : false
    }, {
      "id" : "s0-t42",
      "begin" : 73,
      "end" : 75,
      "text" : "朝日",
      "whiteSpace" : false
    }, {
      "id" : "s0-t43",
      "begin" : 75,
      "end" : 77,
      "text" : "国立",
      "whiteSpace" : false
    }, {
      "id" : "s0-t44",
      "begin" : 77,
      "end" : 79,
      "text" : "公園",
      "whiteSpace" : false
    }, {
      "id" : "s0-t45",
      "begin" : 79,
      "end" : 80,
      "text" : "に",
      "whiteSpace" : false
    }, {
      "id" : "s0-t46",
      "begin" : 80,
      "end" : 82,
      "text" : "指定",
      "whiteSpace" : false
    }, {
      "id" : "s0-t47",
      "begin" : 82,
      "end" : 83,
      "text" : "さ",
      "whiteSpace" : false
    }, {
      "id" : "s0-t48",
      "begin" : 83,
      "end" : 85,
      "text" : "れて",
      "whiteSpace" : false
    }, {
      "id" : "s0-t49",
      "begin" : 85,
      "end" : 87,
      "text" : "おり",
      "whiteSpace" : false
    }, {
      "id" : "s0-t50",
      "begin" : 87,
      "end" : 88,
      "text" : "、",
      "whiteSpace" : false
    }, {
      "id" : "s0-t51",
      "begin" : 88,
      "end" : 90,
      "text" : "周辺",
      "whiteSpace" : false
    }, {
      "id" : "s0-t52",
      "begin" : 90,
      "end" : 91,
      "text" : "の",
      "whiteSpace" : false
    }, {
      "id" : "s0-t53",
      "begin" : 91,
      "end" : 93,
      "text" : "自然",
      "whiteSpace" : false
    }, {
      "id" : "s0-t54",
      "begin" : 93,
      "end" : 95,
      "text" : "資源",
      "whiteSpace" : false
    }, {
      "id" : "s0-t55",
      "begin" : 95,
      "end" : 96,
      "text" : "は",
      "whiteSpace" : false
    }, {
      "id" : "s0-t56",
      "begin" : 96,
      "end" : 99,
      "text" : "極めて",
      "whiteSpace" : false
    }, {
      "id" : "s0-t57",
      "begin" : 99,
      "end" : 104,
      "text" : "良好である",
      "whiteSpace" : false
    }, {
      "id" : "s0-t58",
      "begin" : 104,
      "end" : 105,
      "text" : "。",
      "whiteSpace" : false
    } ]
  }, {
    "id" : "s1",
    "begin" : 106,
    "end" : 207,
    "text" : "「高湯」の名のとおり吾妻連峰に連なる標高約 750ｍの高地であることから、かつて信夫高湯（高湯温泉）と呼ばれ、山形の最上高湯（蔵王温泉）、米沢の白布高湯（白布温泉）と並び“奥州三高湯”に数えられている。",
    "tokens" : [ {
      "id" : "s1-t0",
      "begin" : 106,
      "end" : 107,
      "text" : "「",
      "whiteSpace" : false
    }, {
      "id" : "s1-t1",
      "begin" : 107,
      "end" : 109,
      "text" : "高湯",
      "whiteSpace" : false
    }, {
      "id" : "s1-t2",
      "begin" : 109,
      "end" : 110,
      "text" : "」",
      "whiteSpace" : false
    }, {
      "id" : "s1-t3",
      "begin" : 110,
      "end" : 111,
      "text" : "の",
      "whiteSpace" : false
    }, {
      "id" : "s1-t4",
      "begin" : 111,
      "end" : 112,
      "text" : "名",
      "whiteSpace" : false
    }, {
      "id" : "s1-t5",
      "begin" : 112,
      "end" : 113,
      "text" : "の",
      "whiteSpace" : false
    }, {
      "id" : "s1-t6",
      "begin" : 113,
      "end" : 116,
      "text" : "とおり",
      "whiteSpace" : false
    }, {
      "id" : "s1-t7",
      "begin" : 116,
      "end" : 118,
      "text" : "吾妻",
      "whiteSpace" : false
    }, {
      "id" : "s1-t8",
      "begin" : 118,
      "end" : 120,
      "text" : "連峰",
      "whiteSpace" : false
    }, {
      "id" : "s1-t9",
      "begin" : 120,
      "end" : 121,
      "text" : "に",
      "whiteSpace" : false
    }, {
      "id" : "s1-t10",
      "begin" : 121,
      "end" : 124,
      "text" : "連なる",
      "whiteSpace" : false
    }, {
      "id" : "s1-t11",
      "begin" : 124,
      "end" : 126,
      "text" : "標高",
      "whiteSpace" : false
    }, {
      "id" : "s1-t12",
      "begin" : 126,
      "end" : 127,
      "text" : "約",
      "whiteSpace" : false
    }, {
      "id" : "s1-t13",
      "begin" : 128,
      "end" : 132,
      "text" : "750ｍ",
      "whiteSpace" : false
    }, {
      "id" : "s1-t14",
      "begin" : 132,
      "end" : 133,
      "text" : "の",
      "whiteSpace" : false
    }, {
      "id" : "s1-t15",
      "begin" : 133,
      "end" : 135,
      "text" : "高地",
      "whiteSpace" : false
    }, {
      "id" : "s1-t16",
      "begin" : 135,
      "end" : 138,
      "text" : "である",
      "whiteSpace" : false
    }, {
      "id" : "s1-t17",
      "begin" : 138,
      "end" : 140,
      "text" : "こと",
      "whiteSpace" : false
    }, {
      "id" : "s1-t18",
      "begin" : 140,
      "end" : 142,
      "text" : "から",
      "whiteSpace" : false
    }, {
      "id" : "s1-t19",
      "begin" : 142,
      "end" : 143,
      "text" : "、",
      "whiteSpace" : false
    }, {
      "id" : "s1-t20",
      "begin" : 143,
      "end" : 146,
      "text" : "かつて",
      "whiteSpace" : false
    }, {
      "id" : "s1-t21",
      "begin" : 146,
      "end" : 148,
      "text" : "信夫",
      "whiteSpace" : false
    }, {
      "id" : "s1-t22",
      "begin" : 148,
      "end" : 150,
      "text" : "高湯",
      "whiteSpace" : false
    }, {
      "id" : "s1-t23",
      "begin" : 150,
      "end" : 151,
      "text" : "（",
      "whiteSpace" : false
    }, {
      "id" : "s1-t24",
      "begin" : 151,
      "end" : 153,
      "text" : "高湯",
      "whiteSpace" : false
    }, {
      "id" : "s1-t25",
      "begin" : 153,
      "end" : 155,
      "text" : "温泉",
      "whiteSpace" : false
    }, {
      "id" : "s1-t26",
      "begin" : 155,
      "end" : 156,
      "text" : "）",
      "whiteSpace" : false
    }, {
      "id" : "s1-t27",
      "begin" : 156,
      "end" : 157,
      "text" : "と",
      "whiteSpace" : false
    }, {
      "id" : "s1-t28",
      "begin" : 157,
      "end" : 159,
      "text" : "呼ば",
      "whiteSpace" : false
    }, {
      "id" : "s1-t29",
      "begin" : 159,
      "end" : 160,
      "text" : "れ",
      "whiteSpace" : false
    }, {
      "id" : "s1-t30",
      "begin" : 160,
      "end" : 161,
      "text" : "、",
      "whiteSpace" : false
    }, {
      "id" : "s1-t31",
      "begin" : 161,
      "end" : 163,
      "text" : "山形",
      "whiteSpace" : false
    }, {
      "id" : "s1-t32",
      "begin" : 163,
      "end" : 164,
      "text" : "の",
      "whiteSpace" : false
    }, {
      "id" : "s1-t33",
      "begin" : 164,
      "end" : 166,
      "text" : "最上",
      "whiteSpace" : false
    }, {
      "id" : "s1-t34",
      "begin" : 166,
      "end" : 168,
      "text" : "高湯",
      "whiteSpace" : false
    }, {
      "id" : "s1-t35",
      "begin" : 168,
      "end" : 169,
      "text" : "（",
      "whiteSpace" : false
    }, {
      "id" : "s1-t36",
      "begin" : 169,
      "end" : 171,
      "text" : "蔵王",
      "whiteSpace" : false
    }, {
      "id" : "s1-t37",
      "begin" : 171,
      "end" : 173,
      "text" : "温泉",
      "whiteSpace" : false
    }, {
      "id" : "s1-t38",
      "begin" : 173,
      "end" : 174,
      "text" : "）",
      "whiteSpace" : false
    }, {
      "id" : "s1-t39",
      "begin" : 174,
      "end" : 175,
      "text" : "、",
      "whiteSpace" : false
    }, {
      "id" : "s1-t40",
      "begin" : 175,
      "end" : 177,
      "text" : "米沢",
      "whiteSpace" : false
    }, {
      "id" : "s1-t41",
      "begin" : 177,
      "end" : 178,
      "text" : "の",
      "whiteSpace" : false
    }, {
      "id" : "s1-t42",
      "begin" : 178,
      "end" : 180,
      "text" : "白布",
      "whiteSpace" : false
    }, {
      "id" : "s1-t43",
      "begin" : 180,
      "end" : 182,
      "text" : "高湯",
      "whiteSpace" : false
    }, {
      "id" : "s1-t44",
      "begin" : 182,
      "end" : 183,
      "text" : "（",
      "whiteSpace" : false
    }, {
      "id" : "s1-t45",
      "begin" : 183,
      "end" : 185,
      "text" : "白布",
      "whiteSpace" : false
    }, {
      "id" : "s1-t46",
      "begin" : 185,
      "end" : 187,
      "text" : "温泉",
      "whiteSpace" : false
    }, {
      "id" : "s1-t47",
      "begin" : 187,
      "end" : 188,
      "text" : "）",
      "whiteSpace" : false
    }, {
      "id" : "s1-t48",
      "begin" : 188,
      "end" : 189,
      "text" : "と",
      "whiteSpace" : false
    }, {
      "id" : "s1-t49",
      "begin" : 189,
      "end" : 191,
      "text" : "並び",
      "whiteSpace" : false
    }, {
      "id" : "s1-t50",
      "begin" : 191,
      "end" : 192,
      "text" : "“",
      "whiteSpace" : false
    }, {
      "id" : "s1-t51",
      "begin" : 192,
      "end" : 194,
      "text" : "奥州",
      "whiteSpace" : false
    }, {
      "id" : "s1-t52",
      "begin" : 194,
      "end" : 195,
      "text" : "三",
      "whiteSpace" : false
    }, {
      "id" : "s1-t53",
      "begin" : 195,
      "end" : 197,
      "text" : "高湯",
      "whiteSpace" : false
    }, {
      "id" : "s1-t54",
      "begin" : 197,
      "end" : 198,
      "text" : "”",
      "whiteSpace" : false
    }, {
      "id" : "s1-t55",
      "begin" : 198,
      "end" : 199,
      "text" : "に",
      "whiteSpace" : false
    }, {
      "id" : "s1-t56",
      "begin" : 199,
      "end" : 201,
      "text" : "数え",
      "whiteSpace" : false
    }, {
      "id" : "s1-t57",
      "begin" : 201,
      "end" : 204,
      "text" : "られて",
      "whiteSpace" : false
    }, {
      "id" : "s1-t58",
      "begin" : 204,
      "end" : 206,
      "text" : "いる",
      "whiteSpace" : false
    }, {
      "id" : "s1-t59",
      "begin" : 206,
      "end" : 207,
      "text" : "。",
      "whiteSpace" : false
    } ]
  }, {
    "id" : "s2",
    "begin" : 208,
    "end" : 266,
    "text" : "気候は、高地であるため夏は冷涼で快適であるが、冬期は厳しく、積雪は 150ｃｍ程度で１年を通じて天気の変動は激しい。",
    "tokens" : [ {
      "id" : "s2-t0",
      "begin" : 208,
      "end" : 210,
      "text" : "気候",
      "whiteSpace" : false
    }, {
      "id" : "s2-t1",
      "begin" : 210,
      "end" : 211,
      "text" : "は",
      "whiteSpace" : false
    }, {
      "id" : "s2-t2",
      "begin" : 211,
      "end" : 212,
      "text" : "、",
      "whiteSpace" : false
    }, {
      "id" : "s2-t3",
      "begin" : 212,
      "end" : 214,
      "text" : "高地",
      "whiteSpace" : false
    }, {
      "id" : "s2-t4",
      "begin" : 214,
      "end" : 217,
      "text" : "である",
      "whiteSpace" : false
    }, {
      "id" : "s2-t5",
      "begin" : 217,
      "end" : 219,
      "text" : "ため",
      "whiteSpace" : false
    }, {
      "id" : "s2-t6",
      "begin" : 219,
      "end" : 220,
      "text" : "夏",
      "whiteSpace" : false
    }, {
      "id" : "s2-t7",
      "begin" : 220,
      "end" : 221,
      "text" : "は",
      "whiteSpace" : false
    }, {
      "id" : "s2-t8",
      "begin" : 221,
      "end" : 223,
      "text" : "冷涼",
      "whiteSpace" : false
    }, {
      "id" : "s2-t9",
      "begin" : 223,
      "end" : 224,
      "text" : "で",
      "whiteSpace" : false
    }, {
      "id" : "s2-t10",
      "begin" : 224,
      "end" : 229,
      "text" : "快適である",
      "whiteSpace" : false
    }, {
      "id" : "s2-t11",
      "begin" : 229,
      "end" : 230,
      "text" : "が",
      "whiteSpace" : false
    }, {
      "id" : "s2-t12",
      "begin" : 230,
      "end" : 231,
      "text" : "、",
      "whiteSpace" : false
    }, {
      "id" : "s2-t13",
      "begin" : 231,
      "end" : 233,
      "text" : "冬期",
      "whiteSpace" : false
    }, {
      "id" : "s2-t14",
      "begin" : 233,
      "end" : 234,
      "text" : "は",
      "whiteSpace" : false
    }, {
      "id" : "s2-t15",
      "begin" : 234,
      "end" : 237,
      "text" : "厳しく",
      "whiteSpace" : false
    }, {
      "id" : "s2-t16",
      "begin" : 237,
      "end" : 238,
      "text" : "、",
      "whiteSpace" : false
    }, {
      "id" : "s2-t17",
      "begin" : 238,
      "end" : 240,
      "text" : "積雪",
      "whiteSpace" : false
    }, {
      "id" : "s2-t18",
      "begin" : 240,
      "end" : 241,
      "text" : "は",
      "whiteSpace" : false
    }, {
      "id" : "s2-t19",
      "begin" : 242,
      "end" : 247,
      "text" : "150ｃｍ",
      "whiteSpace" : false
    }, {
      "id" : "s2-t20",
      "begin" : 247,
      "end" : 249,
      "text" : "程度",
      "whiteSpace" : false
    }, {
      "id" : "s2-t21",
      "begin" : 249,
      "end" : 250,
      "text" : "で",
      "whiteSpace" : false
    }, {
      "id" : "s2-t22",
      "begin" : 250,
      "end" : 251,
      "text" : "１",
      "whiteSpace" : false
    }, {
      "id" : "s2-t23",
      "begin" : 251,
      "end" : 252,
      "text" : "年",
      "whiteSpace" : false
    }, {
      "id" : "s2-t24",
      "begin" : 252,
      "end" : 253,
      "text" : "を",
      "whiteSpace" : false
    }, {
      "id" : "s2-t25",
      "begin" : 253,
      "end" : 256,
      "text" : "通じて",
      "whiteSpace" : false
    }, {
      "id" : "s2-t26",
      "begin" : 256,
      "end" : 258,
      "text" : "天気",
      "whiteSpace" : false
    }, {
      "id" : "s2-t27",
      "begin" : 258,
      "end" : 259,
      "text" : "の",
      "whiteSpace" : false
    }, {
      "id" : "s2-t28",
      "begin" : 259,
      "end" : 261,
      "text" : "変動",
      "whiteSpace" : false
    }, {
      "id" : "s2-t29",
      "begin" : 261,
      "end" : 262,
      "text" : "は",
      "whiteSpace" : false
    }, {
      "id" : "s2-t30",
      "begin" : 262,
      "end" : 265,
      "text" : "激しい",
      "whiteSpace" : false
    }, {
      "id" : "s2-t31",
      "begin" : 265,
      "end" : 266,
      "text" : "。",
      "whiteSpace" : false
    } ]
  }, {
    "id" : "s3",
    "begin" : 267,
    "end" : 352,
    "text" : "高湯温泉では、９本の源泉を有し、毎分約 3,000 リットルもの湯量を誇り、泉温は 42.8～50.5 度、源泉によって湯花が多い、砂を吐くなどの微妙な特徴の違いがある。",
    "tokens" : [ {
      "id" : "s3-t0",
      "begin" : 267,
      "end" : 269,
      "text" : "高湯",
      "whiteSpace" : false
    }, {
      "id" : "s3-t1",
      "begin" : 269,
      "end" : 271,
      "text" : "温泉",
      "whiteSpace" : false
    }, {
      "id" : "s3-t2",
      "begin" : 271,
      "end" : 272,
      "text" : "で",
      "whiteSpace" : false
    }, {
      "id" : "s3-t3",
      "begin" : 272,
      "end" : 273,
      "text" : "は",
      "whiteSpace" : false
    }, {
      "id" : "s3-t4",
      "begin" : 273,
      "end" : 274,
      "text" : "、",
      "whiteSpace" : false
    }, {
      "id" : "s3-t5",
      "begin" : 274,
      "end" : 275,
      "text" : "９",
      "whiteSpace" : false
    }, {
      "id" : "s3-t6",
      "begin" : 275,
      "end" : 276,
      "text" : "本",
      "whiteSpace" : false
    }, {
      "id" : "s3-t7",
      "begin" : 276,
      "end" : 277,
      "text" : "の",
      "whiteSpace" : false
    }, {
      "id" : "s3-t8",
      "begin" : 277,
      "end" : 279,
      "text" : "源泉",
      "whiteSpace" : false
    }, {
      "id" : "s3-t9",
      "begin" : 279,
      "end" : 280,
      "text" : "を",
      "whiteSpace" : false
    }, {
      "id" : "s3-t10",
      "begin" : 280,
      "end" : 282,
      "text" : "有し",
      "whiteSpace" : false
    }, {
      "id" : "s3-t11",
      "begin" : 282,
      "end" : 283,
      "text" : "、",
      "whiteSpace" : false
    }, {
      "id" : "s3-t12",
      "begin" : 283,
      "end" : 285,
      "text" : "毎分",
      "whiteSpace" : false
    }, {
      "id" : "s3-t13",
      "begin" : 285,
      "end" : 286,
      "text" : "約",
      "whiteSpace" : false
    }, {
      "id" : "s3-t14",
      "begin" : 287,
      "end" : 292,
      "text" : "3,000",
      "whiteSpace" : false
    }, {
      "id" : "s3-t15",
      "begin" : 293,
      "end" : 297,
      "text" : "リットル",
      "whiteSpace" : false
    }, {
      "id" : "s3-t16",
      "begin" : 297,
      "end" : 298,
      "text" : "も",
      "whiteSpace" : false
    }, {
      "id" : "s3-t17",
      "begin" : 298,
      "end" : 299,
      "text" : "の",
      "whiteSpace" : false
    }, {
      "id" : "s3-t18",
      "begin" : 299,
      "end" : 301,
      "text" : "湯量",
      "whiteSpace" : false
    }, {
      "id" : "s3-t19",
      "begin" : 301,
      "end" : 302,
      "text" : "を",
      "whiteSpace" : false
    }, {
      "id" : "s3-t20",
      "begin" : 302,
      "end" : 304,
      "text" : "誇り",
      "whiteSpace" : false
    }, {
      "id" : "s3-t21",
      "begin" : 304,
      "end" : 305,
      "text" : "、",
      "whiteSpace" : false
    }, {
      "id" : "s3-t22",
      "begin" : 305,
      "end" : 307,
      "text" : "泉温",
      "whiteSpace" : false
    }, {
      "id" : "s3-t23",
      "begin" : 307,
      "end" : 308,
      "text" : "は",
      "whiteSpace" : false
    }, {
      "id" : "s3-t24",
      "begin" : 309,
      "end" : 313,
      "text" : "42.8",
      "whiteSpace" : false
    }, {
      "id" : "s3-t25",
      "begin" : 313,
      "end" : 314,
      "text" : "～",
      "whiteSpace" : false
    }, {
      "id" : "s3-t26",
      "begin" : 314,
      "end" : 318,
      "text" : "50.5",
      "whiteSpace" : false
    }, {
      "id" : "s3-t27",
      "begin" : 319,
      "end" : 320,
      "text" : "度",
      "whiteSpace" : false
    }, {
      "id" : "s3-t28",
      "begin" : 320,
      "end" : 321,
      "text" : "、",
      "whiteSpace" : false
    }, {
      "id" : "s3-t29",
      "begin" : 321,
      "end" : 323,
      "text" : "源泉",
      "whiteSpace" : false
    }, {
      "id" : "s3-t30",
      "begin" : 323,
      "end" : 324,
      "text" : "に",
      "whiteSpace" : false
    }, {
      "id" : "s3-t31",
      "begin" : 324,
      "end" : 327,
      "text" : "よって",
      "whiteSpace" : false
    }, {
      "id" : "s3-t32",
      "begin" : 327,
      "end" : 329,
      "text" : "湯花",
      "whiteSpace" : false
    }, {
      "id" : "s3-t33",
      "begin" : 329,
      "end" : 330,
      "text" : "が",
      "whiteSpace" : false
    }, {
      "id" : "s3-t34",
      "begin" : 330,
      "end" : 332,
      "text" : "多い",
      "whiteSpace" : false
    }, {
      "id" : "s3-t35",
      "begin" : 332,
      "end" : 333,
      "text" : "、",
      "whiteSpace" : false
    }, {
      "id" : "s3-t36",
      "begin" : 333,
      "end" : 334,
      "text" : "砂",
      "whiteSpace" : false
    }, {
      "id" : "s3-t37",
      "begin" : 334,
      "end" : 335,
      "text" : "を",
      "whiteSpace" : false
    }, {
      "id" : "s3-t38",
      "begin" : 335,
      "end" : 337,
      "text" : "吐く",
      "whiteSpace" : false
    }, {
      "id" : "s3-t39",
      "begin" : 337,
      "end" : 339,
      "text" : "など",
      "whiteSpace" : false
    }, {
      "id" : "s3-t40",
      "begin" : 339,
      "end" : 340,
      "text" : "の",
      "whiteSpace" : false
    }, {
      "id" : "s3-t41",
      "begin" : 340,
      "end" : 343,
      "text" : "微妙な",
      "whiteSpace" : false
    }, {
      "id" : "s3-t42",
      "begin" : 343,
      "end" : 345,
      "text" : "特徴",
      "whiteSpace" : false
    }, {
      "id" : "s3-t43",
      "begin" : 345,
      "end" : 346,
      "text" : "の",
      "whiteSpace" : false
    }, {
      "id" : "s3-t44",
      "begin" : 346,
      "end" : 348,
      "text" : "違い",
      "whiteSpace" : false
    }, {
      "id" : "s3-t45",
      "begin" : 348,
      "end" : 349,
      "text" : "が",
      "whiteSpace" : false
    }, {
      "id" : "s3-t46",
      "begin" : 349,
      "end" : 351,
      "text" : "ある",
      "whiteSpace" : false
    }, {
      "id" : "s3-t47",
      "begin" : 351,
      "end" : 352,
      "text" : "。",
      "whiteSpace" : false
    } ]
  }, {
    "id" : "s4",
    "begin" : 352,
    "end" : 435,
    "text" : "地形の高低差を利用し、江戸時代から続く全国でも希少な自然流下で引き湯され、加温、加水を一切せず、自然に湧出した温泉水をそのまま９軒の宿と１軒の共同浴場に供給している。",
    "tokens" : [ {
      "id" : "s4-t0",
      "begin" : 352,
      "end" : 354,
      "text" : "地形",
      "whiteSpace" : false
    }, {
      "id" : "s4-t1",
      "begin" : 354,
      "end" : 355,
      "text" : "の",
      "whiteSpace" : false
    }, {
      "id" : "s4-t2",
      "begin" : 355,
      "end" : 357,
      "text" : "高低",
      "whiteSpace" : false
    }, {
      "id" : "s4-t3",
      "begin" : 357,
      "end" : 358,
      "text" : "差",
      "whiteSpace" : false
    }, {
      "id" : "s4-t4",
      "begin" : 358,
      "end" : 359,
      "text" : "を",
      "whiteSpace" : false
    }, {
      "id" : "s4-t5",
      "begin" : 359,
      "end" : 361,
      "text" : "利用",
      "whiteSpace" : false
    }, {
      "id" : "s4-t6",
      "begin" : 361,
      "end" : 362,
      "text" : "し",
      "whiteSpace" : false
    }, {
      "id" : "s4-t7",
      "begin" : 362,
      "end" : 363,
      "text" : "、",
      "whiteSpace" : false
    }, {
      "id" : "s4-t8",
      "begin" : 363,
      "end" : 365,
      "text" : "江戸",
      "whiteSpace" : false
    }, {
      "id" : "s4-t9",
      "begin" : 365,
      "end" : 367,
      "text" : "時代",
      "whiteSpace" : false
    }, {
      "id" : "s4-t10",
      "begin" : 367,
      "end" : 369,
      "text" : "から",
      "whiteSpace" : false
    }, {
      "id" : "s4-t11",
      "begin" : 369,
      "end" : 371,
      "text" : "続く",
      "whiteSpace" : false
    }, {
      "id" : "s4-t12",
      "begin" : 371,
      "end" : 373,
      "text" : "全国",
      "whiteSpace" : false
    }, {
      "id" : "s4-t13",
      "begin" : 373,
      "end" : 375,
      "text" : "でも",
      "whiteSpace" : false
    }, {
      "id" : "s4-t14",
      "begin" : 375,
      "end" : 378,
      "text" : "希少な",
      "whiteSpace" : false
    }, {
      "id" : "s4-t15",
      "begin" : 378,
      "end" : 380,
      "text" : "自然",
      "whiteSpace" : false
    }, {
      "id" : "s4-t16",
      "begin" : 380,
      "end" : 382,
      "text" : "流下",
      "whiteSpace" : false
    }, {
      "id" : "s4-t17",
      "begin" : 382,
      "end" : 383,
      "text" : "で",
      "whiteSpace" : false
    }, {
      "id" : "s4-t18",
      "begin" : 383,
      "end" : 386,
      "text" : "引き湯",
      "whiteSpace" : false
    }, {
      "id" : "s4-t19",
      "begin" : 386,
      "end" : 387,
      "text" : "さ",
      "whiteSpace" : false
    }, {
      "id" : "s4-t20",
      "begin" : 387,
      "end" : 388,
      "text" : "れ",
      "whiteSpace" : false
    }, {
      "id" : "s4-t21",
      "begin" : 388,
      "end" : 389,
      "text" : "、",
      "whiteSpace" : false
    }, {
      "id" : "s4-t22",
      "begin" : 389,
      "end" : 391,
      "text" : "加温",
      "whiteSpace" : false
    }, {
      "id" : "s4-t23",
      "begin" : 391,
      "end" : 392,
      "text" : "、",
      "whiteSpace" : false
    }, {
      "id" : "s4-t24",
      "begin" : 392,
      "end" : 394,
      "text" : "加水",
      "whiteSpace" : false
    }, {
      "id" : "s4-t25",
      "begin" : 394,
      "end" : 395,
      "text" : "を",
      "whiteSpace" : false
    }, {
      "id" : "s4-t26",
      "begin" : 395,
      "end" : 397,
      "text" : "一切",
      "whiteSpace" : false
    }, {
      "id" : "s4-t27",
      "begin" : 397,
      "end" : 398,
      "text" : "せ",
      "whiteSpace" : false
    }, {
      "id" : "s4-t28",
      "begin" : 398,
      "end" : 399,
      "text" : "ず",
      "whiteSpace" : false
    }, {
      "id" : "s4-t29",
      "begin" : 399,
      "end" : 400,
      "text" : "、",
      "whiteSpace" : false
    }, {
      "id" : "s4-t30",
      "begin" : 400,
      "end" : 403,
      "text" : "自然に",
      "whiteSpace" : false
    }, {
      "id" : "s4-t31",
      "begin" : 403,
      "end" : 407,
      "text" : "湧出した",
      "whiteSpace" : false
    }, {
      "id" : "s4-t32",
      "begin" : 407,
      "end" : 409,
      "text" : "温泉",
      "whiteSpace" : false
    }, {
      "id" : "s4-t33",
      "begin" : 409,
      "end" : 410,
      "text" : "水",
      "whiteSpace" : false
    }, {
      "id" : "s4-t34",
      "begin" : 410,
      "end" : 411,
      "text" : "を",
      "whiteSpace" : false
    }, {
      "id" : "s4-t35",
      "begin" : 411,
      "end" : 415,
      "text" : "そのまま",
      "whiteSpace" : false
    }, {
      "id" : "s4-t36",
      "begin" : 415,
      "end" : 416,
      "text" : "９",
      "whiteSpace" : false
    }, {
      "id" : "s4-t37",
      "begin" : 416,
      "end" : 417,
      "text" : "軒",
      "whiteSpace" : false
    }, {
      "id" : "s4-t38",
      "begin" : 417,
      "end" : 418,
      "text" : "の",
      "whiteSpace" : false
    }, {
      "id" : "s4-t39",
      "begin" : 418,
      "end" : 419,
      "text" : "宿",
      "whiteSpace" : false
    }, {
      "id" : "s4-t40",
      "begin" : 419,
      "end" : 420,
      "text" : "と",
      "whiteSpace" : false
    }, {
      "id" : "s4-t41",
      "begin" : 420,
      "end" : 421,
      "text" : "１",
      "whiteSpace" : false
    }, {
      "id" : "s4-t42",
      "begin" : 421,
      "end" : 422,
      "text" : "軒",
      "whiteSpace" : false
    }, {
      "id" : "s4-t43",
      "begin" : 422,
      "end" : 423,
      "text" : "の",
      "whiteSpace" : false
    }, {
      "id" : "s4-t44",
      "begin" : 423,
      "end" : 425,
      "text" : "共同",
      "whiteSpace" : false
    }, {
      "id" : "s4-t45",
      "begin" : 425,
      "end" : 427,
      "text" : "浴場",
      "whiteSpace" : false
    }, {
      "id" : "s4-t46",
      "begin" : 427,
      "end" : 428,
      "text" : "に",
      "whiteSpace" : false
    }, {
      "id" : "s4-t47",
      "begin" : 428,
      "end" : 430,
      "text" : "供給",
      "whiteSpace" : false
    }, {
      "id" : "s4-t48",
      "begin" : 430,
      "end" : 432,
      "text" : "して",
      "whiteSpace" : false
    }, {
      "id" : "s4-t49",
      "begin" : 432,
      "end" : 434,
      "text" : "いる",
      "whiteSpace" : false
    }, {
      "id" : "s4-t50",
      "begin" : 434,
      "end" : 435,
      "text" : "。",
      "whiteSpace" : false
    } ]
  }, {
    "id" : "s5",
    "begin" : 435,
    "end" : 515,
    "text" : "平成 22 年６月には東北で初、全国で９番目となる「源泉かけ流し宣言」を行い、開湯以来400 年続く“ありのままの本物の温泉”をかけ流しで提供することを誓った。",
    "tokens" : [ {
      "id" : "s5-t0",
      "begin" : 435,
      "end" : 437,
      "text" : "平成",
      "whiteSpace" : false
    }, {
      "id" : "s5-t1",
      "begin" : 438,
      "end" : 440,
      "text" : "22",
      "whiteSpace" : false
    }, {
      "id" : "s5-t2",
      "begin" : 441,
      "end" : 442,
      "text" : "年",
      "whiteSpace" : false
    }, {
      "id" : "s5-t3",
      "begin" : 442,
      "end" : 443,
      "text" : "６",
      "whiteSpace" : false
    }, {
      "id" : "s5-t4",
      "begin" : 443,
      "end" : 444,
      "text" : "月",
      "whiteSpace" : false
    }, {
      "id" : "s5-t5",
      "begin" : 444,
      "end" : 445,
      "text" : "に",
      "whiteSpace" : false
    }, {
      "id" : "s5-t6",
      "begin" : 445,
      "end" : 446,
      "text" : "は",
      "whiteSpace" : false
    }, {
      "id" : "s5-t7",
      "begin" : 446,
      "end" : 448,
      "text" : "東北",
      "whiteSpace" : false
    }, {
      "id" : "s5-t8",
      "begin" : 448,
      "end" : 449,
      "text" : "で",
      "whiteSpace" : false
    }, {
      "id" : "s5-t9",
      "begin" : 449,
      "end" : 450,
      "text" : "初",
      "whiteSpace" : false
    }, {
      "id" : "s5-t10",
      "begin" : 450,
      "end" : 451,
      "text" : "、",
      "whiteSpace" : false
    }, {
      "id" : "s5-t11",
      "begin" : 451,
      "end" : 453,
      "text" : "全国",
      "whiteSpace" : false
    }, {
      "id" : "s5-t12",
      "begin" : 453,
      "end" : 454,
      "text" : "で",
      "whiteSpace" : false
    }, {
      "id" : "s5-t13",
      "begin" : 454,
      "end" : 455,
      "text" : "９",
      "whiteSpace" : false
    }, {
      "id" : "s5-t14",
      "begin" : 455,
      "end" : 456,
      "text" : "番",
      "whiteSpace" : false
    }, {
      "id" : "s5-t15",
      "begin" : 456,
      "end" : 457,
      "text" : "目",
      "whiteSpace" : false
    }, {
      "id" : "s5-t16",
      "begin" : 457,
      "end" : 458,
      "text" : "と",
      "whiteSpace" : false
    }, {
      "id" : "s5-t17",
      "begin" : 458,
      "end" : 460,
      "text" : "なる",
      "whiteSpace" : false
    }, {
      "id" : "s5-t18",
      "begin" : 460,
      "end" : 461,
      "text" : "「",
      "whiteSpace" : false
    }, {
      "id" : "s5-t19",
      "begin" : 461,
      "end" : 463,
      "text" : "源泉",
      "whiteSpace" : false
    }, {
      "id" : "s5-t20",
      "begin" : 463,
      "end" : 465,
      "text" : "かけ",
      "whiteSpace" : false
    }, {
      "id" : "s5-t21",
      "begin" : 465,
      "end" : 467,
      "text" : "流し",
      "whiteSpace" : false
    }, {
      "id" : "s5-t22",
      "begin" : 467,
      "end" : 469,
      "text" : "宣言",
      "whiteSpace" : false
    }, {
      "id" : "s5-t23",
      "begin" : 469,
      "end" : 470,
      "text" : "」",
      "whiteSpace" : false
    }, {
      "id" : "s5-t24",
      "begin" : 470,
      "end" : 471,
      "text" : "を",
      "whiteSpace" : false
    }, {
      "id" : "s5-t25",
      "begin" : 471,
      "end" : 473,
      "text" : "行い",
      "whiteSpace" : false
    }, {
      "id" : "s5-t26",
      "begin" : 473,
      "end" : 474,
      "text" : "、",
      "whiteSpace" : false
    }, {
      "id" : "s5-t27",
      "begin" : 474,
      "end" : 476,
      "text" : "開湯",
      "whiteSpace" : false
    }, {
      "id" : "s5-t28",
      "begin" : 476,
      "end" : 478,
      "text" : "以来",
      "whiteSpace" : false
    }, {
      "id" : "s5-t29",
      "begin" : 478,
      "end" : 481,
      "text" : "400",
      "whiteSpace" : false
    }, {
      "id" : "s5-t30",
      "begin" : 482,
      "end" : 483,
      "text" : "年",
      "whiteSpace" : false
    }, {
      "id" : "s5-t31",
      "begin" : 483,
      "end" : 485,
      "text" : "続く",
      "whiteSpace" : false
    }, {
      "id" : "s5-t32",
      "begin" : 485,
      "end" : 486,
      "text" : "“",
      "whiteSpace" : false
    }, {
      "id" : "s5-t33",
      "begin" : 486,
      "end" : 491,
      "text" : "ありのまま",
      "whiteSpace" : false
    }, {
      "id" : "s5-t34",
      "begin" : 491,
      "end" : 492,
      "text" : "の",
      "whiteSpace" : false
    }, {
      "id" : "s5-t35",
      "begin" : 492,
      "end" : 494,
      "text" : "本物",
      "whiteSpace" : false
    }, {
      "id" : "s5-t36",
      "begin" : 494,
      "end" : 495,
      "text" : "の",
      "whiteSpace" : false
    }, {
      "id" : "s5-t37",
      "begin" : 495,
      "end" : 497,
      "text" : "温泉",
      "whiteSpace" : false
    }, {
      "id" : "s5-t38",
      "begin" : 497,
      "end" : 498,
      "text" : "”",
      "whiteSpace" : false
    }, {
      "id" : "s5-t39",
      "begin" : 498,
      "end" : 499,
      "text" : "を",
      "whiteSpace" : false
    }, {
      "id" : "s5-t40",
      "begin" : 499,
      "end" : 501,
      "text" : "かけ",
      "whiteSpace" : false
    }, {
      "id" : "s5-t41",
      "begin" : 501,
      "end" : 503,
      "text" : "流し",
      "whiteSpace" : false
    }, {
      "id" : "s5-t42",
      "begin" : 503,
      "end" : 504,
      "text" : "で",
      "whiteSpace" : false
    }, {
      "id" : "s5-t43",
      "begin" : 504,
      "end" : 506,
      "text" : "提供",
      "whiteSpace" : false
    }, {
      "id" : "s5-t44",
      "begin" : 506,
      "end" : 508,
      "text" : "する",
      "whiteSpace" : false
    }, {
      "id" : "s5-t45",
      "begin" : 508,
      "end" : 510,
      "text" : "こと",
      "whiteSpace" : false
    }, {
      "id" : "s5-t46",
      "begin" : 510,
      "end" : 511,
      "text" : "を",
      "whiteSpace" : false
    }, {
      "id" : "s5-t47",
      "begin" : 511,
      "end" : 514,
      "text" : "誓った",
      "whiteSpace" : false
    }, {
      "id" : "s5-t48",
      "begin" : 514,
      "end" : 515,
      "text" : "。",
      "whiteSpace" : false
    } ]
  }, {
    "id" : "s6",
    "begin" : 516,
    "end" : 638,
    "text" : "温泉街全体から硫黄の独特の匂いが感じることできる白濁の色を呈した温泉の泉質は、酸性・含硫黄（硫化水素型）－アルミニウム・カルシウム硫酸塩温泉（低張性－酸性－高温泉）でアトピー性皮膚炎、慢性湿疹などに効能があるほか、美人の湯としても知られている。",
    "tokens" : [ {
      "id" : "s6-t0",
      "begin" : 516,
      "end" : 518,
      "text" : "温泉",
      "whiteSpace" : false
    }, {
      "id" : "s6-t1",
      "begin" : 518,
      "end" : 519,
      "text" : "街",
      "whiteSpace" : false
    }, {
      "id" : "s6-t2",
      "begin" : 519,
      "end" : 521,
      "text" : "全体",
      "whiteSpace" : false
    }, {
      "id" : "s6-t3",
      "begin" : 521,
      "end" : 523,
      "text" : "から",
      "whiteSpace" : false
    }, {
      "id" : "s6-t4",
      "begin" : 523,
      "end" : 525,
      "text" : "硫黄",
      "whiteSpace" : false
    }, {
      "id" : "s6-t5",
      "begin" : 525,
      "end" : 526,
      "text" : "の",
      "whiteSpace" : false
    }, {
      "id" : "s6-t6",
      "begin" : 526,
      "end" : 529,
      "text" : "独特の",
      "whiteSpace" : false
    }, {
      "id" : "s6-t7",
      "begin" : 529,
      "end" : 531,
      "text" : "匂い",
      "whiteSpace" : false
    }, {
      "id" : "s6-t8",
      "begin" : 531,
      "end" : 532,
      "text" : "が",
      "whiteSpace" : false
    }, {
      "id" : "s6-t9",
      "begin" : 532,
      "end" : 535,
      "text" : "感じる",
      "whiteSpace" : false
    }, {
      "id" : "s6-t10",
      "begin" : 535,
      "end" : 537,
      "text" : "こと",
      "whiteSpace" : false
    }, {
      "id" : "s6-t11",
      "begin" : 537,
      "end" : 540,
      "text" : "できる",
      "whiteSpace" : false
    }, {
      "id" : "s6-t12",
      "begin" : 540,
      "end" : 542,
      "text" : "白濁",
      "whiteSpace" : false
    }, {
      "id" : "s6-t13",
      "begin" : 542,
      "end" : 543,
      "text" : "の",
      "whiteSpace" : false
    }, {
      "id" : "s6-t14",
      "begin" : 543,
      "end" : 544,
      "text" : "色",
      "whiteSpace" : false
    }, {
      "id" : "s6-t15",
      "begin" : 544,
      "end" : 545,
      "text" : "を",
      "whiteSpace" : false
    }, {
      "id" : "s6-t16",
      "begin" : 545,
      "end" : 548,
      "text" : "呈した",
      "whiteSpace" : false
    }, {
      "id" : "s6-t17",
      "begin" : 548,
      "end" : 550,
      "text" : "温泉",
      "whiteSpace" : false
    }, {
      "id" : "s6-t18",
      "begin" : 550,
      "end" : 551,
      "text" : "の",
      "whiteSpace" : false
    }, {
      "id" : "s6-t19",
      "begin" : 551,
      "end" : 553,
      "text" : "泉質",
      "whiteSpace" : false
    }, {
      "id" : "s6-t20",
      "begin" : 553,
      "end" : 554,
      "text" : "は",
      "whiteSpace" : false
    }, {
      "id" : "s6-t21",
      "begin" : 554,
      "end" : 555,
      "text" : "、",
      "whiteSpace" : false
    }, {
      "id" : "s6-t22",
      "begin" : 555,
      "end" : 557,
      "text" : "酸性",
      "whiteSpace" : false
    }, {
      "id" : "s6-t23",
      "begin" : 557,
      "end" : 558,
      "text" : "・",
      "whiteSpace" : false
    }, {
      "id" : "s6-t24",
      "begin" : 558,
      "end" : 559,
      "text" : "含",
      "whiteSpace" : false
    }, {
      "id" : "s6-t25",
      "begin" : 559,
      "end" : 561,
      "text" : "硫黄",
      "whiteSpace" : false
    }, {
      "id" : "s6-t26",
      "begin" : 561,
      "end" : 562,
      "text" : "（",
      "whiteSpace" : false
    }, {
      "id" : "s6-t27",
      "begin" : 562,
      "end" : 564,
      "text" : "硫化",
      "whiteSpace" : false
    }, {
      "id" : "s6-t28",
      "begin" : 564,
      "end" : 566,
      "text" : "水素",
      "whiteSpace" : false
    }, {
      "id" : "s6-t29",
      "begin" : 566,
      "end" : 567,
      "text" : "型",
      "whiteSpace" : false
    }, {
      "id" : "s6-t30",
      "begin" : 567,
      "end" : 568,
      "text" : "）",
      "whiteSpace" : false
    }, {
      "id" : "s6-t31",
      "begin" : 568,
      "end" : 569,
      "text" : "－",
      "whiteSpace" : false
    }, {
      "id" : "s6-t32",
      "begin" : 569,
      "end" : 575,
      "text" : "アルミニウム",
      "whiteSpace" : false
    }, {
      "id" : "s6-t33",
      "begin" : 575,
      "end" : 576,
      "text" : "・",
      "whiteSpace" : false
    }, {
      "id" : "s6-t34",
      "begin" : 576,
      "end" : 581,
      "text" : "カルシウム",
      "whiteSpace" : false
    }, {
      "id" : "s6-t35",
      "begin" : 581,
      "end" : 584,
      "text" : "硫酸塩",
      "whiteSpace" : false
    }, {
      "id" : "s6-t36",
      "begin" : 584,
      "end" : 586,
      "text" : "温泉",
      "whiteSpace" : false
    }, {
      "id" : "s6-t37",
      "begin" : 586,
      "end" : 587,
      "text" : "（",
      "whiteSpace" : false
    }, {
      "id" : "s6-t38",
      "begin" : 587,
      "end" : 589,
      "text" : "低張",
      "whiteSpace" : false
    }, {
      "id" : "s6-t39",
      "begin" : 589,
      "end" : 590,
      "text" : "性",
      "whiteSpace" : false
    }, {
      "id" : "s6-t40",
      "begin" : 590,
      "end" : 591,
      "text" : "－",
      "whiteSpace" : false
    }, {
      "id" : "s6-t41",
      "begin" : 591,
      "end" : 593,
      "text" : "酸性",
      "whiteSpace" : false
    }, {
      "id" : "s6-t42",
      "begin" : 593,
      "end" : 594,
      "text" : "－",
      "whiteSpace" : false
    }, {
      "id" : "s6-t43",
      "begin" : 594,
      "end" : 595,
      "text" : "高",
      "whiteSpace" : false
    }, {
      "id" : "s6-t44",
      "begin" : 595,
      "end" : 597,
      "text" : "温泉",
      "whiteSpace" : false
    }, {
      "id" : "s6-t45",
      "begin" : 597,
      "end" : 598,
      "text" : "）",
      "whiteSpace" : false
    }, {
      "id" : "s6-t46",
      "begin" : 598,
      "end" : 599,
      "text" : "で",
      "whiteSpace" : false
    }, {
      "id" : "s6-t47",
      "begin" : 599,
      "end" : 607,
      "text" : "アトピー性皮膚炎",
      "whiteSpace" : false
    }, {
      "id" : "s6-t48",
      "begin" : 607,
      "end" : 608,
      "text" : "、",
      "whiteSpace" : false
    }, {
      "id" : "s6-t49",
      "begin" : 608,
      "end" : 610,
      "text" : "慢性",
      "whiteSpace" : false
    }, {
      "id" : "s6-t50",
      "begin" : 610,
      "end" : 612,
      "text" : "湿疹",
      "whiteSpace" : false
    }, {
      "id" : "s6-t51",
      "begin" : 612,
      "end" : 614,
      "text" : "など",
      "whiteSpace" : false
    }, {
      "id" : "s6-t52",
      "begin" : 614,
      "end" : 615,
      "text" : "に",
      "whiteSpace" : false
    }, {
      "id" : "s6-t53",
      "begin" : 615,
      "end" : 617,
      "text" : "効能",
      "whiteSpace" : false
    }, {
      "id" : "s6-t54",
      "begin" : 617,
      "end" : 618,
      "text" : "が",
      "whiteSpace" : false
    }, {
      "id" : "s6-t55",
      "begin" : 618,
      "end" : 620,
      "text" : "ある",
      "whiteSpace" : false
    }, {
      "id" : "s6-t56",
      "begin" : 620,
      "end" : 622,
      "text" : "ほか",
      "whiteSpace" : false
    }, {
      "id" : "s6-t57",
      "begin" : 622,
      "end" : 623,
      "text" : "、",
      "whiteSpace" : false
    }, {
      "id" : "s6-t58",
      "begin" : 623,
      "end" : 625,
      "text" : "美人",
      "whiteSpace" : false
    }, {
      "id" : "s6-t59",
      "begin" : 625,
      "end" : 626,
      "text" : "の",
      "whiteSpace" : false
    }, {
      "id" : "s6-t60",
      "begin" : 626,
      "end" : 627,
      "text" : "湯",
      "whiteSpace" : false
    }, {
      "id" : "s6-t61",
      "begin" : 627,
      "end" : 628,
      "text" : "と",
      "whiteSpace" : false
    }, {
      "id" : "s6-t62",
      "begin" : 628,
      "end" : 630,
      "text" : "して",
      "whiteSpace" : false
    }, {
      "id" : "s6-t63",
      "begin" : 630,
      "end" : 631,
      "text" : "も",
      "whiteSpace" : false
    }, {
      "id" : "s6-t64",
      "begin" : 631,
      "end" : 633,
      "text" : "知ら",
      "whiteSpace" : false
    }, {
      "id" : "s6-t65",
      "begin" : 633,
      "end" : 635,
      "text" : "れて",
      "whiteSpace" : false
    }, {
      "id" : "s6-t66",
      "begin" : 635,
      "end" : 637,
      "text" : "いる",
      "whiteSpace" : false
    }, {
      "id" : "s6-t67",
      "begin" : 637,
      "end" : 638,
      "text" : "。",
      "whiteSpace" : false
    } ]
  }, {
    "id" : "s7",
    "begin" : 639,
    "end" : 791,
    "text" : "また、高湯温泉と土湯峠を結ぶ、全長約 29ｋｍの磐梯吾妻スカイラインの起点であり、最高標高 1,622ｍの吾妻連峰を縫うように走りながら、季節毎に雄大で変化に富んだ様々な景色を堪能することができ、年間通過交通量（冬期は閉鎖）は約 20 万台（平成 26 年度実績）であり、80 万人の観光客が訪れている。",
    "tokens" : [ {
      "id" : "s7-t0",
      "begin" : 639,
      "end" : 641,
      "text" : "また",
      "whiteSpace" : false
    }, {
      "id" : "s7-t1",
      "begin" : 641,
      "end" : 642,
      "text" : "、",
      "whiteSpace" : false
    }, {
      "id" : "s7-t2",
      "begin" : 642,
      "end" : 644,
      "text" : "高湯",
      "whiteSpace" : false
    }, {
      "id" : "s7-t3",
      "begin" : 644,
      "end" : 646,
      "text" : "温泉",
      "whiteSpace" : false
    }, {
      "id" : "s7-t4",
      "begin" : 646,
      "end" : 647,
      "text" : "と",
      "whiteSpace" : false
    }, {
      "id" : "s7-t5",
      "begin" : 647,
      "end" : 649,
      "text" : "土湯",
      "whiteSpace" : false
    }, {
      "id" : "s7-t6",
      "begin" : 649,
      "end" : 650,
      "text" : "峠",
      "whiteSpace" : false
    }, {
      "id" : "s7-t7",
      "begin" : 650,
      "end" : 651,
      "text" : "を",
      "whiteSpace" : false
    }, {
      "id" : "s7-t8",
      "begin" : 651,
      "end" : 653,
      "text" : "結ぶ",
      "whiteSpace" : false
    }, {
      "id" : "s7-t9",
      "begin" : 653,
      "end" : 654,
      "text" : "、",
      "whiteSpace" : false
    }, {
      "id" : "s7-t10",
      "begin" : 654,
      "end" : 656,
      "text" : "全長",
      "whiteSpace" : false
    }, {
      "id" : "s7-t11",
      "begin" : 656,
      "end" : 657,
      "text" : "約",
      "whiteSpace" : false
    }, {
      "id" : "s7-t12",
      "begin" : 658,
      "end" : 662,
      "text" : "29ｋｍ",
      "whiteSpace" : false
    }, {
      "id" : "s7-t13",
      "begin" : 662,
      "end" : 663,
      "text" : "の",
      "whiteSpace" : false
    }, {
      "id" : "s7-t14",
      "begin" : 663,
      "end" : 666,
      "text" : "磐梯吾",
      "whiteSpace" : false
    }, {
      "id" : "s7-t15",
      "begin" : 666,
      "end" : 667,
      "text" : "妻",
      "whiteSpace" : false
    }, {
      "id" : "s7-t16",
      "begin" : 667,
      "end" : 673,
      "text" : "スカイライン",
      "whiteSpace" : false
    }, {
      "id" : "s7-t17",
      "begin" : 673,
      "end" : 674,
      "text" : "の",
      "whiteSpace" : false
    }, {
      "id" : "s7-t18",
      "begin" : 674,
      "end" : 676,
      "text" : "起点",
      "whiteSpace" : false
    }, {
      "id" : "s7-t19",
      "begin" : 676,
      "end" : 679,
      "text" : "であり",
      "whiteSpace" : false
    }, {
      "id" : "s7-t20",
      "begin" : 679,
      "end" : 680,
      "text" : "、",
      "whiteSpace" : false
    }, {
      "id" : "s7-t21",
      "begin" : 680,
      "end" : 682,
      "text" : "最高",
      "whiteSpace" : false
    }, {
      "id" : "s7-t22",
      "begin" : 682,
      "end" : 684,
      "text" : "標高",
      "whiteSpace" : false
    }, {
      "id" : "s7-t23",
      "begin" : 685,
      "end" : 691,
      "text" : "1,622ｍ",
      "whiteSpace" : false
    }, {
      "id" : "s7-t24",
      "begin" : 691,
      "end" : 692,
      "text" : "の",
      "whiteSpace" : false
    }, {
      "id" : "s7-t25",
      "begin" : 692,
      "end" : 694,
      "text" : "吾妻",
      "whiteSpace" : false
    }, {
      "id" : "s7-t26",
      "begin" : 694,
      "end" : 696,
      "text" : "連峰",
      "whiteSpace" : false
    }, {
      "id" : "s7-t27",
      "begin" : 696,
      "end" : 697,
      "text" : "を",
      "whiteSpace" : false
    }, {
      "id" : "s7-t28",
      "begin" : 697,
      "end" : 699,
      "text" : "縫う",
      "whiteSpace" : false
    }, {
      "id" : "s7-t29",
      "begin" : 699,
      "end" : 702,
      "text" : "ように",
      "whiteSpace" : false
    }, {
      "id" : "s7-t30",
      "begin" : 702,
      "end" : 704,
      "text" : "走り",
      "whiteSpace" : false
    }, {
      "id" : "s7-t31",
      "begin" : 704,
      "end" : 707,
      "text" : "ながら",
      "whiteSpace" : false
    }, {
      "id" : "s7-t32",
      "begin" : 707,
      "end" : 708,
      "text" : "、",
      "whiteSpace" : false
    }, {
      "id" : "s7-t33",
      "begin" : 708,
      "end" : 710,
      "text" : "季節",
      "whiteSpace" : false
    }, {
      "id" : "s7-t34",
      "begin" : 710,
      "end" : 711,
      "text" : "毎",
      "whiteSpace" : false
    }, {
      "id" : "s7-t35",
      "begin" : 711,
      "end" : 712,
      "text" : "に",
      "whiteSpace" : false
    }, {
      "id" : "s7-t36",
      "begin" : 712,
      "end" : 714,
      "text" : "雄大",
      "whiteSpace" : false
    }, {
      "id" : "s7-t37",
      "begin" : 714,
      "end" : 715,
      "text" : "で",
      "whiteSpace" : false
    }, {
      "id" : "s7-t38",
      "begin" : 715,
      "end" : 717,
      "text" : "変化",
      "whiteSpace" : false
    }, {
      "id" : "s7-t39",
      "begin" : 717,
      "end" : 718,
      "text" : "に",
      "whiteSpace" : false
    }, {
      "id" : "s7-t40",
      "begin" : 718,
      "end" : 721,
      "text" : "富んだ",
      "whiteSpace" : false
    }, {
      "id" : "s7-t41",
      "begin" : 721,
      "end" : 724,
      "text" : "様々な",
      "whiteSpace" : false
    }, {
      "id" : "s7-t42",
      "begin" : 724,
      "end" : 726,
      "text" : "景色",
      "whiteSpace" : false
    }, {
      "id" : "s7-t43",
      "begin" : 726,
      "end" : 727,
      "text" : "を",
      "whiteSpace" : false
    }, {
      "id" : "s7-t44",
      "begin" : 727,
      "end" : 729,
      "text" : "堪能",
      "whiteSpace" : false
    }, {
      "id" : "s7-t45",
      "begin" : 729,
      "end" : 731,
      "text" : "する",
      "whiteSpace" : false
    }, {
      "id" : "s7-t46",
      "begin" : 731,
      "end" : 733,
      "text" : "こと",
      "whiteSpace" : false
    }, {
      "id" : "s7-t47",
      "begin" : 733,
      "end" : 734,
      "text" : "が",
      "whiteSpace" : false
    }, {
      "id" : "s7-t48",
      "begin" : 734,
      "end" : 736,
      "text" : "でき",
      "whiteSpace" : false
    }, {
      "id" : "s7-t49",
      "begin" : 736,
      "end" : 737,
      "text" : "、",
      "whiteSpace" : false
    }, {
      "id" : "s7-t50",
      "begin" : 737,
      "end" : 739,
      "text" : "年間",
      "whiteSpace" : false
    }, {
      "id" : "s7-t51",
      "begin" : 739,
      "end" : 741,
      "text" : "通過",
      "whiteSpace" : false
    }, {
      "id" : "s7-t52",
      "begin" : 741,
      "end" : 743,
      "text" : "交通",
      "whiteSpace" : false
    }, {
      "id" : "s7-t53",
      "begin" : 743,
      "end" : 744,
      "text" : "量",
      "whiteSpace" : false
    }, {
      "id" : "s7-t54",
      "begin" : 744,
      "end" : 745,
      "text" : "（",
      "whiteSpace" : false
    }, {
      "id" : "s7-t55",
      "begin" : 745,
      "end" : 747,
      "text" : "冬期",
      "whiteSpace" : false
    }, {
      "id" : "s7-t56",
      "begin" : 747,
      "end" : 748,
      "text" : "は",
      "whiteSpace" : false
    }, {
      "id" : "s7-t57",
      "begin" : 748,
      "end" : 750,
      "text" : "閉鎖",
      "whiteSpace" : false
    }, {
      "id" : "s7-t58",
      "begin" : 750,
      "end" : 751,
      "text" : "）",
      "whiteSpace" : false
    }, {
      "id" : "s7-t59",
      "begin" : 751,
      "end" : 752,
      "text" : "は",
      "whiteSpace" : false
    }, {
      "id" : "s7-t60",
      "begin" : 752,
      "end" : 753,
      "text" : "約",
      "whiteSpace" : false
    }, {
      "id" : "s7-t61",
      "begin" : 754,
      "end" : 756,
      "text" : "20",
      "whiteSpace" : false
    }, {
      "id" : "s7-t62",
      "begin" : 757,
      "end" : 758,
      "text" : "万",
      "whiteSpace" : false
    }, {
      "id" : "s7-t63",
      "begin" : 758,
      "end" : 759,
      "text" : "台",
      "whiteSpace" : false
    }, {
      "id" : "s7-t64",
      "begin" : 759,
      "end" : 760,
      "text" : "（",
      "whiteSpace" : false
    }, {
      "id" : "s7-t65",
      "begin" : 760,
      "end" : 762,
      "text" : "平成",
      "whiteSpace" : false
    }, {
      "id" : "s7-t66",
      "begin" : 763,
      "end" : 765,
      "text" : "26",
      "whiteSpace" : false
    }, {
      "id" : "s7-t67",
      "begin" : 766,
      "end" : 768,
      "text" : "年度",
      "whiteSpace" : false
    }, {
      "id" : "s7-t68",
      "begin" : 768,
      "end" : 770,
      "text" : "実績",
      "whiteSpace" : false
    }, {
      "id" : "s7-t69",
      "begin" : 770,
      "end" : 771,
      "text" : "）",
      "whiteSpace" : false
    }, {
      "id" : "s7-t70",
      "begin" : 771,
      "end" : 774,
      "text" : "であり",
      "whiteSpace" : false
    }, {
      "id" : "s7-t71",
      "begin" : 774,
      "end" : 775,
      "text" : "、",
      "whiteSpace" : false
    }, {
      "id" : "s7-t72",
      "begin" : 775,
      "end" : 777,
      "text" : "80",
      "whiteSpace" : false
    }, {
      "id" : "s7-t73",
      "begin" : 778,
      "end" : 779,
      "text" : "万",
      "whiteSpace" : false
    }, {
      "id" : "s7-t74",
      "begin" : 779,
      "end" : 780,
      "text" : "人",
      "whiteSpace" : false
    }, {
      "id" : "s7-t75",
      "begin" : 780,
      "end" : 781,
      "text" : "の",
      "whiteSpace" : false
    }, {
      "id" : "s7-t76",
      "begin" : 781,
      "end" : 783,
      "text" : "観光",
      "whiteSpace" : false
    }, {
      "id" : "s7-t77",
      "begin" : 783,
      "end" : 784,
      "text" : "客",
      "whiteSpace" : false
    }, {
      "id" : "s7-t78",
      "begin" : 784,
      "end" : 785,
      "text" : "が",
      "whiteSpace" : false
    }, {
      "id" : "s7-t79",
      "begin" : 785,
      "end" : 788,
      "text" : "訪れて",
      "whiteSpace" : false
    }, {
      "id" : "s7-t80",
      "begin" : 788,
      "end" : 790,
      "text" : "いる",
      "whiteSpace" : false
    }, {
      "id" : "s7-t81",
      "begin" : 790,
      "end" : 791,
      "text" : "。",
      "whiteSpace" : false
    } ]
  } ],
  "mentions" : [ {
    "id" : "s0-m1",
    "properties" : {
      "SIRE_MENTION_ROLE" : "ONSEN",
      "SIRE_ENTITY_SUBTYPE" : "NONE",
      "SIRE_MENTION_TYPE" : "NONE",
      "SIRE_MENTION_CLASS" : "SPC"
    },
    "type" : "ONSEN",
    "begin" : 3,
    "end" : 7,
    "inCoref" : false
  }, {
    "id" : "s0-m2",
    "properties" : {
      "SIRE_MENTION_ROLE" : "ONSEN",
      "SIRE_ENTITY_SUBTYPE" : "NONE",
      "SIRE_MENTION_TYPE" : "NONE",
      "SIRE_MENTION_CLASS" : "SPC"
    },
    "type" : "ONSEN",
    "begin" : 8,
    "end" : 12,
    "inCoref" : false
  }, {
    "id" : "s1-m1",
    "properties" : {
      "SIRE_MENTION_ROLE" : "ONSEN",
      "SIRE_ENTITY_SUBTYPE" : "NONE",
      "SIRE_MENTION_TYPE" : "NONE",
      "SIRE_MENTION_CLASS" : "SPC"
    },
    "type" : "ONSEN",
    "begin" : 146,
    "end" : 150,
    "inCoref" : false
  }, {
    "id" : "s1-m2",
    "properties" : {
      "SIRE_MENTION_ROLE" : "ONSEN",
      "SIRE_ENTITY_SUBTYPE" : "NONE",
      "SIRE_MENTION_TYPE" : "NONE",
      "SIRE_MENTION_CLASS" : "SPC"
    },
    "type" : "ONSEN",
    "begin" : 151,
    "end" : 155,
    "inCoref" : false
  }, {
    "id" : "s1-m3",
    "properties" : {
      "SIRE_MENTION_ROLE" : "ONSEN",
      "SIRE_ENTITY_SUBTYPE" : "NONE",
      "SIRE_MENTION_TYPE" : "NONE",
      "SIRE_MENTION_CLASS" : "SPC"
    },
    "type" : "ONSEN",
    "begin" : 164,
    "end" : 168,
    "inCoref" : false
  }, {
    "id" : "s1-m4",
    "properties" : {
      "SIRE_MENTION_ROLE" : "ONSEN",
      "SIRE_ENTITY_SUBTYPE" : "NONE",
      "SIRE_MENTION_TYPE" : "NONE",
      "SIRE_MENTION_CLASS" : "SPC"
    },
    "type" : "ONSEN",
    "begin" : 169,
    "end" : 173,
    "inCoref" : false
  }, {
    "id" : "s1-m5",
    "properties" : {
      "SIRE_MENTION_ROLE" : "ONSEN",
      "SIRE_ENTITY_SUBTYPE" : "NONE",
      "SIRE_MENTION_TYPE" : "NONE",
      "SIRE_MENTION_CLASS" : "SPC"
    },
    "type" : "ONSEN",
    "begin" : 178,
    "end" : 182,
    "inCoref" : false
  }, {
    "id" : "s1-m6",
    "properties" : {
      "SIRE_MENTION_ROLE" : "ONSEN",
      "SIRE_ENTITY_SUBTYPE" : "NONE",
      "SIRE_MENTION_TYPE" : "NONE",
      "SIRE_MENTION_CLASS" : "SPC"
    },
    "type" : "ONSEN",
    "begin" : 183,
    "end" : 187,
    "inCoref" : false
  }, {
    "id" : "s3-m1",
    "properties" : {
      "SIRE_MENTION_ROLE" : "ONSEN",
      "SIRE_ENTITY_SUBTYPE" : "NONE",
      "SIRE_MENTION_TYPE" : "NONE",
      "SIRE_MENTION_CLASS" : "SPC"
    },
    "type" : "ONSEN",
    "begin" : 267,
    "end" : 271,
    "inCoref" : false
  }, {
    "id" : "s6-m1",
    "properties" : {
      "SIRE_MENTION_ROLE" : "Sensitsu",
      "SIRE_ENTITY_SUBTYPE" : "NONE",
      "SIRE_MENTION_TYPE" : "NONE",
      "SIRE_MENTION_CLASS" : "SPC"
    },
    "type" : "Sensitsu",
    "begin" : 555,
    "end" : 586,
    "inCoref" : false
  }, {
    "id" : "s6-m2",
    "properties" : {
      "SIRE_MENTION_ROLE" : "Sensitsu",
      "SIRE_ENTITY_SUBTYPE" : "NONE",
      "SIRE_MENTION_TYPE" : "NONE",
      "SIRE_MENTION_CLASS" : "SPC"
    },
    "type" : "Sensitsu",
    "begin" : 587,
    "end" : 597,
    "inCoref" : false
  }, {
    "id" : "s6-m3",
    "properties" : {
      "SIRE_MENTION_ROLE" : "Tekiou",
      "SIRE_ENTITY_SUBTYPE" : "NONE",
      "SIRE_MENTION_TYPE" : "NONE",
      "SIRE_MENTION_CLASS" : "SPC"
    },
    "type" : "Tekiou",
    "begin" : 599,
    "end" : 607,
    "inCoref" : false
  }, {
    "id" : "s6-m4",
    "properties" : {
      "SIRE_MENTION_ROLE" : "Tekiou",
      "SIRE_ENTITY_SUBTYPE" : "NONE",
      "SIRE_MENTION_TYPE" : "NONE",
      "SIRE_MENTION_CLASS" : "SPC"
    },
    "type" : "Tekiou",
    "begin" : 608,
    "end" : 612,
    "inCoref" : false
  }, {
    "id" : "s7-m1",
    "properties" : {
      "SIRE_MENTION_ROLE" : "ONSEN",
      "SIRE_ENTITY_SUBTYPE" : "NONE",
      "SIRE_MENTION_TYPE" : "NONE",
      "SIRE_MENTION_CLASS" : "SPC"
    },
    "type" : "ONSEN",
    "begin" : 642,
    "end" : 646,
    "inCoref" : false
  } ],
  "relations" : [ {
    "id" : "s6-r1",
    "properties" : { },
    "type" : "targetCase",
    "args" : [ "s6-m2", "s6-m3" ]
  }, {
    "id" : "s6-r2",
    "properties" : { },
    "type" : "targetCase",
    "args" : [ "s6-m1", "s6-m3" ]
  }, {
    "id" : "s6-r3",
    "properties" : { },
    "type" : "targetCase",
    "args" : [ "s6-m1", "s6-m4" ]
  }, {
    "id" : "s6-r4",
    "properties" : { },
    "type" : "targetCase",
    "args" : [ "s6-m2", "s6-m4" ]
  } ],
  "corefs" : [ ],
  "typeResolved" : true,
  "userResolved" : false
}