{
  "id" : "5ae7cfb0-d149-11e9-ad4b-c984733d60b0-6",
  "name" : "6_国民保養温泉地新規指定等の概要",
  "createdDate" : 0,
  "version" : 3,
  "text" : "二岐・岩瀬湯本・天栄温泉 （福島県岩瀬郡天栄村）の概要（平成28年５月20日指定）\n○概要\n福島県の中央よりやや南に位置する天栄村。二岐温泉と岩瀬湯本温泉は村西部に、天栄温泉は村東部にある。\n○特徴\nいずれも古くからの歴史がある温泉で、開湯当時より湯治客が絶えない温泉地である。\n○泉質等主な泉質：カルシウム‐硫酸塩泉、ナトリウム・カルシウム‐塩化物温泉、カルシウム・マグネシウム・アルミニウム‐硫酸塩泉\n効用：婦人病、消化器病、糖尿病、神経痛、切り傷、火傷、動脈硬化症、慢性皮膚病等\n○今後の方針\n豊かな自然環境や豊富な源泉、景観の保持を継続していくとともに、利用客の健康増進に繋がる事業展開を目指す。",
  "docLength" : 0,
  "language" : "JA",
  "status" : "IN_PROGRESS",
  "modifiedDate" : 1567849668786,
  "documentSet" : [ ],
  "preannotation" : [ "PRE_LW" ],
  "sentences" : [ {
    "id" : "s0",
    "begin" : 0,
    "end" : 66,
    "text" : "二岐・岩瀬湯本・天栄温泉 （福島県岩瀬郡天栄村）の概要（平成28年５月20日指定）\n○概要\n福島県の中央よりやや南に位置する天栄村。",
    "tokens" : [ {
      "id" : "s0-t0",
      "begin" : 0,
      "end" : 2,
      "text" : "二岐",
      "whiteSpace" : false
    }, {
      "id" : "s0-t1",
      "begin" : 2,
      "end" : 3,
      "text" : "・",
      "whiteSpace" : false
    }, {
      "id" : "s0-t2",
      "begin" : 3,
      "end" : 5,
      "text" : "岩瀬",
      "whiteSpace" : false
    }, {
      "id" : "s0-t3",
      "begin" : 5,
      "end" : 7,
      "text" : "湯本",
      "whiteSpace" : false
    }, {
      "id" : "s0-t4",
      "begin" : 7,
      "end" : 8,
      "text" : "・",
      "whiteSpace" : false
    }, {
      "id" : "s0-t5",
      "begin" : 8,
      "end" : 10,
      "text" : "天栄",
      "whiteSpace" : false
    }, {
      "id" : "s0-t6",
      "begin" : 10,
      "end" : 12,
      "text" : "温泉",
      "whiteSpace" : false
    }, {
      "id" : "s0-t7",
      "begin" : 13,
      "end" : 14,
      "text" : "（",
      "whiteSpace" : false
    }, {
      "id" : "s0-t8",
      "begin" : 14,
      "end" : 16,
      "text" : "福島",
      "whiteSpace" : false
    }, {
      "id" : "s0-t9",
      "begin" : 16,
      "end" : 17,
      "text" : "県",
      "whiteSpace" : false
    }, {
      "id" : "s0-t10",
      "begin" : 17,
      "end" : 19,
      "text" : "岩瀬",
      "whiteSpace" : false
    }, {
      "id" : "s0-t11",
      "begin" : 19,
      "end" : 20,
      "text" : "郡",
      "whiteSpace" : false
    }, {
      "id" : "s0-t12",
      "begin" : 20,
      "end" : 22,
      "text" : "天栄",
      "whiteSpace" : false
    }, {
      "id" : "s0-t13",
      "begin" : 22,
      "end" : 23,
      "text" : "村",
      "whiteSpace" : false
    }, {
      "id" : "s0-t14",
      "begin" : 23,
      "end" : 24,
      "text" : "）",
      "whiteSpace" : false
    }, {
      "id" : "s0-t15",
      "begin" : 24,
      "end" : 25,
      "text" : "の",
      "whiteSpace" : false
    }, {
      "id" : "s0-t16",
      "begin" : 25,
      "end" : 27,
      "text" : "概要",
      "whiteSpace" : false
    }, {
      "id" : "s0-t17",
      "begin" : 27,
      "end" : 28,
      "text" : "（",
      "whiteSpace" : false
    }, {
      "id" : "s0-t18",
      "begin" : 28,
      "end" : 30,
      "text" : "平成",
      "whiteSpace" : false
    }, {
      "id" : "s0-t19",
      "begin" : 30,
      "end" : 32,
      "text" : "28",
      "whiteSpace" : false
    }, {
      "id" : "s0-t20",
      "begin" : 32,
      "end" : 33,
      "text" : "年",
      "whiteSpace" : false
    }, {
      "id" : "s0-t21",
      "begin" : 33,
      "end" : 34,
      "text" : "５",
      "whiteSpace" : false
    }, {
      "id" : "s0-t22",
      "begin" : 34,
      "end" : 35,
      "text" : "月",
      "whiteSpace" : false
    }, {
      "id" : "s0-t23",
      "begin" : 35,
      "end" : 37,
      "text" : "20",
      "whiteSpace" : false
    }, {
      "id" : "s0-t24",
      "begin" : 37,
      "end" : 38,
      "text" : "日",
      "whiteSpace" : false
    }, {
      "id" : "s0-t25",
      "begin" : 38,
      "end" : 40,
      "text" : "指定",
      "whiteSpace" : false
    }, {
      "id" : "s0-t26",
      "begin" : 40,
      "end" : 41,
      "text" : "）",
      "whiteSpace" : false
    }, {
      "id" : "s0-t27",
      "begin" : 42,
      "end" : 43,
      "text" : "○",
      "whiteSpace" : false
    }, {
      "id" : "s0-t28",
      "begin" : 43,
      "end" : 45,
      "text" : "概要",
      "whiteSpace" : false
    }, {
      "id" : "s0-t29",
      "begin" : 46,
      "end" : 48,
      "text" : "福島",
      "whiteSpace" : false
    }, {
      "id" : "s0-t30",
      "begin" : 48,
      "end" : 49,
      "text" : "県",
      "whiteSpace" : false
    }, {
      "id" : "s0-t31",
      "begin" : 49,
      "end" : 50,
      "text" : "の",
      "whiteSpace" : false
    }, {
      "id" : "s0-t32",
      "begin" : 50,
      "end" : 52,
      "text" : "中央",
      "whiteSpace" : false
    }, {
      "id" : "s0-t33",
      "begin" : 52,
      "end" : 54,
      "text" : "より",
      "whiteSpace" : false
    }, {
      "id" : "s0-t34",
      "begin" : 54,
      "end" : 56,
      "text" : "やや",
      "whiteSpace" : false
    }, {
      "id" : "s0-t35",
      "begin" : 56,
      "end" : 57,
      "text" : "南",
      "whiteSpace" : false
    }, {
      "id" : "s0-t36",
      "begin" : 57,
      "end" : 58,
      "text" : "に",
      "whiteSpace" : false
    }, {
      "id" : "s0-t37",
      "begin" : 58,
      "end" : 60,
      "text" : "位置",
      "whiteSpace" : false
    }, {
      "id" : "s0-t38",
      "begin" : 60,
      "end" : 62,
      "text" : "する",
      "whiteSpace" : false
    }, {
      "id" : "s0-t39",
      "begin" : 62,
      "end" : 64,
      "text" : "天栄",
      "whiteSpace" : false
    }, {
      "id" : "s0-t40",
      "begin" : 64,
      "end" : 65,
      "text" : "村",
      "whiteSpace" : false
    }, {
      "id" : "s0-t41",
      "begin" : 65,
      "end" : 66,
      "text" : "。",
      "whiteSpace" : false
    } ]
  }, {
    "id" : "s1",
    "begin" : 66,
    "end" : 95,
    "text" : "二岐温泉と岩瀬湯本温泉は村西部に、天栄温泉は村東部にある。",
    "tokens" : [ {
      "id" : "s1-t0",
      "begin" : 66,
      "end" : 68,
      "text" : "二岐",
      "whiteSpace" : false
    }, {
      "id" : "s1-t1",
      "begin" : 68,
      "end" : 70,
      "text" : "温泉",
      "whiteSpace" : false
    }, {
      "id" : "s1-t2",
      "begin" : 70,
      "end" : 71,
      "text" : "と",
      "whiteSpace" : false
    }, {
      "id" : "s1-t3",
      "begin" : 71,
      "end" : 73,
      "text" : "岩瀬",
      "whiteSpace" : false
    }, {
      "id" : "s1-t4",
      "begin" : 73,
      "end" : 75,
      "text" : "湯本",
      "whiteSpace" : false
    }, {
      "id" : "s1-t5",
      "begin" : 75,
      "end" : 77,
      "text" : "温泉",
      "whiteSpace" : false
    }, {
      "id" : "s1-t6",
      "begin" : 77,
      "end" : 78,
      "text" : "は",
      "whiteSpace" : false
    }, {
      "id" : "s1-t7",
      "begin" : 78,
      "end" : 79,
      "text" : "村",
      "whiteSpace" : false
    }, {
      "id" : "s1-t8",
      "begin" : 79,
      "end" : 81,
      "text" : "西部",
      "whiteSpace" : false
    }, {
      "id" : "s1-t9",
      "begin" : 81,
      "end" : 82,
      "text" : "に",
      "whiteSpace" : false
    }, {
      "id" : "s1-t10",
      "begin" : 82,
      "end" : 83,
      "text" : "、",
      "whiteSpace" : false
    }, {
      "id" : "s1-t11",
      "begin" : 83,
      "end" : 85,
      "text" : "天栄",
      "whiteSpace" : false
    }, {
      "id" : "s1-t12",
      "begin" : 85,
      "end" : 87,
      "text" : "温泉",
      "whiteSpace" : false
    }, {
      "id" : "s1-t13",
      "begin" : 87,
      "end" : 88,
      "text" : "は",
      "whiteSpace" : false
    }, {
      "id" : "s1-t14",
      "begin" : 88,
      "end" : 89,
      "text" : "村",
      "whiteSpace" : false
    }, {
      "id" : "s1-t15",
      "begin" : 89,
      "end" : 91,
      "text" : "東部",
      "whiteSpace" : false
    }, {
      "id" : "s1-t16",
      "begin" : 91,
      "end" : 92,
      "text" : "に",
      "whiteSpace" : false
    }, {
      "id" : "s1-t17",
      "begin" : 92,
      "end" : 94,
      "text" : "ある",
      "whiteSpace" : false
    }, {
      "id" : "s1-t18",
      "begin" : 94,
      "end" : 95,
      "text" : "。",
      "whiteSpace" : false
    } ]
  }, {
    "id" : "s2",
    "begin" : 96,
    "end" : 139,
    "text" : "○特徴\nいずれも古くからの歴史がある温泉で、開湯当時より湯治客が絶えない温泉地である。",
    "tokens" : [ {
      "id" : "s2-t0",
      "begin" : 96,
      "end" : 97,
      "text" : "○",
      "whiteSpace" : false
    }, {
      "id" : "s2-t1",
      "begin" : 97,
      "end" : 99,
      "text" : "特徴",
      "whiteSpace" : false
    }, {
      "id" : "s2-t2",
      "begin" : 100,
      "end" : 103,
      "text" : "いずれ",
      "whiteSpace" : false
    }, {
      "id" : "s2-t3",
      "begin" : 103,
      "end" : 104,
      "text" : "も",
      "whiteSpace" : false
    }, {
      "id" : "s2-t4",
      "begin" : 104,
      "end" : 108,
      "text" : "古くから",
      "whiteSpace" : false
    }, {
      "id" : "s2-t5",
      "begin" : 108,
      "end" : 109,
      "text" : "の",
      "whiteSpace" : false
    }, {
      "id" : "s2-t6",
      "begin" : 109,
      "end" : 111,
      "text" : "歴史",
      "whiteSpace" : false
    }, {
      "id" : "s2-t7",
      "begin" : 111,
      "end" : 112,
      "text" : "が",
      "whiteSpace" : false
    }, {
      "id" : "s2-t8",
      "begin" : 112,
      "end" : 114,
      "text" : "ある",
      "whiteSpace" : false
    }, {
      "id" : "s2-t9",
      "begin" : 114,
      "end" : 116,
      "text" : "温泉",
      "whiteSpace" : false
    }, {
      "id" : "s2-t10",
      "begin" : 116,
      "end" : 117,
      "text" : "で",
      "whiteSpace" : false
    }, {
      "id" : "s2-t11",
      "begin" : 117,
      "end" : 118,
      "text" : "、",
      "whiteSpace" : false
    }, {
      "id" : "s2-t12",
      "begin" : 118,
      "end" : 120,
      "text" : "開湯",
      "whiteSpace" : false
    }, {
      "id" : "s2-t13",
      "begin" : 120,
      "end" : 122,
      "text" : "当時",
      "whiteSpace" : false
    }, {
      "id" : "s2-t14",
      "begin" : 122,
      "end" : 124,
      "text" : "より",
      "whiteSpace" : false
    }, {
      "id" : "s2-t15",
      "begin" : 124,
      "end" : 126,
      "text" : "湯治",
      "whiteSpace" : false
    }, {
      "id" : "s2-t16",
      "begin" : 126,
      "end" : 127,
      "text" : "客",
      "whiteSpace" : false
    }, {
      "id" : "s2-t17",
      "begin" : 127,
      "end" : 128,
      "text" : "が",
      "whiteSpace" : false
    }, {
      "id" : "s2-t18",
      "begin" : 128,
      "end" : 130,
      "text" : "絶え",
      "whiteSpace" : false
    }, {
      "id" : "s2-t19",
      "begin" : 130,
      "end" : 132,
      "text" : "ない",
      "whiteSpace" : false
    }, {
      "id" : "s2-t20",
      "begin" : 132,
      "end" : 134,
      "text" : "温泉",
      "whiteSpace" : false
    }, {
      "id" : "s2-t21",
      "begin" : 134,
      "end" : 135,
      "text" : "地",
      "whiteSpace" : false
    }, {
      "id" : "s2-t22",
      "begin" : 135,
      "end" : 138,
      "text" : "である",
      "whiteSpace" : false
    }, {
      "id" : "s2-t23",
      "begin" : 138,
      "end" : 139,
      "text" : "。",
      "whiteSpace" : false
    } ]
  }, {
    "id" : "s3",
    "begin" : 140,
    "end" : 302,
    "text" : "○泉質等主な泉質：カルシウム‐硫酸塩泉、ナトリウム・カルシウム‐塩化物温泉、カルシウム・マグネシウム・アルミニウム‐硫酸塩泉\n効用：婦人病、消化器病、糖尿病、神経痛、切り傷、火傷、動脈硬化症、慢性皮膚病等\n○今後の方針\n豊かな自然環境や豊富な源泉、景観の保持を継続していくとともに、利用客の健康増進に繋がる事業展開を目指す。",
    "tokens" : [ {
      "id" : "s3-t0",
      "begin" : 140,
      "end" : 141,
      "text" : "○",
      "whiteSpace" : false
    }, {
      "id" : "s3-t1",
      "begin" : 141,
      "end" : 143,
      "text" : "泉質",
      "whiteSpace" : false
    }, {
      "id" : "s3-t2",
      "begin" : 143,
      "end" : 144,
      "text" : "等",
      "whiteSpace" : false
    }, {
      "id" : "s3-t3",
      "begin" : 144,
      "end" : 146,
      "text" : "主な",
      "whiteSpace" : false
    }, {
      "id" : "s3-t4",
      "begin" : 146,
      "end" : 148,
      "text" : "泉質",
      "whiteSpace" : false
    }, {
      "id" : "s3-t5",
      "begin" : 148,
      "end" : 149,
      "text" : "：",
      "whiteSpace" : false
    }, {
      "id" : "s3-t6",
      "begin" : 149,
      "end" : 154,
      "text" : "カルシウム",
      "whiteSpace" : false
    }, {
      "id" : "s3-t7",
      "begin" : 154,
      "end" : 155,
      "text" : "‐",
      "whiteSpace" : false
    }, {
      "id" : "s3-t8",
      "begin" : 155,
      "end" : 157,
      "text" : "硫酸",
      "whiteSpace" : false
    }, {
      "id" : "s3-t9",
      "begin" : 157,
      "end" : 159,
      "text" : "塩泉",
      "whiteSpace" : false
    }, {
      "id" : "s3-t10",
      "begin" : 159,
      "end" : 160,
      "text" : "、",
      "whiteSpace" : false
    }, {
      "id" : "s3-t11",
      "begin" : 160,
      "end" : 165,
      "text" : "ナトリウム",
      "whiteSpace" : false
    }, {
      "id" : "s3-t12",
      "begin" : 165,
      "end" : 166,
      "text" : "・",
      "whiteSpace" : false
    }, {
      "id" : "s3-t13",
      "begin" : 166,
      "end" : 171,
      "text" : "カルシウム",
      "whiteSpace" : false
    }, {
      "id" : "s3-t14",
      "begin" : 171,
      "end" : 172,
      "text" : "‐",
      "whiteSpace" : false
    }, {
      "id" : "s3-t15",
      "begin" : 172,
      "end" : 175,
      "text" : "塩化物",
      "whiteSpace" : false
    }, {
      "id" : "s3-t16",
      "begin" : 175,
      "end" : 177,
      "text" : "温泉",
      "whiteSpace" : false
    }, {
      "id" : "s3-t17",
      "begin" : 177,
      "end" : 178,
      "text" : "、",
      "whiteSpace" : false
    }, {
      "id" : "s3-t18",
      "begin" : 178,
      "end" : 183,
      "text" : "カルシウム",
      "whiteSpace" : false
    }, {
      "id" : "s3-t19",
      "begin" : 183,
      "end" : 184,
      "text" : "・",
      "whiteSpace" : false
    }, {
      "id" : "s3-t20",
      "begin" : 184,
      "end" : 190,
      "text" : "マグネシウム",
      "whiteSpace" : false
    }, {
      "id" : "s3-t21",
      "begin" : 190,
      "end" : 191,
      "text" : "・",
      "whiteSpace" : false
    }, {
      "id" : "s3-t22",
      "begin" : 191,
      "end" : 197,
      "text" : "アルミニウム",
      "whiteSpace" : false
    }, {
      "id" : "s3-t23",
      "begin" : 197,
      "end" : 198,
      "text" : "‐",
      "whiteSpace" : false
    }, {
      "id" : "s3-t24",
      "begin" : 198,
      "end" : 200,
      "text" : "硫酸",
      "whiteSpace" : false
    }, {
      "id" : "s3-t25",
      "begin" : 200,
      "end" : 202,
      "text" : "塩泉",
      "whiteSpace" : false
    }, {
      "id" : "s3-t26",
      "begin" : 203,
      "end" : 205,
      "text" : "効用",
      "whiteSpace" : false
    }, {
      "id" : "s3-t27",
      "begin" : 205,
      "end" : 206,
      "text" : "：",
      "whiteSpace" : false
    }, {
      "id" : "s3-t28",
      "begin" : 206,
      "end" : 208,
      "text" : "婦人",
      "whiteSpace" : false
    }, {
      "id" : "s3-t29",
      "begin" : 208,
      "end" : 209,
      "text" : "病",
      "whiteSpace" : false
    }, {
      "id" : "s3-t30",
      "begin" : 209,
      "end" : 210,
      "text" : "、",
      "whiteSpace" : false
    }, {
      "id" : "s3-t31",
      "begin" : 210,
      "end" : 212,
      "text" : "消化",
      "whiteSpace" : false
    }, {
      "id" : "s3-t32",
      "begin" : 212,
      "end" : 213,
      "text" : "器",
      "whiteSpace" : false
    }, {
      "id" : "s3-t33",
      "begin" : 213,
      "end" : 214,
      "text" : "病",
      "whiteSpace" : false
    }, {
      "id" : "s3-t34",
      "begin" : 214,
      "end" : 215,
      "text" : "、",
      "whiteSpace" : false
    }, {
      "id" : "s3-t35",
      "begin" : 215,
      "end" : 217,
      "text" : "糖尿",
      "whiteSpace" : false
    }, {
      "id" : "s3-t36",
      "begin" : 217,
      "end" : 218,
      "text" : "病",
      "whiteSpace" : false
    }, {
      "id" : "s3-t37",
      "begin" : 218,
      "end" : 219,
      "text" : "、",
      "whiteSpace" : false
    }, {
      "id" : "s3-t38",
      "begin" : 219,
      "end" : 221,
      "text" : "神経",
      "whiteSpace" : false
    }, {
      "id" : "s3-t39",
      "begin" : 221,
      "end" : 222,
      "text" : "痛",
      "whiteSpace" : false
    }, {
      "id" : "s3-t40",
      "begin" : 222,
      "end" : 223,
      "text" : "、",
      "whiteSpace" : false
    }, {
      "id" : "s3-t41",
      "begin" : 223,
      "end" : 225,
      "text" : "切り",
      "whiteSpace" : false
    }, {
      "id" : "s3-t42",
      "begin" : 225,
      "end" : 226,
      "text" : "傷",
      "whiteSpace" : false
    }, {
      "id" : "s3-t43",
      "begin" : 226,
      "end" : 227,
      "text" : "、",
      "whiteSpace" : false
    }, {
      "id" : "s3-t44",
      "begin" : 227,
      "end" : 229,
      "text" : "火傷",
      "whiteSpace" : false
    }, {
      "id" : "s3-t45",
      "begin" : 229,
      "end" : 230,
      "text" : "、",
      "whiteSpace" : false
    }, {
      "id" : "s3-t46",
      "begin" : 230,
      "end" : 232,
      "text" : "動脈",
      "whiteSpace" : false
    }, {
      "id" : "s3-t47",
      "begin" : 232,
      "end" : 234,
      "text" : "硬化",
      "whiteSpace" : false
    }, {
      "id" : "s3-t48",
      "begin" : 234,
      "end" : 235,
      "text" : "症",
      "whiteSpace" : false
    }, {
      "id" : "s3-t49",
      "begin" : 235,
      "end" : 236,
      "text" : "、",
      "whiteSpace" : false
    }, {
      "id" : "s3-t50",
      "begin" : 236,
      "end" : 241,
      "text" : "慢性皮膚病",
      "whiteSpace" : false
    }, {
      "id" : "s3-t51",
      "begin" : 241,
      "end" : 242,
      "text" : "等",
      "whiteSpace" : false
    }, {
      "id" : "s3-t52",
      "begin" : 243,
      "end" : 244,
      "text" : "○",
      "whiteSpace" : false
    }, {
      "id" : "s3-t53",
      "begin" : 244,
      "end" : 246,
      "text" : "今後",
      "whiteSpace" : false
    }, {
      "id" : "s3-t54",
      "begin" : 246,
      "end" : 247,
      "text" : "の",
      "whiteSpace" : false
    }, {
      "id" : "s3-t55",
      "begin" : 247,
      "end" : 249,
      "text" : "方針",
      "whiteSpace" : false
    }, {
      "id" : "s3-t56",
      "begin" : 250,
      "end" : 253,
      "text" : "豊かな",
      "whiteSpace" : false
    }, {
      "id" : "s3-t57",
      "begin" : 253,
      "end" : 255,
      "text" : "自然",
      "whiteSpace" : false
    }, {
      "id" : "s3-t58",
      "begin" : 255,
      "end" : 257,
      "text" : "環境",
      "whiteSpace" : false
    }, {
      "id" : "s3-t59",
      "begin" : 257,
      "end" : 258,
      "text" : "や",
      "whiteSpace" : false
    }, {
      "id" : "s3-t60",
      "begin" : 258,
      "end" : 261,
      "text" : "豊富な",
      "whiteSpace" : false
    }, {
      "id" : "s3-t61",
      "begin" : 261,
      "end" : 263,
      "text" : "源泉",
      "whiteSpace" : false
    }, {
      "id" : "s3-t62",
      "begin" : 263,
      "end" : 264,
      "text" : "、",
      "whiteSpace" : false
    }, {
      "id" : "s3-t63",
      "begin" : 264,
      "end" : 266,
      "text" : "景観",
      "whiteSpace" : false
    }, {
      "id" : "s3-t64",
      "begin" : 266,
      "end" : 267,
      "text" : "の",
      "whiteSpace" : false
    }, {
      "id" : "s3-t65",
      "begin" : 267,
      "end" : 269,
      "text" : "保持",
      "whiteSpace" : false
    }, {
      "id" : "s3-t66",
      "begin" : 269,
      "end" : 270,
      "text" : "を",
      "whiteSpace" : false
    }, {
      "id" : "s3-t67",
      "begin" : 270,
      "end" : 272,
      "text" : "継続",
      "whiteSpace" : false
    }, {
      "id" : "s3-t68",
      "begin" : 272,
      "end" : 274,
      "text" : "して",
      "whiteSpace" : false
    }, {
      "id" : "s3-t69",
      "begin" : 274,
      "end" : 276,
      "text" : "いく",
      "whiteSpace" : false
    }, {
      "id" : "s3-t70",
      "begin" : 276,
      "end" : 277,
      "text" : "と",
      "whiteSpace" : false
    }, {
      "id" : "s3-t71",
      "begin" : 277,
      "end" : 280,
      "text" : "ともに",
      "whiteSpace" : false
    }, {
      "id" : "s3-t72",
      "begin" : 280,
      "end" : 281,
      "text" : "、",
      "whiteSpace" : false
    }, {
      "id" : "s3-t73",
      "begin" : 281,
      "end" : 283,
      "text" : "利用",
      "whiteSpace" : false
    }, {
      "id" : "s3-t74",
      "begin" : 283,
      "end" : 284,
      "text" : "客",
      "whiteSpace" : false
    }, {
      "id" : "s3-t75",
      "begin" : 284,
      "end" : 285,
      "text" : "の",
      "whiteSpace" : false
    }, {
      "id" : "s3-t76",
      "begin" : 285,
      "end" : 287,
      "text" : "健康",
      "whiteSpace" : false
    }, {
      "id" : "s3-t77",
      "begin" : 287,
      "end" : 289,
      "text" : "増進",
      "whiteSpace" : false
    }, {
      "id" : "s3-t78",
      "begin" : 289,
      "end" : 290,
      "text" : "に",
      "whiteSpace" : false
    }, {
      "id" : "s3-t79",
      "begin" : 290,
      "end" : 293,
      "text" : "繋がる",
      "whiteSpace" : false
    }, {
      "id" : "s3-t80",
      "begin" : 293,
      "end" : 295,
      "text" : "事業",
      "whiteSpace" : false
    }, {
      "id" : "s3-t81",
      "begin" : 295,
      "end" : 297,
      "text" : "展開",
      "whiteSpace" : false
    }, {
      "id" : "s3-t82",
      "begin" : 297,
      "end" : 298,
      "text" : "を",
      "whiteSpace" : false
    }, {
      "id" : "s3-t83",
      "begin" : 298,
      "end" : 301,
      "text" : "目指す",
      "whiteSpace" : false
    }, {
      "id" : "s3-t84",
      "begin" : 301,
      "end" : 302,
      "text" : "。",
      "whiteSpace" : false
    } ]
  } ],
  "mentions" : [ {
    "id" : "s0-m1",
    "properties" : {
      "SIRE_MENTION_ROLE" : "ONSEN",
      "SIRE_ENTITY_SUBTYPE" : "NONE",
      "SIRE_MENTION_TYPE" : "NONE",
      "SIRE_MENTION_CLASS" : "SPC"
    },
    "type" : "ONSEN",
    "begin" : 8,
    "end" : 12,
    "inCoref" : false
  }, {
    "id" : "s1-m1",
    "properties" : {
      "SIRE_MENTION_ROLE" : "ONSEN",
      "SIRE_ENTITY_SUBTYPE" : "NONE",
      "SIRE_MENTION_TYPE" : "NONE",
      "SIRE_MENTION_CLASS" : "SPC"
    },
    "type" : "ONSEN",
    "begin" : 66,
    "end" : 70,
    "inCoref" : false
  }, {
    "id" : "s1-m2",
    "properties" : {
      "SIRE_MENTION_ROLE" : "ONSEN",
      "SIRE_ENTITY_SUBTYPE" : "NONE",
      "SIRE_MENTION_TYPE" : "NONE",
      "SIRE_MENTION_CLASS" : "SPC"
    },
    "type" : "ONSEN",
    "begin" : 71,
    "end" : 77,
    "inCoref" : false
  }, {
    "id" : "s1-m3",
    "properties" : {
      "SIRE_MENTION_ROLE" : "ONSEN",
      "SIRE_ENTITY_SUBTYPE" : "NONE",
      "SIRE_MENTION_TYPE" : "NONE",
      "SIRE_MENTION_CLASS" : "SPC"
    },
    "type" : "ONSEN",
    "begin" : 83,
    "end" : 87,
    "inCoref" : false
  }, {
    "id" : "s3-m3",
    "properties" : {
      "SIRE_MENTION_ROLE" : "Sensitsu",
      "SIRE_ENTITY_SUBTYPE" : "NONE",
      "SIRE_MENTION_TYPE" : "NONE",
      "SIRE_MENTION_CLASS" : "SPC"
    },
    "type" : "Sensitsu",
    "begin" : 149,
    "end" : 159,
    "inCoref" : false
  }, {
    "id" : "s3-m4",
    "properties" : {
      "SIRE_MENTION_ROLE" : "Sensitsu",
      "SIRE_ENTITY_SUBTYPE" : "NONE",
      "SIRE_MENTION_TYPE" : "NONE",
      "SIRE_MENTION_CLASS" : "SPC"
    },
    "type" : "Sensitsu",
    "begin" : 160,
    "end" : 177,
    "inCoref" : false
  }, {
    "id" : "s3-m5",
    "properties" : {
      "SIRE_MENTION_ROLE" : "Sensitsu",
      "SIRE_ENTITY_SUBTYPE" : "NONE",
      "SIRE_MENTION_TYPE" : "NONE",
      "SIRE_MENTION_CLASS" : "SPC"
    },
    "type" : "Sensitsu",
    "begin" : 178,
    "end" : 202,
    "inCoref" : false
  }, {
    "id" : "s3-m6",
    "properties" : {
      "SIRE_MENTION_ROLE" : "Tekiou",
      "SIRE_ENTITY_SUBTYPE" : "NONE",
      "SIRE_MENTION_TYPE" : "NONE",
      "SIRE_MENTION_CLASS" : "SPC"
    },
    "type" : "Tekiou",
    "begin" : 206,
    "end" : 209,
    "inCoref" : false
  }, {
    "id" : "s3-m7",
    "properties" : {
      "SIRE_MENTION_ROLE" : "Tekiou",
      "SIRE_ENTITY_SUBTYPE" : "NONE",
      "SIRE_MENTION_TYPE" : "NONE",
      "SIRE_MENTION_CLASS" : "SPC"
    },
    "type" : "Tekiou",
    "begin" : 210,
    "end" : 214,
    "inCoref" : false
  }, {
    "id" : "s3-m8",
    "properties" : {
      "SIRE_MENTION_ROLE" : "Tekiou",
      "SIRE_ENTITY_SUBTYPE" : "NONE",
      "SIRE_MENTION_TYPE" : "NONE",
      "SIRE_MENTION_CLASS" : "SPC"
    },
    "type" : "Tekiou",
    "begin" : 215,
    "end" : 218,
    "inCoref" : false
  }, {
    "id" : "s3-m9",
    "properties" : {
      "SIRE_MENTION_ROLE" : "Tekiou",
      "SIRE_ENTITY_SUBTYPE" : "NONE",
      "SIRE_MENTION_TYPE" : "NONE",
      "SIRE_MENTION_CLASS" : "SPC"
    },
    "type" : "Tekiou",
    "begin" : 219,
    "end" : 222,
    "inCoref" : false
  }, {
    "id" : "s3-m10",
    "properties" : {
      "SIRE_MENTION_ROLE" : "Tekiou",
      "SIRE_ENTITY_SUBTYPE" : "NONE",
      "SIRE_MENTION_TYPE" : "NONE",
      "SIRE_MENTION_CLASS" : "SPC"
    },
    "type" : "Tekiou",
    "begin" : 223,
    "end" : 226,
    "inCoref" : false
  }, {
    "id" : "s3-m11",
    "properties" : {
      "SIRE_MENTION_ROLE" : "Tekiou",
      "SIRE_ENTITY_SUBTYPE" : "NONE",
      "SIRE_MENTION_TYPE" : "NONE",
      "SIRE_MENTION_CLASS" : "SPC"
    },
    "type" : "Tekiou",
    "begin" : 227,
    "end" : 229,
    "inCoref" : false
  }, {
    "id" : "s3-m12",
    "properties" : {
      "SIRE_MENTION_ROLE" : "Tekiou",
      "SIRE_ENTITY_SUBTYPE" : "NONE",
      "SIRE_MENTION_TYPE" : "NONE",
      "SIRE_MENTION_CLASS" : "SPC"
    },
    "type" : "Tekiou",
    "begin" : 230,
    "end" : 235,
    "inCoref" : false
  }, {
    "id" : "s3-m13",
    "properties" : {
      "SIRE_MENTION_ROLE" : "Tekiou",
      "SIRE_ENTITY_SUBTYPE" : "NONE",
      "SIRE_MENTION_TYPE" : "NONE",
      "SIRE_MENTION_CLASS" : "SPC"
    },
    "type" : "Tekiou",
    "begin" : 236,
    "end" : 241,
    "inCoref" : false
  } ],
  "relations" : [ ],
  "corefs" : [ ],
  "typeResolved" : true,
  "userResolved" : false
}