{
  "id" : "5ae7cfb0-d149-11e9-ad4b-c984733d60b0-27",
  "name" : "27_板室温泉 国民保養温泉地計画書",
  "createdDate" : 0,
  "version" : 3,
  "text" : "1 温泉地の概要\n本温泉地計画の地域は、栃木県那須塩原市の板室温泉の周辺を含めた別添図面に表示す る地域とし、その面積は、4,842ha(図上測定)である。\n湯治文化(綱の湯)\n板室温泉は那須連山の西端に位置し、那 珂川最上流の山あいにあり、平安の康平2 年(1059年)3月に、那須三郎宗重が狩り のために山奥に入り発見したと伝えられて いる。古くからの旅館は、板室本村の人が 隠居仕事として営んでいたもので、那須七 湯の一つに数えられ、温泉の効能から「下 野の薬湯」と呼ばれている。\n現代アートの庭園\n現在の温泉街は、豊かな自然景観や環境が保護 され、他の温泉地にはない野趣に富む雰囲気を残 しつつも、現代アート作家の作品が点在し、モダ ンアートを楽しめる。平成27年には、「温泉文化 生活文化 そして芸術文化を味わう」を板室温泉 の新たなテーマとし、古くからの湯治文化を活か し板室温泉三大祈願祭(板室温泉の三大パワース ポット「板室温泉神社」、「龍岩神社」及び「木の 俣地蔵」で祈願されるお札を湯口に供え、そのお 湯に入ることで御利益が得られる祭り)を開始す るなど、温泉や芸術などの文化が香る温泉街づく りを進めている。\n板室温泉の主な泉質は31~49°Cの単純温泉及び硫酸塩泉で、単純温泉は、筋肉若し くは関節の慢性的な痛み又はこわばり・冷え性・病後回復期・疲労回復・健康増進・自律 神経不安定症・不眠症・うつ状態等への効果が挙げられ、硫酸塩泉は、きりきず・末梢循 環障害・冷え性・うつ状態・皮膚乾燥症等への効果が挙げられる。板室温泉の特徴の一つ として、市営入浴施設である「板室健康のゆ グリーングリーン」を除く浴用利用施設につ いては、源泉掛け流しであることが挙げられる。\nまた、平成26年度からピンクリボン推進運動に取り組んでおり、現在11軒の旅館が 参画し、乳がん患者の適切な受け入れ態勢を整えている。",
  "docLength" : 0,
  "language" : "JA",
  "status" : "IN_PROGRESS",
  "modifiedDate" : 1567848859624,
  "documentSet" : [ ],
  "preannotation" : [ "PRE_LW" ],
  "sentences" : [ {
    "id" : "s0",
    "begin" : 0,
    "end" : 78,
    "text" : "1 温泉地の概要\n本温泉地計画の地域は、栃木県那須塩原市の板室温泉の周辺を含めた別添図面に表示す る地域とし、その面積は、4,842ha(図上測定)である。",
    "tokens" : [ {
      "id" : "s0-t0",
      "begin" : 0,
      "end" : 1,
      "text" : "1",
      "whiteSpace" : false
    }, {
      "id" : "s0-t1",
      "begin" : 2,
      "end" : 4,
      "text" : "温泉",
      "whiteSpace" : false
    }, {
      "id" : "s0-t2",
      "begin" : 4,
      "end" : 5,
      "text" : "地",
      "whiteSpace" : false
    }, {
      "id" : "s0-t3",
      "begin" : 5,
      "end" : 6,
      "text" : "の",
      "whiteSpace" : false
    }, {
      "id" : "s0-t4",
      "begin" : 6,
      "end" : 8,
      "text" : "概要",
      "whiteSpace" : false
    }, {
      "id" : "s0-t5",
      "begin" : 9,
      "end" : 10,
      "text" : "本",
      "whiteSpace" : false
    }, {
      "id" : "s0-t6",
      "begin" : 10,
      "end" : 12,
      "text" : "温泉",
      "whiteSpace" : false
    }, {
      "id" : "s0-t7",
      "begin" : 12,
      "end" : 13,
      "text" : "地",
      "whiteSpace" : false
    }, {
      "id" : "s0-t8",
      "begin" : 13,
      "end" : 15,
      "text" : "計画",
      "whiteSpace" : false
    }, {
      "id" : "s0-t9",
      "begin" : 15,
      "end" : 16,
      "text" : "の",
      "whiteSpace" : false
    }, {
      "id" : "s0-t10",
      "begin" : 16,
      "end" : 18,
      "text" : "地域",
      "whiteSpace" : false
    }, {
      "id" : "s0-t11",
      "begin" : 18,
      "end" : 19,
      "text" : "は",
      "whiteSpace" : false
    }, {
      "id" : "s0-t12",
      "begin" : 19,
      "end" : 20,
      "text" : "、",
      "whiteSpace" : false
    }, {
      "id" : "s0-t13",
      "begin" : 20,
      "end" : 22,
      "text" : "栃木",
      "whiteSpace" : false
    }, {
      "id" : "s0-t14",
      "begin" : 22,
      "end" : 23,
      "text" : "県",
      "whiteSpace" : false
    }, {
      "id" : "s0-t15",
      "begin" : 23,
      "end" : 25,
      "text" : "那須",
      "whiteSpace" : false
    }, {
      "id" : "s0-t16",
      "begin" : 25,
      "end" : 27,
      "text" : "塩原",
      "whiteSpace" : false
    }, {
      "id" : "s0-t17",
      "begin" : 27,
      "end" : 28,
      "text" : "市",
      "whiteSpace" : false
    }, {
      "id" : "s0-t18",
      "begin" : 28,
      "end" : 29,
      "text" : "の",
      "whiteSpace" : false
    }, {
      "id" : "s0-t19",
      "begin" : 29,
      "end" : 31,
      "text" : "板室",
      "whiteSpace" : false
    }, {
      "id" : "s0-t20",
      "begin" : 31,
      "end" : 33,
      "text" : "温泉",
      "whiteSpace" : false
    }, {
      "id" : "s0-t21",
      "begin" : 33,
      "end" : 34,
      "text" : "の",
      "whiteSpace" : false
    }, {
      "id" : "s0-t22",
      "begin" : 34,
      "end" : 36,
      "text" : "周辺",
      "whiteSpace" : false
    }, {
      "id" : "s0-t23",
      "begin" : 36,
      "end" : 37,
      "text" : "を",
      "whiteSpace" : false
    }, {
      "id" : "s0-t24",
      "begin" : 37,
      "end" : 40,
      "text" : "含めた",
      "whiteSpace" : false
    }, {
      "id" : "s0-t25",
      "begin" : 40,
      "end" : 42,
      "text" : "別添",
      "whiteSpace" : false
    }, {
      "id" : "s0-t26",
      "begin" : 42,
      "end" : 44,
      "text" : "図面",
      "whiteSpace" : false
    }, {
      "id" : "s0-t27",
      "begin" : 44,
      "end" : 45,
      "text" : "に",
      "whiteSpace" : false
    }, {
      "id" : "s0-t28",
      "begin" : 45,
      "end" : 48,
      "text" : "表示す",
      "whiteSpace" : false
    }, {
      "id" : "s0-t29",
      "begin" : 49,
      "end" : 50,
      "text" : "る",
      "whiteSpace" : false
    }, {
      "id" : "s0-t30",
      "begin" : 50,
      "end" : 52,
      "text" : "地域",
      "whiteSpace" : false
    }, {
      "id" : "s0-t31",
      "begin" : 52,
      "end" : 53,
      "text" : "と",
      "whiteSpace" : false
    }, {
      "id" : "s0-t32",
      "begin" : 53,
      "end" : 54,
      "text" : "し",
      "whiteSpace" : false
    }, {
      "id" : "s0-t33",
      "begin" : 54,
      "end" : 55,
      "text" : "、",
      "whiteSpace" : false
    }, {
      "id" : "s0-t34",
      "begin" : 55,
      "end" : 57,
      "text" : "その",
      "whiteSpace" : false
    }, {
      "id" : "s0-t35",
      "begin" : 57,
      "end" : 59,
      "text" : "面積",
      "whiteSpace" : false
    }, {
      "id" : "s0-t36",
      "begin" : 59,
      "end" : 60,
      "text" : "は",
      "whiteSpace" : false
    }, {
      "id" : "s0-t37",
      "begin" : 60,
      "end" : 61,
      "text" : "、",
      "whiteSpace" : false
    }, {
      "id" : "s0-t38",
      "begin" : 61,
      "end" : 68,
      "text" : "4,842ha",
      "whiteSpace" : false
    }, {
      "id" : "s0-t39",
      "begin" : 68,
      "end" : 69,
      "text" : "(",
      "whiteSpace" : false
    }, {
      "id" : "s0-t40",
      "begin" : 69,
      "end" : 71,
      "text" : "図上",
      "whiteSpace" : false
    }, {
      "id" : "s0-t41",
      "begin" : 71,
      "end" : 73,
      "text" : "測定",
      "whiteSpace" : false
    }, {
      "id" : "s0-t42",
      "begin" : 73,
      "end" : 74,
      "text" : ")",
      "whiteSpace" : false
    }, {
      "id" : "s0-t43",
      "begin" : 74,
      "end" : 77,
      "text" : "である",
      "whiteSpace" : false
    }, {
      "id" : "s0-t44",
      "begin" : 77,
      "end" : 78,
      "text" : "。",
      "whiteSpace" : false
    } ]
  }, {
    "id" : "s1",
    "begin" : 79,
    "end" : 173,
    "text" : "湯治文化(綱の湯)\n板室温泉は那須連山の西端に位置し、那 珂川最上流の山あいにあり、平安の康平2 年(1059年)3月に、那須三郎宗重が狩り のために山奥に入り発見したと伝えられて いる。",
    "tokens" : [ {
      "id" : "s1-t0",
      "begin" : 79,
      "end" : 81,
      "text" : "湯治",
      "whiteSpace" : false
    }, {
      "id" : "s1-t1",
      "begin" : 81,
      "end" : 83,
      "text" : "文化",
      "whiteSpace" : false
    }, {
      "id" : "s1-t2",
      "begin" : 83,
      "end" : 84,
      "text" : "(",
      "whiteSpace" : false
    }, {
      "id" : "s1-t3",
      "begin" : 84,
      "end" : 85,
      "text" : "綱",
      "whiteSpace" : false
    }, {
      "id" : "s1-t4",
      "begin" : 85,
      "end" : 86,
      "text" : "の",
      "whiteSpace" : false
    }, {
      "id" : "s1-t5",
      "begin" : 86,
      "end" : 87,
      "text" : "湯",
      "whiteSpace" : false
    }, {
      "id" : "s1-t6",
      "begin" : 87,
      "end" : 88,
      "text" : ")",
      "whiteSpace" : false
    }, {
      "id" : "s1-t7",
      "begin" : 89,
      "end" : 91,
      "text" : "板室",
      "whiteSpace" : false
    }, {
      "id" : "s1-t8",
      "begin" : 91,
      "end" : 93,
      "text" : "温泉",
      "whiteSpace" : false
    }, {
      "id" : "s1-t9",
      "begin" : 93,
      "end" : 94,
      "text" : "は",
      "whiteSpace" : false
    }, {
      "id" : "s1-t10",
      "begin" : 94,
      "end" : 96,
      "text" : "那須",
      "whiteSpace" : false
    }, {
      "id" : "s1-t11",
      "begin" : 96,
      "end" : 98,
      "text" : "連山",
      "whiteSpace" : false
    }, {
      "id" : "s1-t12",
      "begin" : 98,
      "end" : 99,
      "text" : "の",
      "whiteSpace" : false
    }, {
      "id" : "s1-t13",
      "begin" : 99,
      "end" : 101,
      "text" : "西端",
      "whiteSpace" : false
    }, {
      "id" : "s1-t14",
      "begin" : 101,
      "end" : 102,
      "text" : "に",
      "whiteSpace" : false
    }, {
      "id" : "s1-t15",
      "begin" : 102,
      "end" : 104,
      "text" : "位置",
      "whiteSpace" : false
    }, {
      "id" : "s1-t16",
      "begin" : 104,
      "end" : 105,
      "text" : "し",
      "whiteSpace" : false
    }, {
      "id" : "s1-t17",
      "begin" : 105,
      "end" : 106,
      "text" : "、",
      "whiteSpace" : false
    }, {
      "id" : "s1-t18",
      "begin" : 106,
      "end" : 107,
      "text" : "那",
      "whiteSpace" : false
    }, {
      "id" : "s1-t19",
      "begin" : 108,
      "end" : 110,
      "text" : "珂川",
      "whiteSpace" : false
    }, {
      "id" : "s1-t20",
      "begin" : 110,
      "end" : 111,
      "text" : "最",
      "whiteSpace" : false
    }, {
      "id" : "s1-t21",
      "begin" : 111,
      "end" : 113,
      "text" : "上流",
      "whiteSpace" : false
    }, {
      "id" : "s1-t22",
      "begin" : 113,
      "end" : 114,
      "text" : "の",
      "whiteSpace" : false
    }, {
      "id" : "s1-t23",
      "begin" : 114,
      "end" : 117,
      "text" : "山あい",
      "whiteSpace" : false
    }, {
      "id" : "s1-t24",
      "begin" : 117,
      "end" : 118,
      "text" : "に",
      "whiteSpace" : false
    }, {
      "id" : "s1-t25",
      "begin" : 118,
      "end" : 120,
      "text" : "あり",
      "whiteSpace" : false
    }, {
      "id" : "s1-t26",
      "begin" : 120,
      "end" : 121,
      "text" : "、",
      "whiteSpace" : false
    }, {
      "id" : "s1-t27",
      "begin" : 121,
      "end" : 123,
      "text" : "平安",
      "whiteSpace" : false
    }, {
      "id" : "s1-t28",
      "begin" : 123,
      "end" : 124,
      "text" : "の",
      "whiteSpace" : false
    }, {
      "id" : "s1-t29",
      "begin" : 124,
      "end" : 126,
      "text" : "康平",
      "whiteSpace" : false
    }, {
      "id" : "s1-t30",
      "begin" : 126,
      "end" : 127,
      "text" : "2",
      "whiteSpace" : false
    }, {
      "id" : "s1-t31",
      "begin" : 128,
      "end" : 129,
      "text" : "年",
      "whiteSpace" : false
    }, {
      "id" : "s1-t32",
      "begin" : 129,
      "end" : 130,
      "text" : "(",
      "whiteSpace" : false
    }, {
      "id" : "s1-t33",
      "begin" : 130,
      "end" : 134,
      "text" : "1059",
      "whiteSpace" : false
    }, {
      "id" : "s1-t34",
      "begin" : 134,
      "end" : 135,
      "text" : "年",
      "whiteSpace" : false
    }, {
      "id" : "s1-t35",
      "begin" : 135,
      "end" : 136,
      "text" : ")",
      "whiteSpace" : false
    }, {
      "id" : "s1-t36",
      "begin" : 136,
      "end" : 137,
      "text" : "3",
      "whiteSpace" : false
    }, {
      "id" : "s1-t37",
      "begin" : 137,
      "end" : 138,
      "text" : "月",
      "whiteSpace" : false
    }, {
      "id" : "s1-t38",
      "begin" : 138,
      "end" : 139,
      "text" : "に",
      "whiteSpace" : false
    }, {
      "id" : "s1-t39",
      "begin" : 139,
      "end" : 140,
      "text" : "、",
      "whiteSpace" : false
    }, {
      "id" : "s1-t40",
      "begin" : 140,
      "end" : 142,
      "text" : "那須",
      "whiteSpace" : false
    }, {
      "id" : "s1-t41",
      "begin" : 142,
      "end" : 144,
      "text" : "三郎",
      "whiteSpace" : false
    }, {
      "id" : "s1-t42",
      "begin" : 144,
      "end" : 146,
      "text" : "宗重",
      "whiteSpace" : false
    }, {
      "id" : "s1-t43",
      "begin" : 146,
      "end" : 147,
      "text" : "が",
      "whiteSpace" : false
    }, {
      "id" : "s1-t44",
      "begin" : 147,
      "end" : 149,
      "text" : "狩り",
      "whiteSpace" : false
    }, {
      "id" : "s1-t45",
      "begin" : 150,
      "end" : 151,
      "text" : "の",
      "whiteSpace" : false
    }, {
      "id" : "s1-t46",
      "begin" : 151,
      "end" : 153,
      "text" : "ため",
      "whiteSpace" : false
    }, {
      "id" : "s1-t47",
      "begin" : 153,
      "end" : 154,
      "text" : "に",
      "whiteSpace" : false
    }, {
      "id" : "s1-t48",
      "begin" : 154,
      "end" : 156,
      "text" : "山奥",
      "whiteSpace" : false
    }, {
      "id" : "s1-t49",
      "begin" : 156,
      "end" : 157,
      "text" : "に",
      "whiteSpace" : false
    }, {
      "id" : "s1-t50",
      "begin" : 157,
      "end" : 159,
      "text" : "入り",
      "whiteSpace" : false
    }, {
      "id" : "s1-t51",
      "begin" : 159,
      "end" : 161,
      "text" : "発見",
      "whiteSpace" : false
    }, {
      "id" : "s1-t52",
      "begin" : 161,
      "end" : 163,
      "text" : "した",
      "whiteSpace" : false
    }, {
      "id" : "s1-t53",
      "begin" : 163,
      "end" : 164,
      "text" : "と",
      "whiteSpace" : false
    }, {
      "id" : "s1-t54",
      "begin" : 164,
      "end" : 166,
      "text" : "伝え",
      "whiteSpace" : false
    }, {
      "id" : "s1-t55",
      "begin" : 166,
      "end" : 169,
      "text" : "られて",
      "whiteSpace" : false
    }, {
      "id" : "s1-t56",
      "begin" : 170,
      "end" : 172,
      "text" : "いる",
      "whiteSpace" : false
    }, {
      "id" : "s1-t57",
      "begin" : 172,
      "end" : 173,
      "text" : "。",
      "whiteSpace" : false
    } ]
  }, {
    "id" : "s2",
    "begin" : 173,
    "end" : 243,
    "text" : "古くからの旅館は、板室本村の人が 隠居仕事として営んでいたもので、那須七 湯の一つに数えられ、温泉の効能から「下 野の薬湯」と呼ばれている。",
    "tokens" : [ {
      "id" : "s2-t0",
      "begin" : 173,
      "end" : 177,
      "text" : "古くから",
      "whiteSpace" : false
    }, {
      "id" : "s2-t1",
      "begin" : 177,
      "end" : 178,
      "text" : "の",
      "whiteSpace" : false
    }, {
      "id" : "s2-t2",
      "begin" : 178,
      "end" : 180,
      "text" : "旅館",
      "whiteSpace" : false
    }, {
      "id" : "s2-t3",
      "begin" : 180,
      "end" : 181,
      "text" : "は",
      "whiteSpace" : false
    }, {
      "id" : "s2-t4",
      "begin" : 181,
      "end" : 182,
      "text" : "、",
      "whiteSpace" : false
    }, {
      "id" : "s2-t5",
      "begin" : 182,
      "end" : 183,
      "text" : "板",
      "whiteSpace" : false
    }, {
      "id" : "s2-t6",
      "begin" : 183,
      "end" : 185,
      "text" : "室本",
      "whiteSpace" : false
    }, {
      "id" : "s2-t7",
      "begin" : 185,
      "end" : 186,
      "text" : "村",
      "whiteSpace" : false
    }, {
      "id" : "s2-t8",
      "begin" : 186,
      "end" : 187,
      "text" : "の",
      "whiteSpace" : false
    }, {
      "id" : "s2-t9",
      "begin" : 187,
      "end" : 188,
      "text" : "人",
      "whiteSpace" : false
    }, {
      "id" : "s2-t10",
      "begin" : 188,
      "end" : 189,
      "text" : "が",
      "whiteSpace" : false
    }, {
      "id" : "s2-t11",
      "begin" : 190,
      "end" : 192,
      "text" : "隠居",
      "whiteSpace" : false
    }, {
      "id" : "s2-t12",
      "begin" : 192,
      "end" : 194,
      "text" : "仕事",
      "whiteSpace" : false
    }, {
      "id" : "s2-t13",
      "begin" : 194,
      "end" : 195,
      "text" : "と",
      "whiteSpace" : false
    }, {
      "id" : "s2-t14",
      "begin" : 195,
      "end" : 197,
      "text" : "して",
      "whiteSpace" : false
    }, {
      "id" : "s2-t15",
      "begin" : 197,
      "end" : 200,
      "text" : "営んで",
      "whiteSpace" : false
    }, {
      "id" : "s2-t16",
      "begin" : 200,
      "end" : 202,
      "text" : "いた",
      "whiteSpace" : false
    }, {
      "id" : "s2-t17",
      "begin" : 202,
      "end" : 204,
      "text" : "もの",
      "whiteSpace" : false
    }, {
      "id" : "s2-t18",
      "begin" : 204,
      "end" : 205,
      "text" : "で",
      "whiteSpace" : false
    }, {
      "id" : "s2-t19",
      "begin" : 205,
      "end" : 206,
      "text" : "、",
      "whiteSpace" : false
    }, {
      "id" : "s2-t20",
      "begin" : 206,
      "end" : 208,
      "text" : "那須",
      "whiteSpace" : false
    }, {
      "id" : "s2-t21",
      "begin" : 208,
      "end" : 209,
      "text" : "七",
      "whiteSpace" : false
    }, {
      "id" : "s2-t22",
      "begin" : 210,
      "end" : 211,
      "text" : "湯",
      "whiteSpace" : false
    }, {
      "id" : "s2-t23",
      "begin" : 211,
      "end" : 212,
      "text" : "の",
      "whiteSpace" : false
    }, {
      "id" : "s2-t24",
      "begin" : 212,
      "end" : 213,
      "text" : "一",
      "whiteSpace" : false
    }, {
      "id" : "s2-t25",
      "begin" : 213,
      "end" : 214,
      "text" : "つ",
      "whiteSpace" : false
    }, {
      "id" : "s2-t26",
      "begin" : 214,
      "end" : 215,
      "text" : "に",
      "whiteSpace" : false
    }, {
      "id" : "s2-t27",
      "begin" : 215,
      "end" : 217,
      "text" : "数え",
      "whiteSpace" : false
    }, {
      "id" : "s2-t28",
      "begin" : 217,
      "end" : 219,
      "text" : "られ",
      "whiteSpace" : false
    }, {
      "id" : "s2-t29",
      "begin" : 219,
      "end" : 220,
      "text" : "、",
      "whiteSpace" : false
    }, {
      "id" : "s2-t30",
      "begin" : 220,
      "end" : 222,
      "text" : "温泉",
      "whiteSpace" : false
    }, {
      "id" : "s2-t31",
      "begin" : 222,
      "end" : 223,
      "text" : "の",
      "whiteSpace" : false
    }, {
      "id" : "s2-t32",
      "begin" : 223,
      "end" : 225,
      "text" : "効能",
      "whiteSpace" : false
    }, {
      "id" : "s2-t33",
      "begin" : 225,
      "end" : 227,
      "text" : "から",
      "whiteSpace" : false
    }, {
      "id" : "s2-t34",
      "begin" : 227,
      "end" : 228,
      "text" : "「",
      "whiteSpace" : false
    }, {
      "id" : "s2-t35",
      "begin" : 228,
      "end" : 229,
      "text" : "下",
      "whiteSpace" : false
    }, {
      "id" : "s2-t36",
      "begin" : 230,
      "end" : 231,
      "text" : "野",
      "whiteSpace" : false
    }, {
      "id" : "s2-t37",
      "begin" : 231,
      "end" : 232,
      "text" : "の",
      "whiteSpace" : false
    }, {
      "id" : "s2-t38",
      "begin" : 232,
      "end" : 234,
      "text" : "薬湯",
      "whiteSpace" : false
    }, {
      "id" : "s2-t39",
      "begin" : 234,
      "end" : 235,
      "text" : "」",
      "whiteSpace" : false
    }, {
      "id" : "s2-t40",
      "begin" : 235,
      "end" : 236,
      "text" : "と",
      "whiteSpace" : false
    }, {
      "id" : "s2-t41",
      "begin" : 236,
      "end" : 238,
      "text" : "呼ば",
      "whiteSpace" : false
    }, {
      "id" : "s2-t42",
      "begin" : 238,
      "end" : 240,
      "text" : "れて",
      "whiteSpace" : false
    }, {
      "id" : "s2-t43",
      "begin" : 240,
      "end" : 242,
      "text" : "いる",
      "whiteSpace" : false
    }, {
      "id" : "s2-t44",
      "begin" : 242,
      "end" : 243,
      "text" : "。",
      "whiteSpace" : false
    } ]
  }, {
    "id" : "s3",
    "begin" : 244,
    "end" : 331,
    "text" : "現代アートの庭園\n現在の温泉街は、豊かな自然景観や環境が保護 され、他の温泉地にはない野趣に富む雰囲気を残 しつつも、現代アート作家の作品が点在し、モダ ンアートを楽しめる。",
    "tokens" : [ {
      "id" : "s3-t0",
      "begin" : 244,
      "end" : 246,
      "text" : "現代",
      "whiteSpace" : false
    }, {
      "id" : "s3-t1",
      "begin" : 246,
      "end" : 249,
      "text" : "アート",
      "whiteSpace" : false
    }, {
      "id" : "s3-t2",
      "begin" : 249,
      "end" : 250,
      "text" : "の",
      "whiteSpace" : false
    }, {
      "id" : "s3-t3",
      "begin" : 250,
      "end" : 252,
      "text" : "庭園",
      "whiteSpace" : false
    }, {
      "id" : "s3-t4",
      "begin" : 253,
      "end" : 255,
      "text" : "現在",
      "whiteSpace" : false
    }, {
      "id" : "s3-t5",
      "begin" : 255,
      "end" : 256,
      "text" : "の",
      "whiteSpace" : false
    }, {
      "id" : "s3-t6",
      "begin" : 256,
      "end" : 258,
      "text" : "温泉",
      "whiteSpace" : false
    }, {
      "id" : "s3-t7",
      "begin" : 258,
      "end" : 259,
      "text" : "街",
      "whiteSpace" : false
    }, {
      "id" : "s3-t8",
      "begin" : 259,
      "end" : 260,
      "text" : "は",
      "whiteSpace" : false
    }, {
      "id" : "s3-t9",
      "begin" : 260,
      "end" : 261,
      "text" : "、",
      "whiteSpace" : false
    }, {
      "id" : "s3-t10",
      "begin" : 261,
      "end" : 264,
      "text" : "豊かな",
      "whiteSpace" : false
    }, {
      "id" : "s3-t11",
      "begin" : 264,
      "end" : 266,
      "text" : "自然",
      "whiteSpace" : false
    }, {
      "id" : "s3-t12",
      "begin" : 266,
      "end" : 268,
      "text" : "景観",
      "whiteSpace" : false
    }, {
      "id" : "s3-t13",
      "begin" : 268,
      "end" : 269,
      "text" : "や",
      "whiteSpace" : false
    }, {
      "id" : "s3-t14",
      "begin" : 269,
      "end" : 271,
      "text" : "環境",
      "whiteSpace" : false
    }, {
      "id" : "s3-t15",
      "begin" : 271,
      "end" : 272,
      "text" : "が",
      "whiteSpace" : false
    }, {
      "id" : "s3-t16",
      "begin" : 272,
      "end" : 274,
      "text" : "保護",
      "whiteSpace" : false
    }, {
      "id" : "s3-t17",
      "begin" : 275,
      "end" : 276,
      "text" : "さ",
      "whiteSpace" : false
    }, {
      "id" : "s3-t18",
      "begin" : 276,
      "end" : 277,
      "text" : "れ",
      "whiteSpace" : false
    }, {
      "id" : "s3-t19",
      "begin" : 277,
      "end" : 278,
      "text" : "、",
      "whiteSpace" : false
    }, {
      "id" : "s3-t20",
      "begin" : 278,
      "end" : 280,
      "text" : "他の",
      "whiteSpace" : false
    }, {
      "id" : "s3-t21",
      "begin" : 280,
      "end" : 282,
      "text" : "温泉",
      "whiteSpace" : false
    }, {
      "id" : "s3-t22",
      "begin" : 282,
      "end" : 283,
      "text" : "地",
      "whiteSpace" : false
    }, {
      "id" : "s3-t23",
      "begin" : 283,
      "end" : 284,
      "text" : "に",
      "whiteSpace" : false
    }, {
      "id" : "s3-t24",
      "begin" : 284,
      "end" : 285,
      "text" : "は",
      "whiteSpace" : false
    }, {
      "id" : "s3-t25",
      "begin" : 285,
      "end" : 287,
      "text" : "ない",
      "whiteSpace" : false
    }, {
      "id" : "s3-t26",
      "begin" : 287,
      "end" : 289,
      "text" : "野趣",
      "whiteSpace" : false
    }, {
      "id" : "s3-t27",
      "begin" : 289,
      "end" : 290,
      "text" : "に",
      "whiteSpace" : false
    }, {
      "id" : "s3-t28",
      "begin" : 290,
      "end" : 292,
      "text" : "富む",
      "whiteSpace" : false
    }, {
      "id" : "s3-t29",
      "begin" : 292,
      "end" : 295,
      "text" : "雰囲気",
      "whiteSpace" : false
    }, {
      "id" : "s3-t30",
      "begin" : 295,
      "end" : 296,
      "text" : "を",
      "whiteSpace" : false
    }, {
      "id" : "s3-t31",
      "begin" : 296,
      "end" : 297,
      "text" : "残",
      "whiteSpace" : false
    }, {
      "id" : "s3-t32",
      "begin" : 298,
      "end" : 299,
      "text" : "し",
      "whiteSpace" : false
    }, {
      "id" : "s3-t33",
      "begin" : 299,
      "end" : 301,
      "text" : "つつ",
      "whiteSpace" : false
    }, {
      "id" : "s3-t34",
      "begin" : 301,
      "end" : 302,
      "text" : "も",
      "whiteSpace" : false
    }, {
      "id" : "s3-t35",
      "begin" : 302,
      "end" : 303,
      "text" : "、",
      "whiteSpace" : false
    }, {
      "id" : "s3-t36",
      "begin" : 303,
      "end" : 305,
      "text" : "現代",
      "whiteSpace" : false
    }, {
      "id" : "s3-t37",
      "begin" : 305,
      "end" : 308,
      "text" : "アート",
      "whiteSpace" : false
    }, {
      "id" : "s3-t38",
      "begin" : 308,
      "end" : 310,
      "text" : "作家",
      "whiteSpace" : false
    }, {
      "id" : "s3-t39",
      "begin" : 310,
      "end" : 311,
      "text" : "の",
      "whiteSpace" : false
    }, {
      "id" : "s3-t40",
      "begin" : 311,
      "end" : 313,
      "text" : "作品",
      "whiteSpace" : false
    }, {
      "id" : "s3-t41",
      "begin" : 313,
      "end" : 314,
      "text" : "が",
      "whiteSpace" : false
    }, {
      "id" : "s3-t42",
      "begin" : 314,
      "end" : 316,
      "text" : "点在",
      "whiteSpace" : false
    }, {
      "id" : "s3-t43",
      "begin" : 316,
      "end" : 317,
      "text" : "し",
      "whiteSpace" : false
    }, {
      "id" : "s3-t44",
      "begin" : 317,
      "end" : 318,
      "text" : "、",
      "whiteSpace" : false
    }, {
      "id" : "s3-t45",
      "begin" : 318,
      "end" : 320,
      "text" : "モダ",
      "whiteSpace" : false
    }, {
      "id" : "s3-t46",
      "begin" : 321,
      "end" : 325,
      "text" : "ンアート",
      "whiteSpace" : false
    }, {
      "id" : "s3-t47",
      "begin" : 325,
      "end" : 326,
      "text" : "を",
      "whiteSpace" : false
    }, {
      "id" : "s3-t48",
      "begin" : 326,
      "end" : 330,
      "text" : "楽しめる",
      "whiteSpace" : false
    }, {
      "id" : "s3-t49",
      "begin" : 330,
      "end" : 331,
      "text" : "。",
      "whiteSpace" : false
    } ]
  }, {
    "id" : "s4",
    "begin" : 331,
    "end" : 515,
    "text" : "平成27年には、「温泉文化 生活文化 そして芸術文化を味わう」を板室温泉 の新たなテーマとし、古くからの湯治文化を活か し板室温泉三大祈願祭(板室温泉の三大パワース ポット「板室温泉神社」、「龍岩神社」及び「木の 俣地蔵」で祈願されるお札を湯口に供え、そのお 湯に入ることで御利益が得られる祭り)を開始す るなど、温泉や芸術などの文化が香る温泉街づく りを進めている。",
    "tokens" : [ {
      "id" : "s4-t0",
      "begin" : 331,
      "end" : 333,
      "text" : "平成",
      "whiteSpace" : false
    }, {
      "id" : "s4-t1",
      "begin" : 333,
      "end" : 335,
      "text" : "27",
      "whiteSpace" : false
    }, {
      "id" : "s4-t2",
      "begin" : 335,
      "end" : 336,
      "text" : "年",
      "whiteSpace" : false
    }, {
      "id" : "s4-t3",
      "begin" : 336,
      "end" : 337,
      "text" : "に",
      "whiteSpace" : false
    }, {
      "id" : "s4-t4",
      "begin" : 337,
      "end" : 338,
      "text" : "は",
      "whiteSpace" : false
    }, {
      "id" : "s4-t5",
      "begin" : 338,
      "end" : 339,
      "text" : "、",
      "whiteSpace" : false
    }, {
      "id" : "s4-t6",
      "begin" : 339,
      "end" : 340,
      "text" : "「",
      "whiteSpace" : false
    }, {
      "id" : "s4-t7",
      "begin" : 340,
      "end" : 342,
      "text" : "温泉",
      "whiteSpace" : false
    }, {
      "id" : "s4-t8",
      "begin" : 342,
      "end" : 344,
      "text" : "文化",
      "whiteSpace" : false
    }, {
      "id" : "s4-t9",
      "begin" : 345,
      "end" : 347,
      "text" : "生活",
      "whiteSpace" : false
    }, {
      "id" : "s4-t10",
      "begin" : 347,
      "end" : 349,
      "text" : "文化",
      "whiteSpace" : false
    }, {
      "id" : "s4-t11",
      "begin" : 350,
      "end" : 353,
      "text" : "そして",
      "whiteSpace" : false
    }, {
      "id" : "s4-t12",
      "begin" : 353,
      "end" : 355,
      "text" : "芸術",
      "whiteSpace" : false
    }, {
      "id" : "s4-t13",
      "begin" : 355,
      "end" : 357,
      "text" : "文化",
      "whiteSpace" : false
    }, {
      "id" : "s4-t14",
      "begin" : 357,
      "end" : 358,
      "text" : "を",
      "whiteSpace" : false
    }, {
      "id" : "s4-t15",
      "begin" : 358,
      "end" : 361,
      "text" : "味わう",
      "whiteSpace" : false
    }, {
      "id" : "s4-t16",
      "begin" : 361,
      "end" : 362,
      "text" : "」",
      "whiteSpace" : false
    }, {
      "id" : "s4-t17",
      "begin" : 362,
      "end" : 363,
      "text" : "を",
      "whiteSpace" : false
    }, {
      "id" : "s4-t18",
      "begin" : 363,
      "end" : 365,
      "text" : "板室",
      "whiteSpace" : false
    }, {
      "id" : "s4-t19",
      "begin" : 365,
      "end" : 367,
      "text" : "温泉",
      "whiteSpace" : false
    }, {
      "id" : "s4-t20",
      "begin" : 368,
      "end" : 369,
      "text" : "の",
      "whiteSpace" : false
    }, {
      "id" : "s4-t21",
      "begin" : 369,
      "end" : 372,
      "text" : "新たな",
      "whiteSpace" : false
    }, {
      "id" : "s4-t22",
      "begin" : 372,
      "end" : 375,
      "text" : "テーマ",
      "whiteSpace" : false
    }, {
      "id" : "s4-t23",
      "begin" : 375,
      "end" : 376,
      "text" : "と",
      "whiteSpace" : false
    }, {
      "id" : "s4-t24",
      "begin" : 376,
      "end" : 377,
      "text" : "し",
      "whiteSpace" : false
    }, {
      "id" : "s4-t25",
      "begin" : 377,
      "end" : 378,
      "text" : "、",
      "whiteSpace" : false
    }, {
      "id" : "s4-t26",
      "begin" : 378,
      "end" : 382,
      "text" : "古くから",
      "whiteSpace" : false
    }, {
      "id" : "s4-t27",
      "begin" : 382,
      "end" : 383,
      "text" : "の",
      "whiteSpace" : false
    }, {
      "id" : "s4-t28",
      "begin" : 383,
      "end" : 385,
      "text" : "湯治",
      "whiteSpace" : false
    }, {
      "id" : "s4-t29",
      "begin" : 385,
      "end" : 387,
      "text" : "文化",
      "whiteSpace" : false
    }, {
      "id" : "s4-t30",
      "begin" : 387,
      "end" : 388,
      "text" : "を",
      "whiteSpace" : false
    }, {
      "id" : "s4-t31",
      "begin" : 388,
      "end" : 389,
      "text" : "活",
      "whiteSpace" : false
    }, {
      "id" : "s4-t32",
      "begin" : 389,
      "end" : 390,
      "text" : "か",
      "whiteSpace" : false
    }, {
      "id" : "s4-t33",
      "begin" : 391,
      "end" : 392,
      "text" : "し",
      "whiteSpace" : false
    }, {
      "id" : "s4-t34",
      "begin" : 392,
      "end" : 394,
      "text" : "板室",
      "whiteSpace" : false
    }, {
      "id" : "s4-t35",
      "begin" : 394,
      "end" : 396,
      "text" : "温泉",
      "whiteSpace" : false
    }, {
      "id" : "s4-t36",
      "begin" : 396,
      "end" : 397,
      "text" : "三",
      "whiteSpace" : false
    }, {
      "id" : "s4-t37",
      "begin" : 397,
      "end" : 398,
      "text" : "大",
      "whiteSpace" : false
    }, {
      "id" : "s4-t38",
      "begin" : 398,
      "end" : 400,
      "text" : "祈願",
      "whiteSpace" : false
    }, {
      "id" : "s4-t39",
      "begin" : 400,
      "end" : 401,
      "text" : "祭",
      "whiteSpace" : false
    }, {
      "id" : "s4-t40",
      "begin" : 401,
      "end" : 402,
      "text" : "(",
      "whiteSpace" : false
    }, {
      "id" : "s4-t41",
      "begin" : 402,
      "end" : 404,
      "text" : "板室",
      "whiteSpace" : false
    }, {
      "id" : "s4-t42",
      "begin" : 404,
      "end" : 406,
      "text" : "温泉",
      "whiteSpace" : false
    }, {
      "id" : "s4-t43",
      "begin" : 406,
      "end" : 407,
      "text" : "の",
      "whiteSpace" : false
    }, {
      "id" : "s4-t44",
      "begin" : 407,
      "end" : 408,
      "text" : "三",
      "whiteSpace" : false
    }, {
      "id" : "s4-t45",
      "begin" : 408,
      "end" : 409,
      "text" : "大",
      "whiteSpace" : false
    }, {
      "id" : "s4-t46",
      "begin" : 409,
      "end" : 413,
      "text" : "パワース",
      "whiteSpace" : false
    }, {
      "id" : "s4-t47",
      "begin" : 414,
      "end" : 417,
      "text" : "ポット",
      "whiteSpace" : false
    }, {
      "id" : "s4-t48",
      "begin" : 417,
      "end" : 418,
      "text" : "「",
      "whiteSpace" : false
    }, {
      "id" : "s4-t49",
      "begin" : 418,
      "end" : 420,
      "text" : "板室",
      "whiteSpace" : false
    }, {
      "id" : "s4-t50",
      "begin" : 420,
      "end" : 422,
      "text" : "温泉",
      "whiteSpace" : false
    }, {
      "id" : "s4-t51",
      "begin" : 422,
      "end" : 424,
      "text" : "神社",
      "whiteSpace" : false
    }, {
      "id" : "s4-t52",
      "begin" : 424,
      "end" : 425,
      "text" : "」",
      "whiteSpace" : false
    }, {
      "id" : "s4-t53",
      "begin" : 425,
      "end" : 426,
      "text" : "、",
      "whiteSpace" : false
    }, {
      "id" : "s4-t54",
      "begin" : 426,
      "end" : 427,
      "text" : "「",
      "whiteSpace" : false
    }, {
      "id" : "s4-t55",
      "begin" : 427,
      "end" : 429,
      "text" : "龍岩",
      "whiteSpace" : false
    }, {
      "id" : "s4-t56",
      "begin" : 429,
      "end" : 431,
      "text" : "神社",
      "whiteSpace" : false
    }, {
      "id" : "s4-t57",
      "begin" : 431,
      "end" : 432,
      "text" : "」",
      "whiteSpace" : false
    }, {
      "id" : "s4-t58",
      "begin" : 432,
      "end" : 434,
      "text" : "及び",
      "whiteSpace" : false
    }, {
      "id" : "s4-t59",
      "begin" : 434,
      "end" : 435,
      "text" : "「",
      "whiteSpace" : false
    }, {
      "id" : "s4-t60",
      "begin" : 435,
      "end" : 436,
      "text" : "木",
      "whiteSpace" : false
    }, {
      "id" : "s4-t61",
      "begin" : 436,
      "end" : 437,
      "text" : "の",
      "whiteSpace" : false
    }, {
      "id" : "s4-t62",
      "begin" : 438,
      "end" : 439,
      "text" : "俣",
      "whiteSpace" : false
    }, {
      "id" : "s4-t63",
      "begin" : 439,
      "end" : 441,
      "text" : "地蔵",
      "whiteSpace" : false
    }, {
      "id" : "s4-t64",
      "begin" : 441,
      "end" : 442,
      "text" : "」",
      "whiteSpace" : false
    }, {
      "id" : "s4-t65",
      "begin" : 442,
      "end" : 443,
      "text" : "で",
      "whiteSpace" : false
    }, {
      "id" : "s4-t66",
      "begin" : 443,
      "end" : 445,
      "text" : "祈願",
      "whiteSpace" : false
    }, {
      "id" : "s4-t67",
      "begin" : 445,
      "end" : 446,
      "text" : "さ",
      "whiteSpace" : false
    }, {
      "id" : "s4-t68",
      "begin" : 446,
      "end" : 448,
      "text" : "れる",
      "whiteSpace" : false
    }, {
      "id" : "s4-t69",
      "begin" : 448,
      "end" : 450,
      "text" : "お札",
      "whiteSpace" : false
    }, {
      "id" : "s4-t70",
      "begin" : 450,
      "end" : 451,
      "text" : "を",
      "whiteSpace" : false
    }, {
      "id" : "s4-t71",
      "begin" : 451,
      "end" : 453,
      "text" : "湯口",
      "whiteSpace" : false
    }, {
      "id" : "s4-t72",
      "begin" : 453,
      "end" : 454,
      "text" : "に",
      "whiteSpace" : false
    }, {
      "id" : "s4-t73",
      "begin" : 454,
      "end" : 456,
      "text" : "供え",
      "whiteSpace" : false
    }, {
      "id" : "s4-t74",
      "begin" : 456,
      "end" : 457,
      "text" : "、",
      "whiteSpace" : false
    }, {
      "id" : "s4-t75",
      "begin" : 457,
      "end" : 459,
      "text" : "その",
      "whiteSpace" : false
    }, {
      "id" : "s4-t76",
      "begin" : 459,
      "end" : 460,
      "text" : "お",
      "whiteSpace" : false
    }, {
      "id" : "s4-t77",
      "begin" : 461,
      "end" : 462,
      "text" : "湯",
      "whiteSpace" : false
    }, {
      "id" : "s4-t78",
      "begin" : 462,
      "end" : 463,
      "text" : "に",
      "whiteSpace" : false
    }, {
      "id" : "s4-t79",
      "begin" : 463,
      "end" : 465,
      "text" : "入る",
      "whiteSpace" : false
    }, {
      "id" : "s4-t80",
      "begin" : 465,
      "end" : 467,
      "text" : "こと",
      "whiteSpace" : false
    }, {
      "id" : "s4-t81",
      "begin" : 467,
      "end" : 468,
      "text" : "で",
      "whiteSpace" : false
    }, {
      "id" : "s4-t82",
      "begin" : 468,
      "end" : 471,
      "text" : "御利益",
      "whiteSpace" : false
    }, {
      "id" : "s4-t83",
      "begin" : 471,
      "end" : 472,
      "text" : "が",
      "whiteSpace" : false
    }, {
      "id" : "s4-t84",
      "begin" : 472,
      "end" : 473,
      "text" : "得",
      "whiteSpace" : false
    }, {
      "id" : "s4-t85",
      "begin" : 473,
      "end" : 476,
      "text" : "られる",
      "whiteSpace" : false
    }, {
      "id" : "s4-t86",
      "begin" : 476,
      "end" : 478,
      "text" : "祭り",
      "whiteSpace" : false
    }, {
      "id" : "s4-t87",
      "begin" : 478,
      "end" : 479,
      "text" : ")",
      "whiteSpace" : false
    }, {
      "id" : "s4-t88",
      "begin" : 479,
      "end" : 480,
      "text" : "を",
      "whiteSpace" : false
    }, {
      "id" : "s4-t89",
      "begin" : 480,
      "end" : 482,
      "text" : "開始",
      "whiteSpace" : false
    }, {
      "id" : "s4-t90",
      "begin" : 482,
      "end" : 483,
      "text" : "す",
      "whiteSpace" : false
    }, {
      "id" : "s4-t91",
      "begin" : 484,
      "end" : 485,
      "text" : "る",
      "whiteSpace" : false
    }, {
      "id" : "s4-t92",
      "begin" : 485,
      "end" : 487,
      "text" : "など",
      "whiteSpace" : false
    }, {
      "id" : "s4-t93",
      "begin" : 487,
      "end" : 488,
      "text" : "、",
      "whiteSpace" : false
    }, {
      "id" : "s4-t94",
      "begin" : 488,
      "end" : 490,
      "text" : "温泉",
      "whiteSpace" : false
    }, {
      "id" : "s4-t95",
      "begin" : 490,
      "end" : 491,
      "text" : "や",
      "whiteSpace" : false
    }, {
      "id" : "s4-t96",
      "begin" : 491,
      "end" : 493,
      "text" : "芸術",
      "whiteSpace" : false
    }, {
      "id" : "s4-t97",
      "begin" : 493,
      "end" : 495,
      "text" : "など",
      "whiteSpace" : false
    }, {
      "id" : "s4-t98",
      "begin" : 495,
      "end" : 496,
      "text" : "の",
      "whiteSpace" : false
    }, {
      "id" : "s4-t99",
      "begin" : 496,
      "end" : 498,
      "text" : "文化",
      "whiteSpace" : false
    }, {
      "id" : "s4-t100",
      "begin" : 498,
      "end" : 499,
      "text" : "が",
      "whiteSpace" : false
    }, {
      "id" : "s4-t101",
      "begin" : 499,
      "end" : 501,
      "text" : "香る",
      "whiteSpace" : false
    }, {
      "id" : "s4-t102",
      "begin" : 501,
      "end" : 503,
      "text" : "温泉",
      "whiteSpace" : false
    }, {
      "id" : "s4-t103",
      "begin" : 503,
      "end" : 504,
      "text" : "街",
      "whiteSpace" : false
    }, {
      "id" : "s4-t104",
      "begin" : 504,
      "end" : 506,
      "text" : "づく",
      "whiteSpace" : false
    }, {
      "id" : "s4-t105",
      "begin" : 507,
      "end" : 508,
      "text" : "り",
      "whiteSpace" : false
    }, {
      "id" : "s4-t106",
      "begin" : 508,
      "end" : 509,
      "text" : "を",
      "whiteSpace" : false
    }, {
      "id" : "s4-t107",
      "begin" : 509,
      "end" : 512,
      "text" : "進めて",
      "whiteSpace" : false
    }, {
      "id" : "s4-t108",
      "begin" : 512,
      "end" : 514,
      "text" : "いる",
      "whiteSpace" : false
    }, {
      "id" : "s4-t109",
      "begin" : 514,
      "end" : 515,
      "text" : "。",
      "whiteSpace" : false
    } ]
  }, {
    "id" : "s5",
    "begin" : 516,
    "end" : 669,
    "text" : "板室温泉の主な泉質は31~49°Cの単純温泉及び硫酸塩泉で、単純温泉は、筋肉若し くは関節の慢性的な痛み又はこわばり・冷え性・病後回復期・疲労回復・健康増進・自律 神経不安定症・不眠症・うつ状態等への効果が挙げられ、硫酸塩泉は、きりきず・末梢循 環障害・冷え性・うつ状態・皮膚乾燥症等への効果が挙げられる。",
    "tokens" : [ {
      "id" : "s5-t0",
      "begin" : 516,
      "end" : 518,
      "text" : "板室",
      "whiteSpace" : false
    }, {
      "id" : "s5-t1",
      "begin" : 518,
      "end" : 520,
      "text" : "温泉",
      "whiteSpace" : false
    }, {
      "id" : "s5-t2",
      "begin" : 520,
      "end" : 521,
      "text" : "の",
      "whiteSpace" : false
    }, {
      "id" : "s5-t3",
      "begin" : 521,
      "end" : 523,
      "text" : "主な",
      "whiteSpace" : false
    }, {
      "id" : "s5-t4",
      "begin" : 523,
      "end" : 525,
      "text" : "泉質",
      "whiteSpace" : false
    }, {
      "id" : "s5-t5",
      "begin" : 525,
      "end" : 526,
      "text" : "は",
      "whiteSpace" : false
    }, {
      "id" : "s5-t6",
      "begin" : 526,
      "end" : 528,
      "text" : "31",
      "whiteSpace" : false
    }, {
      "id" : "s5-t7",
      "begin" : 528,
      "end" : 529,
      "text" : "~",
      "whiteSpace" : false
    }, {
      "id" : "s5-t8",
      "begin" : 529,
      "end" : 531,
      "text" : "49",
      "whiteSpace" : false
    }, {
      "id" : "s5-t9",
      "begin" : 531,
      "end" : 533,
      "text" : "°C",
      "whiteSpace" : false
    }, {
      "id" : "s5-t10",
      "begin" : 533,
      "end" : 534,
      "text" : "の",
      "whiteSpace" : false
    }, {
      "id" : "s5-t11",
      "begin" : 534,
      "end" : 536,
      "text" : "単純",
      "whiteSpace" : false
    }, {
      "id" : "s5-t12",
      "begin" : 536,
      "end" : 538,
      "text" : "温泉",
      "whiteSpace" : false
    }, {
      "id" : "s5-t13",
      "begin" : 538,
      "end" : 540,
      "text" : "及び",
      "whiteSpace" : false
    }, {
      "id" : "s5-t14",
      "begin" : 540,
      "end" : 542,
      "text" : "硫酸",
      "whiteSpace" : false
    }, {
      "id" : "s5-t15",
      "begin" : 542,
      "end" : 543,
      "text" : "塩",
      "whiteSpace" : false
    }, {
      "id" : "s5-t16",
      "begin" : 543,
      "end" : 544,
      "text" : "泉",
      "whiteSpace" : false
    }, {
      "id" : "s5-t17",
      "begin" : 544,
      "end" : 545,
      "text" : "で",
      "whiteSpace" : false
    }, {
      "id" : "s5-t18",
      "begin" : 545,
      "end" : 546,
      "text" : "、",
      "whiteSpace" : false
    }, {
      "id" : "s5-t19",
      "begin" : 546,
      "end" : 548,
      "text" : "単純",
      "whiteSpace" : false
    }, {
      "id" : "s5-t20",
      "begin" : 548,
      "end" : 550,
      "text" : "温泉",
      "whiteSpace" : false
    }, {
      "id" : "s5-t21",
      "begin" : 550,
      "end" : 551,
      "text" : "は",
      "whiteSpace" : false
    }, {
      "id" : "s5-t22",
      "begin" : 551,
      "end" : 552,
      "text" : "、",
      "whiteSpace" : false
    }, {
      "id" : "s5-t23",
      "begin" : 552,
      "end" : 554,
      "text" : "筋肉",
      "whiteSpace" : false
    }, {
      "id" : "s5-t24",
      "begin" : 554,
      "end" : 555,
      "text" : "若",
      "whiteSpace" : false
    }, {
      "id" : "s5-t25",
      "begin" : 555,
      "end" : 556,
      "text" : "し",
      "whiteSpace" : false
    }, {
      "id" : "s5-t26",
      "begin" : 557,
      "end" : 558,
      "text" : "く",
      "whiteSpace" : false
    }, {
      "id" : "s5-t27",
      "begin" : 558,
      "end" : 559,
      "text" : "は",
      "whiteSpace" : false
    }, {
      "id" : "s5-t28",
      "begin" : 559,
      "end" : 561,
      "text" : "関節",
      "whiteSpace" : false
    }, {
      "id" : "s5-t29",
      "begin" : 561,
      "end" : 562,
      "text" : "の",
      "whiteSpace" : false
    }, {
      "id" : "s5-t30",
      "begin" : 562,
      "end" : 564,
      "text" : "慢性",
      "whiteSpace" : false
    }, {
      "id" : "s5-t31",
      "begin" : 564,
      "end" : 566,
      "text" : "的な",
      "whiteSpace" : false
    }, {
      "id" : "s5-t32",
      "begin" : 566,
      "end" : 568,
      "text" : "痛み",
      "whiteSpace" : false
    }, {
      "id" : "s5-t33",
      "begin" : 568,
      "end" : 569,
      "text" : "又",
      "whiteSpace" : false
    }, {
      "id" : "s5-t34",
      "begin" : 569,
      "end" : 570,
      "text" : "は",
      "whiteSpace" : false
    }, {
      "id" : "s5-t35",
      "begin" : 570,
      "end" : 574,
      "text" : "こわばり",
      "whiteSpace" : false
    }, {
      "id" : "s5-t36",
      "begin" : 574,
      "end" : 575,
      "text" : "・",
      "whiteSpace" : false
    }, {
      "id" : "s5-t37",
      "begin" : 575,
      "end" : 578,
      "text" : "冷え性",
      "whiteSpace" : false
    }, {
      "id" : "s5-t38",
      "begin" : 578,
      "end" : 579,
      "text" : "・",
      "whiteSpace" : false
    }, {
      "id" : "s5-t39",
      "begin" : 579,
      "end" : 581,
      "text" : "病後",
      "whiteSpace" : false
    }, {
      "id" : "s5-t40",
      "begin" : 581,
      "end" : 583,
      "text" : "回復",
      "whiteSpace" : false
    }, {
      "id" : "s5-t41",
      "begin" : 583,
      "end" : 584,
      "text" : "期",
      "whiteSpace" : false
    }, {
      "id" : "s5-t42",
      "begin" : 584,
      "end" : 585,
      "text" : "・",
      "whiteSpace" : false
    }, {
      "id" : "s5-t43",
      "begin" : 585,
      "end" : 587,
      "text" : "疲労",
      "whiteSpace" : false
    }, {
      "id" : "s5-t44",
      "begin" : 587,
      "end" : 589,
      "text" : "回復",
      "whiteSpace" : false
    }, {
      "id" : "s5-t45",
      "begin" : 589,
      "end" : 590,
      "text" : "・",
      "whiteSpace" : false
    }, {
      "id" : "s5-t46",
      "begin" : 590,
      "end" : 592,
      "text" : "健康",
      "whiteSpace" : false
    }, {
      "id" : "s5-t47",
      "begin" : 592,
      "end" : 594,
      "text" : "増進",
      "whiteSpace" : false
    }, {
      "id" : "s5-t48",
      "begin" : 594,
      "end" : 595,
      "text" : "・",
      "whiteSpace" : false
    }, {
      "id" : "s5-t49",
      "begin" : 595,
      "end" : 597,
      "text" : "自律",
      "whiteSpace" : false
    }, {
      "id" : "s5-t50",
      "begin" : 598,
      "end" : 600,
      "text" : "神経",
      "whiteSpace" : false
    }, {
      "id" : "s5-t51",
      "begin" : 600,
      "end" : 604,
      "text" : "不安定症",
      "whiteSpace" : false
    }, {
      "id" : "s5-t52",
      "begin" : 604,
      "end" : 605,
      "text" : "・",
      "whiteSpace" : false
    }, {
      "id" : "s5-t53",
      "begin" : 605,
      "end" : 608,
      "text" : "不眠症",
      "whiteSpace" : false
    }, {
      "id" : "s5-t54",
      "begin" : 608,
      "end" : 609,
      "text" : "・",
      "whiteSpace" : false
    }, {
      "id" : "s5-t55",
      "begin" : 609,
      "end" : 611,
      "text" : "うつ",
      "whiteSpace" : false
    }, {
      "id" : "s5-t56",
      "begin" : 611,
      "end" : 613,
      "text" : "状態",
      "whiteSpace" : false
    }, {
      "id" : "s5-t57",
      "begin" : 613,
      "end" : 614,
      "text" : "等",
      "whiteSpace" : false
    }, {
      "id" : "s5-t58",
      "begin" : 614,
      "end" : 615,
      "text" : "へ",
      "whiteSpace" : false
    }, {
      "id" : "s5-t59",
      "begin" : 615,
      "end" : 616,
      "text" : "の",
      "whiteSpace" : false
    }, {
      "id" : "s5-t60",
      "begin" : 616,
      "end" : 618,
      "text" : "効果",
      "whiteSpace" : false
    }, {
      "id" : "s5-t61",
      "begin" : 618,
      "end" : 619,
      "text" : "が",
      "whiteSpace" : false
    }, {
      "id" : "s5-t62",
      "begin" : 619,
      "end" : 621,
      "text" : "挙げ",
      "whiteSpace" : false
    }, {
      "id" : "s5-t63",
      "begin" : 621,
      "end" : 623,
      "text" : "られ",
      "whiteSpace" : false
    }, {
      "id" : "s5-t64",
      "begin" : 623,
      "end" : 624,
      "text" : "、",
      "whiteSpace" : false
    }, {
      "id" : "s5-t65",
      "begin" : 624,
      "end" : 626,
      "text" : "硫酸",
      "whiteSpace" : false
    }, {
      "id" : "s5-t66",
      "begin" : 626,
      "end" : 628,
      "text" : "塩泉",
      "whiteSpace" : false
    }, {
      "id" : "s5-t67",
      "begin" : 628,
      "end" : 629,
      "text" : "は",
      "whiteSpace" : false
    }, {
      "id" : "s5-t68",
      "begin" : 629,
      "end" : 630,
      "text" : "、",
      "whiteSpace" : false
    }, {
      "id" : "s5-t69",
      "begin" : 630,
      "end" : 633,
      "text" : "きりき",
      "whiteSpace" : false
    }, {
      "id" : "s5-t70",
      "begin" : 633,
      "end" : 634,
      "text" : "ず",
      "whiteSpace" : false
    }, {
      "id" : "s5-t71",
      "begin" : 634,
      "end" : 635,
      "text" : "・",
      "whiteSpace" : false
    }, {
      "id" : "s5-t72",
      "begin" : 635,
      "end" : 637,
      "text" : "末梢",
      "whiteSpace" : false
    }, {
      "id" : "s5-t73",
      "begin" : 637,
      "end" : 638,
      "text" : "循",
      "whiteSpace" : false
    }, {
      "id" : "s5-t74",
      "begin" : 639,
      "end" : 640,
      "text" : "環",
      "whiteSpace" : false
    }, {
      "id" : "s5-t75",
      "begin" : 640,
      "end" : 642,
      "text" : "障害",
      "whiteSpace" : false
    }, {
      "id" : "s5-t76",
      "begin" : 642,
      "end" : 643,
      "text" : "・",
      "whiteSpace" : false
    }, {
      "id" : "s5-t77",
      "begin" : 643,
      "end" : 646,
      "text" : "冷え性",
      "whiteSpace" : false
    }, {
      "id" : "s5-t78",
      "begin" : 646,
      "end" : 647,
      "text" : "・",
      "whiteSpace" : false
    }, {
      "id" : "s5-t79",
      "begin" : 647,
      "end" : 649,
      "text" : "うつ",
      "whiteSpace" : false
    }, {
      "id" : "s5-t80",
      "begin" : 649,
      "end" : 651,
      "text" : "状態",
      "whiteSpace" : false
    }, {
      "id" : "s5-t81",
      "begin" : 651,
      "end" : 652,
      "text" : "・",
      "whiteSpace" : false
    }, {
      "id" : "s5-t82",
      "begin" : 652,
      "end" : 654,
      "text" : "皮膚",
      "whiteSpace" : false
    }, {
      "id" : "s5-t83",
      "begin" : 654,
      "end" : 656,
      "text" : "乾燥",
      "whiteSpace" : false
    }, {
      "id" : "s5-t84",
      "begin" : 656,
      "end" : 658,
      "text" : "症等",
      "whiteSpace" : false
    }, {
      "id" : "s5-t85",
      "begin" : 658,
      "end" : 659,
      "text" : "へ",
      "whiteSpace" : false
    }, {
      "id" : "s5-t86",
      "begin" : 659,
      "end" : 660,
      "text" : "の",
      "whiteSpace" : false
    }, {
      "id" : "s5-t87",
      "begin" : 660,
      "end" : 662,
      "text" : "効果",
      "whiteSpace" : false
    }, {
      "id" : "s5-t88",
      "begin" : 662,
      "end" : 663,
      "text" : "が",
      "whiteSpace" : false
    }, {
      "id" : "s5-t89",
      "begin" : 663,
      "end" : 665,
      "text" : "挙げ",
      "whiteSpace" : false
    }, {
      "id" : "s5-t90",
      "begin" : 665,
      "end" : 668,
      "text" : "られる",
      "whiteSpace" : false
    }, {
      "id" : "s5-t91",
      "begin" : 668,
      "end" : 669,
      "text" : "。",
      "whiteSpace" : false
    } ]
  }, {
    "id" : "s6",
    "begin" : 669,
    "end" : 744,
    "text" : "板室温泉の特徴の一つ として、市営入浴施設である「板室健康のゆ グリーングリーン」を除く浴用利用施設につ いては、源泉掛け流しであることが挙げられる。",
    "tokens" : [ {
      "id" : "s6-t0",
      "begin" : 669,
      "end" : 671,
      "text" : "板室",
      "whiteSpace" : false
    }, {
      "id" : "s6-t1",
      "begin" : 671,
      "end" : 673,
      "text" : "温泉",
      "whiteSpace" : false
    }, {
      "id" : "s6-t2",
      "begin" : 673,
      "end" : 674,
      "text" : "の",
      "whiteSpace" : false
    }, {
      "id" : "s6-t3",
      "begin" : 674,
      "end" : 676,
      "text" : "特徴",
      "whiteSpace" : false
    }, {
      "id" : "s6-t4",
      "begin" : 676,
      "end" : 677,
      "text" : "の",
      "whiteSpace" : false
    }, {
      "id" : "s6-t5",
      "begin" : 677,
      "end" : 678,
      "text" : "一",
      "whiteSpace" : false
    }, {
      "id" : "s6-t6",
      "begin" : 678,
      "end" : 679,
      "text" : "つ",
      "whiteSpace" : false
    }, {
      "id" : "s6-t7",
      "begin" : 680,
      "end" : 681,
      "text" : "と",
      "whiteSpace" : false
    }, {
      "id" : "s6-t8",
      "begin" : 681,
      "end" : 683,
      "text" : "して",
      "whiteSpace" : false
    }, {
      "id" : "s6-t9",
      "begin" : 683,
      "end" : 684,
      "text" : "、",
      "whiteSpace" : false
    }, {
      "id" : "s6-t10",
      "begin" : 684,
      "end" : 686,
      "text" : "市営",
      "whiteSpace" : false
    }, {
      "id" : "s6-t11",
      "begin" : 686,
      "end" : 688,
      "text" : "入浴",
      "whiteSpace" : false
    }, {
      "id" : "s6-t12",
      "begin" : 688,
      "end" : 690,
      "text" : "施設",
      "whiteSpace" : false
    }, {
      "id" : "s6-t13",
      "begin" : 690,
      "end" : 693,
      "text" : "である",
      "whiteSpace" : false
    }, {
      "id" : "s6-t14",
      "begin" : 693,
      "end" : 694,
      "text" : "「",
      "whiteSpace" : false
    }, {
      "id" : "s6-t15",
      "begin" : 694,
      "end" : 696,
      "text" : "板室",
      "whiteSpace" : false
    }, {
      "id" : "s6-t16",
      "begin" : 696,
      "end" : 698,
      "text" : "健康",
      "whiteSpace" : false
    }, {
      "id" : "s6-t17",
      "begin" : 698,
      "end" : 699,
      "text" : "の",
      "whiteSpace" : false
    }, {
      "id" : "s6-t18",
      "begin" : 699,
      "end" : 700,
      "text" : "ゆ",
      "whiteSpace" : false
    }, {
      "id" : "s6-t19",
      "begin" : 701,
      "end" : 705,
      "text" : "グリーン",
      "whiteSpace" : false
    }, {
      "id" : "s6-t20",
      "begin" : 705,
      "end" : 709,
      "text" : "グリーン",
      "whiteSpace" : false
    }, {
      "id" : "s6-t21",
      "begin" : 709,
      "end" : 710,
      "text" : "」",
      "whiteSpace" : false
    }, {
      "id" : "s6-t22",
      "begin" : 710,
      "end" : 711,
      "text" : "を",
      "whiteSpace" : false
    }, {
      "id" : "s6-t23",
      "begin" : 711,
      "end" : 713,
      "text" : "除く",
      "whiteSpace" : false
    }, {
      "id" : "s6-t24",
      "begin" : 713,
      "end" : 715,
      "text" : "浴用",
      "whiteSpace" : false
    }, {
      "id" : "s6-t25",
      "begin" : 715,
      "end" : 717,
      "text" : "利用",
      "whiteSpace" : false
    }, {
      "id" : "s6-t26",
      "begin" : 717,
      "end" : 719,
      "text" : "施設",
      "whiteSpace" : false
    }, {
      "id" : "s6-t27",
      "begin" : 719,
      "end" : 720,
      "text" : "に",
      "whiteSpace" : false
    }, {
      "id" : "s6-t28",
      "begin" : 720,
      "end" : 721,
      "text" : "つ",
      "whiteSpace" : false
    }, {
      "id" : "s6-t29",
      "begin" : 722,
      "end" : 724,
      "text" : "いて",
      "whiteSpace" : false
    }, {
      "id" : "s6-t30",
      "begin" : 724,
      "end" : 725,
      "text" : "は",
      "whiteSpace" : false
    }, {
      "id" : "s6-t31",
      "begin" : 725,
      "end" : 726,
      "text" : "、",
      "whiteSpace" : false
    }, {
      "id" : "s6-t32",
      "begin" : 726,
      "end" : 728,
      "text" : "源泉",
      "whiteSpace" : false
    }, {
      "id" : "s6-t33",
      "begin" : 728,
      "end" : 730,
      "text" : "掛け",
      "whiteSpace" : false
    }, {
      "id" : "s6-t34",
      "begin" : 730,
      "end" : 732,
      "text" : "流し",
      "whiteSpace" : false
    }, {
      "id" : "s6-t35",
      "begin" : 732,
      "end" : 735,
      "text" : "である",
      "whiteSpace" : false
    }, {
      "id" : "s6-t36",
      "begin" : 735,
      "end" : 737,
      "text" : "こと",
      "whiteSpace" : false
    }, {
      "id" : "s6-t37",
      "begin" : 737,
      "end" : 738,
      "text" : "が",
      "whiteSpace" : false
    }, {
      "id" : "s6-t38",
      "begin" : 738,
      "end" : 740,
      "text" : "挙げ",
      "whiteSpace" : false
    }, {
      "id" : "s6-t39",
      "begin" : 740,
      "end" : 743,
      "text" : "られる",
      "whiteSpace" : false
    }, {
      "id" : "s6-t40",
      "begin" : 743,
      "end" : 744,
      "text" : "。",
      "whiteSpace" : false
    } ]
  }, {
    "id" : "s7",
    "begin" : 745,
    "end" : 811,
    "text" : "また、平成26年度からピンクリボン推進運動に取り組んでおり、現在11軒の旅館が 参画し、乳がん患者の適切な受け入れ態勢を整えている。",
    "tokens" : [ {
      "id" : "s7-t0",
      "begin" : 745,
      "end" : 747,
      "text" : "また",
      "whiteSpace" : false
    }, {
      "id" : "s7-t1",
      "begin" : 747,
      "end" : 748,
      "text" : "、",
      "whiteSpace" : false
    }, {
      "id" : "s7-t2",
      "begin" : 748,
      "end" : 750,
      "text" : "平成",
      "whiteSpace" : false
    }, {
      "id" : "s7-t3",
      "begin" : 750,
      "end" : 752,
      "text" : "26",
      "whiteSpace" : false
    }, {
      "id" : "s7-t4",
      "begin" : 752,
      "end" : 754,
      "text" : "年度",
      "whiteSpace" : false
    }, {
      "id" : "s7-t5",
      "begin" : 754,
      "end" : 756,
      "text" : "から",
      "whiteSpace" : false
    }, {
      "id" : "s7-t6",
      "begin" : 756,
      "end" : 762,
      "text" : "ピンクリボン",
      "whiteSpace" : false
    }, {
      "id" : "s7-t7",
      "begin" : 762,
      "end" : 764,
      "text" : "推進",
      "whiteSpace" : false
    }, {
      "id" : "s7-t8",
      "begin" : 764,
      "end" : 766,
      "text" : "運動",
      "whiteSpace" : false
    }, {
      "id" : "s7-t9",
      "begin" : 766,
      "end" : 767,
      "text" : "に",
      "whiteSpace" : false
    }, {
      "id" : "s7-t10",
      "begin" : 767,
      "end" : 772,
      "text" : "取り組んで",
      "whiteSpace" : false
    }, {
      "id" : "s7-t11",
      "begin" : 772,
      "end" : 774,
      "text" : "おり",
      "whiteSpace" : false
    }, {
      "id" : "s7-t12",
      "begin" : 774,
      "end" : 775,
      "text" : "、",
      "whiteSpace" : false
    }, {
      "id" : "s7-t13",
      "begin" : 775,
      "end" : 777,
      "text" : "現在",
      "whiteSpace" : false
    }, {
      "id" : "s7-t14",
      "begin" : 777,
      "end" : 779,
      "text" : "11",
      "whiteSpace" : false
    }, {
      "id" : "s7-t15",
      "begin" : 779,
      "end" : 780,
      "text" : "軒",
      "whiteSpace" : false
    }, {
      "id" : "s7-t16",
      "begin" : 780,
      "end" : 781,
      "text" : "の",
      "whiteSpace" : false
    }, {
      "id" : "s7-t17",
      "begin" : 781,
      "end" : 783,
      "text" : "旅館",
      "whiteSpace" : false
    }, {
      "id" : "s7-t18",
      "begin" : 783,
      "end" : 784,
      "text" : "が",
      "whiteSpace" : false
    }, {
      "id" : "s7-t19",
      "begin" : 785,
      "end" : 787,
      "text" : "参画",
      "whiteSpace" : false
    }, {
      "id" : "s7-t20",
      "begin" : 787,
      "end" : 788,
      "text" : "し",
      "whiteSpace" : false
    }, {
      "id" : "s7-t21",
      "begin" : 788,
      "end" : 789,
      "text" : "、",
      "whiteSpace" : false
    }, {
      "id" : "s7-t22",
      "begin" : 789,
      "end" : 792,
      "text" : "乳がん",
      "whiteSpace" : false
    }, {
      "id" : "s7-t23",
      "begin" : 792,
      "end" : 794,
      "text" : "患者",
      "whiteSpace" : false
    }, {
      "id" : "s7-t24",
      "begin" : 794,
      "end" : 795,
      "text" : "の",
      "whiteSpace" : false
    }, {
      "id" : "s7-t25",
      "begin" : 795,
      "end" : 798,
      "text" : "適切な",
      "whiteSpace" : false
    }, {
      "id" : "s7-t26",
      "begin" : 798,
      "end" : 802,
      "text" : "受け入れ",
      "whiteSpace" : false
    }, {
      "id" : "s7-t27",
      "begin" : 802,
      "end" : 804,
      "text" : "態勢",
      "whiteSpace" : false
    }, {
      "id" : "s7-t28",
      "begin" : 804,
      "end" : 805,
      "text" : "を",
      "whiteSpace" : false
    }, {
      "id" : "s7-t29",
      "begin" : 805,
      "end" : 808,
      "text" : "整えて",
      "whiteSpace" : false
    }, {
      "id" : "s7-t30",
      "begin" : 808,
      "end" : 810,
      "text" : "いる",
      "whiteSpace" : false
    }, {
      "id" : "s7-t31",
      "begin" : 810,
      "end" : 811,
      "text" : "。",
      "whiteSpace" : false
    } ]
  } ],
  "mentions" : [ {
    "id" : "s0-m1",
    "properties" : {
      "SIRE_MENTION_ROLE" : "ONSEN",
      "SIRE_ENTITY_SUBTYPE" : "NONE",
      "SIRE_MENTION_TYPE" : "NONE",
      "SIRE_MENTION_CLASS" : "SPC"
    },
    "type" : "ONSEN",
    "begin" : 29,
    "end" : 33,
    "inCoref" : false
  }, {
    "id" : "s1-m1",
    "properties" : {
      "SIRE_MENTION_ROLE" : "ONSEN",
      "SIRE_ENTITY_SUBTYPE" : "NONE",
      "SIRE_MENTION_TYPE" : "NONE",
      "SIRE_MENTION_CLASS" : "SPC"
    },
    "type" : "ONSEN",
    "begin" : 89,
    "end" : 93,
    "inCoref" : false
  }, {
    "id" : "s4-m1",
    "properties" : {
      "SIRE_MENTION_ROLE" : "ONSEN",
      "SIRE_ENTITY_SUBTYPE" : "NONE",
      "SIRE_MENTION_TYPE" : "NONE",
      "SIRE_MENTION_CLASS" : "SPC"
    },
    "type" : "ONSEN",
    "begin" : 363,
    "end" : 367,
    "inCoref" : false
  }, {
    "id" : "s4-m2",
    "properties" : {
      "SIRE_MENTION_ROLE" : "ONSEN",
      "SIRE_ENTITY_SUBTYPE" : "NONE",
      "SIRE_MENTION_TYPE" : "NONE",
      "SIRE_MENTION_CLASS" : "SPC"
    },
    "type" : "ONSEN",
    "begin" : 392,
    "end" : 396,
    "inCoref" : false
  }, {
    "id" : "s4-m3",
    "properties" : {
      "SIRE_MENTION_ROLE" : "ONSEN",
      "SIRE_ENTITY_SUBTYPE" : "NONE",
      "SIRE_MENTION_TYPE" : "NONE",
      "SIRE_MENTION_CLASS" : "SPC"
    },
    "type" : "ONSEN",
    "begin" : 402,
    "end" : 406,
    "inCoref" : false
  }, {
    "id" : "s5-m5",
    "properties" : {
      "SIRE_MENTION_ROLE" : "ONSEN",
      "SIRE_ENTITY_SUBTYPE" : "NONE",
      "SIRE_MENTION_TYPE" : "NONE",
      "SIRE_MENTION_CLASS" : "SPC"
    },
    "type" : "ONSEN",
    "begin" : 516,
    "end" : 520,
    "inCoref" : false
  }, {
    "id" : "s5-m0",
    "properties" : {
      "SIRE_MENTION_CLASS" : "SPC",
      "SIRE_MENTION_ROLE" : "Sensitsu",
      "SIRE_MENTION_TYPE" : "NONE",
      "SIRE_ENTITY_SUBTYPE" : "NONE"
    },
    "type" : "Sensitsu",
    "begin" : 534,
    "end" : 538,
    "inCoref" : false
  }, {
    "id" : "s5-m1",
    "properties" : {
      "SIRE_MENTION_CLASS" : "SPC",
      "SIRE_MENTION_ROLE" : "Sensitsu",
      "SIRE_MENTION_TYPE" : "NONE",
      "SIRE_ENTITY_SUBTYPE" : "NONE"
    },
    "type" : "Sensitsu",
    "begin" : 540,
    "end" : 544,
    "inCoref" : false
  }, {
    "id" : "s5-m2",
    "properties" : {
      "SIRE_MENTION_CLASS" : "SPC",
      "SIRE_MENTION_ROLE" : "Sensitsu",
      "SIRE_MENTION_TYPE" : "NONE",
      "SIRE_ENTITY_SUBTYPE" : "NONE"
    },
    "type" : "Sensitsu",
    "begin" : 546,
    "end" : 550,
    "inCoref" : false
  }, {
    "id" : "s5-m7",
    "properties" : {
      "SIRE_MENTION_ROLE" : "Tekiou",
      "SIRE_ENTITY_SUBTYPE" : "NONE",
      "SIRE_MENTION_TYPE" : "NONE",
      "SIRE_MENTION_CLASS" : "SPC"
    },
    "type" : "Tekiou",
    "begin" : 570,
    "end" : 574,
    "inCoref" : false
  }, {
    "id" : "s5-m8",
    "properties" : {
      "SIRE_MENTION_ROLE" : "Tekiou",
      "SIRE_ENTITY_SUBTYPE" : "NONE",
      "SIRE_MENTION_TYPE" : "NONE",
      "SIRE_MENTION_CLASS" : "SPC"
    },
    "type" : "Tekiou",
    "begin" : 575,
    "end" : 578,
    "inCoref" : false
  }, {
    "id" : "s5-m9",
    "properties" : {
      "SIRE_MENTION_ROLE" : "Tekiou",
      "SIRE_ENTITY_SUBTYPE" : "NONE",
      "SIRE_MENTION_TYPE" : "NONE",
      "SIRE_MENTION_CLASS" : "SPC"
    },
    "type" : "Tekiou",
    "begin" : 585,
    "end" : 589,
    "inCoref" : false
  }, {
    "id" : "s5-m10",
    "properties" : {
      "SIRE_MENTION_ROLE" : "Tekiou",
      "SIRE_ENTITY_SUBTYPE" : "NONE",
      "SIRE_MENTION_TYPE" : "NONE",
      "SIRE_MENTION_CLASS" : "SPC"
    },
    "type" : "Tekiou",
    "begin" : 590,
    "end" : 594,
    "inCoref" : false
  }, {
    "id" : "s5-m11",
    "properties" : {
      "SIRE_MENTION_ROLE" : "Tekiou",
      "SIRE_ENTITY_SUBTYPE" : "NONE",
      "SIRE_MENTION_TYPE" : "NONE",
      "SIRE_MENTION_CLASS" : "SPC"
    },
    "type" : "Tekiou",
    "begin" : 605,
    "end" : 608,
    "inCoref" : false
  }, {
    "id" : "s5-m12",
    "properties" : {
      "SIRE_MENTION_ROLE" : "Tekiou",
      "SIRE_ENTITY_SUBTYPE" : "NONE",
      "SIRE_MENTION_TYPE" : "NONE",
      "SIRE_MENTION_CLASS" : "SPC"
    },
    "type" : "Tekiou",
    "begin" : 609,
    "end" : 613,
    "inCoref" : false
  }, {
    "id" : "s5-m3",
    "properties" : {
      "SIRE_MENTION_CLASS" : "SPC",
      "SIRE_MENTION_ROLE" : "Sensitsu",
      "SIRE_MENTION_TYPE" : "NONE",
      "SIRE_ENTITY_SUBTYPE" : "NONE"
    },
    "type" : "Sensitsu",
    "begin" : 624,
    "end" : 628,
    "inCoref" : false
  }, {
    "id" : "s5-m13",
    "properties" : {
      "SIRE_MENTION_ROLE" : "Tekiou",
      "SIRE_ENTITY_SUBTYPE" : "NONE",
      "SIRE_MENTION_TYPE" : "NONE",
      "SIRE_MENTION_CLASS" : "SPC"
    },
    "type" : "Tekiou",
    "begin" : 630,
    "end" : 634,
    "inCoref" : false
  }, {
    "id" : "s5-m14",
    "properties" : {
      "SIRE_MENTION_ROLE" : "Tekiou",
      "SIRE_ENTITY_SUBTYPE" : "NONE",
      "SIRE_MENTION_TYPE" : "NONE",
      "SIRE_MENTION_CLASS" : "SPC"
    },
    "type" : "Tekiou",
    "begin" : 643,
    "end" : 646,
    "inCoref" : false
  }, {
    "id" : "s5-m15",
    "properties" : {
      "SIRE_MENTION_ROLE" : "Tekiou",
      "SIRE_ENTITY_SUBTYPE" : "NONE",
      "SIRE_MENTION_TYPE" : "NONE",
      "SIRE_MENTION_CLASS" : "SPC"
    },
    "type" : "Tekiou",
    "begin" : 647,
    "end" : 651,
    "inCoref" : false
  }, {
    "id" : "s5-m16",
    "properties" : {
      "SIRE_MENTION_ROLE" : "Tekiou",
      "SIRE_ENTITY_SUBTYPE" : "NONE",
      "SIRE_MENTION_TYPE" : "NONE",
      "SIRE_MENTION_CLASS" : "SPC"
    },
    "type" : "Tekiou",
    "begin" : 652,
    "end" : 658,
    "inCoref" : false
  }, {
    "id" : "s6-m1",
    "properties" : {
      "SIRE_MENTION_ROLE" : "ONSEN",
      "SIRE_ENTITY_SUBTYPE" : "NONE",
      "SIRE_MENTION_TYPE" : "NONE",
      "SIRE_MENTION_CLASS" : "SPC"
    },
    "type" : "ONSEN",
    "begin" : 669,
    "end" : 673,
    "inCoref" : false
  } ],
  "relations" : [ {
    "id" : "s5-r1",
    "properties" : { },
    "type" : "hasAttribute",
    "args" : [ "s5-m5", "s5-m0" ]
  }, {
    "id" : "s5-r2",
    "properties" : { },
    "type" : "hasAttribute",
    "args" : [ "s5-m5", "s5-m1" ]
  }, {
    "id" : "s5-r3",
    "properties" : { },
    "type" : "hasAttribute",
    "args" : [ "s5-m5", "s5-m2" ]
  }, {
    "id" : "s5-r4",
    "properties" : { },
    "type" : "targetCase",
    "args" : [ "s5-m3", "s5-m13" ]
  }, {
    "id" : "s5-r5",
    "properties" : { },
    "type" : "targetCase",
    "args" : [ "s5-m5", "s5-m7" ]
  }, {
    "id" : "s5-r6",
    "properties" : { },
    "type" : "targetCase",
    "args" : [ "s5-m5", "s5-m8" ]
  }, {
    "id" : "s5-r7",
    "properties" : { },
    "type" : "targetCase",
    "args" : [ "s5-m5", "s5-m9" ]
  }, {
    "id" : "s5-r8",
    "properties" : { },
    "type" : "targetCase",
    "args" : [ "s5-m5", "s5-m10" ]
  }, {
    "id" : "s5-r9",
    "properties" : { },
    "type" : "targetCase",
    "args" : [ "s5-m3", "s5-m14" ]
  }, {
    "id" : "s5-r10",
    "properties" : { },
    "type" : "targetCase",
    "args" : [ "s5-m3", "s5-m15" ]
  }, {
    "id" : "s5-r11",
    "properties" : { },
    "type" : "targetCase",
    "args" : [ "s5-m3", "s5-m16" ]
  }, {
    "id" : "s5-r12",
    "properties" : { },
    "type" : "hasAttribute",
    "args" : [ "s5-m5", "s5-m3" ]
  } ],
  "corefs" : [ ],
  "typeResolved" : true,
  "userResolved" : false
}