{
  "id" : "5ae7cfb0-d149-11e9-ad4b-c984733d60b0-7",
  "name" : "7_国民保養温泉地新規指定等の概要",
  "createdDate" : 0,
  "version" : 3,
  "text" : "五頭温泉郷 （新潟県阿賀野市）の概要（平成28年５月20日指定）\n○概要\n新潟市から車で約50分。五つの峰を持つ五頭山の山懐にある出湯・今板・村杉の三つの温泉地からなります。\n○特徴\n1,200年以上の歴史があり、新潟県最古の温泉地といわれています。\n五頭温泉郷は新潟県が実施する観光地満足度調査で「総合満足度」No.1を３回連続で獲得中です。\n○泉質等\n主な泉質：ラジウム温泉（単純放射能泉、単純放射能冷鉱泉、ラドン温泉）\n効用：一般的適応症、通風、高血圧症、動脈硬化症、慢性皮膚病・婦人病・胆嚢炎、胆石症など\n○今後の方針\n適正な温泉利用や運動メニューの提供、健康管理についての指導に加え、地域食材を用いた薬膳等の健康食を開発するなど来訪者の健康づくりに貢献していきます。",
  "docLength" : 0,
  "language" : "JA",
  "status" : "IN_PROGRESS",
  "modifiedDate" : 1567849855935,
  "documentSet" : [ ],
  "preannotation" : [ "PRE_LW" ],
  "sentences" : [ {
    "id" : "s0",
    "begin" : 0,
    "end" : 49,
    "text" : "五頭温泉郷 （新潟県阿賀野市）の概要（平成28年５月20日指定）\n○概要\n新潟市から車で約50分。",
    "tokens" : [ {
      "id" : "s0-t0",
      "begin" : 0,
      "end" : 2,
      "text" : "五頭",
      "whiteSpace" : false
    }, {
      "id" : "s0-t1",
      "begin" : 2,
      "end" : 5,
      "text" : "温泉郷",
      "whiteSpace" : false
    }, {
      "id" : "s0-t2",
      "begin" : 6,
      "end" : 7,
      "text" : "（",
      "whiteSpace" : false
    }, {
      "id" : "s0-t3",
      "begin" : 7,
      "end" : 9,
      "text" : "新潟",
      "whiteSpace" : false
    }, {
      "id" : "s0-t4",
      "begin" : 9,
      "end" : 10,
      "text" : "県",
      "whiteSpace" : false
    }, {
      "id" : "s0-t5",
      "begin" : 10,
      "end" : 13,
      "text" : "阿賀野",
      "whiteSpace" : false
    }, {
      "id" : "s0-t6",
      "begin" : 13,
      "end" : 14,
      "text" : "市",
      "whiteSpace" : false
    }, {
      "id" : "s0-t7",
      "begin" : 14,
      "end" : 15,
      "text" : "）",
      "whiteSpace" : false
    }, {
      "id" : "s0-t8",
      "begin" : 15,
      "end" : 16,
      "text" : "の",
      "whiteSpace" : false
    }, {
      "id" : "s0-t9",
      "begin" : 16,
      "end" : 18,
      "text" : "概要",
      "whiteSpace" : false
    }, {
      "id" : "s0-t10",
      "begin" : 18,
      "end" : 19,
      "text" : "（",
      "whiteSpace" : false
    }, {
      "id" : "s0-t11",
      "begin" : 19,
      "end" : 21,
      "text" : "平成",
      "whiteSpace" : false
    }, {
      "id" : "s0-t12",
      "begin" : 21,
      "end" : 23,
      "text" : "28",
      "whiteSpace" : false
    }, {
      "id" : "s0-t13",
      "begin" : 23,
      "end" : 24,
      "text" : "年",
      "whiteSpace" : false
    }, {
      "id" : "s0-t14",
      "begin" : 24,
      "end" : 25,
      "text" : "５",
      "whiteSpace" : false
    }, {
      "id" : "s0-t15",
      "begin" : 25,
      "end" : 26,
      "text" : "月",
      "whiteSpace" : false
    }, {
      "id" : "s0-t16",
      "begin" : 26,
      "end" : 28,
      "text" : "20",
      "whiteSpace" : false
    }, {
      "id" : "s0-t17",
      "begin" : 28,
      "end" : 29,
      "text" : "日",
      "whiteSpace" : false
    }, {
      "id" : "s0-t18",
      "begin" : 29,
      "end" : 31,
      "text" : "指定",
      "whiteSpace" : false
    }, {
      "id" : "s0-t19",
      "begin" : 31,
      "end" : 32,
      "text" : "）",
      "whiteSpace" : false
    }, {
      "id" : "s0-t20",
      "begin" : 33,
      "end" : 34,
      "text" : "○",
      "whiteSpace" : false
    }, {
      "id" : "s0-t21",
      "begin" : 34,
      "end" : 36,
      "text" : "概要",
      "whiteSpace" : false
    }, {
      "id" : "s0-t22",
      "begin" : 37,
      "end" : 39,
      "text" : "新潟",
      "whiteSpace" : false
    }, {
      "id" : "s0-t23",
      "begin" : 39,
      "end" : 40,
      "text" : "市",
      "whiteSpace" : false
    }, {
      "id" : "s0-t24",
      "begin" : 40,
      "end" : 42,
      "text" : "から",
      "whiteSpace" : false
    }, {
      "id" : "s0-t25",
      "begin" : 42,
      "end" : 43,
      "text" : "車",
      "whiteSpace" : false
    }, {
      "id" : "s0-t26",
      "begin" : 43,
      "end" : 44,
      "text" : "で",
      "whiteSpace" : false
    }, {
      "id" : "s0-t27",
      "begin" : 44,
      "end" : 45,
      "text" : "約",
      "whiteSpace" : false
    }, {
      "id" : "s0-t28",
      "begin" : 45,
      "end" : 47,
      "text" : "50",
      "whiteSpace" : false
    }, {
      "id" : "s0-t29",
      "begin" : 47,
      "end" : 48,
      "text" : "分",
      "whiteSpace" : false
    }, {
      "id" : "s0-t30",
      "begin" : 48,
      "end" : 49,
      "text" : "。",
      "whiteSpace" : false
    } ]
  }, {
    "id" : "s1",
    "begin" : 49,
    "end" : 87,
    "text" : "五つの峰を持つ五頭山の山懐にある出湯・今板・村杉の三つの温泉地からなります。",
    "tokens" : [ {
      "id" : "s1-t0",
      "begin" : 49,
      "end" : 50,
      "text" : "五",
      "whiteSpace" : false
    }, {
      "id" : "s1-t1",
      "begin" : 50,
      "end" : 51,
      "text" : "つ",
      "whiteSpace" : false
    }, {
      "id" : "s1-t2",
      "begin" : 51,
      "end" : 52,
      "text" : "の",
      "whiteSpace" : false
    }, {
      "id" : "s1-t3",
      "begin" : 52,
      "end" : 53,
      "text" : "峰",
      "whiteSpace" : false
    }, {
      "id" : "s1-t4",
      "begin" : 53,
      "end" : 54,
      "text" : "を",
      "whiteSpace" : false
    }, {
      "id" : "s1-t5",
      "begin" : 54,
      "end" : 56,
      "text" : "持つ",
      "whiteSpace" : false
    }, {
      "id" : "s1-t6",
      "begin" : 56,
      "end" : 59,
      "text" : "五頭山",
      "whiteSpace" : false
    }, {
      "id" : "s1-t7",
      "begin" : 59,
      "end" : 60,
      "text" : "の",
      "whiteSpace" : false
    }, {
      "id" : "s1-t8",
      "begin" : 60,
      "end" : 62,
      "text" : "山懐",
      "whiteSpace" : false
    }, {
      "id" : "s1-t9",
      "begin" : 62,
      "end" : 63,
      "text" : "に",
      "whiteSpace" : false
    }, {
      "id" : "s1-t10",
      "begin" : 63,
      "end" : 65,
      "text" : "ある",
      "whiteSpace" : false
    }, {
      "id" : "s1-t11",
      "begin" : 65,
      "end" : 67,
      "text" : "出湯",
      "whiteSpace" : false
    }, {
      "id" : "s1-t12",
      "begin" : 67,
      "end" : 68,
      "text" : "・",
      "whiteSpace" : false
    }, {
      "id" : "s1-t13",
      "begin" : 68,
      "end" : 70,
      "text" : "今板",
      "whiteSpace" : false
    }, {
      "id" : "s1-t14",
      "begin" : 70,
      "end" : 71,
      "text" : "・",
      "whiteSpace" : false
    }, {
      "id" : "s1-t15",
      "begin" : 71,
      "end" : 73,
      "text" : "村杉",
      "whiteSpace" : false
    }, {
      "id" : "s1-t16",
      "begin" : 73,
      "end" : 74,
      "text" : "の",
      "whiteSpace" : false
    }, {
      "id" : "s1-t17",
      "begin" : 74,
      "end" : 75,
      "text" : "三",
      "whiteSpace" : false
    }, {
      "id" : "s1-t18",
      "begin" : 75,
      "end" : 76,
      "text" : "つ",
      "whiteSpace" : false
    }, {
      "id" : "s1-t19",
      "begin" : 76,
      "end" : 77,
      "text" : "の",
      "whiteSpace" : false
    }, {
      "id" : "s1-t20",
      "begin" : 77,
      "end" : 79,
      "text" : "温泉",
      "whiteSpace" : false
    }, {
      "id" : "s1-t21",
      "begin" : 79,
      "end" : 80,
      "text" : "地",
      "whiteSpace" : false
    }, {
      "id" : "s1-t22",
      "begin" : 80,
      "end" : 82,
      "text" : "から",
      "whiteSpace" : false
    }, {
      "id" : "s1-t23",
      "begin" : 82,
      "end" : 84,
      "text" : "なり",
      "whiteSpace" : false
    }, {
      "id" : "s1-t24",
      "begin" : 84,
      "end" : 86,
      "text" : "ます",
      "whiteSpace" : false
    }, {
      "id" : "s1-t25",
      "begin" : 86,
      "end" : 87,
      "text" : "。",
      "whiteSpace" : false
    } ]
  }, {
    "id" : "s2",
    "begin" : 88,
    "end" : 125,
    "text" : "○特徴\n1,200年以上の歴史があり、新潟県最古の温泉地といわれています。",
    "tokens" : [ {
      "id" : "s2-t0",
      "begin" : 88,
      "end" : 89,
      "text" : "○",
      "whiteSpace" : false
    }, {
      "id" : "s2-t1",
      "begin" : 89,
      "end" : 91,
      "text" : "特徴",
      "whiteSpace" : false
    }, {
      "id" : "s2-t2",
      "begin" : 92,
      "end" : 97,
      "text" : "1,200",
      "whiteSpace" : false
    }, {
      "id" : "s2-t3",
      "begin" : 97,
      "end" : 98,
      "text" : "年",
      "whiteSpace" : false
    }, {
      "id" : "s2-t4",
      "begin" : 98,
      "end" : 100,
      "text" : "以上",
      "whiteSpace" : false
    }, {
      "id" : "s2-t5",
      "begin" : 100,
      "end" : 101,
      "text" : "の",
      "whiteSpace" : false
    }, {
      "id" : "s2-t6",
      "begin" : 101,
      "end" : 103,
      "text" : "歴史",
      "whiteSpace" : false
    }, {
      "id" : "s2-t7",
      "begin" : 103,
      "end" : 104,
      "text" : "が",
      "whiteSpace" : false
    }, {
      "id" : "s2-t8",
      "begin" : 104,
      "end" : 106,
      "text" : "あり",
      "whiteSpace" : false
    }, {
      "id" : "s2-t9",
      "begin" : 106,
      "end" : 107,
      "text" : "、",
      "whiteSpace" : false
    }, {
      "id" : "s2-t10",
      "begin" : 107,
      "end" : 109,
      "text" : "新潟",
      "whiteSpace" : false
    }, {
      "id" : "s2-t11",
      "begin" : 109,
      "end" : 110,
      "text" : "県",
      "whiteSpace" : false
    }, {
      "id" : "s2-t12",
      "begin" : 110,
      "end" : 112,
      "text" : "最古",
      "whiteSpace" : false
    }, {
      "id" : "s2-t13",
      "begin" : 112,
      "end" : 113,
      "text" : "の",
      "whiteSpace" : false
    }, {
      "id" : "s2-t14",
      "begin" : 113,
      "end" : 115,
      "text" : "温泉",
      "whiteSpace" : false
    }, {
      "id" : "s2-t15",
      "begin" : 115,
      "end" : 116,
      "text" : "地",
      "whiteSpace" : false
    }, {
      "id" : "s2-t16",
      "begin" : 116,
      "end" : 117,
      "text" : "と",
      "whiteSpace" : false
    }, {
      "id" : "s2-t17",
      "begin" : 117,
      "end" : 119,
      "text" : "いわ",
      "whiteSpace" : false
    }, {
      "id" : "s2-t18",
      "begin" : 119,
      "end" : 121,
      "text" : "れて",
      "whiteSpace" : false
    }, {
      "id" : "s2-t19",
      "begin" : 121,
      "end" : 122,
      "text" : "い",
      "whiteSpace" : false
    }, {
      "id" : "s2-t20",
      "begin" : 122,
      "end" : 124,
      "text" : "ます",
      "whiteSpace" : false
    }, {
      "id" : "s2-t21",
      "begin" : 124,
      "end" : 125,
      "text" : "。",
      "whiteSpace" : false
    } ]
  }, {
    "id" : "s3",
    "begin" : 126,
    "end" : 172,
    "text" : "五頭温泉郷は新潟県が実施する観光地満足度調査で「総合満足度」No.1を３回連続で獲得中です。",
    "tokens" : [ {
      "id" : "s3-t0",
      "begin" : 126,
      "end" : 128,
      "text" : "五頭",
      "whiteSpace" : false
    }, {
      "id" : "s3-t1",
      "begin" : 128,
      "end" : 131,
      "text" : "温泉郷",
      "whiteSpace" : false
    }, {
      "id" : "s3-t2",
      "begin" : 131,
      "end" : 132,
      "text" : "は",
      "whiteSpace" : false
    }, {
      "id" : "s3-t3",
      "begin" : 132,
      "end" : 134,
      "text" : "新潟",
      "whiteSpace" : false
    }, {
      "id" : "s3-t4",
      "begin" : 134,
      "end" : 135,
      "text" : "県",
      "whiteSpace" : false
    }, {
      "id" : "s3-t5",
      "begin" : 135,
      "end" : 136,
      "text" : "が",
      "whiteSpace" : false
    }, {
      "id" : "s3-t6",
      "begin" : 136,
      "end" : 138,
      "text" : "実施",
      "whiteSpace" : false
    }, {
      "id" : "s3-t7",
      "begin" : 138,
      "end" : 140,
      "text" : "する",
      "whiteSpace" : false
    }, {
      "id" : "s3-t8",
      "begin" : 140,
      "end" : 142,
      "text" : "観光",
      "whiteSpace" : false
    }, {
      "id" : "s3-t9",
      "begin" : 142,
      "end" : 143,
      "text" : "地",
      "whiteSpace" : false
    }, {
      "id" : "s3-t10",
      "begin" : 143,
      "end" : 145,
      "text" : "満足",
      "whiteSpace" : false
    }, {
      "id" : "s3-t11",
      "begin" : 145,
      "end" : 146,
      "text" : "度",
      "whiteSpace" : false
    }, {
      "id" : "s3-t12",
      "begin" : 146,
      "end" : 148,
      "text" : "調査",
      "whiteSpace" : false
    }, {
      "id" : "s3-t13",
      "begin" : 148,
      "end" : 149,
      "text" : "で",
      "whiteSpace" : false
    }, {
      "id" : "s3-t14",
      "begin" : 149,
      "end" : 150,
      "text" : "「",
      "whiteSpace" : false
    }, {
      "id" : "s3-t15",
      "begin" : 150,
      "end" : 152,
      "text" : "総合",
      "whiteSpace" : false
    }, {
      "id" : "s3-t16",
      "begin" : 152,
      "end" : 154,
      "text" : "満足",
      "whiteSpace" : false
    }, {
      "id" : "s3-t17",
      "begin" : 154,
      "end" : 155,
      "text" : "度",
      "whiteSpace" : false
    }, {
      "id" : "s3-t18",
      "begin" : 155,
      "end" : 156,
      "text" : "」",
      "whiteSpace" : false
    }, {
      "id" : "s3-t19",
      "begin" : 156,
      "end" : 159,
      "text" : "No.",
      "whiteSpace" : false
    }, {
      "id" : "s3-t20",
      "begin" : 159,
      "end" : 160,
      "text" : "1",
      "whiteSpace" : false
    }, {
      "id" : "s3-t21",
      "begin" : 160,
      "end" : 161,
      "text" : "を",
      "whiteSpace" : false
    }, {
      "id" : "s3-t22",
      "begin" : 161,
      "end" : 162,
      "text" : "３",
      "whiteSpace" : false
    }, {
      "id" : "s3-t23",
      "begin" : 162,
      "end" : 163,
      "text" : "回",
      "whiteSpace" : false
    }, {
      "id" : "s3-t24",
      "begin" : 163,
      "end" : 165,
      "text" : "連続",
      "whiteSpace" : false
    }, {
      "id" : "s3-t25",
      "begin" : 165,
      "end" : 166,
      "text" : "で",
      "whiteSpace" : false
    }, {
      "id" : "s3-t26",
      "begin" : 166,
      "end" : 168,
      "text" : "獲得",
      "whiteSpace" : false
    }, {
      "id" : "s3-t27",
      "begin" : 168,
      "end" : 169,
      "text" : "中",
      "whiteSpace" : false
    }, {
      "id" : "s3-t28",
      "begin" : 169,
      "end" : 171,
      "text" : "です",
      "whiteSpace" : false
    }, {
      "id" : "s3-t29",
      "begin" : 171,
      "end" : 172,
      "text" : "。",
      "whiteSpace" : false
    } ]
  }, {
    "id" : "s4",
    "begin" : 173,
    "end" : 338,
    "text" : "○泉質等\n主な泉質：ラジウム温泉（単純放射能泉、単純放射能冷鉱泉、ラドン温泉）\n効用：一般的適応症、通風、高血圧症、動脈硬化症、慢性皮膚病・婦人病・胆嚢炎、胆石症など\n○今後の方針\n適正な温泉利用や運動メニューの提供、健康管理についての指導に加え、地域食材を用いた薬膳等の健康食を開発するなど来訪者の健康づくりに貢献していきます。",
    "tokens" : [ {
      "id" : "s4-t0",
      "begin" : 173,
      "end" : 174,
      "text" : "○",
      "whiteSpace" : false
    }, {
      "id" : "s4-t1",
      "begin" : 174,
      "end" : 176,
      "text" : "泉質",
      "whiteSpace" : false
    }, {
      "id" : "s4-t2",
      "begin" : 176,
      "end" : 177,
      "text" : "等",
      "whiteSpace" : false
    }, {
      "id" : "s4-t3",
      "begin" : 178,
      "end" : 180,
      "text" : "主な",
      "whiteSpace" : false
    }, {
      "id" : "s4-t4",
      "begin" : 180,
      "end" : 182,
      "text" : "泉質",
      "whiteSpace" : false
    }, {
      "id" : "s4-t5",
      "begin" : 182,
      "end" : 183,
      "text" : "：",
      "whiteSpace" : false
    }, {
      "id" : "s4-t6",
      "begin" : 183,
      "end" : 187,
      "text" : "ラジウム",
      "whiteSpace" : false
    }, {
      "id" : "s4-t7",
      "begin" : 187,
      "end" : 189,
      "text" : "温泉",
      "whiteSpace" : false
    }, {
      "id" : "s4-t8",
      "begin" : 189,
      "end" : 190,
      "text" : "（",
      "whiteSpace" : false
    }, {
      "id" : "s4-t9",
      "begin" : 190,
      "end" : 192,
      "text" : "単純",
      "whiteSpace" : false
    }, {
      "id" : "s4-t10",
      "begin" : 192,
      "end" : 195,
      "text" : "放射能",
      "whiteSpace" : false
    }, {
      "id" : "s4-t11",
      "begin" : 195,
      "end" : 196,
      "text" : "泉",
      "whiteSpace" : false
    }, {
      "id" : "s4-t12",
      "begin" : 196,
      "end" : 197,
      "text" : "、",
      "whiteSpace" : false
    }, {
      "id" : "s4-t13",
      "begin" : 197,
      "end" : 199,
      "text" : "単純",
      "whiteSpace" : false
    }, {
      "id" : "s4-t14",
      "begin" : 199,
      "end" : 202,
      "text" : "放射能",
      "whiteSpace" : false
    }, {
      "id" : "s4-t15",
      "begin" : 202,
      "end" : 204,
      "text" : "冷鉱",
      "whiteSpace" : false
    }, {
      "id" : "s4-t16",
      "begin" : 204,
      "end" : 205,
      "text" : "泉",
      "whiteSpace" : false
    }, {
      "id" : "s4-t17",
      "begin" : 205,
      "end" : 206,
      "text" : "、",
      "whiteSpace" : false
    }, {
      "id" : "s4-t18",
      "begin" : 206,
      "end" : 209,
      "text" : "ラドン",
      "whiteSpace" : false
    }, {
      "id" : "s4-t19",
      "begin" : 209,
      "end" : 211,
      "text" : "温泉",
      "whiteSpace" : false
    }, {
      "id" : "s4-t20",
      "begin" : 211,
      "end" : 212,
      "text" : "）",
      "whiteSpace" : false
    }, {
      "id" : "s4-t21",
      "begin" : 213,
      "end" : 215,
      "text" : "効用",
      "whiteSpace" : false
    }, {
      "id" : "s4-t22",
      "begin" : 215,
      "end" : 216,
      "text" : "：",
      "whiteSpace" : false
    }, {
      "id" : "s4-t23",
      "begin" : 216,
      "end" : 218,
      "text" : "一般",
      "whiteSpace" : false
    }, {
      "id" : "s4-t24",
      "begin" : 218,
      "end" : 219,
      "text" : "的",
      "whiteSpace" : false
    }, {
      "id" : "s4-t25",
      "begin" : 219,
      "end" : 221,
      "text" : "適応",
      "whiteSpace" : false
    }, {
      "id" : "s4-t26",
      "begin" : 221,
      "end" : 222,
      "text" : "症",
      "whiteSpace" : false
    }, {
      "id" : "s4-t27",
      "begin" : 222,
      "end" : 223,
      "text" : "、",
      "whiteSpace" : false
    }, {
      "id" : "s4-t28",
      "begin" : 223,
      "end" : 225,
      "text" : "通風",
      "whiteSpace" : false
    }, {
      "id" : "s4-t29",
      "begin" : 225,
      "end" : 226,
      "text" : "、",
      "whiteSpace" : false
    }, {
      "id" : "s4-t30",
      "begin" : 226,
      "end" : 227,
      "text" : "高",
      "whiteSpace" : false
    }, {
      "id" : "s4-t31",
      "begin" : 227,
      "end" : 229,
      "text" : "血圧",
      "whiteSpace" : false
    }, {
      "id" : "s4-t32",
      "begin" : 229,
      "end" : 230,
      "text" : "症",
      "whiteSpace" : false
    }, {
      "id" : "s4-t33",
      "begin" : 230,
      "end" : 231,
      "text" : "、",
      "whiteSpace" : false
    }, {
      "id" : "s4-t34",
      "begin" : 231,
      "end" : 233,
      "text" : "動脈",
      "whiteSpace" : false
    }, {
      "id" : "s4-t35",
      "begin" : 233,
      "end" : 235,
      "text" : "硬化",
      "whiteSpace" : false
    }, {
      "id" : "s4-t36",
      "begin" : 235,
      "end" : 236,
      "text" : "症",
      "whiteSpace" : false
    }, {
      "id" : "s4-t37",
      "begin" : 236,
      "end" : 237,
      "text" : "、",
      "whiteSpace" : false
    }, {
      "id" : "s4-t38",
      "begin" : 237,
      "end" : 242,
      "text" : "慢性皮膚病",
      "whiteSpace" : false
    }, {
      "id" : "s4-t39",
      "begin" : 242,
      "end" : 243,
      "text" : "・",
      "whiteSpace" : false
    }, {
      "id" : "s4-t40",
      "begin" : 243,
      "end" : 245,
      "text" : "婦人",
      "whiteSpace" : false
    }, {
      "id" : "s4-t41",
      "begin" : 245,
      "end" : 246,
      "text" : "病",
      "whiteSpace" : false
    }, {
      "id" : "s4-t42",
      "begin" : 246,
      "end" : 247,
      "text" : "・",
      "whiteSpace" : false
    }, {
      "id" : "s4-t43",
      "begin" : 247,
      "end" : 249,
      "text" : "胆嚢",
      "whiteSpace" : false
    }, {
      "id" : "s4-t44",
      "begin" : 249,
      "end" : 250,
      "text" : "炎",
      "whiteSpace" : false
    }, {
      "id" : "s4-t45",
      "begin" : 250,
      "end" : 251,
      "text" : "、",
      "whiteSpace" : false
    }, {
      "id" : "s4-t46",
      "begin" : 251,
      "end" : 253,
      "text" : "胆石",
      "whiteSpace" : false
    }, {
      "id" : "s4-t47",
      "begin" : 253,
      "end" : 254,
      "text" : "症",
      "whiteSpace" : false
    }, {
      "id" : "s4-t48",
      "begin" : 254,
      "end" : 256,
      "text" : "など",
      "whiteSpace" : false
    }, {
      "id" : "s4-t49",
      "begin" : 257,
      "end" : 258,
      "text" : "○",
      "whiteSpace" : false
    }, {
      "id" : "s4-t50",
      "begin" : 258,
      "end" : 260,
      "text" : "今後",
      "whiteSpace" : false
    }, {
      "id" : "s4-t51",
      "begin" : 260,
      "end" : 261,
      "text" : "の",
      "whiteSpace" : false
    }, {
      "id" : "s4-t52",
      "begin" : 261,
      "end" : 263,
      "text" : "方針",
      "whiteSpace" : false
    }, {
      "id" : "s4-t53",
      "begin" : 264,
      "end" : 267,
      "text" : "適正な",
      "whiteSpace" : false
    }, {
      "id" : "s4-t54",
      "begin" : 267,
      "end" : 269,
      "text" : "温泉",
      "whiteSpace" : false
    }, {
      "id" : "s4-t55",
      "begin" : 269,
      "end" : 271,
      "text" : "利用",
      "whiteSpace" : false
    }, {
      "id" : "s4-t56",
      "begin" : 271,
      "end" : 272,
      "text" : "や",
      "whiteSpace" : false
    }, {
      "id" : "s4-t57",
      "begin" : 272,
      "end" : 274,
      "text" : "運動",
      "whiteSpace" : false
    }, {
      "id" : "s4-t58",
      "begin" : 274,
      "end" : 278,
      "text" : "メニュー",
      "whiteSpace" : false
    }, {
      "id" : "s4-t59",
      "begin" : 278,
      "end" : 279,
      "text" : "の",
      "whiteSpace" : false
    }, {
      "id" : "s4-t60",
      "begin" : 279,
      "end" : 281,
      "text" : "提供",
      "whiteSpace" : false
    }, {
      "id" : "s4-t61",
      "begin" : 281,
      "end" : 282,
      "text" : "、",
      "whiteSpace" : false
    }, {
      "id" : "s4-t62",
      "begin" : 282,
      "end" : 284,
      "text" : "健康",
      "whiteSpace" : false
    }, {
      "id" : "s4-t63",
      "begin" : 284,
      "end" : 286,
      "text" : "管理",
      "whiteSpace" : false
    }, {
      "id" : "s4-t64",
      "begin" : 286,
      "end" : 287,
      "text" : "に",
      "whiteSpace" : false
    }, {
      "id" : "s4-t65",
      "begin" : 287,
      "end" : 290,
      "text" : "ついて",
      "whiteSpace" : false
    }, {
      "id" : "s4-t66",
      "begin" : 290,
      "end" : 291,
      "text" : "の",
      "whiteSpace" : false
    }, {
      "id" : "s4-t67",
      "begin" : 291,
      "end" : 293,
      "text" : "指導",
      "whiteSpace" : false
    }, {
      "id" : "s4-t68",
      "begin" : 293,
      "end" : 294,
      "text" : "に",
      "whiteSpace" : false
    }, {
      "id" : "s4-t69",
      "begin" : 294,
      "end" : 296,
      "text" : "加え",
      "whiteSpace" : false
    }, {
      "id" : "s4-t70",
      "begin" : 296,
      "end" : 297,
      "text" : "、",
      "whiteSpace" : false
    }, {
      "id" : "s4-t71",
      "begin" : 297,
      "end" : 299,
      "text" : "地域",
      "whiteSpace" : false
    }, {
      "id" : "s4-t72",
      "begin" : 299,
      "end" : 301,
      "text" : "食材",
      "whiteSpace" : false
    }, {
      "id" : "s4-t73",
      "begin" : 301,
      "end" : 302,
      "text" : "を",
      "whiteSpace" : false
    }, {
      "id" : "s4-t74",
      "begin" : 302,
      "end" : 305,
      "text" : "用いた",
      "whiteSpace" : false
    }, {
      "id" : "s4-t75",
      "begin" : 305,
      "end" : 307,
      "text" : "薬膳",
      "whiteSpace" : false
    }, {
      "id" : "s4-t76",
      "begin" : 307,
      "end" : 308,
      "text" : "等",
      "whiteSpace" : false
    }, {
      "id" : "s4-t77",
      "begin" : 308,
      "end" : 309,
      "text" : "の",
      "whiteSpace" : false
    }, {
      "id" : "s4-t78",
      "begin" : 309,
      "end" : 311,
      "text" : "健康",
      "whiteSpace" : false
    }, {
      "id" : "s4-t79",
      "begin" : 311,
      "end" : 312,
      "text" : "食",
      "whiteSpace" : false
    }, {
      "id" : "s4-t80",
      "begin" : 312,
      "end" : 313,
      "text" : "を",
      "whiteSpace" : false
    }, {
      "id" : "s4-t81",
      "begin" : 313,
      "end" : 315,
      "text" : "開発",
      "whiteSpace" : false
    }, {
      "id" : "s4-t82",
      "begin" : 315,
      "end" : 317,
      "text" : "する",
      "whiteSpace" : false
    }, {
      "id" : "s4-t83",
      "begin" : 317,
      "end" : 319,
      "text" : "など",
      "whiteSpace" : false
    }, {
      "id" : "s4-t84",
      "begin" : 319,
      "end" : 321,
      "text" : "来訪",
      "whiteSpace" : false
    }, {
      "id" : "s4-t85",
      "begin" : 321,
      "end" : 322,
      "text" : "者",
      "whiteSpace" : false
    }, {
      "id" : "s4-t86",
      "begin" : 322,
      "end" : 323,
      "text" : "の",
      "whiteSpace" : false
    }, {
      "id" : "s4-t87",
      "begin" : 323,
      "end" : 325,
      "text" : "健康",
      "whiteSpace" : false
    }, {
      "id" : "s4-t88",
      "begin" : 325,
      "end" : 328,
      "text" : "づくり",
      "whiteSpace" : false
    }, {
      "id" : "s4-t89",
      "begin" : 328,
      "end" : 329,
      "text" : "に",
      "whiteSpace" : false
    }, {
      "id" : "s4-t90",
      "begin" : 329,
      "end" : 331,
      "text" : "貢献",
      "whiteSpace" : false
    }, {
      "id" : "s4-t91",
      "begin" : 331,
      "end" : 333,
      "text" : "して",
      "whiteSpace" : false
    }, {
      "id" : "s4-t92",
      "begin" : 333,
      "end" : 335,
      "text" : "いき",
      "whiteSpace" : false
    }, {
      "id" : "s4-t93",
      "begin" : 335,
      "end" : 337,
      "text" : "ます",
      "whiteSpace" : false
    }, {
      "id" : "s4-t94",
      "begin" : 337,
      "end" : 338,
      "text" : "。",
      "whiteSpace" : false
    } ]
  } ],
  "mentions" : [ {
    "id" : "s0-m1",
    "properties" : {
      "SIRE_MENTION_ROLE" : "ONSEN",
      "SIRE_ENTITY_SUBTYPE" : "NONE",
      "SIRE_MENTION_TYPE" : "NONE",
      "SIRE_MENTION_CLASS" : "SPC"
    },
    "type" : "ONSEN",
    "begin" : 0,
    "end" : 5,
    "inCoref" : false
  }, {
    "id" : "s1-m1",
    "properties" : {
      "SIRE_MENTION_ROLE" : "ONSEN",
      "SIRE_ENTITY_SUBTYPE" : "NONE",
      "SIRE_MENTION_TYPE" : "NONE",
      "SIRE_MENTION_CLASS" : "SPC"
    },
    "type" : "ONSEN",
    "begin" : 65,
    "end" : 67,
    "inCoref" : false
  }, {
    "id" : "s1-m2",
    "properties" : {
      "SIRE_MENTION_ROLE" : "ONSEN",
      "SIRE_ENTITY_SUBTYPE" : "NONE",
      "SIRE_MENTION_TYPE" : "NONE",
      "SIRE_MENTION_CLASS" : "SPC"
    },
    "type" : "ONSEN",
    "begin" : 68,
    "end" : 70,
    "inCoref" : false
  }, {
    "id" : "s1-m3",
    "properties" : {
      "SIRE_MENTION_ROLE" : "ONSEN",
      "SIRE_ENTITY_SUBTYPE" : "NONE",
      "SIRE_MENTION_TYPE" : "NONE",
      "SIRE_MENTION_CLASS" : "SPC"
    },
    "type" : "ONSEN",
    "begin" : 71,
    "end" : 73,
    "inCoref" : false
  }, {
    "id" : "s3-m1",
    "properties" : {
      "SIRE_MENTION_ROLE" : "ONSEN",
      "SIRE_ENTITY_SUBTYPE" : "NONE",
      "SIRE_MENTION_TYPE" : "NONE",
      "SIRE_MENTION_CLASS" : "SPC"
    },
    "type" : "ONSEN",
    "begin" : 126,
    "end" : 131,
    "inCoref" : false
  }, {
    "id" : "s4-m2",
    "properties" : {
      "SIRE_MENTION_ROLE" : "Sensitsu",
      "SIRE_ENTITY_SUBTYPE" : "NONE",
      "SIRE_MENTION_TYPE" : "NONE",
      "SIRE_MENTION_CLASS" : "SPC"
    },
    "type" : "Sensitsu",
    "begin" : 183,
    "end" : 189,
    "inCoref" : false
  }, {
    "id" : "s4-m0",
    "properties" : {
      "SIRE_MENTION_CLASS" : "SPC",
      "SIRE_MENTION_ROLE" : "Sensitsu",
      "SIRE_MENTION_TYPE" : "NONE",
      "SIRE_ENTITY_SUBTYPE" : "NONE"
    },
    "type" : "Sensitsu",
    "begin" : 190,
    "end" : 196,
    "inCoref" : false
  }, {
    "id" : "s4-m3",
    "properties" : {
      "SIRE_MENTION_ROLE" : "Sensitsu",
      "SIRE_ENTITY_SUBTYPE" : "NONE",
      "SIRE_MENTION_TYPE" : "NONE",
      "SIRE_MENTION_CLASS" : "SPC"
    },
    "type" : "Sensitsu",
    "begin" : 197,
    "end" : 205,
    "inCoref" : false
  }, {
    "id" : "s4-m4",
    "properties" : {
      "SIRE_MENTION_ROLE" : "Sensitsu",
      "SIRE_ENTITY_SUBTYPE" : "NONE",
      "SIRE_MENTION_TYPE" : "NONE",
      "SIRE_MENTION_CLASS" : "SPC"
    },
    "type" : "Sensitsu",
    "begin" : 206,
    "end" : 211,
    "inCoref" : false
  }, {
    "id" : "s4-m5",
    "properties" : {
      "SIRE_MENTION_ROLE" : "Tekiou",
      "SIRE_ENTITY_SUBTYPE" : "NONE",
      "SIRE_MENTION_TYPE" : "NONE",
      "SIRE_MENTION_CLASS" : "SPC"
    },
    "type" : "Tekiou",
    "begin" : 223,
    "end" : 225,
    "inCoref" : false
  }, {
    "id" : "s4-m6",
    "properties" : {
      "SIRE_MENTION_ROLE" : "Tekiou",
      "SIRE_ENTITY_SUBTYPE" : "NONE",
      "SIRE_MENTION_TYPE" : "NONE",
      "SIRE_MENTION_CLASS" : "SPC"
    },
    "type" : "Tekiou",
    "begin" : 226,
    "end" : 230,
    "inCoref" : false
  }, {
    "id" : "s4-m7",
    "properties" : {
      "SIRE_MENTION_ROLE" : "Tekiou",
      "SIRE_ENTITY_SUBTYPE" : "NONE",
      "SIRE_MENTION_TYPE" : "NONE",
      "SIRE_MENTION_CLASS" : "SPC"
    },
    "type" : "Tekiou",
    "begin" : 231,
    "end" : 236,
    "inCoref" : false
  }, {
    "id" : "s4-m8",
    "properties" : {
      "SIRE_MENTION_ROLE" : "Tekiou",
      "SIRE_ENTITY_SUBTYPE" : "NONE",
      "SIRE_MENTION_TYPE" : "NONE",
      "SIRE_MENTION_CLASS" : "SPC"
    },
    "type" : "Tekiou",
    "begin" : 237,
    "end" : 242,
    "inCoref" : false
  }, {
    "id" : "s4-m9",
    "properties" : {
      "SIRE_MENTION_ROLE" : "Tekiou",
      "SIRE_ENTITY_SUBTYPE" : "NONE",
      "SIRE_MENTION_TYPE" : "NONE",
      "SIRE_MENTION_CLASS" : "SPC"
    },
    "type" : "Tekiou",
    "begin" : 243,
    "end" : 246,
    "inCoref" : false
  }, {
    "id" : "s4-m10",
    "properties" : {
      "SIRE_MENTION_ROLE" : "Tekiou",
      "SIRE_ENTITY_SUBTYPE" : "NONE",
      "SIRE_MENTION_TYPE" : "NONE",
      "SIRE_MENTION_CLASS" : "SPC"
    },
    "type" : "Tekiou",
    "begin" : 247,
    "end" : 250,
    "inCoref" : false
  }, {
    "id" : "s4-m11",
    "properties" : {
      "SIRE_MENTION_ROLE" : "Tekiou",
      "SIRE_ENTITY_SUBTYPE" : "NONE",
      "SIRE_MENTION_TYPE" : "NONE",
      "SIRE_MENTION_CLASS" : "SPC"
    },
    "type" : "Tekiou",
    "begin" : 251,
    "end" : 254,
    "inCoref" : false
  } ],
  "relations" : [ ],
  "corefs" : [ ],
  "typeResolved" : true,
  "userResolved" : false
}