{
  "id" : "5ae7cfb0-d149-11e9-ad4b-c984733d60b0-12",
  "name" : "12_国民保養温泉地の概要",
  "createdDate" : 0,
  "version" : 3,
  "text" : "大館ぐるみ温泉郷 （秋田県大館市）の概要\n○概要\n大滝温泉、雪沢温泉、矢立温泉、たしろ温泉、大葛温泉、市街地温泉区域を対象として「大館ぐるみ温泉郷」としている。\n古くからの国道や鉄道及び平成10年に開港した大館能代空港や日本海沿岸東北自動車道の延伸など北東北の交通の\n要所となっている。\n○特徴\n古くからの国道や鉄道及び平成10年に開港した大館能代空港や日本海沿岸東北自動車道の延伸など北東北の交通の\n要所であった。地域の医療機関と連携した温泉の利活用の強化、郷土料理の普及・啓蒙、来訪者に憩いの場を提供する緩やかな観光施設の整備を実施。秋田犬の里で知られる大館市では、ペットにやさしい地域づくりを目指して、ペット同伴可能な施設のモニター検証を同施設で行っている。\n○泉質等\n主な泉質：カルシウム・ナトリウム―硫酸塩・塩化物泉・ナトリウム硫酸塩塩化物泉\n○今後の方針\n温泉郷の持つ多彩な特徴の有効的な活用や、食と温泉の融合など、来訪者にとって魅力ある日帰りから長期滞在型まで対応した温泉地を目指す。",
  "docLength" : 0,
  "language" : "JA",
  "status" : "IN_PROGRESS",
  "modifiedDate" : 1567852250392,
  "documentSet" : [ ],
  "preannotation" : [ "PRE_LW" ],
  "sentences" : [ {
    "id" : "s0",
    "begin" : 0,
    "end" : 80,
    "text" : "大館ぐるみ温泉郷 （秋田県大館市）の概要\n○概要\n大滝温泉、雪沢温泉、矢立温泉、たしろ温泉、大葛温泉、市街地温泉区域を対象として「大館ぐるみ温泉郷」としている。",
    "tokens" : [ {
      "id" : "s0-t0",
      "begin" : 0,
      "end" : 2,
      "text" : "大館",
      "whiteSpace" : false
    }, {
      "id" : "s0-t1",
      "begin" : 2,
      "end" : 5,
      "text" : "ぐるみ",
      "whiteSpace" : false
    }, {
      "id" : "s0-t2",
      "begin" : 5,
      "end" : 8,
      "text" : "温泉郷",
      "whiteSpace" : false
    }, {
      "id" : "s0-t3",
      "begin" : 9,
      "end" : 10,
      "text" : "（",
      "whiteSpace" : false
    }, {
      "id" : "s0-t4",
      "begin" : 10,
      "end" : 12,
      "text" : "秋田",
      "whiteSpace" : false
    }, {
      "id" : "s0-t5",
      "begin" : 12,
      "end" : 13,
      "text" : "県",
      "whiteSpace" : false
    }, {
      "id" : "s0-t6",
      "begin" : 13,
      "end" : 15,
      "text" : "大館",
      "whiteSpace" : false
    }, {
      "id" : "s0-t7",
      "begin" : 15,
      "end" : 16,
      "text" : "市",
      "whiteSpace" : false
    }, {
      "id" : "s0-t8",
      "begin" : 16,
      "end" : 17,
      "text" : "）",
      "whiteSpace" : false
    }, {
      "id" : "s0-t9",
      "begin" : 17,
      "end" : 18,
      "text" : "の",
      "whiteSpace" : false
    }, {
      "id" : "s0-t10",
      "begin" : 18,
      "end" : 20,
      "text" : "概要",
      "whiteSpace" : false
    }, {
      "id" : "s0-t11",
      "begin" : 21,
      "end" : 22,
      "text" : "○",
      "whiteSpace" : false
    }, {
      "id" : "s0-t12",
      "begin" : 22,
      "end" : 24,
      "text" : "概要",
      "whiteSpace" : false
    }, {
      "id" : "s0-t13",
      "begin" : 25,
      "end" : 27,
      "text" : "大滝",
      "whiteSpace" : false
    }, {
      "id" : "s0-t14",
      "begin" : 27,
      "end" : 29,
      "text" : "温泉",
      "whiteSpace" : false
    }, {
      "id" : "s0-t15",
      "begin" : 29,
      "end" : 30,
      "text" : "、",
      "whiteSpace" : false
    }, {
      "id" : "s0-t16",
      "begin" : 30,
      "end" : 32,
      "text" : "雪沢",
      "whiteSpace" : false
    }, {
      "id" : "s0-t17",
      "begin" : 32,
      "end" : 34,
      "text" : "温泉",
      "whiteSpace" : false
    }, {
      "id" : "s0-t18",
      "begin" : 34,
      "end" : 35,
      "text" : "、",
      "whiteSpace" : false
    }, {
      "id" : "s0-t19",
      "begin" : 35,
      "end" : 37,
      "text" : "矢立",
      "whiteSpace" : false
    }, {
      "id" : "s0-t20",
      "begin" : 37,
      "end" : 39,
      "text" : "温泉",
      "whiteSpace" : false
    }, {
      "id" : "s0-t21",
      "begin" : 39,
      "end" : 40,
      "text" : "、",
      "whiteSpace" : false
    }, {
      "id" : "s0-t22",
      "begin" : 40,
      "end" : 43,
      "text" : "たしろ",
      "whiteSpace" : false
    }, {
      "id" : "s0-t23",
      "begin" : 43,
      "end" : 45,
      "text" : "温泉",
      "whiteSpace" : false
    }, {
      "id" : "s0-t24",
      "begin" : 45,
      "end" : 46,
      "text" : "、",
      "whiteSpace" : false
    }, {
      "id" : "s0-t25",
      "begin" : 46,
      "end" : 48,
      "text" : "大葛",
      "whiteSpace" : false
    }, {
      "id" : "s0-t26",
      "begin" : 48,
      "end" : 50,
      "text" : "温泉",
      "whiteSpace" : false
    }, {
      "id" : "s0-t27",
      "begin" : 50,
      "end" : 51,
      "text" : "、",
      "whiteSpace" : false
    }, {
      "id" : "s0-t28",
      "begin" : 51,
      "end" : 53,
      "text" : "市街",
      "whiteSpace" : false
    }, {
      "id" : "s0-t29",
      "begin" : 53,
      "end" : 54,
      "text" : "地",
      "whiteSpace" : false
    }, {
      "id" : "s0-t30",
      "begin" : 54,
      "end" : 56,
      "text" : "温泉",
      "whiteSpace" : false
    }, {
      "id" : "s0-t31",
      "begin" : 56,
      "end" : 58,
      "text" : "区域",
      "whiteSpace" : false
    }, {
      "id" : "s0-t32",
      "begin" : 58,
      "end" : 59,
      "text" : "を",
      "whiteSpace" : false
    }, {
      "id" : "s0-t33",
      "begin" : 59,
      "end" : 61,
      "text" : "対象",
      "whiteSpace" : false
    }, {
      "id" : "s0-t34",
      "begin" : 61,
      "end" : 62,
      "text" : "と",
      "whiteSpace" : false
    }, {
      "id" : "s0-t35",
      "begin" : 62,
      "end" : 64,
      "text" : "して",
      "whiteSpace" : false
    }, {
      "id" : "s0-t36",
      "begin" : 64,
      "end" : 65,
      "text" : "「",
      "whiteSpace" : false
    }, {
      "id" : "s0-t37",
      "begin" : 65,
      "end" : 67,
      "text" : "大館",
      "whiteSpace" : false
    }, {
      "id" : "s0-t38",
      "begin" : 67,
      "end" : 70,
      "text" : "ぐるみ",
      "whiteSpace" : false
    }, {
      "id" : "s0-t39",
      "begin" : 70,
      "end" : 73,
      "text" : "温泉郷",
      "whiteSpace" : false
    }, {
      "id" : "s0-t40",
      "begin" : 73,
      "end" : 74,
      "text" : "」",
      "whiteSpace" : false
    }, {
      "id" : "s0-t41",
      "begin" : 74,
      "end" : 75,
      "text" : "と",
      "whiteSpace" : false
    }, {
      "id" : "s0-t42",
      "begin" : 75,
      "end" : 77,
      "text" : "して",
      "whiteSpace" : false
    }, {
      "id" : "s0-t43",
      "begin" : 77,
      "end" : 79,
      "text" : "いる",
      "whiteSpace" : false
    }, {
      "id" : "s0-t44",
      "begin" : 79,
      "end" : 80,
      "text" : "。",
      "whiteSpace" : false
    } ]
  }, {
    "id" : "s1",
    "begin" : 81,
    "end" : 143,
    "text" : "古くからの国道や鉄道及び平成10年に開港した大館能代空港や日本海沿岸東北自動車道の延伸など北東北の交通の\n要所となっている。",
    "tokens" : [ {
      "id" : "s1-t0",
      "begin" : 81,
      "end" : 85,
      "text" : "古くから",
      "whiteSpace" : false
    }, {
      "id" : "s1-t1",
      "begin" : 85,
      "end" : 86,
      "text" : "の",
      "whiteSpace" : false
    }, {
      "id" : "s1-t2",
      "begin" : 86,
      "end" : 88,
      "text" : "国道",
      "whiteSpace" : false
    }, {
      "id" : "s1-t3",
      "begin" : 88,
      "end" : 89,
      "text" : "や",
      "whiteSpace" : false
    }, {
      "id" : "s1-t4",
      "begin" : 89,
      "end" : 91,
      "text" : "鉄道",
      "whiteSpace" : false
    }, {
      "id" : "s1-t5",
      "begin" : 91,
      "end" : 93,
      "text" : "及び",
      "whiteSpace" : false
    }, {
      "id" : "s1-t6",
      "begin" : 93,
      "end" : 95,
      "text" : "平成",
      "whiteSpace" : false
    }, {
      "id" : "s1-t7",
      "begin" : 95,
      "end" : 97,
      "text" : "10",
      "whiteSpace" : false
    }, {
      "id" : "s1-t8",
      "begin" : 97,
      "end" : 98,
      "text" : "年",
      "whiteSpace" : false
    }, {
      "id" : "s1-t9",
      "begin" : 98,
      "end" : 99,
      "text" : "に",
      "whiteSpace" : false
    }, {
      "id" : "s1-t10",
      "begin" : 99,
      "end" : 101,
      "text" : "開港",
      "whiteSpace" : false
    }, {
      "id" : "s1-t11",
      "begin" : 101,
      "end" : 103,
      "text" : "した",
      "whiteSpace" : false
    }, {
      "id" : "s1-t12",
      "begin" : 103,
      "end" : 105,
      "text" : "大館",
      "whiteSpace" : false
    }, {
      "id" : "s1-t13",
      "begin" : 105,
      "end" : 107,
      "text" : "能代",
      "whiteSpace" : false
    }, {
      "id" : "s1-t14",
      "begin" : 107,
      "end" : 109,
      "text" : "空港",
      "whiteSpace" : false
    }, {
      "id" : "s1-t15",
      "begin" : 109,
      "end" : 110,
      "text" : "や",
      "whiteSpace" : false
    }, {
      "id" : "s1-t16",
      "begin" : 110,
      "end" : 112,
      "text" : "日本",
      "whiteSpace" : false
    }, {
      "id" : "s1-t17",
      "begin" : 112,
      "end" : 113,
      "text" : "海",
      "whiteSpace" : false
    }, {
      "id" : "s1-t18",
      "begin" : 113,
      "end" : 115,
      "text" : "沿岸",
      "whiteSpace" : false
    }, {
      "id" : "s1-t19",
      "begin" : 115,
      "end" : 117,
      "text" : "東北",
      "whiteSpace" : false
    }, {
      "id" : "s1-t20",
      "begin" : 117,
      "end" : 120,
      "text" : "自動車",
      "whiteSpace" : false
    }, {
      "id" : "s1-t21",
      "begin" : 120,
      "end" : 121,
      "text" : "道",
      "whiteSpace" : false
    }, {
      "id" : "s1-t22",
      "begin" : 121,
      "end" : 122,
      "text" : "の",
      "whiteSpace" : false
    }, {
      "id" : "s1-t23",
      "begin" : 122,
      "end" : 124,
      "text" : "延伸",
      "whiteSpace" : false
    }, {
      "id" : "s1-t24",
      "begin" : 124,
      "end" : 126,
      "text" : "など",
      "whiteSpace" : false
    }, {
      "id" : "s1-t25",
      "begin" : 126,
      "end" : 127,
      "text" : "北",
      "whiteSpace" : false
    }, {
      "id" : "s1-t26",
      "begin" : 127,
      "end" : 129,
      "text" : "東北",
      "whiteSpace" : false
    }, {
      "id" : "s1-t27",
      "begin" : 129,
      "end" : 130,
      "text" : "の",
      "whiteSpace" : false
    }, {
      "id" : "s1-t28",
      "begin" : 130,
      "end" : 132,
      "text" : "交通",
      "whiteSpace" : false
    }, {
      "id" : "s1-t29",
      "begin" : 132,
      "end" : 133,
      "text" : "の",
      "whiteSpace" : false
    }, {
      "id" : "s1-t30",
      "begin" : 134,
      "end" : 136,
      "text" : "要所",
      "whiteSpace" : false
    }, {
      "id" : "s1-t31",
      "begin" : 136,
      "end" : 137,
      "text" : "と",
      "whiteSpace" : false
    }, {
      "id" : "s1-t32",
      "begin" : 137,
      "end" : 140,
      "text" : "なって",
      "whiteSpace" : false
    }, {
      "id" : "s1-t33",
      "begin" : 140,
      "end" : 142,
      "text" : "いる",
      "whiteSpace" : false
    }, {
      "id" : "s1-t34",
      "begin" : 142,
      "end" : 143,
      "text" : "。",
      "whiteSpace" : false
    } ]
  }, {
    "id" : "s2",
    "begin" : 144,
    "end" : 208,
    "text" : "○特徴\n古くからの国道や鉄道及び平成10年に開港した大館能代空港や日本海沿岸東北自動車道の延伸など北東北の交通の\n要所であった。",
    "tokens" : [ {
      "id" : "s2-t0",
      "begin" : 144,
      "end" : 145,
      "text" : "○",
      "whiteSpace" : false
    }, {
      "id" : "s2-t1",
      "begin" : 145,
      "end" : 147,
      "text" : "特徴",
      "whiteSpace" : false
    }, {
      "id" : "s2-t2",
      "begin" : 148,
      "end" : 152,
      "text" : "古くから",
      "whiteSpace" : false
    }, {
      "id" : "s2-t3",
      "begin" : 152,
      "end" : 153,
      "text" : "の",
      "whiteSpace" : false
    }, {
      "id" : "s2-t4",
      "begin" : 153,
      "end" : 155,
      "text" : "国道",
      "whiteSpace" : false
    }, {
      "id" : "s2-t5",
      "begin" : 155,
      "end" : 156,
      "text" : "や",
      "whiteSpace" : false
    }, {
      "id" : "s2-t6",
      "begin" : 156,
      "end" : 158,
      "text" : "鉄道",
      "whiteSpace" : false
    }, {
      "id" : "s2-t7",
      "begin" : 158,
      "end" : 160,
      "text" : "及び",
      "whiteSpace" : false
    }, {
      "id" : "s2-t8",
      "begin" : 160,
      "end" : 162,
      "text" : "平成",
      "whiteSpace" : false
    }, {
      "id" : "s2-t9",
      "begin" : 162,
      "end" : 164,
      "text" : "10",
      "whiteSpace" : false
    }, {
      "id" : "s2-t10",
      "begin" : 164,
      "end" : 165,
      "text" : "年",
      "whiteSpace" : false
    }, {
      "id" : "s2-t11",
      "begin" : 165,
      "end" : 166,
      "text" : "に",
      "whiteSpace" : false
    }, {
      "id" : "s2-t12",
      "begin" : 166,
      "end" : 168,
      "text" : "開港",
      "whiteSpace" : false
    }, {
      "id" : "s2-t13",
      "begin" : 168,
      "end" : 170,
      "text" : "した",
      "whiteSpace" : false
    }, {
      "id" : "s2-t14",
      "begin" : 170,
      "end" : 172,
      "text" : "大館",
      "whiteSpace" : false
    }, {
      "id" : "s2-t15",
      "begin" : 172,
      "end" : 174,
      "text" : "能代",
      "whiteSpace" : false
    }, {
      "id" : "s2-t16",
      "begin" : 174,
      "end" : 176,
      "text" : "空港",
      "whiteSpace" : false
    }, {
      "id" : "s2-t17",
      "begin" : 176,
      "end" : 177,
      "text" : "や",
      "whiteSpace" : false
    }, {
      "id" : "s2-t18",
      "begin" : 177,
      "end" : 179,
      "text" : "日本",
      "whiteSpace" : false
    }, {
      "id" : "s2-t19",
      "begin" : 179,
      "end" : 180,
      "text" : "海",
      "whiteSpace" : false
    }, {
      "id" : "s2-t20",
      "begin" : 180,
      "end" : 182,
      "text" : "沿岸",
      "whiteSpace" : false
    }, {
      "id" : "s2-t21",
      "begin" : 182,
      "end" : 184,
      "text" : "東北",
      "whiteSpace" : false
    }, {
      "id" : "s2-t22",
      "begin" : 184,
      "end" : 187,
      "text" : "自動車",
      "whiteSpace" : false
    }, {
      "id" : "s2-t23",
      "begin" : 187,
      "end" : 188,
      "text" : "道",
      "whiteSpace" : false
    }, {
      "id" : "s2-t24",
      "begin" : 188,
      "end" : 189,
      "text" : "の",
      "whiteSpace" : false
    }, {
      "id" : "s2-t25",
      "begin" : 189,
      "end" : 191,
      "text" : "延伸",
      "whiteSpace" : false
    }, {
      "id" : "s2-t26",
      "begin" : 191,
      "end" : 193,
      "text" : "など",
      "whiteSpace" : false
    }, {
      "id" : "s2-t27",
      "begin" : 193,
      "end" : 194,
      "text" : "北",
      "whiteSpace" : false
    }, {
      "id" : "s2-t28",
      "begin" : 194,
      "end" : 196,
      "text" : "東北",
      "whiteSpace" : false
    }, {
      "id" : "s2-t29",
      "begin" : 196,
      "end" : 197,
      "text" : "の",
      "whiteSpace" : false
    }, {
      "id" : "s2-t30",
      "begin" : 197,
      "end" : 199,
      "text" : "交通",
      "whiteSpace" : false
    }, {
      "id" : "s2-t31",
      "begin" : 199,
      "end" : 200,
      "text" : "の",
      "whiteSpace" : false
    }, {
      "id" : "s2-t32",
      "begin" : 201,
      "end" : 203,
      "text" : "要所",
      "whiteSpace" : false
    }, {
      "id" : "s2-t33",
      "begin" : 203,
      "end" : 207,
      "text" : "であった",
      "whiteSpace" : false
    }, {
      "id" : "s2-t34",
      "begin" : 207,
      "end" : 208,
      "text" : "。",
      "whiteSpace" : false
    } ]
  }, {
    "id" : "s3",
    "begin" : 208,
    "end" : 269,
    "text" : "地域の医療機関と連携した温泉の利活用の強化、郷土料理の普及・啓蒙、来訪者に憩いの場を提供する緩やかな観光施設の整備を実施。",
    "tokens" : [ {
      "id" : "s3-t0",
      "begin" : 208,
      "end" : 210,
      "text" : "地域",
      "whiteSpace" : false
    }, {
      "id" : "s3-t1",
      "begin" : 210,
      "end" : 211,
      "text" : "の",
      "whiteSpace" : false
    }, {
      "id" : "s3-t2",
      "begin" : 211,
      "end" : 213,
      "text" : "医療",
      "whiteSpace" : false
    }, {
      "id" : "s3-t3",
      "begin" : 213,
      "end" : 215,
      "text" : "機関",
      "whiteSpace" : false
    }, {
      "id" : "s3-t4",
      "begin" : 215,
      "end" : 216,
      "text" : "と",
      "whiteSpace" : false
    }, {
      "id" : "s3-t5",
      "begin" : 216,
      "end" : 218,
      "text" : "連携",
      "whiteSpace" : false
    }, {
      "id" : "s3-t6",
      "begin" : 218,
      "end" : 220,
      "text" : "した",
      "whiteSpace" : false
    }, {
      "id" : "s3-t7",
      "begin" : 220,
      "end" : 222,
      "text" : "温泉",
      "whiteSpace" : false
    }, {
      "id" : "s3-t8",
      "begin" : 222,
      "end" : 223,
      "text" : "の",
      "whiteSpace" : false
    }, {
      "id" : "s3-t9",
      "begin" : 223,
      "end" : 225,
      "text" : "利活",
      "whiteSpace" : false
    }, {
      "id" : "s3-t10",
      "begin" : 225,
      "end" : 226,
      "text" : "用",
      "whiteSpace" : false
    }, {
      "id" : "s3-t11",
      "begin" : 226,
      "end" : 227,
      "text" : "の",
      "whiteSpace" : false
    }, {
      "id" : "s3-t12",
      "begin" : 227,
      "end" : 229,
      "text" : "強化",
      "whiteSpace" : false
    }, {
      "id" : "s3-t13",
      "begin" : 229,
      "end" : 230,
      "text" : "、",
      "whiteSpace" : false
    }, {
      "id" : "s3-t14",
      "begin" : 230,
      "end" : 232,
      "text" : "郷土",
      "whiteSpace" : false
    }, {
      "id" : "s3-t15",
      "begin" : 232,
      "end" : 234,
      "text" : "料理",
      "whiteSpace" : false
    }, {
      "id" : "s3-t16",
      "begin" : 234,
      "end" : 235,
      "text" : "の",
      "whiteSpace" : false
    }, {
      "id" : "s3-t17",
      "begin" : 235,
      "end" : 237,
      "text" : "普及",
      "whiteSpace" : false
    }, {
      "id" : "s3-t18",
      "begin" : 237,
      "end" : 238,
      "text" : "・",
      "whiteSpace" : false
    }, {
      "id" : "s3-t19",
      "begin" : 238,
      "end" : 240,
      "text" : "啓蒙",
      "whiteSpace" : false
    }, {
      "id" : "s3-t20",
      "begin" : 240,
      "end" : 241,
      "text" : "、",
      "whiteSpace" : false
    }, {
      "id" : "s3-t21",
      "begin" : 241,
      "end" : 243,
      "text" : "来訪",
      "whiteSpace" : false
    }, {
      "id" : "s3-t22",
      "begin" : 243,
      "end" : 244,
      "text" : "者",
      "whiteSpace" : false
    }, {
      "id" : "s3-t23",
      "begin" : 244,
      "end" : 245,
      "text" : "に",
      "whiteSpace" : false
    }, {
      "id" : "s3-t24",
      "begin" : 245,
      "end" : 247,
      "text" : "憩い",
      "whiteSpace" : false
    }, {
      "id" : "s3-t25",
      "begin" : 247,
      "end" : 248,
      "text" : "の",
      "whiteSpace" : false
    }, {
      "id" : "s3-t26",
      "begin" : 248,
      "end" : 249,
      "text" : "場",
      "whiteSpace" : false
    }, {
      "id" : "s3-t27",
      "begin" : 249,
      "end" : 250,
      "text" : "を",
      "whiteSpace" : false
    }, {
      "id" : "s3-t28",
      "begin" : 250,
      "end" : 252,
      "text" : "提供",
      "whiteSpace" : false
    }, {
      "id" : "s3-t29",
      "begin" : 252,
      "end" : 254,
      "text" : "する",
      "whiteSpace" : false
    }, {
      "id" : "s3-t30",
      "begin" : 254,
      "end" : 258,
      "text" : "緩やかな",
      "whiteSpace" : false
    }, {
      "id" : "s3-t31",
      "begin" : 258,
      "end" : 260,
      "text" : "観光",
      "whiteSpace" : false
    }, {
      "id" : "s3-t32",
      "begin" : 260,
      "end" : 262,
      "text" : "施設",
      "whiteSpace" : false
    }, {
      "id" : "s3-t33",
      "begin" : 262,
      "end" : 263,
      "text" : "の",
      "whiteSpace" : false
    }, {
      "id" : "s3-t34",
      "begin" : 263,
      "end" : 265,
      "text" : "整備",
      "whiteSpace" : false
    }, {
      "id" : "s3-t35",
      "begin" : 265,
      "end" : 266,
      "text" : "を",
      "whiteSpace" : false
    }, {
      "id" : "s3-t36",
      "begin" : 266,
      "end" : 268,
      "text" : "実施",
      "whiteSpace" : false
    }, {
      "id" : "s3-t37",
      "begin" : 268,
      "end" : 269,
      "text" : "。",
      "whiteSpace" : false
    } ]
  }, {
    "id" : "s4",
    "begin" : 269,
    "end" : 332,
    "text" : "秋田犬の里で知られる大館市では、ペットにやさしい地域づくりを目指して、ペット同伴可能な施設のモニター検証を同施設で行っている。",
    "tokens" : [ {
      "id" : "s4-t0",
      "begin" : 269,
      "end" : 271,
      "text" : "秋田",
      "whiteSpace" : false
    }, {
      "id" : "s4-t1",
      "begin" : 271,
      "end" : 272,
      "text" : "犬",
      "whiteSpace" : false
    }, {
      "id" : "s4-t2",
      "begin" : 272,
      "end" : 273,
      "text" : "の",
      "whiteSpace" : false
    }, {
      "id" : "s4-t3",
      "begin" : 273,
      "end" : 274,
      "text" : "里",
      "whiteSpace" : false
    }, {
      "id" : "s4-t4",
      "begin" : 274,
      "end" : 275,
      "text" : "で",
      "whiteSpace" : false
    }, {
      "id" : "s4-t5",
      "begin" : 275,
      "end" : 277,
      "text" : "知ら",
      "whiteSpace" : false
    }, {
      "id" : "s4-t6",
      "begin" : 277,
      "end" : 279,
      "text" : "れる",
      "whiteSpace" : false
    }, {
      "id" : "s4-t7",
      "begin" : 279,
      "end" : 281,
      "text" : "大館",
      "whiteSpace" : false
    }, {
      "id" : "s4-t8",
      "begin" : 281,
      "end" : 282,
      "text" : "市",
      "whiteSpace" : false
    }, {
      "id" : "s4-t9",
      "begin" : 282,
      "end" : 283,
      "text" : "で",
      "whiteSpace" : false
    }, {
      "id" : "s4-t10",
      "begin" : 283,
      "end" : 284,
      "text" : "は",
      "whiteSpace" : false
    }, {
      "id" : "s4-t11",
      "begin" : 284,
      "end" : 285,
      "text" : "、",
      "whiteSpace" : false
    }, {
      "id" : "s4-t12",
      "begin" : 285,
      "end" : 288,
      "text" : "ペット",
      "whiteSpace" : false
    }, {
      "id" : "s4-t13",
      "begin" : 288,
      "end" : 289,
      "text" : "に",
      "whiteSpace" : false
    }, {
      "id" : "s4-t14",
      "begin" : 289,
      "end" : 293,
      "text" : "やさしい",
      "whiteSpace" : false
    }, {
      "id" : "s4-t15",
      "begin" : 293,
      "end" : 295,
      "text" : "地域",
      "whiteSpace" : false
    }, {
      "id" : "s4-t16",
      "begin" : 295,
      "end" : 298,
      "text" : "づくり",
      "whiteSpace" : false
    }, {
      "id" : "s4-t17",
      "begin" : 298,
      "end" : 299,
      "text" : "を",
      "whiteSpace" : false
    }, {
      "id" : "s4-t18",
      "begin" : 299,
      "end" : 303,
      "text" : "目指して",
      "whiteSpace" : false
    }, {
      "id" : "s4-t19",
      "begin" : 303,
      "end" : 304,
      "text" : "、",
      "whiteSpace" : false
    }, {
      "id" : "s4-t20",
      "begin" : 304,
      "end" : 307,
      "text" : "ペット",
      "whiteSpace" : false
    }, {
      "id" : "s4-t21",
      "begin" : 307,
      "end" : 309,
      "text" : "同伴",
      "whiteSpace" : false
    }, {
      "id" : "s4-t22",
      "begin" : 309,
      "end" : 312,
      "text" : "可能な",
      "whiteSpace" : false
    }, {
      "id" : "s4-t23",
      "begin" : 312,
      "end" : 314,
      "text" : "施設",
      "whiteSpace" : false
    }, {
      "id" : "s4-t24",
      "begin" : 314,
      "end" : 315,
      "text" : "の",
      "whiteSpace" : false
    }, {
      "id" : "s4-t25",
      "begin" : 315,
      "end" : 319,
      "text" : "モニター",
      "whiteSpace" : false
    }, {
      "id" : "s4-t26",
      "begin" : 319,
      "end" : 321,
      "text" : "検証",
      "whiteSpace" : false
    }, {
      "id" : "s4-t27",
      "begin" : 321,
      "end" : 322,
      "text" : "を",
      "whiteSpace" : false
    }, {
      "id" : "s4-t28",
      "begin" : 322,
      "end" : 323,
      "text" : "同",
      "whiteSpace" : false
    }, {
      "id" : "s4-t29",
      "begin" : 323,
      "end" : 325,
      "text" : "施設",
      "whiteSpace" : false
    }, {
      "id" : "s4-t30",
      "begin" : 325,
      "end" : 326,
      "text" : "で",
      "whiteSpace" : false
    }, {
      "id" : "s4-t31",
      "begin" : 326,
      "end" : 329,
      "text" : "行って",
      "whiteSpace" : false
    }, {
      "id" : "s4-t32",
      "begin" : 329,
      "end" : 331,
      "text" : "いる",
      "whiteSpace" : false
    }, {
      "id" : "s4-t33",
      "begin" : 331,
      "end" : 332,
      "text" : "。",
      "whiteSpace" : false
    } ]
  }, {
    "id" : "s5",
    "begin" : 333,
    "end" : 449,
    "text" : "○泉質等\n主な泉質：カルシウム・ナトリウム―硫酸塩・塩化物泉・ナトリウム硫酸塩塩化物泉\n○今後の方針\n温泉郷の持つ多彩な特徴の有効的な活用や、食と温泉の融合など、来訪者にとって魅力ある日帰りから長期滞在型まで対応した温泉地を目指す。",
    "tokens" : [ {
      "id" : "s5-t0",
      "begin" : 333,
      "end" : 334,
      "text" : "○",
      "whiteSpace" : false
    }, {
      "id" : "s5-t1",
      "begin" : 334,
      "end" : 336,
      "text" : "泉質",
      "whiteSpace" : false
    }, {
      "id" : "s5-t2",
      "begin" : 336,
      "end" : 337,
      "text" : "等",
      "whiteSpace" : false
    }, {
      "id" : "s5-t3",
      "begin" : 338,
      "end" : 340,
      "text" : "主な",
      "whiteSpace" : false
    }, {
      "id" : "s5-t4",
      "begin" : 340,
      "end" : 342,
      "text" : "泉質",
      "whiteSpace" : false
    }, {
      "id" : "s5-t5",
      "begin" : 342,
      "end" : 343,
      "text" : "：",
      "whiteSpace" : false
    }, {
      "id" : "s5-t6",
      "begin" : 343,
      "end" : 348,
      "text" : "カルシウム",
      "whiteSpace" : false
    }, {
      "id" : "s5-t7",
      "begin" : 348,
      "end" : 349,
      "text" : "・",
      "whiteSpace" : false
    }, {
      "id" : "s5-t8",
      "begin" : 349,
      "end" : 354,
      "text" : "ナトリウム",
      "whiteSpace" : false
    }, {
      "id" : "s5-t9",
      "begin" : 354,
      "end" : 355,
      "text" : "―",
      "whiteSpace" : false
    }, {
      "id" : "s5-t10",
      "begin" : 355,
      "end" : 357,
      "text" : "硫酸",
      "whiteSpace" : false
    }, {
      "id" : "s5-t11",
      "begin" : 357,
      "end" : 358,
      "text" : "塩",
      "whiteSpace" : false
    }, {
      "id" : "s5-t12",
      "begin" : 358,
      "end" : 359,
      "text" : "・",
      "whiteSpace" : false
    }, {
      "id" : "s5-t13",
      "begin" : 359,
      "end" : 361,
      "text" : "塩化",
      "whiteSpace" : false
    }, {
      "id" : "s5-t14",
      "begin" : 361,
      "end" : 363,
      "text" : "物泉",
      "whiteSpace" : false
    }, {
      "id" : "s5-t15",
      "begin" : 363,
      "end" : 364,
      "text" : "・",
      "whiteSpace" : false
    }, {
      "id" : "s5-t16",
      "begin" : 364,
      "end" : 369,
      "text" : "ナトリウム",
      "whiteSpace" : false
    }, {
      "id" : "s5-t17",
      "begin" : 369,
      "end" : 371,
      "text" : "硫酸",
      "whiteSpace" : false
    }, {
      "id" : "s5-t18",
      "begin" : 371,
      "end" : 372,
      "text" : "塩",
      "whiteSpace" : false
    }, {
      "id" : "s5-t19",
      "begin" : 372,
      "end" : 374,
      "text" : "塩化",
      "whiteSpace" : false
    }, {
      "id" : "s5-t20",
      "begin" : 374,
      "end" : 376,
      "text" : "物泉",
      "whiteSpace" : false
    }, {
      "id" : "s5-t21",
      "begin" : 377,
      "end" : 378,
      "text" : "○",
      "whiteSpace" : false
    }, {
      "id" : "s5-t22",
      "begin" : 378,
      "end" : 380,
      "text" : "今後",
      "whiteSpace" : false
    }, {
      "id" : "s5-t23",
      "begin" : 380,
      "end" : 381,
      "text" : "の",
      "whiteSpace" : false
    }, {
      "id" : "s5-t24",
      "begin" : 381,
      "end" : 383,
      "text" : "方針",
      "whiteSpace" : false
    }, {
      "id" : "s5-t25",
      "begin" : 384,
      "end" : 387,
      "text" : "温泉郷",
      "whiteSpace" : false
    }, {
      "id" : "s5-t26",
      "begin" : 387,
      "end" : 388,
      "text" : "の",
      "whiteSpace" : false
    }, {
      "id" : "s5-t27",
      "begin" : 388,
      "end" : 390,
      "text" : "持つ",
      "whiteSpace" : false
    }, {
      "id" : "s5-t28",
      "begin" : 390,
      "end" : 393,
      "text" : "多彩な",
      "whiteSpace" : false
    }, {
      "id" : "s5-t29",
      "begin" : 393,
      "end" : 395,
      "text" : "特徴",
      "whiteSpace" : false
    }, {
      "id" : "s5-t30",
      "begin" : 395,
      "end" : 396,
      "text" : "の",
      "whiteSpace" : false
    }, {
      "id" : "s5-t31",
      "begin" : 396,
      "end" : 398,
      "text" : "有効",
      "whiteSpace" : false
    }, {
      "id" : "s5-t32",
      "begin" : 398,
      "end" : 400,
      "text" : "的な",
      "whiteSpace" : false
    }, {
      "id" : "s5-t33",
      "begin" : 400,
      "end" : 402,
      "text" : "活用",
      "whiteSpace" : false
    }, {
      "id" : "s5-t34",
      "begin" : 402,
      "end" : 403,
      "text" : "や",
      "whiteSpace" : false
    }, {
      "id" : "s5-t35",
      "begin" : 403,
      "end" : 404,
      "text" : "、",
      "whiteSpace" : false
    }, {
      "id" : "s5-t36",
      "begin" : 404,
      "end" : 405,
      "text" : "食",
      "whiteSpace" : false
    }, {
      "id" : "s5-t37",
      "begin" : 405,
      "end" : 406,
      "text" : "と",
      "whiteSpace" : false
    }, {
      "id" : "s5-t38",
      "begin" : 406,
      "end" : 408,
      "text" : "温泉",
      "whiteSpace" : false
    }, {
      "id" : "s5-t39",
      "begin" : 408,
      "end" : 409,
      "text" : "の",
      "whiteSpace" : false
    }, {
      "id" : "s5-t40",
      "begin" : 409,
      "end" : 411,
      "text" : "融合",
      "whiteSpace" : false
    }, {
      "id" : "s5-t41",
      "begin" : 411,
      "end" : 413,
      "text" : "など",
      "whiteSpace" : false
    }, {
      "id" : "s5-t42",
      "begin" : 413,
      "end" : 414,
      "text" : "、",
      "whiteSpace" : false
    }, {
      "id" : "s5-t43",
      "begin" : 414,
      "end" : 416,
      "text" : "来訪",
      "whiteSpace" : false
    }, {
      "id" : "s5-t44",
      "begin" : 416,
      "end" : 417,
      "text" : "者",
      "whiteSpace" : false
    }, {
      "id" : "s5-t45",
      "begin" : 417,
      "end" : 418,
      "text" : "に",
      "whiteSpace" : false
    }, {
      "id" : "s5-t46",
      "begin" : 418,
      "end" : 421,
      "text" : "とって",
      "whiteSpace" : false
    }, {
      "id" : "s5-t47",
      "begin" : 421,
      "end" : 423,
      "text" : "魅力",
      "whiteSpace" : false
    }, {
      "id" : "s5-t48",
      "begin" : 423,
      "end" : 425,
      "text" : "ある",
      "whiteSpace" : false
    }, {
      "id" : "s5-t49",
      "begin" : 425,
      "end" : 426,
      "text" : "日",
      "whiteSpace" : false
    }, {
      "id" : "s5-t50",
      "begin" : 426,
      "end" : 428,
      "text" : "帰り",
      "whiteSpace" : false
    }, {
      "id" : "s5-t51",
      "begin" : 428,
      "end" : 430,
      "text" : "から",
      "whiteSpace" : false
    }, {
      "id" : "s5-t52",
      "begin" : 430,
      "end" : 432,
      "text" : "長期",
      "whiteSpace" : false
    }, {
      "id" : "s5-t53",
      "begin" : 432,
      "end" : 434,
      "text" : "滞在",
      "whiteSpace" : false
    }, {
      "id" : "s5-t54",
      "begin" : 434,
      "end" : 435,
      "text" : "型",
      "whiteSpace" : false
    }, {
      "id" : "s5-t55",
      "begin" : 435,
      "end" : 437,
      "text" : "まで",
      "whiteSpace" : false
    }, {
      "id" : "s5-t56",
      "begin" : 437,
      "end" : 439,
      "text" : "対応",
      "whiteSpace" : false
    }, {
      "id" : "s5-t57",
      "begin" : 439,
      "end" : 441,
      "text" : "した",
      "whiteSpace" : false
    }, {
      "id" : "s5-t58",
      "begin" : 441,
      "end" : 443,
      "text" : "温泉",
      "whiteSpace" : false
    }, {
      "id" : "s5-t59",
      "begin" : 443,
      "end" : 444,
      "text" : "地",
      "whiteSpace" : false
    }, {
      "id" : "s5-t60",
      "begin" : 444,
      "end" : 445,
      "text" : "を",
      "whiteSpace" : false
    }, {
      "id" : "s5-t61",
      "begin" : 445,
      "end" : 448,
      "text" : "目指す",
      "whiteSpace" : false
    }, {
      "id" : "s5-t62",
      "begin" : 448,
      "end" : 449,
      "text" : "。",
      "whiteSpace" : false
    } ]
  } ],
  "mentions" : [ {
    "id" : "s0-m1",
    "properties" : {
      "SIRE_MENTION_ROLE" : "ONSEN",
      "SIRE_ENTITY_SUBTYPE" : "NONE",
      "SIRE_MENTION_TYPE" : "NONE",
      "SIRE_MENTION_CLASS" : "SPC"
    },
    "type" : "ONSEN",
    "begin" : 0,
    "end" : 8,
    "inCoref" : false
  }, {
    "id" : "s0-m2",
    "properties" : {
      "SIRE_MENTION_ROLE" : "ONSEN",
      "SIRE_ENTITY_SUBTYPE" : "NONE",
      "SIRE_MENTION_TYPE" : "NONE",
      "SIRE_MENTION_CLASS" : "SPC"
    },
    "type" : "ONSEN",
    "begin" : 25,
    "end" : 29,
    "inCoref" : false
  }, {
    "id" : "s0-m3",
    "properties" : {
      "SIRE_MENTION_ROLE" : "ONSEN",
      "SIRE_ENTITY_SUBTYPE" : "NONE",
      "SIRE_MENTION_TYPE" : "NONE",
      "SIRE_MENTION_CLASS" : "SPC"
    },
    "type" : "ONSEN",
    "begin" : 30,
    "end" : 34,
    "inCoref" : false
  }, {
    "id" : "s0-m4",
    "properties" : {
      "SIRE_MENTION_ROLE" : "ONSEN",
      "SIRE_ENTITY_SUBTYPE" : "NONE",
      "SIRE_MENTION_TYPE" : "NONE",
      "SIRE_MENTION_CLASS" : "SPC"
    },
    "type" : "ONSEN",
    "begin" : 35,
    "end" : 39,
    "inCoref" : false
  }, {
    "id" : "s0-m5",
    "properties" : {
      "SIRE_MENTION_ROLE" : "ONSEN",
      "SIRE_ENTITY_SUBTYPE" : "NONE",
      "SIRE_MENTION_TYPE" : "NONE",
      "SIRE_MENTION_CLASS" : "SPC"
    },
    "type" : "ONSEN",
    "begin" : 40,
    "end" : 45,
    "inCoref" : false
  }, {
    "id" : "s0-m6",
    "properties" : {
      "SIRE_MENTION_ROLE" : "ONSEN",
      "SIRE_ENTITY_SUBTYPE" : "NONE",
      "SIRE_MENTION_TYPE" : "NONE",
      "SIRE_MENTION_CLASS" : "SPC"
    },
    "type" : "ONSEN",
    "begin" : 46,
    "end" : 50,
    "inCoref" : false
  }, {
    "id" : "s0-m7",
    "properties" : {
      "SIRE_MENTION_ROLE" : "ONSEN",
      "SIRE_ENTITY_SUBTYPE" : "NONE",
      "SIRE_MENTION_TYPE" : "NONE",
      "SIRE_MENTION_CLASS" : "SPC"
    },
    "type" : "ONSEN",
    "begin" : 65,
    "end" : 73,
    "inCoref" : false
  }, {
    "id" : "s5-m3",
    "properties" : {
      "SIRE_MENTION_ROLE" : "Sensitsu",
      "SIRE_ENTITY_SUBTYPE" : "NONE",
      "SIRE_MENTION_TYPE" : "NONE",
      "SIRE_MENTION_CLASS" : "SPC"
    },
    "type" : "Sensitsu",
    "begin" : 343,
    "end" : 363,
    "inCoref" : false
  }, {
    "id" : "s5-m4",
    "properties" : {
      "SIRE_MENTION_ROLE" : "Sensitsu",
      "SIRE_ENTITY_SUBTYPE" : "NONE",
      "SIRE_MENTION_TYPE" : "NONE",
      "SIRE_MENTION_CLASS" : "SPC"
    },
    "type" : "Sensitsu",
    "begin" : 364,
    "end" : 376,
    "inCoref" : false
  } ],
  "relations" : [ ],
  "corefs" : [ ],
  "typeResolved" : true,
  "userResolved" : false
}