{
  "id" : "5ae7cfb0-d149-11e9-ad4b-c984733d60b0-4",
  "name" : "4_国民保養温泉地新規指定等の概要",
  "createdDate" : 0,
  "version" : 3,
  "text" : "芦之湯温泉（神奈川県箱根町）の概要（平成27年５月１日指定）\n○概要\n箱根七湯の１つに数えられる歴史ある温泉地。鎌倉時代の文献にも記載されており、古くは賀茂真淵など多数の文人が滞在した。\n年間の温泉利用者数：約３．６万人\n旅館等の数：４軒\n○特徴\n富士箱根伊豆国立公園内にあり、自然豊かな高原性の小盆地で夏季は涼しい。多数の重要文化財等も点在している。\n○温泉の状況\n主な泉質：単純硫黄泉\n効用：アトピー性皮膚炎、尋常性乾癬等\n○今後の方針\n・大規模が開発が実施されていないことを踏まえ、保健休養の湯治場となることを目指す。\n・歌人が多く訪れており、俳句会などを実施し、文化の継承を行う。\n・各旅館で温泉入浴指導が受けれるよう人材育成に励む。",
  "docLength" : 0,
  "language" : "JA",
  "status" : "IN_PROGRESS",
  "modifiedDate" : 1567849438115,
  "documentSet" : [ ],
  "preannotation" : [ "PRE_LW" ],
  "sentences" : [ {
    "id" : "s0",
    "begin" : 0,
    "end" : 56,
    "text" : "芦之湯温泉（神奈川県箱根町）の概要（平成27年５月１日指定）\n○概要\n箱根七湯の１つに数えられる歴史ある温泉地。",
    "tokens" : [ {
      "id" : "s0-t0",
      "begin" : 0,
      "end" : 3,
      "text" : "芦之湯",
      "whiteSpace" : false
    }, {
      "id" : "s0-t1",
      "begin" : 3,
      "end" : 5,
      "text" : "温泉",
      "whiteSpace" : false
    }, {
      "id" : "s0-t2",
      "begin" : 5,
      "end" : 6,
      "text" : "（",
      "whiteSpace" : false
    }, {
      "id" : "s0-t3",
      "begin" : 6,
      "end" : 9,
      "text" : "神奈川",
      "whiteSpace" : false
    }, {
      "id" : "s0-t4",
      "begin" : 9,
      "end" : 10,
      "text" : "県",
      "whiteSpace" : false
    }, {
      "id" : "s0-t5",
      "begin" : 10,
      "end" : 12,
      "text" : "箱根",
      "whiteSpace" : false
    }, {
      "id" : "s0-t6",
      "begin" : 12,
      "end" : 13,
      "text" : "町",
      "whiteSpace" : false
    }, {
      "id" : "s0-t7",
      "begin" : 13,
      "end" : 14,
      "text" : "）",
      "whiteSpace" : false
    }, {
      "id" : "s0-t8",
      "begin" : 14,
      "end" : 15,
      "text" : "の",
      "whiteSpace" : false
    }, {
      "id" : "s0-t9",
      "begin" : 15,
      "end" : 17,
      "text" : "概要",
      "whiteSpace" : false
    }, {
      "id" : "s0-t10",
      "begin" : 17,
      "end" : 18,
      "text" : "（",
      "whiteSpace" : false
    }, {
      "id" : "s0-t11",
      "begin" : 18,
      "end" : 20,
      "text" : "平成",
      "whiteSpace" : false
    }, {
      "id" : "s0-t12",
      "begin" : 20,
      "end" : 22,
      "text" : "27",
      "whiteSpace" : false
    }, {
      "id" : "s0-t13",
      "begin" : 22,
      "end" : 23,
      "text" : "年",
      "whiteSpace" : false
    }, {
      "id" : "s0-t14",
      "begin" : 23,
      "end" : 24,
      "text" : "５",
      "whiteSpace" : false
    }, {
      "id" : "s0-t15",
      "begin" : 24,
      "end" : 25,
      "text" : "月",
      "whiteSpace" : false
    }, {
      "id" : "s0-t16",
      "begin" : 25,
      "end" : 26,
      "text" : "１",
      "whiteSpace" : false
    }, {
      "id" : "s0-t17",
      "begin" : 26,
      "end" : 27,
      "text" : "日",
      "whiteSpace" : false
    }, {
      "id" : "s0-t18",
      "begin" : 27,
      "end" : 29,
      "text" : "指定",
      "whiteSpace" : false
    }, {
      "id" : "s0-t19",
      "begin" : 29,
      "end" : 30,
      "text" : "）",
      "whiteSpace" : false
    }, {
      "id" : "s0-t20",
      "begin" : 31,
      "end" : 32,
      "text" : "○",
      "whiteSpace" : false
    }, {
      "id" : "s0-t21",
      "begin" : 32,
      "end" : 34,
      "text" : "概要",
      "whiteSpace" : false
    }, {
      "id" : "s0-t22",
      "begin" : 35,
      "end" : 37,
      "text" : "箱根",
      "whiteSpace" : false
    }, {
      "id" : "s0-t23",
      "begin" : 37,
      "end" : 38,
      "text" : "七",
      "whiteSpace" : false
    }, {
      "id" : "s0-t24",
      "begin" : 38,
      "end" : 39,
      "text" : "湯",
      "whiteSpace" : false
    }, {
      "id" : "s0-t25",
      "begin" : 39,
      "end" : 40,
      "text" : "の",
      "whiteSpace" : false
    }, {
      "id" : "s0-t26",
      "begin" : 40,
      "end" : 41,
      "text" : "１",
      "whiteSpace" : false
    }, {
      "id" : "s0-t27",
      "begin" : 41,
      "end" : 42,
      "text" : "つ",
      "whiteSpace" : false
    }, {
      "id" : "s0-t28",
      "begin" : 42,
      "end" : 43,
      "text" : "に",
      "whiteSpace" : false
    }, {
      "id" : "s0-t29",
      "begin" : 43,
      "end" : 45,
      "text" : "数え",
      "whiteSpace" : false
    }, {
      "id" : "s0-t30",
      "begin" : 45,
      "end" : 48,
      "text" : "られる",
      "whiteSpace" : false
    }, {
      "id" : "s0-t31",
      "begin" : 48,
      "end" : 50,
      "text" : "歴史",
      "whiteSpace" : false
    }, {
      "id" : "s0-t32",
      "begin" : 50,
      "end" : 52,
      "text" : "ある",
      "whiteSpace" : false
    }, {
      "id" : "s0-t33",
      "begin" : 52,
      "end" : 54,
      "text" : "温泉",
      "whiteSpace" : false
    }, {
      "id" : "s0-t34",
      "begin" : 54,
      "end" : 55,
      "text" : "地",
      "whiteSpace" : false
    }, {
      "id" : "s0-t35",
      "begin" : 55,
      "end" : 56,
      "text" : "。",
      "whiteSpace" : false
    } ]
  }, {
    "id" : "s1",
    "begin" : 56,
    "end" : 93,
    "text" : "鎌倉時代の文献にも記載されており、古くは賀茂真淵など多数の文人が滞在した。",
    "tokens" : [ {
      "id" : "s1-t0",
      "begin" : 56,
      "end" : 58,
      "text" : "鎌倉",
      "whiteSpace" : false
    }, {
      "id" : "s1-t1",
      "begin" : 58,
      "end" : 60,
      "text" : "時代",
      "whiteSpace" : false
    }, {
      "id" : "s1-t2",
      "begin" : 60,
      "end" : 61,
      "text" : "の",
      "whiteSpace" : false
    }, {
      "id" : "s1-t3",
      "begin" : 61,
      "end" : 63,
      "text" : "文献",
      "whiteSpace" : false
    }, {
      "id" : "s1-t4",
      "begin" : 63,
      "end" : 64,
      "text" : "に",
      "whiteSpace" : false
    }, {
      "id" : "s1-t5",
      "begin" : 64,
      "end" : 65,
      "text" : "も",
      "whiteSpace" : false
    }, {
      "id" : "s1-t6",
      "begin" : 65,
      "end" : 67,
      "text" : "記載",
      "whiteSpace" : false
    }, {
      "id" : "s1-t7",
      "begin" : 67,
      "end" : 68,
      "text" : "さ",
      "whiteSpace" : false
    }, {
      "id" : "s1-t8",
      "begin" : 68,
      "end" : 70,
      "text" : "れて",
      "whiteSpace" : false
    }, {
      "id" : "s1-t9",
      "begin" : 70,
      "end" : 72,
      "text" : "おり",
      "whiteSpace" : false
    }, {
      "id" : "s1-t10",
      "begin" : 72,
      "end" : 73,
      "text" : "、",
      "whiteSpace" : false
    }, {
      "id" : "s1-t11",
      "begin" : 73,
      "end" : 75,
      "text" : "古く",
      "whiteSpace" : false
    }, {
      "id" : "s1-t12",
      "begin" : 75,
      "end" : 76,
      "text" : "は",
      "whiteSpace" : false
    }, {
      "id" : "s1-t13",
      "begin" : 76,
      "end" : 78,
      "text" : "賀茂",
      "whiteSpace" : false
    }, {
      "id" : "s1-t14",
      "begin" : 78,
      "end" : 80,
      "text" : "真淵",
      "whiteSpace" : false
    }, {
      "id" : "s1-t15",
      "begin" : 80,
      "end" : 82,
      "text" : "など",
      "whiteSpace" : false
    }, {
      "id" : "s1-t16",
      "begin" : 82,
      "end" : 84,
      "text" : "多数",
      "whiteSpace" : false
    }, {
      "id" : "s1-t17",
      "begin" : 84,
      "end" : 85,
      "text" : "の",
      "whiteSpace" : false
    }, {
      "id" : "s1-t18",
      "begin" : 85,
      "end" : 87,
      "text" : "文人",
      "whiteSpace" : false
    }, {
      "id" : "s1-t19",
      "begin" : 87,
      "end" : 88,
      "text" : "が",
      "whiteSpace" : false
    }, {
      "id" : "s1-t20",
      "begin" : 88,
      "end" : 90,
      "text" : "滞在",
      "whiteSpace" : false
    }, {
      "id" : "s1-t21",
      "begin" : 90,
      "end" : 92,
      "text" : "した",
      "whiteSpace" : false
    }, {
      "id" : "s1-t22",
      "begin" : 92,
      "end" : 93,
      "text" : "。",
      "whiteSpace" : false
    } ]
  }, {
    "id" : "s2",
    "begin" : 94,
    "end" : 159,
    "text" : "年間の温泉利用者数：約３．６万人\n旅館等の数：４軒\n○特徴\n富士箱根伊豆国立公園内にあり、自然豊かな高原性の小盆地で夏季は涼しい。",
    "tokens" : [ {
      "id" : "s2-t0",
      "begin" : 94,
      "end" : 96,
      "text" : "年間",
      "whiteSpace" : false
    }, {
      "id" : "s2-t1",
      "begin" : 96,
      "end" : 97,
      "text" : "の",
      "whiteSpace" : false
    }, {
      "id" : "s2-t2",
      "begin" : 97,
      "end" : 99,
      "text" : "温泉",
      "whiteSpace" : false
    }, {
      "id" : "s2-t3",
      "begin" : 99,
      "end" : 101,
      "text" : "利用",
      "whiteSpace" : false
    }, {
      "id" : "s2-t4",
      "begin" : 101,
      "end" : 102,
      "text" : "者",
      "whiteSpace" : false
    }, {
      "id" : "s2-t5",
      "begin" : 102,
      "end" : 103,
      "text" : "数",
      "whiteSpace" : false
    }, {
      "id" : "s2-t6",
      "begin" : 103,
      "end" : 104,
      "text" : "：",
      "whiteSpace" : false
    }, {
      "id" : "s2-t7",
      "begin" : 104,
      "end" : 105,
      "text" : "約",
      "whiteSpace" : false
    }, {
      "id" : "s2-t8",
      "begin" : 105,
      "end" : 108,
      "text" : "３．６",
      "whiteSpace" : false
    }, {
      "id" : "s2-t9",
      "begin" : 108,
      "end" : 109,
      "text" : "万",
      "whiteSpace" : false
    }, {
      "id" : "s2-t10",
      "begin" : 109,
      "end" : 110,
      "text" : "人",
      "whiteSpace" : false
    }, {
      "id" : "s2-t11",
      "begin" : 111,
      "end" : 113,
      "text" : "旅館",
      "whiteSpace" : false
    }, {
      "id" : "s2-t12",
      "begin" : 113,
      "end" : 114,
      "text" : "等",
      "whiteSpace" : false
    }, {
      "id" : "s2-t13",
      "begin" : 114,
      "end" : 115,
      "text" : "の",
      "whiteSpace" : false
    }, {
      "id" : "s2-t14",
      "begin" : 115,
      "end" : 116,
      "text" : "数",
      "whiteSpace" : false
    }, {
      "id" : "s2-t15",
      "begin" : 116,
      "end" : 117,
      "text" : "：",
      "whiteSpace" : false
    }, {
      "id" : "s2-t16",
      "begin" : 117,
      "end" : 118,
      "text" : "４",
      "whiteSpace" : false
    }, {
      "id" : "s2-t17",
      "begin" : 118,
      "end" : 119,
      "text" : "軒",
      "whiteSpace" : false
    }, {
      "id" : "s2-t18",
      "begin" : 120,
      "end" : 121,
      "text" : "○",
      "whiteSpace" : false
    }, {
      "id" : "s2-t19",
      "begin" : 121,
      "end" : 123,
      "text" : "特徴",
      "whiteSpace" : false
    }, {
      "id" : "s2-t20",
      "begin" : 124,
      "end" : 126,
      "text" : "富士",
      "whiteSpace" : false
    }, {
      "id" : "s2-t21",
      "begin" : 126,
      "end" : 128,
      "text" : "箱根",
      "whiteSpace" : false
    }, {
      "id" : "s2-t22",
      "begin" : 128,
      "end" : 130,
      "text" : "伊豆",
      "whiteSpace" : false
    }, {
      "id" : "s2-t23",
      "begin" : 130,
      "end" : 132,
      "text" : "国立",
      "whiteSpace" : false
    }, {
      "id" : "s2-t24",
      "begin" : 132,
      "end" : 134,
      "text" : "公園",
      "whiteSpace" : false
    }, {
      "id" : "s2-t25",
      "begin" : 134,
      "end" : 135,
      "text" : "内",
      "whiteSpace" : false
    }, {
      "id" : "s2-t26",
      "begin" : 135,
      "end" : 136,
      "text" : "に",
      "whiteSpace" : false
    }, {
      "id" : "s2-t27",
      "begin" : 136,
      "end" : 138,
      "text" : "あり",
      "whiteSpace" : false
    }, {
      "id" : "s2-t28",
      "begin" : 138,
      "end" : 139,
      "text" : "、",
      "whiteSpace" : false
    }, {
      "id" : "s2-t29",
      "begin" : 139,
      "end" : 141,
      "text" : "自然",
      "whiteSpace" : false
    }, {
      "id" : "s2-t30",
      "begin" : 141,
      "end" : 144,
      "text" : "豊かな",
      "whiteSpace" : false
    }, {
      "id" : "s2-t31",
      "begin" : 144,
      "end" : 146,
      "text" : "高原",
      "whiteSpace" : false
    }, {
      "id" : "s2-t32",
      "begin" : 146,
      "end" : 147,
      "text" : "性",
      "whiteSpace" : false
    }, {
      "id" : "s2-t33",
      "begin" : 147,
      "end" : 148,
      "text" : "の",
      "whiteSpace" : false
    }, {
      "id" : "s2-t34",
      "begin" : 148,
      "end" : 150,
      "text" : "小盆",
      "whiteSpace" : false
    }, {
      "id" : "s2-t35",
      "begin" : 150,
      "end" : 151,
      "text" : "地",
      "whiteSpace" : false
    }, {
      "id" : "s2-t36",
      "begin" : 151,
      "end" : 152,
      "text" : "で",
      "whiteSpace" : false
    }, {
      "id" : "s2-t37",
      "begin" : 152,
      "end" : 154,
      "text" : "夏季",
      "whiteSpace" : false
    }, {
      "id" : "s2-t38",
      "begin" : 154,
      "end" : 155,
      "text" : "は",
      "whiteSpace" : false
    }, {
      "id" : "s2-t39",
      "begin" : 155,
      "end" : 158,
      "text" : "涼しい",
      "whiteSpace" : false
    }, {
      "id" : "s2-t40",
      "begin" : 158,
      "end" : 159,
      "text" : "。",
      "whiteSpace" : false
    } ]
  }, {
    "id" : "s3",
    "begin" : 159,
    "end" : 176,
    "text" : "多数の重要文化財等も点在している。",
    "tokens" : [ {
      "id" : "s3-t0",
      "begin" : 159,
      "end" : 161,
      "text" : "多数",
      "whiteSpace" : false
    }, {
      "id" : "s3-t1",
      "begin" : 161,
      "end" : 162,
      "text" : "の",
      "whiteSpace" : false
    }, {
      "id" : "s3-t2",
      "begin" : 162,
      "end" : 164,
      "text" : "重要",
      "whiteSpace" : false
    }, {
      "id" : "s3-t3",
      "begin" : 164,
      "end" : 166,
      "text" : "文化",
      "whiteSpace" : false
    }, {
      "id" : "s3-t4",
      "begin" : 166,
      "end" : 168,
      "text" : "財等",
      "whiteSpace" : false
    }, {
      "id" : "s3-t5",
      "begin" : 168,
      "end" : 169,
      "text" : "も",
      "whiteSpace" : false
    }, {
      "id" : "s3-t6",
      "begin" : 169,
      "end" : 171,
      "text" : "点在",
      "whiteSpace" : false
    }, {
      "id" : "s3-t7",
      "begin" : 171,
      "end" : 173,
      "text" : "して",
      "whiteSpace" : false
    }, {
      "id" : "s3-t8",
      "begin" : 173,
      "end" : 175,
      "text" : "いる",
      "whiteSpace" : false
    }, {
      "id" : "s3-t9",
      "begin" : 175,
      "end" : 176,
      "text" : "。",
      "whiteSpace" : false
    } ]
  }, {
    "id" : "s4",
    "begin" : 177,
    "end" : 262,
    "text" : "○温泉の状況\n主な泉質：単純硫黄泉\n効用：アトピー性皮膚炎、尋常性乾癬等\n○今後の方針\n・大規模が開発が実施されていないことを踏まえ、保健休養の湯治場となることを目指す。",
    "tokens" : [ {
      "id" : "s4-t0",
      "begin" : 177,
      "end" : 178,
      "text" : "○",
      "whiteSpace" : false
    }, {
      "id" : "s4-t1",
      "begin" : 178,
      "end" : 180,
      "text" : "温泉",
      "whiteSpace" : false
    }, {
      "id" : "s4-t2",
      "begin" : 180,
      "end" : 181,
      "text" : "の",
      "whiteSpace" : false
    }, {
      "id" : "s4-t3",
      "begin" : 181,
      "end" : 183,
      "text" : "状況",
      "whiteSpace" : false
    }, {
      "id" : "s4-t4",
      "begin" : 184,
      "end" : 186,
      "text" : "主な",
      "whiteSpace" : false
    }, {
      "id" : "s4-t5",
      "begin" : 186,
      "end" : 188,
      "text" : "泉質",
      "whiteSpace" : false
    }, {
      "id" : "s4-t6",
      "begin" : 188,
      "end" : 189,
      "text" : "：",
      "whiteSpace" : false
    }, {
      "id" : "s4-t7",
      "begin" : 189,
      "end" : 191,
      "text" : "単純",
      "whiteSpace" : false
    }, {
      "id" : "s4-t8",
      "begin" : 191,
      "end" : 193,
      "text" : "硫黄",
      "whiteSpace" : false
    }, {
      "id" : "s4-t9",
      "begin" : 193,
      "end" : 194,
      "text" : "泉",
      "whiteSpace" : false
    }, {
      "id" : "s4-t10",
      "begin" : 195,
      "end" : 197,
      "text" : "効用",
      "whiteSpace" : false
    }, {
      "id" : "s4-t11",
      "begin" : 197,
      "end" : 198,
      "text" : "：",
      "whiteSpace" : false
    }, {
      "id" : "s4-t12",
      "begin" : 198,
      "end" : 206,
      "text" : "アトピー性皮膚炎",
      "whiteSpace" : false
    }, {
      "id" : "s4-t13",
      "begin" : 206,
      "end" : 207,
      "text" : "、",
      "whiteSpace" : false
    }, {
      "id" : "s4-t14",
      "begin" : 207,
      "end" : 209,
      "text" : "尋常",
      "whiteSpace" : false
    }, {
      "id" : "s4-t15",
      "begin" : 209,
      "end" : 210,
      "text" : "性",
      "whiteSpace" : false
    }, {
      "id" : "s4-t16",
      "begin" : 210,
      "end" : 212,
      "text" : "乾癬",
      "whiteSpace" : false
    }, {
      "id" : "s4-t17",
      "begin" : 212,
      "end" : 213,
      "text" : "等",
      "whiteSpace" : false
    }, {
      "id" : "s4-t18",
      "begin" : 214,
      "end" : 215,
      "text" : "○",
      "whiteSpace" : false
    }, {
      "id" : "s4-t19",
      "begin" : 215,
      "end" : 217,
      "text" : "今後",
      "whiteSpace" : false
    }, {
      "id" : "s4-t20",
      "begin" : 217,
      "end" : 218,
      "text" : "の",
      "whiteSpace" : false
    }, {
      "id" : "s4-t21",
      "begin" : 218,
      "end" : 220,
      "text" : "方針",
      "whiteSpace" : false
    }, {
      "id" : "s4-t22",
      "begin" : 221,
      "end" : 222,
      "text" : "・",
      "whiteSpace" : false
    }, {
      "id" : "s4-t23",
      "begin" : 222,
      "end" : 225,
      "text" : "大規模",
      "whiteSpace" : false
    }, {
      "id" : "s4-t24",
      "begin" : 225,
      "end" : 226,
      "text" : "が",
      "whiteSpace" : false
    }, {
      "id" : "s4-t25",
      "begin" : 226,
      "end" : 228,
      "text" : "開発",
      "whiteSpace" : false
    }, {
      "id" : "s4-t26",
      "begin" : 228,
      "end" : 229,
      "text" : "が",
      "whiteSpace" : false
    }, {
      "id" : "s4-t27",
      "begin" : 229,
      "end" : 231,
      "text" : "実施",
      "whiteSpace" : false
    }, {
      "id" : "s4-t28",
      "begin" : 231,
      "end" : 232,
      "text" : "さ",
      "whiteSpace" : false
    }, {
      "id" : "s4-t29",
      "begin" : 232,
      "end" : 234,
      "text" : "れて",
      "whiteSpace" : false
    }, {
      "id" : "s4-t30",
      "begin" : 234,
      "end" : 235,
      "text" : "い",
      "whiteSpace" : false
    }, {
      "id" : "s4-t31",
      "begin" : 235,
      "end" : 237,
      "text" : "ない",
      "whiteSpace" : false
    }, {
      "id" : "s4-t32",
      "begin" : 237,
      "end" : 239,
      "text" : "こと",
      "whiteSpace" : false
    }, {
      "id" : "s4-t33",
      "begin" : 239,
      "end" : 240,
      "text" : "を",
      "whiteSpace" : false
    }, {
      "id" : "s4-t34",
      "begin" : 240,
      "end" : 243,
      "text" : "踏まえ",
      "whiteSpace" : false
    }, {
      "id" : "s4-t35",
      "begin" : 243,
      "end" : 244,
      "text" : "、",
      "whiteSpace" : false
    }, {
      "id" : "s4-t36",
      "begin" : 244,
      "end" : 246,
      "text" : "保健",
      "whiteSpace" : false
    }, {
      "id" : "s4-t37",
      "begin" : 246,
      "end" : 248,
      "text" : "休養",
      "whiteSpace" : false
    }, {
      "id" : "s4-t38",
      "begin" : 248,
      "end" : 249,
      "text" : "の",
      "whiteSpace" : false
    }, {
      "id" : "s4-t39",
      "begin" : 249,
      "end" : 251,
      "text" : "湯治",
      "whiteSpace" : false
    }, {
      "id" : "s4-t40",
      "begin" : 251,
      "end" : 252,
      "text" : "場",
      "whiteSpace" : false
    }, {
      "id" : "s4-t41",
      "begin" : 252,
      "end" : 253,
      "text" : "と",
      "whiteSpace" : false
    }, {
      "id" : "s4-t42",
      "begin" : 253,
      "end" : 255,
      "text" : "なる",
      "whiteSpace" : false
    }, {
      "id" : "s4-t43",
      "begin" : 255,
      "end" : 257,
      "text" : "こと",
      "whiteSpace" : false
    }, {
      "id" : "s4-t44",
      "begin" : 257,
      "end" : 258,
      "text" : "を",
      "whiteSpace" : false
    }, {
      "id" : "s4-t45",
      "begin" : 258,
      "end" : 261,
      "text" : "目指す",
      "whiteSpace" : false
    }, {
      "id" : "s4-t46",
      "begin" : 261,
      "end" : 262,
      "text" : "。",
      "whiteSpace" : false
    } ]
  }, {
    "id" : "s5",
    "begin" : 263,
    "end" : 294,
    "text" : "・歌人が多く訪れており、俳句会などを実施し、文化の継承を行う。",
    "tokens" : [ {
      "id" : "s5-t0",
      "begin" : 263,
      "end" : 264,
      "text" : "・",
      "whiteSpace" : false
    }, {
      "id" : "s5-t1",
      "begin" : 264,
      "end" : 266,
      "text" : "歌人",
      "whiteSpace" : false
    }, {
      "id" : "s5-t2",
      "begin" : 266,
      "end" : 267,
      "text" : "が",
      "whiteSpace" : false
    }, {
      "id" : "s5-t3",
      "begin" : 267,
      "end" : 269,
      "text" : "多く",
      "whiteSpace" : false
    }, {
      "id" : "s5-t4",
      "begin" : 269,
      "end" : 272,
      "text" : "訪れて",
      "whiteSpace" : false
    }, {
      "id" : "s5-t5",
      "begin" : 272,
      "end" : 274,
      "text" : "おり",
      "whiteSpace" : false
    }, {
      "id" : "s5-t6",
      "begin" : 274,
      "end" : 275,
      "text" : "、",
      "whiteSpace" : false
    }, {
      "id" : "s5-t7",
      "begin" : 275,
      "end" : 277,
      "text" : "俳句",
      "whiteSpace" : false
    }, {
      "id" : "s5-t8",
      "begin" : 277,
      "end" : 278,
      "text" : "会",
      "whiteSpace" : false
    }, {
      "id" : "s5-t9",
      "begin" : 278,
      "end" : 280,
      "text" : "など",
      "whiteSpace" : false
    }, {
      "id" : "s5-t10",
      "begin" : 280,
      "end" : 281,
      "text" : "を",
      "whiteSpace" : false
    }, {
      "id" : "s5-t11",
      "begin" : 281,
      "end" : 283,
      "text" : "実施",
      "whiteSpace" : false
    }, {
      "id" : "s5-t12",
      "begin" : 283,
      "end" : 284,
      "text" : "し",
      "whiteSpace" : false
    }, {
      "id" : "s5-t13",
      "begin" : 284,
      "end" : 285,
      "text" : "、",
      "whiteSpace" : false
    }, {
      "id" : "s5-t14",
      "begin" : 285,
      "end" : 287,
      "text" : "文化",
      "whiteSpace" : false
    }, {
      "id" : "s5-t15",
      "begin" : 287,
      "end" : 288,
      "text" : "の",
      "whiteSpace" : false
    }, {
      "id" : "s5-t16",
      "begin" : 288,
      "end" : 290,
      "text" : "継承",
      "whiteSpace" : false
    }, {
      "id" : "s5-t17",
      "begin" : 290,
      "end" : 291,
      "text" : "を",
      "whiteSpace" : false
    }, {
      "id" : "s5-t18",
      "begin" : 291,
      "end" : 293,
      "text" : "行う",
      "whiteSpace" : false
    }, {
      "id" : "s5-t19",
      "begin" : 293,
      "end" : 294,
      "text" : "。",
      "whiteSpace" : false
    } ]
  }, {
    "id" : "s6",
    "begin" : 295,
    "end" : 321,
    "text" : "・各旅館で温泉入浴指導が受けれるよう人材育成に励む。",
    "tokens" : [ {
      "id" : "s6-t0",
      "begin" : 295,
      "end" : 296,
      "text" : "・",
      "whiteSpace" : false
    }, {
      "id" : "s6-t1",
      "begin" : 296,
      "end" : 297,
      "text" : "各",
      "whiteSpace" : false
    }, {
      "id" : "s6-t2",
      "begin" : 297,
      "end" : 299,
      "text" : "旅館",
      "whiteSpace" : false
    }, {
      "id" : "s6-t3",
      "begin" : 299,
      "end" : 300,
      "text" : "で",
      "whiteSpace" : false
    }, {
      "id" : "s6-t4",
      "begin" : 300,
      "end" : 302,
      "text" : "温泉",
      "whiteSpace" : false
    }, {
      "id" : "s6-t5",
      "begin" : 302,
      "end" : 304,
      "text" : "入浴",
      "whiteSpace" : false
    }, {
      "id" : "s6-t6",
      "begin" : 304,
      "end" : 306,
      "text" : "指導",
      "whiteSpace" : false
    }, {
      "id" : "s6-t7",
      "begin" : 306,
      "end" : 307,
      "text" : "が",
      "whiteSpace" : false
    }, {
      "id" : "s6-t8",
      "begin" : 307,
      "end" : 311,
      "text" : "受けれる",
      "whiteSpace" : false
    }, {
      "id" : "s6-t9",
      "begin" : 311,
      "end" : 313,
      "text" : "よう",
      "whiteSpace" : false
    }, {
      "id" : "s6-t10",
      "begin" : 313,
      "end" : 315,
      "text" : "人材",
      "whiteSpace" : false
    }, {
      "id" : "s6-t11",
      "begin" : 315,
      "end" : 317,
      "text" : "育成",
      "whiteSpace" : false
    }, {
      "id" : "s6-t12",
      "begin" : 317,
      "end" : 318,
      "text" : "に",
      "whiteSpace" : false
    }, {
      "id" : "s6-t13",
      "begin" : 318,
      "end" : 320,
      "text" : "励む",
      "whiteSpace" : false
    }, {
      "id" : "s6-t14",
      "begin" : 320,
      "end" : 321,
      "text" : "。",
      "whiteSpace" : false
    } ]
  } ],
  "mentions" : [ {
    "id" : "s0-m1",
    "properties" : {
      "SIRE_MENTION_ROLE" : "ONSEN",
      "SIRE_ENTITY_SUBTYPE" : "NONE",
      "SIRE_MENTION_TYPE" : "NONE",
      "SIRE_MENTION_CLASS" : "SPC"
    },
    "type" : "ONSEN",
    "begin" : 0,
    "end" : 5,
    "inCoref" : false
  }, {
    "id" : "s4-m0",
    "properties" : {
      "SIRE_MENTION_CLASS" : "SPC",
      "SIRE_MENTION_ROLE" : "Sensitsu",
      "SIRE_MENTION_TYPE" : "NONE",
      "SIRE_ENTITY_SUBTYPE" : "NONE"
    },
    "type" : "Sensitsu",
    "begin" : 189,
    "end" : 194,
    "inCoref" : false
  }, {
    "id" : "s4-m2",
    "properties" : {
      "SIRE_MENTION_ROLE" : "Tekiou",
      "SIRE_ENTITY_SUBTYPE" : "NONE",
      "SIRE_MENTION_TYPE" : "NONE",
      "SIRE_MENTION_CLASS" : "SPC"
    },
    "type" : "Tekiou",
    "begin" : 198,
    "end" : 206,
    "inCoref" : false
  }, {
    "id" : "s4-m3",
    "properties" : {
      "SIRE_MENTION_ROLE" : "Tekiou",
      "SIRE_ENTITY_SUBTYPE" : "NONE",
      "SIRE_MENTION_TYPE" : "NONE",
      "SIRE_MENTION_CLASS" : "SPC"
    },
    "type" : "Tekiou",
    "begin" : 207,
    "end" : 212,
    "inCoref" : false
  } ],
  "relations" : [ {
    "id" : "s4-r1",
    "properties" : { },
    "type" : "targetCase",
    "args" : [ "s4-m0", "s4-m2" ]
  }, {
    "id" : "s4-r2",
    "properties" : { },
    "type" : "targetCase",
    "args" : [ "s4-m0", "s4-m3" ]
  } ],
  "corefs" : [ ],
  "typeResolved" : true,
  "userResolved" : false
}