{
  "id" : "5ae7cfb0-d149-11e9-ad4b-c984733d60b0-15",
  "name" : "15_蔵王温泉 国民保養温泉地計画書",
  "createdDate" : 0,
  "version" : 3,
  "text" : "１．温泉地の概要\n 蔵王温泉は、山形県山形市の東南部標高約８８０ｍ蔵王連峰の西麓に位置し、面積は２４７．０ha（図上測定）、古くは高湯（たかゆ）温泉と呼ばれ、信夫高湯（福島県福島市）、白布高湯（山形県米沢市）とともに奥州３高湯として親しまれてきた開湯１９００年の歴史を誇る古湯である。\n ５つの源泉群と４７の源泉を持つ源泉かけ流しの蔵王温泉は、３つの共同浴場のほか日帰り入浴施設やホテル・旅館での立ち寄り湯も楽しむことができ、泉質は強酸性の硫黄泉で温泉街を歩いてみると独特の硫黄臭が漂ってくる。硫黄泉にはさまざまな効用が期待できるが、特に皮膚に良く美肌効果もあるので「美人の湯」「子供が丈夫に育つ湯」と言われている。\n また、蔵王温泉は自然豊かな山々に囲まれた蔵王国定公園の中にあり、温泉街からは３つのロープウェイを利用して、春から夏のトレッキング、秋の紅葉狩り、冬は国内有数の山形蔵王温泉スキー場でスキーやスノーボード、世界的に有名な樹氷鑑賞やスノートレッキングなど、四季を通して楽しめる温泉リゾートとして発展してきた。\n 蔵王温泉の歴史は古く西暦１１０年頃まで遡る。天皇の命を受けた日本武尊（ヤマトタケルノミコト）が蝦夷討伐に来た際、家臣の吉備多賀由（キビノタガユ）は戦いの中で毒矢に当たり全身がただれて大変苦しんでいたところ、霊妙な香りで酢のような味のする湯を見つけ、湯浴みをしたところ数日で回復した。以後、発見した多賀由にあやか\nり「多賀湯温泉」と呼ぶようになり、転じて何時しか「高湯温泉」と呼ばれるようになった。\n蔵王温泉では、5つの源泉群、47本の源泉が51軒の施設（8箇所の日帰り入浴施設を含む）に利用されている。\n蔵王温泉：酸性・含硫黄－硫酸塩・塩化物温泉（一部含鉄あり） ",
  "docLength" : 0,
  "language" : "JA",
  "status" : "IN_PROGRESS",
  "modifiedDate" : 1567852602129,
  "documentSet" : [ ],
  "preannotation" : [ "PRE_LW" ],
  "sentences" : [ {
    "id" : "s0",
    "begin" : 0,
    "end" : 2,
    "text" : "１．",
    "tokens" : [ {
      "id" : "s0-t0",
      "begin" : 0,
      "end" : 1,
      "text" : "１",
      "whiteSpace" : false
    }, {
      "id" : "s0-t1",
      "begin" : 1,
      "end" : 2,
      "text" : "．",
      "whiteSpace" : false
    } ]
  }, {
    "id" : "s1",
    "begin" : 2,
    "end" : 142,
    "text" : "温泉地の概要\n 蔵王温泉は、山形県山形市の東南部標高約８８０ｍ蔵王連峰の西麓に位置し、面積は２４７．０ha（図上測定）、古くは高湯（たかゆ）温泉と呼ばれ、信夫高湯（福島県福島市）、白布高湯（山形県米沢市）とともに奥州３高湯として親しまれてきた開湯１９００年の歴史を誇る古湯である。",
    "tokens" : [ {
      "id" : "s1-t0",
      "begin" : 2,
      "end" : 4,
      "text" : "温泉",
      "whiteSpace" : false
    }, {
      "id" : "s1-t1",
      "begin" : 4,
      "end" : 5,
      "text" : "地",
      "whiteSpace" : false
    }, {
      "id" : "s1-t2",
      "begin" : 5,
      "end" : 6,
      "text" : "の",
      "whiteSpace" : false
    }, {
      "id" : "s1-t3",
      "begin" : 6,
      "end" : 8,
      "text" : "概要",
      "whiteSpace" : false
    }, {
      "id" : "s1-t4",
      "begin" : 10,
      "end" : 12,
      "text" : "蔵王",
      "whiteSpace" : false
    }, {
      "id" : "s1-t5",
      "begin" : 12,
      "end" : 14,
      "text" : "温泉",
      "whiteSpace" : false
    }, {
      "id" : "s1-t6",
      "begin" : 14,
      "end" : 15,
      "text" : "は",
      "whiteSpace" : false
    }, {
      "id" : "s1-t7",
      "begin" : 15,
      "end" : 16,
      "text" : "、",
      "whiteSpace" : false
    }, {
      "id" : "s1-t8",
      "begin" : 16,
      "end" : 18,
      "text" : "山形",
      "whiteSpace" : false
    }, {
      "id" : "s1-t9",
      "begin" : 18,
      "end" : 19,
      "text" : "県",
      "whiteSpace" : false
    }, {
      "id" : "s1-t10",
      "begin" : 19,
      "end" : 21,
      "text" : "山形",
      "whiteSpace" : false
    }, {
      "id" : "s1-t11",
      "begin" : 21,
      "end" : 22,
      "text" : "市",
      "whiteSpace" : false
    }, {
      "id" : "s1-t12",
      "begin" : 22,
      "end" : 23,
      "text" : "の",
      "whiteSpace" : false
    }, {
      "id" : "s1-t13",
      "begin" : 23,
      "end" : 25,
      "text" : "東南",
      "whiteSpace" : false
    }, {
      "id" : "s1-t14",
      "begin" : 25,
      "end" : 26,
      "text" : "部",
      "whiteSpace" : false
    }, {
      "id" : "s1-t15",
      "begin" : 26,
      "end" : 28,
      "text" : "標高",
      "whiteSpace" : false
    }, {
      "id" : "s1-t16",
      "begin" : 28,
      "end" : 29,
      "text" : "約",
      "whiteSpace" : false
    }, {
      "id" : "s1-t17",
      "begin" : 29,
      "end" : 33,
      "text" : "８８０ｍ",
      "whiteSpace" : false
    }, {
      "id" : "s1-t18",
      "begin" : 33,
      "end" : 34,
      "text" : "蔵",
      "whiteSpace" : false
    }, {
      "id" : "s1-t19",
      "begin" : 34,
      "end" : 35,
      "text" : "王",
      "whiteSpace" : false
    }, {
      "id" : "s1-t20",
      "begin" : 35,
      "end" : 37,
      "text" : "連峰",
      "whiteSpace" : false
    }, {
      "id" : "s1-t21",
      "begin" : 37,
      "end" : 38,
      "text" : "の",
      "whiteSpace" : false
    }, {
      "id" : "s1-t22",
      "begin" : 38,
      "end" : 40,
      "text" : "西麓",
      "whiteSpace" : false
    }, {
      "id" : "s1-t23",
      "begin" : 40,
      "end" : 41,
      "text" : "に",
      "whiteSpace" : false
    }, {
      "id" : "s1-t24",
      "begin" : 41,
      "end" : 43,
      "text" : "位置",
      "whiteSpace" : false
    }, {
      "id" : "s1-t25",
      "begin" : 43,
      "end" : 44,
      "text" : "し",
      "whiteSpace" : false
    }, {
      "id" : "s1-t26",
      "begin" : 44,
      "end" : 45,
      "text" : "、",
      "whiteSpace" : false
    }, {
      "id" : "s1-t27",
      "begin" : 45,
      "end" : 47,
      "text" : "面積",
      "whiteSpace" : false
    }, {
      "id" : "s1-t28",
      "begin" : 47,
      "end" : 48,
      "text" : "は",
      "whiteSpace" : false
    }, {
      "id" : "s1-t29",
      "begin" : 48,
      "end" : 55,
      "text" : "２４７．０ha",
      "whiteSpace" : false
    }, {
      "id" : "s1-t30",
      "begin" : 55,
      "end" : 56,
      "text" : "（",
      "whiteSpace" : false
    }, {
      "id" : "s1-t31",
      "begin" : 56,
      "end" : 58,
      "text" : "図上",
      "whiteSpace" : false
    }, {
      "id" : "s1-t32",
      "begin" : 58,
      "end" : 60,
      "text" : "測定",
      "whiteSpace" : false
    }, {
      "id" : "s1-t33",
      "begin" : 60,
      "end" : 61,
      "text" : "）",
      "whiteSpace" : false
    }, {
      "id" : "s1-t34",
      "begin" : 61,
      "end" : 62,
      "text" : "、",
      "whiteSpace" : false
    }, {
      "id" : "s1-t35",
      "begin" : 62,
      "end" : 64,
      "text" : "古く",
      "whiteSpace" : false
    }, {
      "id" : "s1-t36",
      "begin" : 64,
      "end" : 65,
      "text" : "は",
      "whiteSpace" : false
    }, {
      "id" : "s1-t37",
      "begin" : 65,
      "end" : 67,
      "text" : "高湯",
      "whiteSpace" : false
    }, {
      "id" : "s1-t38",
      "begin" : 67,
      "end" : 68,
      "text" : "（",
      "whiteSpace" : false
    }, {
      "id" : "s1-t39",
      "begin" : 68,
      "end" : 71,
      "text" : "たかゆ",
      "whiteSpace" : false
    }, {
      "id" : "s1-t40",
      "begin" : 71,
      "end" : 72,
      "text" : "）",
      "whiteSpace" : false
    }, {
      "id" : "s1-t41",
      "begin" : 72,
      "end" : 74,
      "text" : "温泉",
      "whiteSpace" : false
    }, {
      "id" : "s1-t42",
      "begin" : 74,
      "end" : 75,
      "text" : "と",
      "whiteSpace" : false
    }, {
      "id" : "s1-t43",
      "begin" : 75,
      "end" : 77,
      "text" : "呼ば",
      "whiteSpace" : false
    }, {
      "id" : "s1-t44",
      "begin" : 77,
      "end" : 78,
      "text" : "れ",
      "whiteSpace" : false
    }, {
      "id" : "s1-t45",
      "begin" : 78,
      "end" : 79,
      "text" : "、",
      "whiteSpace" : false
    }, {
      "id" : "s1-t46",
      "begin" : 79,
      "end" : 81,
      "text" : "信夫",
      "whiteSpace" : false
    }, {
      "id" : "s1-t47",
      "begin" : 81,
      "end" : 83,
      "text" : "高湯",
      "whiteSpace" : false
    }, {
      "id" : "s1-t48",
      "begin" : 83,
      "end" : 84,
      "text" : "（",
      "whiteSpace" : false
    }, {
      "id" : "s1-t49",
      "begin" : 84,
      "end" : 86,
      "text" : "福島",
      "whiteSpace" : false
    }, {
      "id" : "s1-t50",
      "begin" : 86,
      "end" : 87,
      "text" : "県",
      "whiteSpace" : false
    }, {
      "id" : "s1-t51",
      "begin" : 87,
      "end" : 89,
      "text" : "福島",
      "whiteSpace" : false
    }, {
      "id" : "s1-t52",
      "begin" : 89,
      "end" : 90,
      "text" : "市",
      "whiteSpace" : false
    }, {
      "id" : "s1-t53",
      "begin" : 90,
      "end" : 91,
      "text" : "）",
      "whiteSpace" : false
    }, {
      "id" : "s1-t54",
      "begin" : 91,
      "end" : 92,
      "text" : "、",
      "whiteSpace" : false
    }, {
      "id" : "s1-t55",
      "begin" : 92,
      "end" : 94,
      "text" : "白布",
      "whiteSpace" : false
    }, {
      "id" : "s1-t56",
      "begin" : 94,
      "end" : 96,
      "text" : "高湯",
      "whiteSpace" : false
    }, {
      "id" : "s1-t57",
      "begin" : 96,
      "end" : 97,
      "text" : "（",
      "whiteSpace" : false
    }, {
      "id" : "s1-t58",
      "begin" : 97,
      "end" : 99,
      "text" : "山形",
      "whiteSpace" : false
    }, {
      "id" : "s1-t59",
      "begin" : 99,
      "end" : 100,
      "text" : "県",
      "whiteSpace" : false
    }, {
      "id" : "s1-t60",
      "begin" : 100,
      "end" : 102,
      "text" : "米沢",
      "whiteSpace" : false
    }, {
      "id" : "s1-t61",
      "begin" : 102,
      "end" : 103,
      "text" : "市",
      "whiteSpace" : false
    }, {
      "id" : "s1-t62",
      "begin" : 103,
      "end" : 104,
      "text" : "）",
      "whiteSpace" : false
    }, {
      "id" : "s1-t63",
      "begin" : 104,
      "end" : 105,
      "text" : "と",
      "whiteSpace" : false
    }, {
      "id" : "s1-t64",
      "begin" : 105,
      "end" : 108,
      "text" : "ともに",
      "whiteSpace" : false
    }, {
      "id" : "s1-t65",
      "begin" : 108,
      "end" : 110,
      "text" : "奥州",
      "whiteSpace" : false
    }, {
      "id" : "s1-t66",
      "begin" : 110,
      "end" : 111,
      "text" : "３",
      "whiteSpace" : false
    }, {
      "id" : "s1-t67",
      "begin" : 111,
      "end" : 113,
      "text" : "高湯",
      "whiteSpace" : false
    }, {
      "id" : "s1-t68",
      "begin" : 113,
      "end" : 114,
      "text" : "と",
      "whiteSpace" : false
    }, {
      "id" : "s1-t69",
      "begin" : 114,
      "end" : 116,
      "text" : "して",
      "whiteSpace" : false
    }, {
      "id" : "s1-t70",
      "begin" : 116,
      "end" : 119,
      "text" : "親しま",
      "whiteSpace" : false
    }, {
      "id" : "s1-t71",
      "begin" : 119,
      "end" : 121,
      "text" : "れて",
      "whiteSpace" : false
    }, {
      "id" : "s1-t72",
      "begin" : 121,
      "end" : 123,
      "text" : "きた",
      "whiteSpace" : false
    }, {
      "id" : "s1-t73",
      "begin" : 123,
      "end" : 125,
      "text" : "開湯",
      "whiteSpace" : false
    }, {
      "id" : "s1-t74",
      "begin" : 125,
      "end" : 129,
      "text" : "１９００",
      "whiteSpace" : false
    }, {
      "id" : "s1-t75",
      "begin" : 129,
      "end" : 130,
      "text" : "年",
      "whiteSpace" : false
    }, {
      "id" : "s1-t76",
      "begin" : 130,
      "end" : 131,
      "text" : "の",
      "whiteSpace" : false
    }, {
      "id" : "s1-t77",
      "begin" : 131,
      "end" : 133,
      "text" : "歴史",
      "whiteSpace" : false
    }, {
      "id" : "s1-t78",
      "begin" : 133,
      "end" : 134,
      "text" : "を",
      "whiteSpace" : false
    }, {
      "id" : "s1-t79",
      "begin" : 134,
      "end" : 136,
      "text" : "誇る",
      "whiteSpace" : false
    }, {
      "id" : "s1-t80",
      "begin" : 136,
      "end" : 138,
      "text" : "古湯",
      "whiteSpace" : false
    }, {
      "id" : "s1-t81",
      "begin" : 138,
      "end" : 141,
      "text" : "である",
      "whiteSpace" : false
    }, {
      "id" : "s1-t82",
      "begin" : 141,
      "end" : 142,
      "text" : "。",
      "whiteSpace" : false
    } ]
  }, {
    "id" : "s2",
    "begin" : 144,
    "end" : 247,
    "text" : "５つの源泉群と４７の源泉を持つ源泉かけ流しの蔵王温泉は、３つの共同浴場のほか日帰り入浴施設やホテル・旅館での立ち寄り湯も楽しむことができ、泉質は強酸性の硫黄泉で温泉街を歩いてみると独特の硫黄臭が漂ってくる。",
    "tokens" : [ {
      "id" : "s2-t0",
      "begin" : 144,
      "end" : 145,
      "text" : "５",
      "whiteSpace" : false
    }, {
      "id" : "s2-t1",
      "begin" : 145,
      "end" : 146,
      "text" : "つ",
      "whiteSpace" : false
    }, {
      "id" : "s2-t2",
      "begin" : 146,
      "end" : 147,
      "text" : "の",
      "whiteSpace" : false
    }, {
      "id" : "s2-t3",
      "begin" : 147,
      "end" : 149,
      "text" : "源泉",
      "whiteSpace" : false
    }, {
      "id" : "s2-t4",
      "begin" : 149,
      "end" : 150,
      "text" : "群",
      "whiteSpace" : false
    }, {
      "id" : "s2-t5",
      "begin" : 150,
      "end" : 151,
      "text" : "と",
      "whiteSpace" : false
    }, {
      "id" : "s2-t6",
      "begin" : 151,
      "end" : 153,
      "text" : "４７",
      "whiteSpace" : false
    }, {
      "id" : "s2-t7",
      "begin" : 153,
      "end" : 154,
      "text" : "の",
      "whiteSpace" : false
    }, {
      "id" : "s2-t8",
      "begin" : 154,
      "end" : 156,
      "text" : "源泉",
      "whiteSpace" : false
    }, {
      "id" : "s2-t9",
      "begin" : 156,
      "end" : 157,
      "text" : "を",
      "whiteSpace" : false
    }, {
      "id" : "s2-t10",
      "begin" : 157,
      "end" : 159,
      "text" : "持つ",
      "whiteSpace" : false
    }, {
      "id" : "s2-t11",
      "begin" : 159,
      "end" : 161,
      "text" : "源泉",
      "whiteSpace" : false
    }, {
      "id" : "s2-t12",
      "begin" : 161,
      "end" : 163,
      "text" : "かけ",
      "whiteSpace" : false
    }, {
      "id" : "s2-t13",
      "begin" : 163,
      "end" : 165,
      "text" : "流し",
      "whiteSpace" : false
    }, {
      "id" : "s2-t14",
      "begin" : 165,
      "end" : 166,
      "text" : "の",
      "whiteSpace" : false
    }, {
      "id" : "s2-t15",
      "begin" : 166,
      "end" : 168,
      "text" : "蔵王",
      "whiteSpace" : false
    }, {
      "id" : "s2-t16",
      "begin" : 168,
      "end" : 170,
      "text" : "温泉",
      "whiteSpace" : false
    }, {
      "id" : "s2-t17",
      "begin" : 170,
      "end" : 171,
      "text" : "は",
      "whiteSpace" : false
    }, {
      "id" : "s2-t18",
      "begin" : 171,
      "end" : 172,
      "text" : "、",
      "whiteSpace" : false
    }, {
      "id" : "s2-t19",
      "begin" : 172,
      "end" : 173,
      "text" : "３",
      "whiteSpace" : false
    }, {
      "id" : "s2-t20",
      "begin" : 173,
      "end" : 174,
      "text" : "つ",
      "whiteSpace" : false
    }, {
      "id" : "s2-t21",
      "begin" : 174,
      "end" : 175,
      "text" : "の",
      "whiteSpace" : false
    }, {
      "id" : "s2-t22",
      "begin" : 175,
      "end" : 177,
      "text" : "共同",
      "whiteSpace" : false
    }, {
      "id" : "s2-t23",
      "begin" : 177,
      "end" : 179,
      "text" : "浴場",
      "whiteSpace" : false
    }, {
      "id" : "s2-t24",
      "begin" : 179,
      "end" : 180,
      "text" : "の",
      "whiteSpace" : false
    }, {
      "id" : "s2-t25",
      "begin" : 180,
      "end" : 182,
      "text" : "ほか",
      "whiteSpace" : false
    }, {
      "id" : "s2-t26",
      "begin" : 182,
      "end" : 183,
      "text" : "日",
      "whiteSpace" : false
    }, {
      "id" : "s2-t27",
      "begin" : 183,
      "end" : 185,
      "text" : "帰り",
      "whiteSpace" : false
    }, {
      "id" : "s2-t28",
      "begin" : 185,
      "end" : 187,
      "text" : "入浴",
      "whiteSpace" : false
    }, {
      "id" : "s2-t29",
      "begin" : 187,
      "end" : 189,
      "text" : "施設",
      "whiteSpace" : false
    }, {
      "id" : "s2-t30",
      "begin" : 189,
      "end" : 190,
      "text" : "や",
      "whiteSpace" : false
    }, {
      "id" : "s2-t31",
      "begin" : 190,
      "end" : 193,
      "text" : "ホテル",
      "whiteSpace" : false
    }, {
      "id" : "s2-t32",
      "begin" : 193,
      "end" : 194,
      "text" : "・",
      "whiteSpace" : false
    }, {
      "id" : "s2-t33",
      "begin" : 194,
      "end" : 196,
      "text" : "旅館",
      "whiteSpace" : false
    }, {
      "id" : "s2-t34",
      "begin" : 196,
      "end" : 197,
      "text" : "で",
      "whiteSpace" : false
    }, {
      "id" : "s2-t35",
      "begin" : 197,
      "end" : 198,
      "text" : "の",
      "whiteSpace" : false
    }, {
      "id" : "s2-t36",
      "begin" : 198,
      "end" : 202,
      "text" : "立ち寄り",
      "whiteSpace" : false
    }, {
      "id" : "s2-t37",
      "begin" : 202,
      "end" : 203,
      "text" : "湯",
      "whiteSpace" : false
    }, {
      "id" : "s2-t38",
      "begin" : 203,
      "end" : 204,
      "text" : "も",
      "whiteSpace" : false
    }, {
      "id" : "s2-t39",
      "begin" : 204,
      "end" : 207,
      "text" : "楽しむ",
      "whiteSpace" : false
    }, {
      "id" : "s2-t40",
      "begin" : 207,
      "end" : 209,
      "text" : "こと",
      "whiteSpace" : false
    }, {
      "id" : "s2-t41",
      "begin" : 209,
      "end" : 210,
      "text" : "が",
      "whiteSpace" : false
    }, {
      "id" : "s2-t42",
      "begin" : 210,
      "end" : 212,
      "text" : "でき",
      "whiteSpace" : false
    }, {
      "id" : "s2-t43",
      "begin" : 212,
      "end" : 213,
      "text" : "、",
      "whiteSpace" : false
    }, {
      "id" : "s2-t44",
      "begin" : 213,
      "end" : 215,
      "text" : "泉質",
      "whiteSpace" : false
    }, {
      "id" : "s2-t45",
      "begin" : 215,
      "end" : 216,
      "text" : "は",
      "whiteSpace" : false
    }, {
      "id" : "s2-t46",
      "begin" : 216,
      "end" : 218,
      "text" : "強酸",
      "whiteSpace" : false
    }, {
      "id" : "s2-t47",
      "begin" : 218,
      "end" : 219,
      "text" : "性",
      "whiteSpace" : false
    }, {
      "id" : "s2-t48",
      "begin" : 219,
      "end" : 220,
      "text" : "の",
      "whiteSpace" : false
    }, {
      "id" : "s2-t49",
      "begin" : 220,
      "end" : 222,
      "text" : "硫黄",
      "whiteSpace" : false
    }, {
      "id" : "s2-t50",
      "begin" : 222,
      "end" : 223,
      "text" : "泉",
      "whiteSpace" : false
    }, {
      "id" : "s2-t51",
      "begin" : 223,
      "end" : 224,
      "text" : "で",
      "whiteSpace" : false
    }, {
      "id" : "s2-t52",
      "begin" : 224,
      "end" : 226,
      "text" : "温泉",
      "whiteSpace" : false
    }, {
      "id" : "s2-t53",
      "begin" : 226,
      "end" : 227,
      "text" : "街",
      "whiteSpace" : false
    }, {
      "id" : "s2-t54",
      "begin" : 227,
      "end" : 228,
      "text" : "を",
      "whiteSpace" : false
    }, {
      "id" : "s2-t55",
      "begin" : 228,
      "end" : 231,
      "text" : "歩いて",
      "whiteSpace" : false
    }, {
      "id" : "s2-t56",
      "begin" : 231,
      "end" : 233,
      "text" : "みる",
      "whiteSpace" : false
    }, {
      "id" : "s2-t57",
      "begin" : 233,
      "end" : 234,
      "text" : "と",
      "whiteSpace" : false
    }, {
      "id" : "s2-t58",
      "begin" : 234,
      "end" : 236,
      "text" : "独特",
      "whiteSpace" : false
    }, {
      "id" : "s2-t59",
      "begin" : 236,
      "end" : 237,
      "text" : "の",
      "whiteSpace" : false
    }, {
      "id" : "s2-t60",
      "begin" : 237,
      "end" : 239,
      "text" : "硫黄",
      "whiteSpace" : false
    }, {
      "id" : "s2-t61",
      "begin" : 239,
      "end" : 240,
      "text" : "臭",
      "whiteSpace" : false
    }, {
      "id" : "s2-t62",
      "begin" : 240,
      "end" : 241,
      "text" : "が",
      "whiteSpace" : false
    }, {
      "id" : "s2-t63",
      "begin" : 241,
      "end" : 244,
      "text" : "漂って",
      "whiteSpace" : false
    }, {
      "id" : "s2-t64",
      "begin" : 244,
      "end" : 246,
      "text" : "くる",
      "whiteSpace" : false
    }, {
      "id" : "s2-t65",
      "begin" : 246,
      "end" : 247,
      "text" : "。",
      "whiteSpace" : false
    } ]
  }, {
    "id" : "s3",
    "begin" : 247,
    "end" : 308,
    "text" : "硫黄泉にはさまざまな効用が期待できるが、特に皮膚に良く美肌効果もあるので「美人の湯」「子供が丈夫に育つ湯」と言われている。",
    "tokens" : [ {
      "id" : "s3-t0",
      "begin" : 247,
      "end" : 249,
      "text" : "硫黄",
      "whiteSpace" : false
    }, {
      "id" : "s3-t1",
      "begin" : 249,
      "end" : 250,
      "text" : "泉",
      "whiteSpace" : false
    }, {
      "id" : "s3-t2",
      "begin" : 250,
      "end" : 251,
      "text" : "に",
      "whiteSpace" : false
    }, {
      "id" : "s3-t3",
      "begin" : 251,
      "end" : 252,
      "text" : "は",
      "whiteSpace" : false
    }, {
      "id" : "s3-t4",
      "begin" : 252,
      "end" : 257,
      "text" : "さまざまな",
      "whiteSpace" : false
    }, {
      "id" : "s3-t5",
      "begin" : 257,
      "end" : 259,
      "text" : "効用",
      "whiteSpace" : false
    }, {
      "id" : "s3-t6",
      "begin" : 259,
      "end" : 260,
      "text" : "が",
      "whiteSpace" : false
    }, {
      "id" : "s3-t7",
      "begin" : 260,
      "end" : 262,
      "text" : "期待",
      "whiteSpace" : false
    }, {
      "id" : "s3-t8",
      "begin" : 262,
      "end" : 265,
      "text" : "できる",
      "whiteSpace" : false
    }, {
      "id" : "s3-t9",
      "begin" : 265,
      "end" : 266,
      "text" : "が",
      "whiteSpace" : false
    }, {
      "id" : "s3-t10",
      "begin" : 266,
      "end" : 267,
      "text" : "、",
      "whiteSpace" : false
    }, {
      "id" : "s3-t11",
      "begin" : 267,
      "end" : 269,
      "text" : "特に",
      "whiteSpace" : false
    }, {
      "id" : "s3-t12",
      "begin" : 269,
      "end" : 271,
      "text" : "皮膚",
      "whiteSpace" : false
    }, {
      "id" : "s3-t13",
      "begin" : 271,
      "end" : 272,
      "text" : "に",
      "whiteSpace" : false
    }, {
      "id" : "s3-t14",
      "begin" : 272,
      "end" : 274,
      "text" : "良く",
      "whiteSpace" : false
    }, {
      "id" : "s3-t15",
      "begin" : 274,
      "end" : 276,
      "text" : "美肌",
      "whiteSpace" : false
    }, {
      "id" : "s3-t16",
      "begin" : 276,
      "end" : 278,
      "text" : "効果",
      "whiteSpace" : false
    }, {
      "id" : "s3-t17",
      "begin" : 278,
      "end" : 279,
      "text" : "も",
      "whiteSpace" : false
    }, {
      "id" : "s3-t18",
      "begin" : 279,
      "end" : 281,
      "text" : "ある",
      "whiteSpace" : false
    }, {
      "id" : "s3-t19",
      "begin" : 281,
      "end" : 283,
      "text" : "ので",
      "whiteSpace" : false
    }, {
      "id" : "s3-t20",
      "begin" : 283,
      "end" : 284,
      "text" : "「",
      "whiteSpace" : false
    }, {
      "id" : "s3-t21",
      "begin" : 284,
      "end" : 286,
      "text" : "美人",
      "whiteSpace" : false
    }, {
      "id" : "s3-t22",
      "begin" : 286,
      "end" : 287,
      "text" : "の",
      "whiteSpace" : false
    }, {
      "id" : "s3-t23",
      "begin" : 287,
      "end" : 288,
      "text" : "湯",
      "whiteSpace" : false
    }, {
      "id" : "s3-t24",
      "begin" : 288,
      "end" : 289,
      "text" : "」",
      "whiteSpace" : false
    }, {
      "id" : "s3-t25",
      "begin" : 289,
      "end" : 290,
      "text" : "「",
      "whiteSpace" : false
    }, {
      "id" : "s3-t26",
      "begin" : 290,
      "end" : 292,
      "text" : "子供",
      "whiteSpace" : false
    }, {
      "id" : "s3-t27",
      "begin" : 292,
      "end" : 293,
      "text" : "が",
      "whiteSpace" : false
    }, {
      "id" : "s3-t28",
      "begin" : 293,
      "end" : 295,
      "text" : "丈夫",
      "whiteSpace" : false
    }, {
      "id" : "s3-t29",
      "begin" : 295,
      "end" : 296,
      "text" : "に",
      "whiteSpace" : false
    }, {
      "id" : "s3-t30",
      "begin" : 296,
      "end" : 298,
      "text" : "育つ",
      "whiteSpace" : false
    }, {
      "id" : "s3-t31",
      "begin" : 298,
      "end" : 299,
      "text" : "湯",
      "whiteSpace" : false
    }, {
      "id" : "s3-t32",
      "begin" : 299,
      "end" : 300,
      "text" : "」",
      "whiteSpace" : false
    }, {
      "id" : "s3-t33",
      "begin" : 300,
      "end" : 301,
      "text" : "と",
      "whiteSpace" : false
    }, {
      "id" : "s3-t34",
      "begin" : 301,
      "end" : 303,
      "text" : "言わ",
      "whiteSpace" : false
    }, {
      "id" : "s3-t35",
      "begin" : 303,
      "end" : 305,
      "text" : "れて",
      "whiteSpace" : false
    }, {
      "id" : "s3-t36",
      "begin" : 305,
      "end" : 307,
      "text" : "いる",
      "whiteSpace" : false
    }, {
      "id" : "s3-t37",
      "begin" : 307,
      "end" : 308,
      "text" : "。",
      "whiteSpace" : false
    } ]
  }, {
    "id" : "s4",
    "begin" : 310,
    "end" : 461,
    "text" : "また、蔵王温泉は自然豊かな山々に囲まれた蔵王国定公園の中にあり、温泉街からは３つのロープウェイを利用して、春から夏のトレッキング、秋の紅葉狩り、冬は国内有数の山形蔵王温泉スキー場でスキーやスノーボード、世界的に有名な樹氷鑑賞やスノートレッキングなど、四季を通して楽しめる温泉リゾートとして発展してきた。",
    "tokens" : [ {
      "id" : "s4-t0",
      "begin" : 310,
      "end" : 312,
      "text" : "また",
      "whiteSpace" : false
    }, {
      "id" : "s4-t1",
      "begin" : 312,
      "end" : 313,
      "text" : "、",
      "whiteSpace" : false
    }, {
      "id" : "s4-t2",
      "begin" : 313,
      "end" : 315,
      "text" : "蔵王",
      "whiteSpace" : false
    }, {
      "id" : "s4-t3",
      "begin" : 315,
      "end" : 317,
      "text" : "温泉",
      "whiteSpace" : false
    }, {
      "id" : "s4-t4",
      "begin" : 317,
      "end" : 318,
      "text" : "は",
      "whiteSpace" : false
    }, {
      "id" : "s4-t5",
      "begin" : 318,
      "end" : 320,
      "text" : "自然",
      "whiteSpace" : false
    }, {
      "id" : "s4-t6",
      "begin" : 320,
      "end" : 323,
      "text" : "豊かな",
      "whiteSpace" : false
    }, {
      "id" : "s4-t7",
      "begin" : 323,
      "end" : 325,
      "text" : "山々",
      "whiteSpace" : false
    }, {
      "id" : "s4-t8",
      "begin" : 325,
      "end" : 326,
      "text" : "に",
      "whiteSpace" : false
    }, {
      "id" : "s4-t9",
      "begin" : 326,
      "end" : 328,
      "text" : "囲ま",
      "whiteSpace" : false
    }, {
      "id" : "s4-t10",
      "begin" : 328,
      "end" : 330,
      "text" : "れた",
      "whiteSpace" : false
    }, {
      "id" : "s4-t11",
      "begin" : 330,
      "end" : 332,
      "text" : "蔵王",
      "whiteSpace" : false
    }, {
      "id" : "s4-t12",
      "begin" : 332,
      "end" : 334,
      "text" : "国定",
      "whiteSpace" : false
    }, {
      "id" : "s4-t13",
      "begin" : 334,
      "end" : 336,
      "text" : "公園",
      "whiteSpace" : false
    }, {
      "id" : "s4-t14",
      "begin" : 336,
      "end" : 337,
      "text" : "の",
      "whiteSpace" : false
    }, {
      "id" : "s4-t15",
      "begin" : 337,
      "end" : 338,
      "text" : "中",
      "whiteSpace" : false
    }, {
      "id" : "s4-t16",
      "begin" : 338,
      "end" : 339,
      "text" : "に",
      "whiteSpace" : false
    }, {
      "id" : "s4-t17",
      "begin" : 339,
      "end" : 341,
      "text" : "あり",
      "whiteSpace" : false
    }, {
      "id" : "s4-t18",
      "begin" : 341,
      "end" : 342,
      "text" : "、",
      "whiteSpace" : false
    }, {
      "id" : "s4-t19",
      "begin" : 342,
      "end" : 344,
      "text" : "温泉",
      "whiteSpace" : false
    }, {
      "id" : "s4-t20",
      "begin" : 344,
      "end" : 345,
      "text" : "街",
      "whiteSpace" : false
    }, {
      "id" : "s4-t21",
      "begin" : 345,
      "end" : 347,
      "text" : "から",
      "whiteSpace" : false
    }, {
      "id" : "s4-t22",
      "begin" : 347,
      "end" : 348,
      "text" : "は",
      "whiteSpace" : false
    }, {
      "id" : "s4-t23",
      "begin" : 348,
      "end" : 349,
      "text" : "３",
      "whiteSpace" : false
    }, {
      "id" : "s4-t24",
      "begin" : 349,
      "end" : 350,
      "text" : "つ",
      "whiteSpace" : false
    }, {
      "id" : "s4-t25",
      "begin" : 350,
      "end" : 351,
      "text" : "の",
      "whiteSpace" : false
    }, {
      "id" : "s4-t26",
      "begin" : 351,
      "end" : 357,
      "text" : "ロープウェイ",
      "whiteSpace" : false
    }, {
      "id" : "s4-t27",
      "begin" : 357,
      "end" : 358,
      "text" : "を",
      "whiteSpace" : false
    }, {
      "id" : "s4-t28",
      "begin" : 358,
      "end" : 360,
      "text" : "利用",
      "whiteSpace" : false
    }, {
      "id" : "s4-t29",
      "begin" : 360,
      "end" : 362,
      "text" : "して",
      "whiteSpace" : false
    }, {
      "id" : "s4-t30",
      "begin" : 362,
      "end" : 363,
      "text" : "、",
      "whiteSpace" : false
    }, {
      "id" : "s4-t31",
      "begin" : 363,
      "end" : 364,
      "text" : "春",
      "whiteSpace" : false
    }, {
      "id" : "s4-t32",
      "begin" : 364,
      "end" : 366,
      "text" : "から",
      "whiteSpace" : false
    }, {
      "id" : "s4-t33",
      "begin" : 366,
      "end" : 367,
      "text" : "夏",
      "whiteSpace" : false
    }, {
      "id" : "s4-t34",
      "begin" : 367,
      "end" : 368,
      "text" : "の",
      "whiteSpace" : false
    }, {
      "id" : "s4-t35",
      "begin" : 368,
      "end" : 374,
      "text" : "トレッキング",
      "whiteSpace" : false
    }, {
      "id" : "s4-t36",
      "begin" : 374,
      "end" : 375,
      "text" : "、",
      "whiteSpace" : false
    }, {
      "id" : "s4-t37",
      "begin" : 375,
      "end" : 376,
      "text" : "秋",
      "whiteSpace" : false
    }, {
      "id" : "s4-t38",
      "begin" : 376,
      "end" : 377,
      "text" : "の",
      "whiteSpace" : false
    }, {
      "id" : "s4-t39",
      "begin" : 377,
      "end" : 379,
      "text" : "紅葉",
      "whiteSpace" : false
    }, {
      "id" : "s4-t40",
      "begin" : 379,
      "end" : 381,
      "text" : "狩り",
      "whiteSpace" : false
    }, {
      "id" : "s4-t41",
      "begin" : 381,
      "end" : 382,
      "text" : "、",
      "whiteSpace" : false
    }, {
      "id" : "s4-t42",
      "begin" : 382,
      "end" : 383,
      "text" : "冬",
      "whiteSpace" : false
    }, {
      "id" : "s4-t43",
      "begin" : 383,
      "end" : 384,
      "text" : "は",
      "whiteSpace" : false
    }, {
      "id" : "s4-t44",
      "begin" : 384,
      "end" : 385,
      "text" : "国",
      "whiteSpace" : false
    }, {
      "id" : "s4-t45",
      "begin" : 385,
      "end" : 386,
      "text" : "内",
      "whiteSpace" : false
    }, {
      "id" : "s4-t46",
      "begin" : 386,
      "end" : 388,
      "text" : "有数",
      "whiteSpace" : false
    }, {
      "id" : "s4-t47",
      "begin" : 388,
      "end" : 389,
      "text" : "の",
      "whiteSpace" : false
    }, {
      "id" : "s4-t48",
      "begin" : 389,
      "end" : 391,
      "text" : "山形",
      "whiteSpace" : false
    }, {
      "id" : "s4-t49",
      "begin" : 391,
      "end" : 392,
      "text" : "蔵",
      "whiteSpace" : false
    }, {
      "id" : "s4-t50",
      "begin" : 392,
      "end" : 393,
      "text" : "王",
      "whiteSpace" : false
    }, {
      "id" : "s4-t51",
      "begin" : 393,
      "end" : 395,
      "text" : "温泉",
      "whiteSpace" : false
    }, {
      "id" : "s4-t52",
      "begin" : 395,
      "end" : 398,
      "text" : "スキー",
      "whiteSpace" : false
    }, {
      "id" : "s4-t53",
      "begin" : 398,
      "end" : 399,
      "text" : "場",
      "whiteSpace" : false
    }, {
      "id" : "s4-t54",
      "begin" : 399,
      "end" : 400,
      "text" : "で",
      "whiteSpace" : false
    }, {
      "id" : "s4-t55",
      "begin" : 400,
      "end" : 403,
      "text" : "スキー",
      "whiteSpace" : false
    }, {
      "id" : "s4-t56",
      "begin" : 403,
      "end" : 404,
      "text" : "や",
      "whiteSpace" : false
    }, {
      "id" : "s4-t57",
      "begin" : 404,
      "end" : 410,
      "text" : "スノーボード",
      "whiteSpace" : false
    }, {
      "id" : "s4-t58",
      "begin" : 410,
      "end" : 411,
      "text" : "、",
      "whiteSpace" : false
    }, {
      "id" : "s4-t59",
      "begin" : 411,
      "end" : 413,
      "text" : "世界",
      "whiteSpace" : false
    }, {
      "id" : "s4-t60",
      "begin" : 413,
      "end" : 415,
      "text" : "的に",
      "whiteSpace" : false
    }, {
      "id" : "s4-t61",
      "begin" : 415,
      "end" : 418,
      "text" : "有名な",
      "whiteSpace" : false
    }, {
      "id" : "s4-t62",
      "begin" : 418,
      "end" : 420,
      "text" : "樹氷",
      "whiteSpace" : false
    }, {
      "id" : "s4-t63",
      "begin" : 420,
      "end" : 422,
      "text" : "鑑賞",
      "whiteSpace" : false
    }, {
      "id" : "s4-t64",
      "begin" : 422,
      "end" : 423,
      "text" : "や",
      "whiteSpace" : false
    }, {
      "id" : "s4-t65",
      "begin" : 423,
      "end" : 432,
      "text" : "スノートレッキング",
      "whiteSpace" : false
    }, {
      "id" : "s4-t66",
      "begin" : 432,
      "end" : 434,
      "text" : "など",
      "whiteSpace" : false
    }, {
      "id" : "s4-t67",
      "begin" : 434,
      "end" : 435,
      "text" : "、",
      "whiteSpace" : false
    }, {
      "id" : "s4-t68",
      "begin" : 435,
      "end" : 437,
      "text" : "四季",
      "whiteSpace" : false
    }, {
      "id" : "s4-t69",
      "begin" : 437,
      "end" : 438,
      "text" : "を",
      "whiteSpace" : false
    }, {
      "id" : "s4-t70",
      "begin" : 438,
      "end" : 441,
      "text" : "通して",
      "whiteSpace" : false
    }, {
      "id" : "s4-t71",
      "begin" : 441,
      "end" : 445,
      "text" : "楽しめる",
      "whiteSpace" : false
    }, {
      "id" : "s4-t72",
      "begin" : 445,
      "end" : 447,
      "text" : "温泉",
      "whiteSpace" : false
    }, {
      "id" : "s4-t73",
      "begin" : 447,
      "end" : 451,
      "text" : "リゾート",
      "whiteSpace" : false
    }, {
      "id" : "s4-t74",
      "begin" : 451,
      "end" : 452,
      "text" : "と",
      "whiteSpace" : false
    }, {
      "id" : "s4-t75",
      "begin" : 452,
      "end" : 454,
      "text" : "して",
      "whiteSpace" : false
    }, {
      "id" : "s4-t76",
      "begin" : 454,
      "end" : 456,
      "text" : "発展",
      "whiteSpace" : false
    }, {
      "id" : "s4-t77",
      "begin" : 456,
      "end" : 458,
      "text" : "して",
      "whiteSpace" : false
    }, {
      "id" : "s4-t78",
      "begin" : 458,
      "end" : 460,
      "text" : "きた",
      "whiteSpace" : false
    }, {
      "id" : "s4-t79",
      "begin" : 460,
      "end" : 461,
      "text" : "。",
      "whiteSpace" : false
    } ]
  }, {
    "id" : "s5",
    "begin" : 463,
    "end" : 485,
    "text" : "蔵王温泉の歴史は古く西暦１１０年頃まで遡る。",
    "tokens" : [ {
      "id" : "s5-t0",
      "begin" : 463,
      "end" : 465,
      "text" : "蔵王",
      "whiteSpace" : false
    }, {
      "id" : "s5-t1",
      "begin" : 465,
      "end" : 467,
      "text" : "温泉",
      "whiteSpace" : false
    }, {
      "id" : "s5-t2",
      "begin" : 467,
      "end" : 468,
      "text" : "の",
      "whiteSpace" : false
    }, {
      "id" : "s5-t3",
      "begin" : 468,
      "end" : 470,
      "text" : "歴史",
      "whiteSpace" : false
    }, {
      "id" : "s5-t4",
      "begin" : 470,
      "end" : 471,
      "text" : "は",
      "whiteSpace" : false
    }, {
      "id" : "s5-t5",
      "begin" : 471,
      "end" : 473,
      "text" : "古く",
      "whiteSpace" : false
    }, {
      "id" : "s5-t6",
      "begin" : 473,
      "end" : 475,
      "text" : "西暦",
      "whiteSpace" : false
    }, {
      "id" : "s5-t7",
      "begin" : 475,
      "end" : 478,
      "text" : "１１０",
      "whiteSpace" : false
    }, {
      "id" : "s5-t8",
      "begin" : 478,
      "end" : 479,
      "text" : "年",
      "whiteSpace" : false
    }, {
      "id" : "s5-t9",
      "begin" : 479,
      "end" : 480,
      "text" : "頃",
      "whiteSpace" : false
    }, {
      "id" : "s5-t10",
      "begin" : 480,
      "end" : 482,
      "text" : "まで",
      "whiteSpace" : false
    }, {
      "id" : "s5-t11",
      "begin" : 482,
      "end" : 484,
      "text" : "遡る",
      "whiteSpace" : false
    }, {
      "id" : "s5-t12",
      "begin" : 484,
      "end" : 485,
      "text" : "。",
      "whiteSpace" : false
    } ]
  }, {
    "id" : "s6",
    "begin" : 485,
    "end" : 604,
    "text" : "天皇の命を受けた日本武尊（ヤマトタケルノミコト）が蝦夷討伐に来た際、家臣の吉備多賀由（キビノタガユ）は戦いの中で毒矢に当たり全身がただれて大変苦しんでいたところ、霊妙な香りで酢のような味のする湯を見つけ、湯浴みをしたところ数日で回復した。",
    "tokens" : [ {
      "id" : "s6-t0",
      "begin" : 485,
      "end" : 487,
      "text" : "天皇",
      "whiteSpace" : false
    }, {
      "id" : "s6-t1",
      "begin" : 487,
      "end" : 488,
      "text" : "の",
      "whiteSpace" : false
    }, {
      "id" : "s6-t2",
      "begin" : 488,
      "end" : 489,
      "text" : "命",
      "whiteSpace" : false
    }, {
      "id" : "s6-t3",
      "begin" : 489,
      "end" : 490,
      "text" : "を",
      "whiteSpace" : false
    }, {
      "id" : "s6-t4",
      "begin" : 490,
      "end" : 493,
      "text" : "受けた",
      "whiteSpace" : false
    }, {
      "id" : "s6-t5",
      "begin" : 493,
      "end" : 495,
      "text" : "日本",
      "whiteSpace" : false
    }, {
      "id" : "s6-t6",
      "begin" : 495,
      "end" : 497,
      "text" : "武尊",
      "whiteSpace" : false
    }, {
      "id" : "s6-t7",
      "begin" : 497,
      "end" : 498,
      "text" : "（",
      "whiteSpace" : false
    }, {
      "id" : "s6-t8",
      "begin" : 498,
      "end" : 508,
      "text" : "ヤマトタケルノミコト",
      "whiteSpace" : false
    }, {
      "id" : "s6-t9",
      "begin" : 508,
      "end" : 509,
      "text" : "）",
      "whiteSpace" : false
    }, {
      "id" : "s6-t10",
      "begin" : 509,
      "end" : 510,
      "text" : "が",
      "whiteSpace" : false
    }, {
      "id" : "s6-t11",
      "begin" : 510,
      "end" : 512,
      "text" : "蝦夷",
      "whiteSpace" : false
    }, {
      "id" : "s6-t12",
      "begin" : 512,
      "end" : 514,
      "text" : "討伐",
      "whiteSpace" : false
    }, {
      "id" : "s6-t13",
      "begin" : 514,
      "end" : 515,
      "text" : "に",
      "whiteSpace" : false
    }, {
      "id" : "s6-t14",
      "begin" : 515,
      "end" : 517,
      "text" : "来た",
      "whiteSpace" : false
    }, {
      "id" : "s6-t15",
      "begin" : 517,
      "end" : 518,
      "text" : "際",
      "whiteSpace" : false
    }, {
      "id" : "s6-t16",
      "begin" : 518,
      "end" : 519,
      "text" : "、",
      "whiteSpace" : false
    }, {
      "id" : "s6-t17",
      "begin" : 519,
      "end" : 521,
      "text" : "家臣",
      "whiteSpace" : false
    }, {
      "id" : "s6-t18",
      "begin" : 521,
      "end" : 522,
      "text" : "の",
      "whiteSpace" : false
    }, {
      "id" : "s6-t19",
      "begin" : 522,
      "end" : 524,
      "text" : "吉備",
      "whiteSpace" : false
    }, {
      "id" : "s6-t20",
      "begin" : 524,
      "end" : 526,
      "text" : "多賀",
      "whiteSpace" : false
    }, {
      "id" : "s6-t21",
      "begin" : 526,
      "end" : 527,
      "text" : "由",
      "whiteSpace" : false
    }, {
      "id" : "s6-t22",
      "begin" : 527,
      "end" : 528,
      "text" : "（",
      "whiteSpace" : false
    }, {
      "id" : "s6-t23",
      "begin" : 528,
      "end" : 534,
      "text" : "キビノタガユ",
      "whiteSpace" : false
    }, {
      "id" : "s6-t24",
      "begin" : 534,
      "end" : 535,
      "text" : "）",
      "whiteSpace" : false
    }, {
      "id" : "s6-t25",
      "begin" : 535,
      "end" : 536,
      "text" : "は",
      "whiteSpace" : false
    }, {
      "id" : "s6-t26",
      "begin" : 536,
      "end" : 538,
      "text" : "戦い",
      "whiteSpace" : false
    }, {
      "id" : "s6-t27",
      "begin" : 538,
      "end" : 539,
      "text" : "の",
      "whiteSpace" : false
    }, {
      "id" : "s6-t28",
      "begin" : 539,
      "end" : 540,
      "text" : "中",
      "whiteSpace" : false
    }, {
      "id" : "s6-t29",
      "begin" : 540,
      "end" : 541,
      "text" : "で",
      "whiteSpace" : false
    }, {
      "id" : "s6-t30",
      "begin" : 541,
      "end" : 543,
      "text" : "毒矢",
      "whiteSpace" : false
    }, {
      "id" : "s6-t31",
      "begin" : 543,
      "end" : 544,
      "text" : "に",
      "whiteSpace" : false
    }, {
      "id" : "s6-t32",
      "begin" : 544,
      "end" : 547,
      "text" : "当たり",
      "whiteSpace" : false
    }, {
      "id" : "s6-t33",
      "begin" : 547,
      "end" : 549,
      "text" : "全身",
      "whiteSpace" : false
    }, {
      "id" : "s6-t34",
      "begin" : 549,
      "end" : 550,
      "text" : "が",
      "whiteSpace" : false
    }, {
      "id" : "s6-t35",
      "begin" : 550,
      "end" : 554,
      "text" : "ただれて",
      "whiteSpace" : false
    }, {
      "id" : "s6-t36",
      "begin" : 554,
      "end" : 556,
      "text" : "大変",
      "whiteSpace" : false
    }, {
      "id" : "s6-t37",
      "begin" : 556,
      "end" : 560,
      "text" : "苦しんで",
      "whiteSpace" : false
    }, {
      "id" : "s6-t38",
      "begin" : 560,
      "end" : 562,
      "text" : "いた",
      "whiteSpace" : false
    }, {
      "id" : "s6-t39",
      "begin" : 562,
      "end" : 565,
      "text" : "ところ",
      "whiteSpace" : false
    }, {
      "id" : "s6-t40",
      "begin" : 565,
      "end" : 566,
      "text" : "、",
      "whiteSpace" : false
    }, {
      "id" : "s6-t41",
      "begin" : 566,
      "end" : 569,
      "text" : "霊妙な",
      "whiteSpace" : false
    }, {
      "id" : "s6-t42",
      "begin" : 569,
      "end" : 571,
      "text" : "香り",
      "whiteSpace" : false
    }, {
      "id" : "s6-t43",
      "begin" : 571,
      "end" : 572,
      "text" : "で",
      "whiteSpace" : false
    }, {
      "id" : "s6-t44",
      "begin" : 572,
      "end" : 573,
      "text" : "酢",
      "whiteSpace" : false
    }, {
      "id" : "s6-t45",
      "begin" : 573,
      "end" : 574,
      "text" : "の",
      "whiteSpace" : false
    }, {
      "id" : "s6-t46",
      "begin" : 574,
      "end" : 577,
      "text" : "ような",
      "whiteSpace" : false
    }, {
      "id" : "s6-t47",
      "begin" : 577,
      "end" : 578,
      "text" : "味",
      "whiteSpace" : false
    }, {
      "id" : "s6-t48",
      "begin" : 578,
      "end" : 579,
      "text" : "の",
      "whiteSpace" : false
    }, {
      "id" : "s6-t49",
      "begin" : 579,
      "end" : 581,
      "text" : "する",
      "whiteSpace" : false
    }, {
      "id" : "s6-t50",
      "begin" : 581,
      "end" : 582,
      "text" : "湯",
      "whiteSpace" : false
    }, {
      "id" : "s6-t51",
      "begin" : 582,
      "end" : 583,
      "text" : "を",
      "whiteSpace" : false
    }, {
      "id" : "s6-t52",
      "begin" : 583,
      "end" : 586,
      "text" : "見つけ",
      "whiteSpace" : false
    }, {
      "id" : "s6-t53",
      "begin" : 586,
      "end" : 587,
      "text" : "、",
      "whiteSpace" : false
    }, {
      "id" : "s6-t54",
      "begin" : 587,
      "end" : 590,
      "text" : "湯浴み",
      "whiteSpace" : false
    }, {
      "id" : "s6-t55",
      "begin" : 590,
      "end" : 591,
      "text" : "を",
      "whiteSpace" : false
    }, {
      "id" : "s6-t56",
      "begin" : 591,
      "end" : 593,
      "text" : "した",
      "whiteSpace" : false
    }, {
      "id" : "s6-t57",
      "begin" : 593,
      "end" : 596,
      "text" : "ところ",
      "whiteSpace" : false
    }, {
      "id" : "s6-t58",
      "begin" : 596,
      "end" : 597,
      "text" : "数",
      "whiteSpace" : false
    }, {
      "id" : "s6-t59",
      "begin" : 597,
      "end" : 598,
      "text" : "日",
      "whiteSpace" : false
    }, {
      "id" : "s6-t60",
      "begin" : 598,
      "end" : 599,
      "text" : "で",
      "whiteSpace" : false
    }, {
      "id" : "s6-t61",
      "begin" : 599,
      "end" : 601,
      "text" : "回復",
      "whiteSpace" : false
    }, {
      "id" : "s6-t62",
      "begin" : 601,
      "end" : 603,
      "text" : "した",
      "whiteSpace" : false
    }, {
      "id" : "s6-t63",
      "begin" : 603,
      "end" : 604,
      "text" : "。",
      "whiteSpace" : false
    } ]
  }, {
    "id" : "s7",
    "begin" : 604,
    "end" : 661,
    "text" : "以後、発見した多賀由にあやか\nり「多賀湯温泉」と呼ぶようになり、転じて何時しか「高湯温泉」と呼ばれるようになった。",
    "tokens" : [ {
      "id" : "s7-t0",
      "begin" : 604,
      "end" : 606,
      "text" : "以後",
      "whiteSpace" : false
    }, {
      "id" : "s7-t1",
      "begin" : 606,
      "end" : 607,
      "text" : "、",
      "whiteSpace" : false
    }, {
      "id" : "s7-t2",
      "begin" : 607,
      "end" : 609,
      "text" : "発見",
      "whiteSpace" : false
    }, {
      "id" : "s7-t3",
      "begin" : 609,
      "end" : 611,
      "text" : "した",
      "whiteSpace" : false
    }, {
      "id" : "s7-t4",
      "begin" : 611,
      "end" : 614,
      "text" : "多賀由",
      "whiteSpace" : false
    }, {
      "id" : "s7-t5",
      "begin" : 614,
      "end" : 615,
      "text" : "に",
      "whiteSpace" : false
    }, {
      "id" : "s7-t6",
      "begin" : 615,
      "end" : 618,
      "text" : "あやか",
      "whiteSpace" : false
    }, {
      "id" : "s7-t7",
      "begin" : 619,
      "end" : 620,
      "text" : "り",
      "whiteSpace" : false
    }, {
      "id" : "s7-t8",
      "begin" : 620,
      "end" : 621,
      "text" : "「",
      "whiteSpace" : false
    }, {
      "id" : "s7-t9",
      "begin" : 621,
      "end" : 624,
      "text" : "多賀湯",
      "whiteSpace" : false
    }, {
      "id" : "s7-t10",
      "begin" : 624,
      "end" : 626,
      "text" : "温泉",
      "whiteSpace" : false
    }, {
      "id" : "s7-t11",
      "begin" : 626,
      "end" : 627,
      "text" : "」",
      "whiteSpace" : false
    }, {
      "id" : "s7-t12",
      "begin" : 627,
      "end" : 628,
      "text" : "と",
      "whiteSpace" : false
    }, {
      "id" : "s7-t13",
      "begin" : 628,
      "end" : 630,
      "text" : "呼ぶ",
      "whiteSpace" : false
    }, {
      "id" : "s7-t14",
      "begin" : 630,
      "end" : 633,
      "text" : "ように",
      "whiteSpace" : false
    }, {
      "id" : "s7-t15",
      "begin" : 633,
      "end" : 635,
      "text" : "なり",
      "whiteSpace" : false
    }, {
      "id" : "s7-t16",
      "begin" : 635,
      "end" : 636,
      "text" : "、",
      "whiteSpace" : false
    }, {
      "id" : "s7-t17",
      "begin" : 636,
      "end" : 639,
      "text" : "転じて",
      "whiteSpace" : false
    }, {
      "id" : "s7-t18",
      "begin" : 639,
      "end" : 641,
      "text" : "何時",
      "whiteSpace" : false
    }, {
      "id" : "s7-t19",
      "begin" : 641,
      "end" : 643,
      "text" : "しか",
      "whiteSpace" : false
    }, {
      "id" : "s7-t20",
      "begin" : 643,
      "end" : 644,
      "text" : "「",
      "whiteSpace" : false
    }, {
      "id" : "s7-t21",
      "begin" : 644,
      "end" : 646,
      "text" : "高湯",
      "whiteSpace" : false
    }, {
      "id" : "s7-t22",
      "begin" : 646,
      "end" : 648,
      "text" : "温泉",
      "whiteSpace" : false
    }, {
      "id" : "s7-t23",
      "begin" : 648,
      "end" : 649,
      "text" : "」",
      "whiteSpace" : false
    }, {
      "id" : "s7-t24",
      "begin" : 649,
      "end" : 650,
      "text" : "と",
      "whiteSpace" : false
    }, {
      "id" : "s7-t25",
      "begin" : 650,
      "end" : 652,
      "text" : "呼ば",
      "whiteSpace" : false
    }, {
      "id" : "s7-t26",
      "begin" : 652,
      "end" : 654,
      "text" : "れる",
      "whiteSpace" : false
    }, {
      "id" : "s7-t27",
      "begin" : 654,
      "end" : 657,
      "text" : "ように",
      "whiteSpace" : false
    }, {
      "id" : "s7-t28",
      "begin" : 657,
      "end" : 660,
      "text" : "なった",
      "whiteSpace" : false
    }, {
      "id" : "s7-t29",
      "begin" : 660,
      "end" : 661,
      "text" : "。",
      "whiteSpace" : false
    } ]
  }, {
    "id" : "s8",
    "begin" : 662,
    "end" : 714,
    "text" : "蔵王温泉では、5つの源泉群、47本の源泉が51軒の施設（8箇所の日帰り入浴施設を含む）に利用されている。",
    "tokens" : [ {
      "id" : "s8-t0",
      "begin" : 662,
      "end" : 664,
      "text" : "蔵王",
      "whiteSpace" : false
    }, {
      "id" : "s8-t1",
      "begin" : 664,
      "end" : 666,
      "text" : "温泉",
      "whiteSpace" : false
    }, {
      "id" : "s8-t2",
      "begin" : 666,
      "end" : 667,
      "text" : "で",
      "whiteSpace" : false
    }, {
      "id" : "s8-t3",
      "begin" : 667,
      "end" : 668,
      "text" : "は",
      "whiteSpace" : false
    }, {
      "id" : "s8-t4",
      "begin" : 668,
      "end" : 669,
      "text" : "、",
      "whiteSpace" : false
    }, {
      "id" : "s8-t5",
      "begin" : 669,
      "end" : 670,
      "text" : "5",
      "whiteSpace" : false
    }, {
      "id" : "s8-t6",
      "begin" : 670,
      "end" : 671,
      "text" : "つ",
      "whiteSpace" : false
    }, {
      "id" : "s8-t7",
      "begin" : 671,
      "end" : 672,
      "text" : "の",
      "whiteSpace" : false
    }, {
      "id" : "s8-t8",
      "begin" : 672,
      "end" : 674,
      "text" : "源泉",
      "whiteSpace" : false
    }, {
      "id" : "s8-t9",
      "begin" : 674,
      "end" : 675,
      "text" : "群",
      "whiteSpace" : false
    }, {
      "id" : "s8-t10",
      "begin" : 675,
      "end" : 676,
      "text" : "、",
      "whiteSpace" : false
    }, {
      "id" : "s8-t11",
      "begin" : 676,
      "end" : 678,
      "text" : "47",
      "whiteSpace" : false
    }, {
      "id" : "s8-t12",
      "begin" : 678,
      "end" : 679,
      "text" : "本",
      "whiteSpace" : false
    }, {
      "id" : "s8-t13",
      "begin" : 679,
      "end" : 680,
      "text" : "の",
      "whiteSpace" : false
    }, {
      "id" : "s8-t14",
      "begin" : 680,
      "end" : 682,
      "text" : "源泉",
      "whiteSpace" : false
    }, {
      "id" : "s8-t15",
      "begin" : 682,
      "end" : 683,
      "text" : "が",
      "whiteSpace" : false
    }, {
      "id" : "s8-t16",
      "begin" : 683,
      "end" : 685,
      "text" : "51",
      "whiteSpace" : false
    }, {
      "id" : "s8-t17",
      "begin" : 685,
      "end" : 686,
      "text" : "軒",
      "whiteSpace" : false
    }, {
      "id" : "s8-t18",
      "begin" : 686,
      "end" : 687,
      "text" : "の",
      "whiteSpace" : false
    }, {
      "id" : "s8-t19",
      "begin" : 687,
      "end" : 689,
      "text" : "施設",
      "whiteSpace" : false
    }, {
      "id" : "s8-t20",
      "begin" : 689,
      "end" : 690,
      "text" : "（",
      "whiteSpace" : false
    }, {
      "id" : "s8-t21",
      "begin" : 690,
      "end" : 691,
      "text" : "8",
      "whiteSpace" : false
    }, {
      "id" : "s8-t22",
      "begin" : 691,
      "end" : 693,
      "text" : "箇所",
      "whiteSpace" : false
    }, {
      "id" : "s8-t23",
      "begin" : 693,
      "end" : 694,
      "text" : "の",
      "whiteSpace" : false
    }, {
      "id" : "s8-t24",
      "begin" : 694,
      "end" : 697,
      "text" : "日帰り",
      "whiteSpace" : false
    }, {
      "id" : "s8-t25",
      "begin" : 697,
      "end" : 699,
      "text" : "入浴",
      "whiteSpace" : false
    }, {
      "id" : "s8-t26",
      "begin" : 699,
      "end" : 701,
      "text" : "施設",
      "whiteSpace" : false
    }, {
      "id" : "s8-t27",
      "begin" : 701,
      "end" : 702,
      "text" : "を",
      "whiteSpace" : false
    }, {
      "id" : "s8-t28",
      "begin" : 702,
      "end" : 704,
      "text" : "含む",
      "whiteSpace" : false
    }, {
      "id" : "s8-t29",
      "begin" : 704,
      "end" : 705,
      "text" : "）",
      "whiteSpace" : false
    }, {
      "id" : "s8-t30",
      "begin" : 705,
      "end" : 706,
      "text" : "に",
      "whiteSpace" : false
    }, {
      "id" : "s8-t31",
      "begin" : 706,
      "end" : 708,
      "text" : "利用",
      "whiteSpace" : false
    }, {
      "id" : "s8-t32",
      "begin" : 708,
      "end" : 709,
      "text" : "さ",
      "whiteSpace" : false
    }, {
      "id" : "s8-t33",
      "begin" : 709,
      "end" : 711,
      "text" : "れて",
      "whiteSpace" : false
    }, {
      "id" : "s8-t34",
      "begin" : 711,
      "end" : 713,
      "text" : "いる",
      "whiteSpace" : false
    }, {
      "id" : "s8-t35",
      "begin" : 713,
      "end" : 714,
      "text" : "。",
      "whiteSpace" : false
    } ]
  }, {
    "id" : "s9",
    "begin" : 715,
    "end" : 744,
    "text" : "蔵王温泉：酸性・含硫黄－硫酸塩・塩化物温泉（一部含鉄あり）",
    "tokens" : [ {
      "id" : "s9-t0",
      "begin" : 715,
      "end" : 717,
      "text" : "蔵王",
      "whiteSpace" : false
    }, {
      "id" : "s9-t1",
      "begin" : 717,
      "end" : 719,
      "text" : "温泉",
      "whiteSpace" : false
    }, {
      "id" : "s9-t2",
      "begin" : 719,
      "end" : 720,
      "text" : "：",
      "whiteSpace" : false
    }, {
      "id" : "s9-t3",
      "begin" : 720,
      "end" : 722,
      "text" : "酸性",
      "whiteSpace" : false
    }, {
      "id" : "s9-t4",
      "begin" : 722,
      "end" : 723,
      "text" : "・",
      "whiteSpace" : false
    }, {
      "id" : "s9-t5",
      "begin" : 723,
      "end" : 724,
      "text" : "含",
      "whiteSpace" : false
    }, {
      "id" : "s9-t6",
      "begin" : 724,
      "end" : 726,
      "text" : "硫黄",
      "whiteSpace" : false
    }, {
      "id" : "s9-t7",
      "begin" : 726,
      "end" : 727,
      "text" : "－",
      "whiteSpace" : false
    }, {
      "id" : "s9-t8",
      "begin" : 727,
      "end" : 729,
      "text" : "硫酸",
      "whiteSpace" : false
    }, {
      "id" : "s9-t9",
      "begin" : 729,
      "end" : 730,
      "text" : "塩",
      "whiteSpace" : false
    }, {
      "id" : "s9-t10",
      "begin" : 730,
      "end" : 731,
      "text" : "・",
      "whiteSpace" : false
    }, {
      "id" : "s9-t11",
      "begin" : 731,
      "end" : 734,
      "text" : "塩化物",
      "whiteSpace" : false
    }, {
      "id" : "s9-t12",
      "begin" : 734,
      "end" : 736,
      "text" : "温泉",
      "whiteSpace" : false
    }, {
      "id" : "s9-t13",
      "begin" : 736,
      "end" : 737,
      "text" : "（",
      "whiteSpace" : false
    }, {
      "id" : "s9-t14",
      "begin" : 737,
      "end" : 739,
      "text" : "一部",
      "whiteSpace" : false
    }, {
      "id" : "s9-t15",
      "begin" : 739,
      "end" : 741,
      "text" : "含鉄",
      "whiteSpace" : false
    }, {
      "id" : "s9-t16",
      "begin" : 741,
      "end" : 743,
      "text" : "あり",
      "whiteSpace" : false
    }, {
      "id" : "s9-t17",
      "begin" : 743,
      "end" : 744,
      "text" : "）",
      "whiteSpace" : false
    } ]
  } ],
  "mentions" : [ {
    "id" : "s1-m1",
    "properties" : {
      "SIRE_MENTION_ROLE" : "ONSEN",
      "SIRE_ENTITY_SUBTYPE" : "NONE",
      "SIRE_MENTION_TYPE" : "NONE",
      "SIRE_MENTION_CLASS" : "SPC"
    },
    "type" : "ONSEN",
    "begin" : 10,
    "end" : 14,
    "inCoref" : true
  }, {
    "id" : "s1-m2",
    "properties" : {
      "SIRE_MENTION_ROLE" : "ONSEN",
      "SIRE_ENTITY_SUBTYPE" : "NONE",
      "SIRE_MENTION_TYPE" : "NONE",
      "SIRE_MENTION_CLASS" : "SPC"
    },
    "type" : "ONSEN",
    "begin" : 79,
    "end" : 83,
    "inCoref" : false
  }, {
    "id" : "s1-m3",
    "properties" : {
      "SIRE_MENTION_ROLE" : "ONSEN",
      "SIRE_ENTITY_SUBTYPE" : "NONE",
      "SIRE_MENTION_TYPE" : "NONE",
      "SIRE_MENTION_CLASS" : "SPC"
    },
    "type" : "ONSEN",
    "begin" : 92,
    "end" : 96,
    "inCoref" : false
  }, {
    "id" : "s2-m2",
    "properties" : {
      "SIRE_MENTION_ROLE" : "ONSEN",
      "SIRE_ENTITY_SUBTYPE" : "NONE",
      "SIRE_MENTION_TYPE" : "NONE",
      "SIRE_MENTION_CLASS" : "SPC"
    },
    "type" : "ONSEN",
    "begin" : 166,
    "end" : 170,
    "inCoref" : true
  }, {
    "id" : "s2-m0",
    "properties" : {
      "SIRE_MENTION_CLASS" : "SPC",
      "SIRE_MENTION_ROLE" : "Sensitsu",
      "SIRE_MENTION_TYPE" : "NONE",
      "SIRE_ENTITY_SUBTYPE" : "NONE"
    },
    "type" : "Sensitsu",
    "begin" : 220,
    "end" : 223,
    "inCoref" : false
  }, {
    "id" : "s3-m0",
    "properties" : {
      "SIRE_MENTION_CLASS" : "SPC",
      "SIRE_MENTION_ROLE" : "Sensitsu",
      "SIRE_MENTION_TYPE" : "NONE",
      "SIRE_ENTITY_SUBTYPE" : "NONE"
    },
    "type" : "Sensitsu",
    "begin" : 247,
    "end" : 250,
    "inCoref" : false
  }, {
    "id" : "s4-m1",
    "properties" : {
      "SIRE_MENTION_ROLE" : "ONSEN",
      "SIRE_ENTITY_SUBTYPE" : "NONE",
      "SIRE_MENTION_TYPE" : "NONE",
      "SIRE_MENTION_CLASS" : "SPC"
    },
    "type" : "ONSEN",
    "begin" : 313,
    "end" : 317,
    "inCoref" : true
  }, {
    "id" : "s5-m1",
    "properties" : {
      "SIRE_MENTION_ROLE" : "ONSEN",
      "SIRE_ENTITY_SUBTYPE" : "NONE",
      "SIRE_MENTION_TYPE" : "NONE",
      "SIRE_MENTION_CLASS" : "SPC"
    },
    "type" : "ONSEN",
    "begin" : 463,
    "end" : 467,
    "inCoref" : true
  }, {
    "id" : "s7-m1",
    "properties" : {
      "SIRE_MENTION_ROLE" : "ONSEN",
      "SIRE_ENTITY_SUBTYPE" : "NONE",
      "SIRE_MENTION_TYPE" : "NONE",
      "SIRE_MENTION_CLASS" : "SPC"
    },
    "type" : "ONSEN",
    "begin" : 621,
    "end" : 626,
    "inCoref" : false
  }, {
    "id" : "s7-m2",
    "properties" : {
      "SIRE_MENTION_ROLE" : "ONSEN",
      "SIRE_ENTITY_SUBTYPE" : "NONE",
      "SIRE_MENTION_TYPE" : "NONE",
      "SIRE_MENTION_CLASS" : "SPC"
    },
    "type" : "ONSEN",
    "begin" : 644,
    "end" : 648,
    "inCoref" : false
  }, {
    "id" : "s8-m1",
    "properties" : {
      "SIRE_MENTION_ROLE" : "ONSEN",
      "SIRE_ENTITY_SUBTYPE" : "NONE",
      "SIRE_MENTION_TYPE" : "NONE",
      "SIRE_MENTION_CLASS" : "SPC"
    },
    "type" : "ONSEN",
    "begin" : 662,
    "end" : 666,
    "inCoref" : true
  }, {
    "id" : "s9-m1",
    "properties" : {
      "SIRE_MENTION_ROLE" : "Sensitsu",
      "SIRE_ENTITY_SUBTYPE" : "NONE",
      "SIRE_MENTION_TYPE" : "NONE",
      "SIRE_MENTION_CLASS" : "SPC"
    },
    "type" : "Sensitsu",
    "begin" : 720,
    "end" : 736,
    "inCoref" : false
  } ],
  "relations" : [ {
    "id" : "s2-r1",
    "properties" : { },
    "type" : "hasAttribute",
    "args" : [ "s2-m2", "s2-m0" ]
  } ],
  "corefs" : [ {
    "id" : "c1",
    "properties" : { },
    "mentions" : [ "s1-m1", "s2-m2", "s4-m1", "s5-m1", "s8-m1" ]
  } ],
  "typeResolved" : true,
  "userResolved" : false
}