{
  "id" : "5ae7cfb0-d149-11e9-ad4b-c984733d60b0-16",
  "name" : "16_増富温泉郷国民保養温泉地計画書",
  "createdDate" : 0,
  "version" : 3,
  "text" : "１．温泉地の概要\n増富温泉のある増富地域は、山梨県北西部の北杜市、日本百名山の瑞牆山（みずがきやま）と金峰山（きんぷさん）を含む秩父多摩甲斐国立公園内に位置し、平成の名水百選に選ばれた本谷川・釜瀬川が流れ、美しい渓谷、多様な動植物等に恵まれ、御神楽や獅子舞といった芸能、古民家など伝統的な里山文化を伝える地域資源豊かな地域である。\n豊かな自然からは、ジビエや山菜、花豆、増富きゅうり、ミネラル豊富な米などの多彩な農畜産物に加え、これらを活かした味噌、豆腐、シミダイコンなどの伝統的な加工食品が今なお受け継がれている。\n本地域を特徴づけているのは、武田信玄公が金鉱山の開発中に発見したとの伝説を持つ信玄公の隠し湯・湯治場として 400 年余も人々を癒し続け、豊富なラジウム・ラドン含有量を誇る増富温泉であり、古くは作家の高浜虚子や井伏鱒二といった文人に愛され、現在でも増富ラジウム峡観光協会（資料１）を中心にその保全と利活用が図られ、リューマチやアレルギー疾患の改善、登山後の立ち寄り等により年間約 17 万人の観光客、うち約３万人の宿泊客が訪れている。\nしかしながら、本地域は、地域面積約 10,038.00ha ㎢のうち 95％を森林が占める山間地域であり、昭和 30 年に 2,650 人であった人口が 450 人（平成 28 年度現在）まで急激に減少し、高齢者率も 64％に達している。交通については JR 韮崎駅からの定期バスが運行されているが、人口減少もあいまって病院や診療所、小中学校といった施設はないなど過疎化が進行し、田畑の荒廃や温泉郷の存続が懸念されている。",
  "docLength" : 0,
  "language" : "JA",
  "status" : "IN_PROGRESS",
  "modifiedDate" : 1567852696712,
  "documentSet" : [ ],
  "preannotation" : [ "PRE_LW" ],
  "sentences" : [ {
    "id" : "s0",
    "begin" : 0,
    "end" : 2,
    "text" : "１．",
    "tokens" : [ {
      "id" : "s0-t0",
      "begin" : 0,
      "end" : 1,
      "text" : "１",
      "whiteSpace" : false
    }, {
      "id" : "s0-t1",
      "begin" : 1,
      "end" : 2,
      "text" : "．",
      "whiteSpace" : false
    } ]
  }, {
    "id" : "s1",
    "begin" : 2,
    "end" : 165,
    "text" : "温泉地の概要\n増富温泉のある増富地域は、山梨県北西部の北杜市、日本百名山の瑞牆山（みずがきやま）と金峰山（きんぷさん）を含む秩父多摩甲斐国立公園内に位置し、平成の名水百選に選ばれた本谷川・釜瀬川が流れ、美しい渓谷、多様な動植物等に恵まれ、御神楽や獅子舞といった芸能、古民家など伝統的な里山文化を伝える地域資源豊かな地域である。",
    "tokens" : [ {
      "id" : "s1-t0",
      "begin" : 2,
      "end" : 4,
      "text" : "温泉",
      "whiteSpace" : false
    }, {
      "id" : "s1-t1",
      "begin" : 4,
      "end" : 5,
      "text" : "地",
      "whiteSpace" : false
    }, {
      "id" : "s1-t2",
      "begin" : 5,
      "end" : 6,
      "text" : "の",
      "whiteSpace" : false
    }, {
      "id" : "s1-t3",
      "begin" : 6,
      "end" : 8,
      "text" : "概要",
      "whiteSpace" : false
    }, {
      "id" : "s1-t4",
      "begin" : 9,
      "end" : 11,
      "text" : "増富",
      "whiteSpace" : false
    }, {
      "id" : "s1-t5",
      "begin" : 11,
      "end" : 13,
      "text" : "温泉",
      "whiteSpace" : false
    }, {
      "id" : "s1-t6",
      "begin" : 13,
      "end" : 14,
      "text" : "の",
      "whiteSpace" : false
    }, {
      "id" : "s1-t7",
      "begin" : 14,
      "end" : 16,
      "text" : "ある",
      "whiteSpace" : false
    }, {
      "id" : "s1-t8",
      "begin" : 16,
      "end" : 18,
      "text" : "増富",
      "whiteSpace" : false
    }, {
      "id" : "s1-t9",
      "begin" : 18,
      "end" : 20,
      "text" : "地域",
      "whiteSpace" : false
    }, {
      "id" : "s1-t10",
      "begin" : 20,
      "end" : 21,
      "text" : "は",
      "whiteSpace" : false
    }, {
      "id" : "s1-t11",
      "begin" : 21,
      "end" : 22,
      "text" : "、",
      "whiteSpace" : false
    }, {
      "id" : "s1-t12",
      "begin" : 22,
      "end" : 24,
      "text" : "山梨",
      "whiteSpace" : false
    }, {
      "id" : "s1-t13",
      "begin" : 24,
      "end" : 25,
      "text" : "県",
      "whiteSpace" : false
    }, {
      "id" : "s1-t14",
      "begin" : 25,
      "end" : 27,
      "text" : "北西",
      "whiteSpace" : false
    }, {
      "id" : "s1-t15",
      "begin" : 27,
      "end" : 28,
      "text" : "部",
      "whiteSpace" : false
    }, {
      "id" : "s1-t16",
      "begin" : 28,
      "end" : 29,
      "text" : "の",
      "whiteSpace" : false
    }, {
      "id" : "s1-t17",
      "begin" : 29,
      "end" : 31,
      "text" : "北杜",
      "whiteSpace" : false
    }, {
      "id" : "s1-t18",
      "begin" : 31,
      "end" : 32,
      "text" : "市",
      "whiteSpace" : false
    }, {
      "id" : "s1-t19",
      "begin" : 32,
      "end" : 33,
      "text" : "、",
      "whiteSpace" : false
    }, {
      "id" : "s1-t20",
      "begin" : 33,
      "end" : 35,
      "text" : "日本",
      "whiteSpace" : false
    }, {
      "id" : "s1-t21",
      "begin" : 35,
      "end" : 38,
      "text" : "百名山",
      "whiteSpace" : false
    }, {
      "id" : "s1-t22",
      "begin" : 38,
      "end" : 39,
      "text" : "の",
      "whiteSpace" : false
    }, {
      "id" : "s1-t23",
      "begin" : 39,
      "end" : 42,
      "text" : "瑞牆山",
      "whiteSpace" : false
    }, {
      "id" : "s1-t24",
      "begin" : 42,
      "end" : 43,
      "text" : "（",
      "whiteSpace" : false
    }, {
      "id" : "s1-t25",
      "begin" : 43,
      "end" : 47,
      "text" : "みずがき",
      "whiteSpace" : false
    }, {
      "id" : "s1-t26",
      "begin" : 47,
      "end" : 49,
      "text" : "やま",
      "whiteSpace" : false
    }, {
      "id" : "s1-t27",
      "begin" : 49,
      "end" : 50,
      "text" : "）",
      "whiteSpace" : false
    }, {
      "id" : "s1-t28",
      "begin" : 50,
      "end" : 51,
      "text" : "と",
      "whiteSpace" : false
    }, {
      "id" : "s1-t29",
      "begin" : 51,
      "end" : 54,
      "text" : "金峰山",
      "whiteSpace" : false
    }, {
      "id" : "s1-t30",
      "begin" : 54,
      "end" : 55,
      "text" : "（",
      "whiteSpace" : false
    }, {
      "id" : "s1-t31",
      "begin" : 55,
      "end" : 58,
      "text" : "きんぷ",
      "whiteSpace" : false
    }, {
      "id" : "s1-t32",
      "begin" : 58,
      "end" : 60,
      "text" : "さん",
      "whiteSpace" : false
    }, {
      "id" : "s1-t33",
      "begin" : 60,
      "end" : 61,
      "text" : "）",
      "whiteSpace" : false
    }, {
      "id" : "s1-t34",
      "begin" : 61,
      "end" : 62,
      "text" : "を",
      "whiteSpace" : false
    }, {
      "id" : "s1-t35",
      "begin" : 62,
      "end" : 64,
      "text" : "含む",
      "whiteSpace" : false
    }, {
      "id" : "s1-t36",
      "begin" : 64,
      "end" : 66,
      "text" : "秩父",
      "whiteSpace" : false
    }, {
      "id" : "s1-t37",
      "begin" : 66,
      "end" : 68,
      "text" : "多摩",
      "whiteSpace" : false
    }, {
      "id" : "s1-t38",
      "begin" : 68,
      "end" : 70,
      "text" : "甲斐",
      "whiteSpace" : false
    }, {
      "id" : "s1-t39",
      "begin" : 70,
      "end" : 72,
      "text" : "国立",
      "whiteSpace" : false
    }, {
      "id" : "s1-t40",
      "begin" : 72,
      "end" : 74,
      "text" : "公園",
      "whiteSpace" : false
    }, {
      "id" : "s1-t41",
      "begin" : 74,
      "end" : 75,
      "text" : "内",
      "whiteSpace" : false
    }, {
      "id" : "s1-t42",
      "begin" : 75,
      "end" : 76,
      "text" : "に",
      "whiteSpace" : false
    }, {
      "id" : "s1-t43",
      "begin" : 76,
      "end" : 78,
      "text" : "位置",
      "whiteSpace" : false
    }, {
      "id" : "s1-t44",
      "begin" : 78,
      "end" : 79,
      "text" : "し",
      "whiteSpace" : false
    }, {
      "id" : "s1-t45",
      "begin" : 79,
      "end" : 80,
      "text" : "、",
      "whiteSpace" : false
    }, {
      "id" : "s1-t46",
      "begin" : 80,
      "end" : 82,
      "text" : "平成",
      "whiteSpace" : false
    }, {
      "id" : "s1-t47",
      "begin" : 82,
      "end" : 83,
      "text" : "の",
      "whiteSpace" : false
    }, {
      "id" : "s1-t48",
      "begin" : 83,
      "end" : 86,
      "text" : "名水百",
      "whiteSpace" : false
    }, {
      "id" : "s1-t49",
      "begin" : 86,
      "end" : 87,
      "text" : "選",
      "whiteSpace" : false
    }, {
      "id" : "s1-t50",
      "begin" : 87,
      "end" : 88,
      "text" : "に",
      "whiteSpace" : false
    }, {
      "id" : "s1-t51",
      "begin" : 88,
      "end" : 90,
      "text" : "選ば",
      "whiteSpace" : false
    }, {
      "id" : "s1-t52",
      "begin" : 90,
      "end" : 92,
      "text" : "れた",
      "whiteSpace" : false
    }, {
      "id" : "s1-t53",
      "begin" : 92,
      "end" : 95,
      "text" : "本谷川",
      "whiteSpace" : false
    }, {
      "id" : "s1-t54",
      "begin" : 95,
      "end" : 96,
      "text" : "・",
      "whiteSpace" : false
    }, {
      "id" : "s1-t55",
      "begin" : 96,
      "end" : 97,
      "text" : "釜",
      "whiteSpace" : false
    }, {
      "id" : "s1-t56",
      "begin" : 97,
      "end" : 99,
      "text" : "瀬川",
      "whiteSpace" : false
    }, {
      "id" : "s1-t57",
      "begin" : 99,
      "end" : 100,
      "text" : "が",
      "whiteSpace" : false
    }, {
      "id" : "s1-t58",
      "begin" : 100,
      "end" : 102,
      "text" : "流れ",
      "whiteSpace" : false
    }, {
      "id" : "s1-t59",
      "begin" : 102,
      "end" : 103,
      "text" : "、",
      "whiteSpace" : false
    }, {
      "id" : "s1-t60",
      "begin" : 103,
      "end" : 106,
      "text" : "美しい",
      "whiteSpace" : false
    }, {
      "id" : "s1-t61",
      "begin" : 106,
      "end" : 108,
      "text" : "渓谷",
      "whiteSpace" : false
    }, {
      "id" : "s1-t62",
      "begin" : 108,
      "end" : 109,
      "text" : "、",
      "whiteSpace" : false
    }, {
      "id" : "s1-t63",
      "begin" : 109,
      "end" : 112,
      "text" : "多様な",
      "whiteSpace" : false
    }, {
      "id" : "s1-t64",
      "begin" : 112,
      "end" : 115,
      "text" : "動植物",
      "whiteSpace" : false
    }, {
      "id" : "s1-t65",
      "begin" : 115,
      "end" : 116,
      "text" : "等",
      "whiteSpace" : false
    }, {
      "id" : "s1-t66",
      "begin" : 116,
      "end" : 117,
      "text" : "に",
      "whiteSpace" : false
    }, {
      "id" : "s1-t67",
      "begin" : 117,
      "end" : 120,
      "text" : "恵まれ",
      "whiteSpace" : false
    }, {
      "id" : "s1-t68",
      "begin" : 120,
      "end" : 121,
      "text" : "、",
      "whiteSpace" : false
    }, {
      "id" : "s1-t69",
      "begin" : 121,
      "end" : 122,
      "text" : "御",
      "whiteSpace" : false
    }, {
      "id" : "s1-t70",
      "begin" : 122,
      "end" : 124,
      "text" : "神楽",
      "whiteSpace" : false
    }, {
      "id" : "s1-t71",
      "begin" : 124,
      "end" : 125,
      "text" : "や",
      "whiteSpace" : false
    }, {
      "id" : "s1-t72",
      "begin" : 125,
      "end" : 128,
      "text" : "獅子舞",
      "whiteSpace" : false
    }, {
      "id" : "s1-t73",
      "begin" : 128,
      "end" : 129,
      "text" : "と",
      "whiteSpace" : false
    }, {
      "id" : "s1-t74",
      "begin" : 129,
      "end" : 132,
      "text" : "いった",
      "whiteSpace" : false
    }, {
      "id" : "s1-t75",
      "begin" : 132,
      "end" : 134,
      "text" : "芸能",
      "whiteSpace" : false
    }, {
      "id" : "s1-t76",
      "begin" : 134,
      "end" : 135,
      "text" : "、",
      "whiteSpace" : false
    }, {
      "id" : "s1-t77",
      "begin" : 135,
      "end" : 136,
      "text" : "古",
      "whiteSpace" : false
    }, {
      "id" : "s1-t78",
      "begin" : 136,
      "end" : 138,
      "text" : "民家",
      "whiteSpace" : false
    }, {
      "id" : "s1-t79",
      "begin" : 138,
      "end" : 140,
      "text" : "など",
      "whiteSpace" : false
    }, {
      "id" : "s1-t80",
      "begin" : 140,
      "end" : 142,
      "text" : "伝統",
      "whiteSpace" : false
    }, {
      "id" : "s1-t81",
      "begin" : 142,
      "end" : 144,
      "text" : "的な",
      "whiteSpace" : false
    }, {
      "id" : "s1-t82",
      "begin" : 144,
      "end" : 146,
      "text" : "里山",
      "whiteSpace" : false
    }, {
      "id" : "s1-t83",
      "begin" : 146,
      "end" : 148,
      "text" : "文化",
      "whiteSpace" : false
    }, {
      "id" : "s1-t84",
      "begin" : 148,
      "end" : 149,
      "text" : "を",
      "whiteSpace" : false
    }, {
      "id" : "s1-t85",
      "begin" : 149,
      "end" : 152,
      "text" : "伝える",
      "whiteSpace" : false
    }, {
      "id" : "s1-t86",
      "begin" : 152,
      "end" : 154,
      "text" : "地域",
      "whiteSpace" : false
    }, {
      "id" : "s1-t87",
      "begin" : 154,
      "end" : 156,
      "text" : "資源",
      "whiteSpace" : false
    }, {
      "id" : "s1-t88",
      "begin" : 156,
      "end" : 159,
      "text" : "豊かな",
      "whiteSpace" : false
    }, {
      "id" : "s1-t89",
      "begin" : 159,
      "end" : 161,
      "text" : "地域",
      "whiteSpace" : false
    }, {
      "id" : "s1-t90",
      "begin" : 161,
      "end" : 164,
      "text" : "である",
      "whiteSpace" : false
    }, {
      "id" : "s1-t91",
      "begin" : 164,
      "end" : 165,
      "text" : "。",
      "whiteSpace" : false
    } ]
  }, {
    "id" : "s2",
    "begin" : 166,
    "end" : 258,
    "text" : "豊かな自然からは、ジビエや山菜、花豆、増富きゅうり、ミネラル豊富な米などの多彩な農畜産物に加え、これらを活かした味噌、豆腐、シミダイコンなどの伝統的な加工食品が今なお受け継がれている。",
    "tokens" : [ {
      "id" : "s2-t0",
      "begin" : 166,
      "end" : 169,
      "text" : "豊かな",
      "whiteSpace" : false
    }, {
      "id" : "s2-t1",
      "begin" : 169,
      "end" : 171,
      "text" : "自然",
      "whiteSpace" : false
    }, {
      "id" : "s2-t2",
      "begin" : 171,
      "end" : 173,
      "text" : "から",
      "whiteSpace" : false
    }, {
      "id" : "s2-t3",
      "begin" : 173,
      "end" : 174,
      "text" : "は",
      "whiteSpace" : false
    }, {
      "id" : "s2-t4",
      "begin" : 174,
      "end" : 175,
      "text" : "、",
      "whiteSpace" : false
    }, {
      "id" : "s2-t5",
      "begin" : 175,
      "end" : 178,
      "text" : "ジビエ",
      "whiteSpace" : false
    }, {
      "id" : "s2-t6",
      "begin" : 178,
      "end" : 179,
      "text" : "や",
      "whiteSpace" : false
    }, {
      "id" : "s2-t7",
      "begin" : 179,
      "end" : 181,
      "text" : "山菜",
      "whiteSpace" : false
    }, {
      "id" : "s2-t8",
      "begin" : 181,
      "end" : 182,
      "text" : "、",
      "whiteSpace" : false
    }, {
      "id" : "s2-t9",
      "begin" : 182,
      "end" : 184,
      "text" : "花豆",
      "whiteSpace" : false
    }, {
      "id" : "s2-t10",
      "begin" : 184,
      "end" : 185,
      "text" : "、",
      "whiteSpace" : false
    }, {
      "id" : "s2-t11",
      "begin" : 185,
      "end" : 186,
      "text" : "増",
      "whiteSpace" : false
    }, {
      "id" : "s2-t12",
      "begin" : 186,
      "end" : 191,
      "text" : "富きゅうり",
      "whiteSpace" : false
    }, {
      "id" : "s2-t13",
      "begin" : 191,
      "end" : 192,
      "text" : "、",
      "whiteSpace" : false
    }, {
      "id" : "s2-t14",
      "begin" : 192,
      "end" : 196,
      "text" : "ミネラル",
      "whiteSpace" : false
    }, {
      "id" : "s2-t15",
      "begin" : 196,
      "end" : 199,
      "text" : "豊富な",
      "whiteSpace" : false
    }, {
      "id" : "s2-t16",
      "begin" : 199,
      "end" : 200,
      "text" : "米",
      "whiteSpace" : false
    }, {
      "id" : "s2-t17",
      "begin" : 200,
      "end" : 202,
      "text" : "など",
      "whiteSpace" : false
    }, {
      "id" : "s2-t18",
      "begin" : 202,
      "end" : 203,
      "text" : "の",
      "whiteSpace" : false
    }, {
      "id" : "s2-t19",
      "begin" : 203,
      "end" : 206,
      "text" : "多彩な",
      "whiteSpace" : false
    }, {
      "id" : "s2-t20",
      "begin" : 206,
      "end" : 207,
      "text" : "農",
      "whiteSpace" : false
    }, {
      "id" : "s2-t21",
      "begin" : 207,
      "end" : 209,
      "text" : "畜産",
      "whiteSpace" : false
    }, {
      "id" : "s2-t22",
      "begin" : 209,
      "end" : 210,
      "text" : "物",
      "whiteSpace" : false
    }, {
      "id" : "s2-t23",
      "begin" : 210,
      "end" : 211,
      "text" : "に",
      "whiteSpace" : false
    }, {
      "id" : "s2-t24",
      "begin" : 211,
      "end" : 213,
      "text" : "加え",
      "whiteSpace" : false
    }, {
      "id" : "s2-t25",
      "begin" : 213,
      "end" : 214,
      "text" : "、",
      "whiteSpace" : false
    }, {
      "id" : "s2-t26",
      "begin" : 214,
      "end" : 216,
      "text" : "これ",
      "whiteSpace" : false
    }, {
      "id" : "s2-t27",
      "begin" : 216,
      "end" : 217,
      "text" : "ら",
      "whiteSpace" : false
    }, {
      "id" : "s2-t28",
      "begin" : 217,
      "end" : 218,
      "text" : "を",
      "whiteSpace" : false
    }, {
      "id" : "s2-t29",
      "begin" : 218,
      "end" : 222,
      "text" : "活かした",
      "whiteSpace" : false
    }, {
      "id" : "s2-t30",
      "begin" : 222,
      "end" : 224,
      "text" : "味噌",
      "whiteSpace" : false
    }, {
      "id" : "s2-t31",
      "begin" : 224,
      "end" : 225,
      "text" : "、",
      "whiteSpace" : false
    }, {
      "id" : "s2-t32",
      "begin" : 225,
      "end" : 227,
      "text" : "豆腐",
      "whiteSpace" : false
    }, {
      "id" : "s2-t33",
      "begin" : 227,
      "end" : 228,
      "text" : "、",
      "whiteSpace" : false
    }, {
      "id" : "s2-t34",
      "begin" : 228,
      "end" : 234,
      "text" : "シミダイコン",
      "whiteSpace" : false
    }, {
      "id" : "s2-t35",
      "begin" : 234,
      "end" : 236,
      "text" : "など",
      "whiteSpace" : false
    }, {
      "id" : "s2-t36",
      "begin" : 236,
      "end" : 237,
      "text" : "の",
      "whiteSpace" : false
    }, {
      "id" : "s2-t37",
      "begin" : 237,
      "end" : 239,
      "text" : "伝統",
      "whiteSpace" : false
    }, {
      "id" : "s2-t38",
      "begin" : 239,
      "end" : 241,
      "text" : "的な",
      "whiteSpace" : false
    }, {
      "id" : "s2-t39",
      "begin" : 241,
      "end" : 243,
      "text" : "加工",
      "whiteSpace" : false
    }, {
      "id" : "s2-t40",
      "begin" : 243,
      "end" : 245,
      "text" : "食品",
      "whiteSpace" : false
    }, {
      "id" : "s2-t41",
      "begin" : 245,
      "end" : 246,
      "text" : "が",
      "whiteSpace" : false
    }, {
      "id" : "s2-t42",
      "begin" : 246,
      "end" : 249,
      "text" : "今なお",
      "whiteSpace" : false
    }, {
      "id" : "s2-t43",
      "begin" : 249,
      "end" : 253,
      "text" : "受け継が",
      "whiteSpace" : false
    }, {
      "id" : "s2-t44",
      "begin" : 253,
      "end" : 255,
      "text" : "れて",
      "whiteSpace" : false
    }, {
      "id" : "s2-t45",
      "begin" : 255,
      "end" : 257,
      "text" : "いる",
      "whiteSpace" : false
    }, {
      "id" : "s2-t46",
      "begin" : 257,
      "end" : 258,
      "text" : "。",
      "whiteSpace" : false
    } ]
  }, {
    "id" : "s3",
    "begin" : 259,
    "end" : 476,
    "text" : "本地域を特徴づけているのは、武田信玄公が金鉱山の開発中に発見したとの伝説を持つ信玄公の隠し湯・湯治場として 400 年余も人々を癒し続け、豊富なラジウム・ラドン含有量を誇る増富温泉であり、古くは作家の高浜虚子や井伏鱒二といった文人に愛され、現在でも増富ラジウム峡観光協会（資料１）を中心にその保全と利活用が図られ、リューマチやアレルギー疾患の改善、登山後の立ち寄り等により年間約 17 万人の観光客、うち約３万人の宿泊客が訪れている。",
    "tokens" : [ {
      "id" : "s3-t0",
      "begin" : 259,
      "end" : 260,
      "text" : "本",
      "whiteSpace" : false
    }, {
      "id" : "s3-t1",
      "begin" : 260,
      "end" : 262,
      "text" : "地域",
      "whiteSpace" : false
    }, {
      "id" : "s3-t2",
      "begin" : 262,
      "end" : 263,
      "text" : "を",
      "whiteSpace" : false
    }, {
      "id" : "s3-t3",
      "begin" : 263,
      "end" : 268,
      "text" : "特徴づけて",
      "whiteSpace" : false
    }, {
      "id" : "s3-t4",
      "begin" : 268,
      "end" : 270,
      "text" : "いる",
      "whiteSpace" : false
    }, {
      "id" : "s3-t5",
      "begin" : 270,
      "end" : 271,
      "text" : "の",
      "whiteSpace" : false
    }, {
      "id" : "s3-t6",
      "begin" : 271,
      "end" : 272,
      "text" : "は",
      "whiteSpace" : false
    }, {
      "id" : "s3-t7",
      "begin" : 272,
      "end" : 273,
      "text" : "、",
      "whiteSpace" : false
    }, {
      "id" : "s3-t8",
      "begin" : 273,
      "end" : 275,
      "text" : "武田",
      "whiteSpace" : false
    }, {
      "id" : "s3-t9",
      "begin" : 275,
      "end" : 276,
      "text" : "信",
      "whiteSpace" : false
    }, {
      "id" : "s3-t10",
      "begin" : 276,
      "end" : 278,
      "text" : "玄公",
      "whiteSpace" : false
    }, {
      "id" : "s3-t11",
      "begin" : 278,
      "end" : 279,
      "text" : "が",
      "whiteSpace" : false
    }, {
      "id" : "s3-t12",
      "begin" : 279,
      "end" : 280,
      "text" : "金",
      "whiteSpace" : false
    }, {
      "id" : "s3-t13",
      "begin" : 280,
      "end" : 282,
      "text" : "鉱山",
      "whiteSpace" : false
    }, {
      "id" : "s3-t14",
      "begin" : 282,
      "end" : 283,
      "text" : "の",
      "whiteSpace" : false
    }, {
      "id" : "s3-t15",
      "begin" : 283,
      "end" : 285,
      "text" : "開発",
      "whiteSpace" : false
    }, {
      "id" : "s3-t16",
      "begin" : 285,
      "end" : 286,
      "text" : "中",
      "whiteSpace" : false
    }, {
      "id" : "s3-t17",
      "begin" : 286,
      "end" : 287,
      "text" : "に",
      "whiteSpace" : false
    }, {
      "id" : "s3-t18",
      "begin" : 287,
      "end" : 289,
      "text" : "発見",
      "whiteSpace" : false
    }, {
      "id" : "s3-t19",
      "begin" : 289,
      "end" : 291,
      "text" : "した",
      "whiteSpace" : false
    }, {
      "id" : "s3-t20",
      "begin" : 291,
      "end" : 292,
      "text" : "と",
      "whiteSpace" : false
    }, {
      "id" : "s3-t21",
      "begin" : 292,
      "end" : 293,
      "text" : "の",
      "whiteSpace" : false
    }, {
      "id" : "s3-t22",
      "begin" : 293,
      "end" : 295,
      "text" : "伝説",
      "whiteSpace" : false
    }, {
      "id" : "s3-t23",
      "begin" : 295,
      "end" : 296,
      "text" : "を",
      "whiteSpace" : false
    }, {
      "id" : "s3-t24",
      "begin" : 296,
      "end" : 298,
      "text" : "持つ",
      "whiteSpace" : false
    }, {
      "id" : "s3-t25",
      "begin" : 298,
      "end" : 300,
      "text" : "信玄",
      "whiteSpace" : false
    }, {
      "id" : "s3-t26",
      "begin" : 300,
      "end" : 301,
      "text" : "公",
      "whiteSpace" : false
    }, {
      "id" : "s3-t27",
      "begin" : 301,
      "end" : 302,
      "text" : "の",
      "whiteSpace" : false
    }, {
      "id" : "s3-t28",
      "begin" : 302,
      "end" : 304,
      "text" : "隠し",
      "whiteSpace" : false
    }, {
      "id" : "s3-t29",
      "begin" : 304,
      "end" : 305,
      "text" : "湯",
      "whiteSpace" : false
    }, {
      "id" : "s3-t30",
      "begin" : 305,
      "end" : 306,
      "text" : "・",
      "whiteSpace" : false
    }, {
      "id" : "s3-t31",
      "begin" : 306,
      "end" : 309,
      "text" : "湯治場",
      "whiteSpace" : false
    }, {
      "id" : "s3-t32",
      "begin" : 309,
      "end" : 310,
      "text" : "と",
      "whiteSpace" : false
    }, {
      "id" : "s3-t33",
      "begin" : 310,
      "end" : 312,
      "text" : "して",
      "whiteSpace" : false
    }, {
      "id" : "s3-t34",
      "begin" : 313,
      "end" : 316,
      "text" : "400",
      "whiteSpace" : false
    }, {
      "id" : "s3-t35",
      "begin" : 317,
      "end" : 318,
      "text" : "年",
      "whiteSpace" : false
    }, {
      "id" : "s3-t36",
      "begin" : 318,
      "end" : 319,
      "text" : "余",
      "whiteSpace" : false
    }, {
      "id" : "s3-t37",
      "begin" : 319,
      "end" : 320,
      "text" : "も",
      "whiteSpace" : false
    }, {
      "id" : "s3-t38",
      "begin" : 320,
      "end" : 322,
      "text" : "人々",
      "whiteSpace" : false
    }, {
      "id" : "s3-t39",
      "begin" : 322,
      "end" : 323,
      "text" : "を",
      "whiteSpace" : false
    }, {
      "id" : "s3-t40",
      "begin" : 323,
      "end" : 325,
      "text" : "癒し",
      "whiteSpace" : false
    }, {
      "id" : "s3-t41",
      "begin" : 325,
      "end" : 327,
      "text" : "続け",
      "whiteSpace" : false
    }, {
      "id" : "s3-t42",
      "begin" : 327,
      "end" : 328,
      "text" : "、",
      "whiteSpace" : false
    }, {
      "id" : "s3-t43",
      "begin" : 328,
      "end" : 331,
      "text" : "豊富な",
      "whiteSpace" : false
    }, {
      "id" : "s3-t44",
      "begin" : 331,
      "end" : 335,
      "text" : "ラジウム",
      "whiteSpace" : false
    }, {
      "id" : "s3-t45",
      "begin" : 335,
      "end" : 336,
      "text" : "・",
      "whiteSpace" : false
    }, {
      "id" : "s3-t46",
      "begin" : 336,
      "end" : 339,
      "text" : "ラドン",
      "whiteSpace" : false
    }, {
      "id" : "s3-t47",
      "begin" : 339,
      "end" : 341,
      "text" : "含有",
      "whiteSpace" : false
    }, {
      "id" : "s3-t48",
      "begin" : 341,
      "end" : 342,
      "text" : "量",
      "whiteSpace" : false
    }, {
      "id" : "s3-t49",
      "begin" : 342,
      "end" : 343,
      "text" : "を",
      "whiteSpace" : false
    }, {
      "id" : "s3-t50",
      "begin" : 343,
      "end" : 345,
      "text" : "誇る",
      "whiteSpace" : false
    }, {
      "id" : "s3-t51",
      "begin" : 345,
      "end" : 347,
      "text" : "増富",
      "whiteSpace" : false
    }, {
      "id" : "s3-t52",
      "begin" : 347,
      "end" : 349,
      "text" : "温泉",
      "whiteSpace" : false
    }, {
      "id" : "s3-t53",
      "begin" : 349,
      "end" : 352,
      "text" : "であり",
      "whiteSpace" : false
    }, {
      "id" : "s3-t54",
      "begin" : 352,
      "end" : 353,
      "text" : "、",
      "whiteSpace" : false
    }, {
      "id" : "s3-t55",
      "begin" : 353,
      "end" : 355,
      "text" : "古く",
      "whiteSpace" : false
    }, {
      "id" : "s3-t56",
      "begin" : 355,
      "end" : 356,
      "text" : "は",
      "whiteSpace" : false
    }, {
      "id" : "s3-t57",
      "begin" : 356,
      "end" : 358,
      "text" : "作家",
      "whiteSpace" : false
    }, {
      "id" : "s3-t58",
      "begin" : 358,
      "end" : 359,
      "text" : "の",
      "whiteSpace" : false
    }, {
      "id" : "s3-t59",
      "begin" : 359,
      "end" : 361,
      "text" : "高浜",
      "whiteSpace" : false
    }, {
      "id" : "s3-t60",
      "begin" : 361,
      "end" : 363,
      "text" : "虚子",
      "whiteSpace" : false
    }, {
      "id" : "s3-t61",
      "begin" : 363,
      "end" : 364,
      "text" : "や",
      "whiteSpace" : false
    }, {
      "id" : "s3-t62",
      "begin" : 364,
      "end" : 366,
      "text" : "井伏",
      "whiteSpace" : false
    }, {
      "id" : "s3-t63",
      "begin" : 366,
      "end" : 368,
      "text" : "鱒二",
      "whiteSpace" : false
    }, {
      "id" : "s3-t64",
      "begin" : 368,
      "end" : 369,
      "text" : "と",
      "whiteSpace" : false
    }, {
      "id" : "s3-t65",
      "begin" : 369,
      "end" : 372,
      "text" : "いった",
      "whiteSpace" : false
    }, {
      "id" : "s3-t66",
      "begin" : 372,
      "end" : 374,
      "text" : "文人",
      "whiteSpace" : false
    }, {
      "id" : "s3-t67",
      "begin" : 374,
      "end" : 375,
      "text" : "に",
      "whiteSpace" : false
    }, {
      "id" : "s3-t68",
      "begin" : 375,
      "end" : 377,
      "text" : "愛さ",
      "whiteSpace" : false
    }, {
      "id" : "s3-t69",
      "begin" : 377,
      "end" : 378,
      "text" : "れ",
      "whiteSpace" : false
    }, {
      "id" : "s3-t70",
      "begin" : 378,
      "end" : 379,
      "text" : "、",
      "whiteSpace" : false
    }, {
      "id" : "s3-t71",
      "begin" : 379,
      "end" : 381,
      "text" : "現在",
      "whiteSpace" : false
    }, {
      "id" : "s3-t72",
      "begin" : 381,
      "end" : 383,
      "text" : "でも",
      "whiteSpace" : false
    }, {
      "id" : "s3-t73",
      "begin" : 383,
      "end" : 385,
      "text" : "増富",
      "whiteSpace" : false
    }, {
      "id" : "s3-t74",
      "begin" : 385,
      "end" : 390,
      "text" : "ラジウム峡",
      "whiteSpace" : false
    }, {
      "id" : "s3-t75",
      "begin" : 390,
      "end" : 392,
      "text" : "観光",
      "whiteSpace" : false
    }, {
      "id" : "s3-t76",
      "begin" : 392,
      "end" : 394,
      "text" : "協会",
      "whiteSpace" : false
    }, {
      "id" : "s3-t77",
      "begin" : 394,
      "end" : 395,
      "text" : "（",
      "whiteSpace" : false
    }, {
      "id" : "s3-t78",
      "begin" : 395,
      "end" : 397,
      "text" : "資料",
      "whiteSpace" : false
    }, {
      "id" : "s3-t79",
      "begin" : 397,
      "end" : 398,
      "text" : "１",
      "whiteSpace" : false
    }, {
      "id" : "s3-t80",
      "begin" : 398,
      "end" : 399,
      "text" : "）",
      "whiteSpace" : false
    }, {
      "id" : "s3-t81",
      "begin" : 399,
      "end" : 400,
      "text" : "を",
      "whiteSpace" : false
    }, {
      "id" : "s3-t82",
      "begin" : 400,
      "end" : 402,
      "text" : "中心",
      "whiteSpace" : false
    }, {
      "id" : "s3-t83",
      "begin" : 402,
      "end" : 403,
      "text" : "に",
      "whiteSpace" : false
    }, {
      "id" : "s3-t84",
      "begin" : 403,
      "end" : 405,
      "text" : "その",
      "whiteSpace" : false
    }, {
      "id" : "s3-t85",
      "begin" : 405,
      "end" : 407,
      "text" : "保全",
      "whiteSpace" : false
    }, {
      "id" : "s3-t86",
      "begin" : 407,
      "end" : 408,
      "text" : "と",
      "whiteSpace" : false
    }, {
      "id" : "s3-t87",
      "begin" : 408,
      "end" : 409,
      "text" : "利",
      "whiteSpace" : false
    }, {
      "id" : "s3-t88",
      "begin" : 409,
      "end" : 411,
      "text" : "活用",
      "whiteSpace" : false
    }, {
      "id" : "s3-t89",
      "begin" : 411,
      "end" : 412,
      "text" : "が",
      "whiteSpace" : false
    }, {
      "id" : "s3-t90",
      "begin" : 412,
      "end" : 414,
      "text" : "図ら",
      "whiteSpace" : false
    }, {
      "id" : "s3-t91",
      "begin" : 414,
      "end" : 415,
      "text" : "れ",
      "whiteSpace" : false
    }, {
      "id" : "s3-t92",
      "begin" : 415,
      "end" : 416,
      "text" : "、",
      "whiteSpace" : false
    }, {
      "id" : "s3-t93",
      "begin" : 416,
      "end" : 421,
      "text" : "リューマチ",
      "whiteSpace" : false
    }, {
      "id" : "s3-t94",
      "begin" : 421,
      "end" : 422,
      "text" : "や",
      "whiteSpace" : false
    }, {
      "id" : "s3-t95",
      "begin" : 422,
      "end" : 427,
      "text" : "アレルギー",
      "whiteSpace" : false
    }, {
      "id" : "s3-t96",
      "begin" : 427,
      "end" : 429,
      "text" : "疾患",
      "whiteSpace" : false
    }, {
      "id" : "s3-t97",
      "begin" : 429,
      "end" : 430,
      "text" : "の",
      "whiteSpace" : false
    }, {
      "id" : "s3-t98",
      "begin" : 430,
      "end" : 432,
      "text" : "改善",
      "whiteSpace" : false
    }, {
      "id" : "s3-t99",
      "begin" : 432,
      "end" : 433,
      "text" : "、",
      "whiteSpace" : false
    }, {
      "id" : "s3-t100",
      "begin" : 433,
      "end" : 435,
      "text" : "登山",
      "whiteSpace" : false
    }, {
      "id" : "s3-t101",
      "begin" : 435,
      "end" : 436,
      "text" : "後",
      "whiteSpace" : false
    }, {
      "id" : "s3-t102",
      "begin" : 436,
      "end" : 437,
      "text" : "の",
      "whiteSpace" : false
    }, {
      "id" : "s3-t103",
      "begin" : 437,
      "end" : 441,
      "text" : "立ち寄り",
      "whiteSpace" : false
    }, {
      "id" : "s3-t104",
      "begin" : 441,
      "end" : 442,
      "text" : "等",
      "whiteSpace" : false
    }, {
      "id" : "s3-t105",
      "begin" : 442,
      "end" : 443,
      "text" : "に",
      "whiteSpace" : false
    }, {
      "id" : "s3-t106",
      "begin" : 443,
      "end" : 445,
      "text" : "より",
      "whiteSpace" : false
    }, {
      "id" : "s3-t107",
      "begin" : 445,
      "end" : 447,
      "text" : "年間",
      "whiteSpace" : false
    }, {
      "id" : "s3-t108",
      "begin" : 447,
      "end" : 448,
      "text" : "約",
      "whiteSpace" : false
    }, {
      "id" : "s3-t109",
      "begin" : 449,
      "end" : 451,
      "text" : "17",
      "whiteSpace" : false
    }, {
      "id" : "s3-t110",
      "begin" : 452,
      "end" : 453,
      "text" : "万",
      "whiteSpace" : false
    }, {
      "id" : "s3-t111",
      "begin" : 453,
      "end" : 454,
      "text" : "人",
      "whiteSpace" : false
    }, {
      "id" : "s3-t112",
      "begin" : 454,
      "end" : 455,
      "text" : "の",
      "whiteSpace" : false
    }, {
      "id" : "s3-t113",
      "begin" : 455,
      "end" : 457,
      "text" : "観光",
      "whiteSpace" : false
    }, {
      "id" : "s3-t114",
      "begin" : 457,
      "end" : 458,
      "text" : "客",
      "whiteSpace" : false
    }, {
      "id" : "s3-t115",
      "begin" : 458,
      "end" : 459,
      "text" : "、",
      "whiteSpace" : false
    }, {
      "id" : "s3-t116",
      "begin" : 459,
      "end" : 461,
      "text" : "うち",
      "whiteSpace" : false
    }, {
      "id" : "s3-t117",
      "begin" : 461,
      "end" : 462,
      "text" : "約",
      "whiteSpace" : false
    }, {
      "id" : "s3-t118",
      "begin" : 462,
      "end" : 463,
      "text" : "３",
      "whiteSpace" : false
    }, {
      "id" : "s3-t119",
      "begin" : 463,
      "end" : 464,
      "text" : "万",
      "whiteSpace" : false
    }, {
      "id" : "s3-t120",
      "begin" : 464,
      "end" : 465,
      "text" : "人",
      "whiteSpace" : false
    }, {
      "id" : "s3-t121",
      "begin" : 465,
      "end" : 466,
      "text" : "の",
      "whiteSpace" : false
    }, {
      "id" : "s3-t122",
      "begin" : 466,
      "end" : 468,
      "text" : "宿泊",
      "whiteSpace" : false
    }, {
      "id" : "s3-t123",
      "begin" : 468,
      "end" : 469,
      "text" : "客",
      "whiteSpace" : false
    }, {
      "id" : "s3-t124",
      "begin" : 469,
      "end" : 470,
      "text" : "が",
      "whiteSpace" : false
    }, {
      "id" : "s3-t125",
      "begin" : 470,
      "end" : 473,
      "text" : "訪れて",
      "whiteSpace" : false
    }, {
      "id" : "s3-t126",
      "begin" : 473,
      "end" : 475,
      "text" : "いる",
      "whiteSpace" : false
    }, {
      "id" : "s3-t127",
      "begin" : 475,
      "end" : 476,
      "text" : "。",
      "whiteSpace" : false
    } ]
  }, {
    "id" : "s4",
    "begin" : 477,
    "end" : 596,
    "text" : "しかしながら、本地域は、地域面積約 10,038.00ha ㎢のうち 95％を森林が占める山間地域であり、昭和 30 年に 2,650 人であった人口が 450 人（平成 28 年度現在）まで急激に減少し、高齢者率も 64％に達している。",
    "tokens" : [ {
      "id" : "s4-t0",
      "begin" : 477,
      "end" : 483,
      "text" : "しかしながら",
      "whiteSpace" : false
    }, {
      "id" : "s4-t1",
      "begin" : 483,
      "end" : 484,
      "text" : "、",
      "whiteSpace" : false
    }, {
      "id" : "s4-t2",
      "begin" : 484,
      "end" : 485,
      "text" : "本",
      "whiteSpace" : false
    }, {
      "id" : "s4-t3",
      "begin" : 485,
      "end" : 487,
      "text" : "地域",
      "whiteSpace" : false
    }, {
      "id" : "s4-t4",
      "begin" : 487,
      "end" : 488,
      "text" : "は",
      "whiteSpace" : false
    }, {
      "id" : "s4-t5",
      "begin" : 488,
      "end" : 489,
      "text" : "、",
      "whiteSpace" : false
    }, {
      "id" : "s4-t6",
      "begin" : 489,
      "end" : 491,
      "text" : "地域",
      "whiteSpace" : false
    }, {
      "id" : "s4-t7",
      "begin" : 491,
      "end" : 493,
      "text" : "面積",
      "whiteSpace" : false
    }, {
      "id" : "s4-t8",
      "begin" : 493,
      "end" : 494,
      "text" : "約",
      "whiteSpace" : false
    }, {
      "id" : "s4-t9",
      "begin" : 495,
      "end" : 497,
      "text" : "10",
      "whiteSpace" : false
    }, {
      "id" : "s4-t10",
      "begin" : 497,
      "end" : 506,
      "text" : ",038.00ha",
      "whiteSpace" : false
    }, {
      "id" : "s4-t11",
      "begin" : 507,
      "end" : 508,
      "text" : "㎢",
      "whiteSpace" : false
    }, {
      "id" : "s4-t12",
      "begin" : 508,
      "end" : 509,
      "text" : "の",
      "whiteSpace" : false
    }, {
      "id" : "s4-t13",
      "begin" : 509,
      "end" : 511,
      "text" : "うち",
      "whiteSpace" : false
    }, {
      "id" : "s4-t14",
      "begin" : 512,
      "end" : 514,
      "text" : "95",
      "whiteSpace" : false
    }, {
      "id" : "s4-t15",
      "begin" : 514,
      "end" : 515,
      "text" : "％",
      "whiteSpace" : false
    }, {
      "id" : "s4-t16",
      "begin" : 515,
      "end" : 516,
      "text" : "を",
      "whiteSpace" : false
    }, {
      "id" : "s4-t17",
      "begin" : 516,
      "end" : 518,
      "text" : "森林",
      "whiteSpace" : false
    }, {
      "id" : "s4-t18",
      "begin" : 518,
      "end" : 519,
      "text" : "が",
      "whiteSpace" : false
    }, {
      "id" : "s4-t19",
      "begin" : 519,
      "end" : 522,
      "text" : "占める",
      "whiteSpace" : false
    }, {
      "id" : "s4-t20",
      "begin" : 522,
      "end" : 524,
      "text" : "山間",
      "whiteSpace" : false
    }, {
      "id" : "s4-t21",
      "begin" : 524,
      "end" : 526,
      "text" : "地域",
      "whiteSpace" : false
    }, {
      "id" : "s4-t22",
      "begin" : 526,
      "end" : 529,
      "text" : "であり",
      "whiteSpace" : false
    }, {
      "id" : "s4-t23",
      "begin" : 529,
      "end" : 530,
      "text" : "、",
      "whiteSpace" : false
    }, {
      "id" : "s4-t24",
      "begin" : 530,
      "end" : 532,
      "text" : "昭和",
      "whiteSpace" : false
    }, {
      "id" : "s4-t25",
      "begin" : 533,
      "end" : 535,
      "text" : "30",
      "whiteSpace" : false
    }, {
      "id" : "s4-t26",
      "begin" : 536,
      "end" : 537,
      "text" : "年",
      "whiteSpace" : false
    }, {
      "id" : "s4-t27",
      "begin" : 537,
      "end" : 538,
      "text" : "に",
      "whiteSpace" : false
    }, {
      "id" : "s4-t28",
      "begin" : 539,
      "end" : 544,
      "text" : "2,650",
      "whiteSpace" : false
    }, {
      "id" : "s4-t29",
      "begin" : 545,
      "end" : 546,
      "text" : "人",
      "whiteSpace" : false
    }, {
      "id" : "s4-t30",
      "begin" : 546,
      "end" : 550,
      "text" : "であった",
      "whiteSpace" : false
    }, {
      "id" : "s4-t31",
      "begin" : 550,
      "end" : 552,
      "text" : "人口",
      "whiteSpace" : false
    }, {
      "id" : "s4-t32",
      "begin" : 552,
      "end" : 553,
      "text" : "が",
      "whiteSpace" : false
    }, {
      "id" : "s4-t33",
      "begin" : 554,
      "end" : 557,
      "text" : "450",
      "whiteSpace" : false
    }, {
      "id" : "s4-t34",
      "begin" : 558,
      "end" : 559,
      "text" : "人",
      "whiteSpace" : false
    }, {
      "id" : "s4-t35",
      "begin" : 559,
      "end" : 560,
      "text" : "（",
      "whiteSpace" : false
    }, {
      "id" : "s4-t36",
      "begin" : 560,
      "end" : 562,
      "text" : "平成",
      "whiteSpace" : false
    }, {
      "id" : "s4-t37",
      "begin" : 563,
      "end" : 565,
      "text" : "28",
      "whiteSpace" : false
    }, {
      "id" : "s4-t38",
      "begin" : 566,
      "end" : 568,
      "text" : "年度",
      "whiteSpace" : false
    }, {
      "id" : "s4-t39",
      "begin" : 568,
      "end" : 570,
      "text" : "現在",
      "whiteSpace" : false
    }, {
      "id" : "s4-t40",
      "begin" : 570,
      "end" : 571,
      "text" : "）",
      "whiteSpace" : false
    }, {
      "id" : "s4-t41",
      "begin" : 571,
      "end" : 573,
      "text" : "まで",
      "whiteSpace" : false
    }, {
      "id" : "s4-t42",
      "begin" : 573,
      "end" : 576,
      "text" : "急激に",
      "whiteSpace" : false
    }, {
      "id" : "s4-t43",
      "begin" : 576,
      "end" : 578,
      "text" : "減少",
      "whiteSpace" : false
    }, {
      "id" : "s4-t44",
      "begin" : 578,
      "end" : 579,
      "text" : "し",
      "whiteSpace" : false
    }, {
      "id" : "s4-t45",
      "begin" : 579,
      "end" : 580,
      "text" : "、",
      "whiteSpace" : false
    }, {
      "id" : "s4-t46",
      "begin" : 580,
      "end" : 582,
      "text" : "高齢",
      "whiteSpace" : false
    }, {
      "id" : "s4-t47",
      "begin" : 582,
      "end" : 583,
      "text" : "者",
      "whiteSpace" : false
    }, {
      "id" : "s4-t48",
      "begin" : 583,
      "end" : 584,
      "text" : "率",
      "whiteSpace" : false
    }, {
      "id" : "s4-t49",
      "begin" : 584,
      "end" : 585,
      "text" : "も",
      "whiteSpace" : false
    }, {
      "id" : "s4-t50",
      "begin" : 586,
      "end" : 588,
      "text" : "64",
      "whiteSpace" : false
    }, {
      "id" : "s4-t51",
      "begin" : 588,
      "end" : 589,
      "text" : "％",
      "whiteSpace" : false
    }, {
      "id" : "s4-t52",
      "begin" : 589,
      "end" : 590,
      "text" : "に",
      "whiteSpace" : false
    }, {
      "id" : "s4-t53",
      "begin" : 590,
      "end" : 593,
      "text" : "達して",
      "whiteSpace" : false
    }, {
      "id" : "s4-t54",
      "begin" : 593,
      "end" : 595,
      "text" : "いる",
      "whiteSpace" : false
    }, {
      "id" : "s4-t55",
      "begin" : 595,
      "end" : 596,
      "text" : "。",
      "whiteSpace" : false
    } ]
  }, {
    "id" : "s5",
    "begin" : 596,
    "end" : 688,
    "text" : "交通については JR 韮崎駅からの定期バスが運行されているが、人口減少もあいまって病院や診療所、小中学校といった施設はないなど過疎化が進行し、田畑の荒廃や温泉郷の存続が懸念されている。",
    "tokens" : [ {
      "id" : "s5-t0",
      "begin" : 596,
      "end" : 598,
      "text" : "交通",
      "whiteSpace" : false
    }, {
      "id" : "s5-t1",
      "begin" : 598,
      "end" : 599,
      "text" : "に",
      "whiteSpace" : false
    }, {
      "id" : "s5-t2",
      "begin" : 599,
      "end" : 602,
      "text" : "ついて",
      "whiteSpace" : false
    }, {
      "id" : "s5-t3",
      "begin" : 602,
      "end" : 603,
      "text" : "は",
      "whiteSpace" : false
    }, {
      "id" : "s5-t4",
      "begin" : 604,
      "end" : 606,
      "text" : "JR",
      "whiteSpace" : false
    }, {
      "id" : "s5-t5",
      "begin" : 607,
      "end" : 609,
      "text" : "韮崎",
      "whiteSpace" : false
    }, {
      "id" : "s5-t6",
      "begin" : 609,
      "end" : 610,
      "text" : "駅",
      "whiteSpace" : false
    }, {
      "id" : "s5-t7",
      "begin" : 610,
      "end" : 612,
      "text" : "から",
      "whiteSpace" : false
    }, {
      "id" : "s5-t8",
      "begin" : 612,
      "end" : 613,
      "text" : "の",
      "whiteSpace" : false
    }, {
      "id" : "s5-t9",
      "begin" : 613,
      "end" : 615,
      "text" : "定期",
      "whiteSpace" : false
    }, {
      "id" : "s5-t10",
      "begin" : 615,
      "end" : 617,
      "text" : "バス",
      "whiteSpace" : false
    }, {
      "id" : "s5-t11",
      "begin" : 617,
      "end" : 618,
      "text" : "が",
      "whiteSpace" : false
    }, {
      "id" : "s5-t12",
      "begin" : 618,
      "end" : 620,
      "text" : "運行",
      "whiteSpace" : false
    }, {
      "id" : "s5-t13",
      "begin" : 620,
      "end" : 621,
      "text" : "さ",
      "whiteSpace" : false
    }, {
      "id" : "s5-t14",
      "begin" : 621,
      "end" : 623,
      "text" : "れて",
      "whiteSpace" : false
    }, {
      "id" : "s5-t15",
      "begin" : 623,
      "end" : 625,
      "text" : "いる",
      "whiteSpace" : false
    }, {
      "id" : "s5-t16",
      "begin" : 625,
      "end" : 626,
      "text" : "が",
      "whiteSpace" : false
    }, {
      "id" : "s5-t17",
      "begin" : 626,
      "end" : 627,
      "text" : "、",
      "whiteSpace" : false
    }, {
      "id" : "s5-t18",
      "begin" : 627,
      "end" : 629,
      "text" : "人口",
      "whiteSpace" : false
    }, {
      "id" : "s5-t19",
      "begin" : 629,
      "end" : 631,
      "text" : "減少",
      "whiteSpace" : false
    }, {
      "id" : "s5-t20",
      "begin" : 631,
      "end" : 632,
      "text" : "も",
      "whiteSpace" : false
    }, {
      "id" : "s5-t21",
      "begin" : 632,
      "end" : 637,
      "text" : "あいまって",
      "whiteSpace" : false
    }, {
      "id" : "s5-t22",
      "begin" : 637,
      "end" : 639,
      "text" : "病院",
      "whiteSpace" : false
    }, {
      "id" : "s5-t23",
      "begin" : 639,
      "end" : 640,
      "text" : "や",
      "whiteSpace" : false
    }, {
      "id" : "s5-t24",
      "begin" : 640,
      "end" : 642,
      "text" : "診療",
      "whiteSpace" : false
    }, {
      "id" : "s5-t25",
      "begin" : 642,
      "end" : 643,
      "text" : "所",
      "whiteSpace" : false
    }, {
      "id" : "s5-t26",
      "begin" : 643,
      "end" : 644,
      "text" : "、",
      "whiteSpace" : false
    }, {
      "id" : "s5-t27",
      "begin" : 644,
      "end" : 645,
      "text" : "小",
      "whiteSpace" : false
    }, {
      "id" : "s5-t28",
      "begin" : 645,
      "end" : 648,
      "text" : "中学校",
      "whiteSpace" : false
    }, {
      "id" : "s5-t29",
      "begin" : 648,
      "end" : 649,
      "text" : "と",
      "whiteSpace" : false
    }, {
      "id" : "s5-t30",
      "begin" : 649,
      "end" : 652,
      "text" : "いった",
      "whiteSpace" : false
    }, {
      "id" : "s5-t31",
      "begin" : 652,
      "end" : 654,
      "text" : "施設",
      "whiteSpace" : false
    }, {
      "id" : "s5-t32",
      "begin" : 654,
      "end" : 655,
      "text" : "は",
      "whiteSpace" : false
    }, {
      "id" : "s5-t33",
      "begin" : 655,
      "end" : 657,
      "text" : "ない",
      "whiteSpace" : false
    }, {
      "id" : "s5-t34",
      "begin" : 657,
      "end" : 659,
      "text" : "など",
      "whiteSpace" : false
    }, {
      "id" : "s5-t35",
      "begin" : 659,
      "end" : 661,
      "text" : "過疎",
      "whiteSpace" : false
    }, {
      "id" : "s5-t36",
      "begin" : 661,
      "end" : 662,
      "text" : "化",
      "whiteSpace" : false
    }, {
      "id" : "s5-t37",
      "begin" : 662,
      "end" : 663,
      "text" : "が",
      "whiteSpace" : false
    }, {
      "id" : "s5-t38",
      "begin" : 663,
      "end" : 665,
      "text" : "進行",
      "whiteSpace" : false
    }, {
      "id" : "s5-t39",
      "begin" : 665,
      "end" : 666,
      "text" : "し",
      "whiteSpace" : false
    }, {
      "id" : "s5-t40",
      "begin" : 666,
      "end" : 667,
      "text" : "、",
      "whiteSpace" : false
    }, {
      "id" : "s5-t41",
      "begin" : 667,
      "end" : 669,
      "text" : "田畑",
      "whiteSpace" : false
    }, {
      "id" : "s5-t42",
      "begin" : 669,
      "end" : 670,
      "text" : "の",
      "whiteSpace" : false
    }, {
      "id" : "s5-t43",
      "begin" : 670,
      "end" : 672,
      "text" : "荒廃",
      "whiteSpace" : false
    }, {
      "id" : "s5-t44",
      "begin" : 672,
      "end" : 673,
      "text" : "や",
      "whiteSpace" : false
    }, {
      "id" : "s5-t45",
      "begin" : 673,
      "end" : 676,
      "text" : "温泉郷",
      "whiteSpace" : false
    }, {
      "id" : "s5-t46",
      "begin" : 676,
      "end" : 677,
      "text" : "の",
      "whiteSpace" : false
    }, {
      "id" : "s5-t47",
      "begin" : 677,
      "end" : 679,
      "text" : "存続",
      "whiteSpace" : false
    }, {
      "id" : "s5-t48",
      "begin" : 679,
      "end" : 680,
      "text" : "が",
      "whiteSpace" : false
    }, {
      "id" : "s5-t49",
      "begin" : 680,
      "end" : 682,
      "text" : "懸念",
      "whiteSpace" : false
    }, {
      "id" : "s5-t50",
      "begin" : 682,
      "end" : 683,
      "text" : "さ",
      "whiteSpace" : false
    }, {
      "id" : "s5-t51",
      "begin" : 683,
      "end" : 685,
      "text" : "れて",
      "whiteSpace" : false
    }, {
      "id" : "s5-t52",
      "begin" : 685,
      "end" : 687,
      "text" : "いる",
      "whiteSpace" : false
    }, {
      "id" : "s5-t53",
      "begin" : 687,
      "end" : 688,
      "text" : "。",
      "whiteSpace" : false
    } ]
  } ],
  "mentions" : [ {
    "id" : "s1-m1",
    "properties" : {
      "SIRE_MENTION_ROLE" : "ONSEN",
      "SIRE_ENTITY_SUBTYPE" : "NONE",
      "SIRE_MENTION_TYPE" : "NONE",
      "SIRE_MENTION_CLASS" : "SPC"
    },
    "type" : "ONSEN",
    "begin" : 9,
    "end" : 13,
    "inCoref" : true
  }, {
    "id" : "s3-m1",
    "properties" : {
      "SIRE_MENTION_ROLE" : "ONSEN",
      "SIRE_ENTITY_SUBTYPE" : "NONE",
      "SIRE_MENTION_TYPE" : "NONE",
      "SIRE_MENTION_CLASS" : "SPC"
    },
    "type" : "ONSEN",
    "begin" : 345,
    "end" : 349,
    "inCoref" : true
  } ],
  "relations" : [ ],
  "corefs" : [ {
    "id" : "c1",
    "properties" : { },
    "mentions" : [ "s1-m1", "s3-m1" ]
  } ],
  "typeResolved" : true,
  "userResolved" : false
}