{
  "id" : "5ae7cfb0-d149-11e9-ad4b-c984733d60b0-29",
  "name" : "29_関・燕温泉 国民保養温泉地計画書",
  "createdDate" : 0,
  "version" : 3,
  "text" : "１．温泉地の概要\nこの温泉地計画の地域は新潟県妙高市の燕温泉及び関温泉の別添図面に表示する地域とし、その面積は燕温泉が約４．９ha、関温泉が約０．３２７ha（貸付地）である。開湯は関温泉が享保１３年、燕温泉が明治８年に開かれた。また、妙高戸隠連山国立公園内に位置し、えちごトキめき鉄道関山駅より関温泉までは約８㎞、そこから約３㎞先に燕温泉が立地し、妙高山の外輪山神奈山の西麓、関川水系上流大田切川に沿った山峡の温泉であり、豊かな自然環境を有し、登山、ハイキング、一般行楽等の利用拠点として年間を通じて利用客が訪れている。\n関温泉は、戦国時代の名将・上杉謙信も戦の疲れをいやすために通ったといわれており、地中深く年月をかけて湧き出る温泉は、湯の花が赤い濁り湯。また、全ての宿が源泉かけ流し１００％で、大地の恩恵をそのまま堪能できる。\n燕温泉は、白い濁り湯が特徴の秘湯で、妙高山の登山口でもある。一般開放されている野天風呂が２か所あるほか、日本の滝百選に選ばれている「惣滝」もあり、新緑香る季節と紅葉シーズンは、野趣あふれる温泉と自然を堪能できると、大勢の人でにぎわう。\n関温泉は、その主な泉質はナトリウム-塩化物・炭酸水素塩泉であり、1つの源泉が13件の旅館に利用されている。\n燕温泉は、その主な泉質は含硫黄-ナトリウム・カルシウム-炭酸水素塩・硫酸塩・塩化物温泉であり、4 つの源泉が 7 件の旅館と 2 つの日帰り入浴施設に利用されている。",
  "docLength" : 0,
  "language" : "JA",
  "status" : "IN_PROGRESS",
  "modifiedDate" : 1567849148463,
  "documentSet" : [ ],
  "preannotation" : [ "PRE_LW" ],
  "sentences" : [ {
    "id" : "s0",
    "begin" : 0,
    "end" : 2,
    "text" : "１．",
    "tokens" : [ {
      "id" : "s0-t0",
      "begin" : 0,
      "end" : 1,
      "text" : "１",
      "whiteSpace" : false
    }, {
      "id" : "s0-t1",
      "begin" : 1,
      "end" : 2,
      "text" : "．",
      "whiteSpace" : false
    } ]
  }, {
    "id" : "s1",
    "begin" : 2,
    "end" : 87,
    "text" : "温泉地の概要\nこの温泉地計画の地域は新潟県妙高市の燕温泉及び関温泉の別添図面に表示する地域とし、その面積は燕温泉が約４．９ha、関温泉が約０．３２７ha（貸付地）である。",
    "tokens" : [ {
      "id" : "s1-t0",
      "begin" : 2,
      "end" : 4,
      "text" : "温泉",
      "whiteSpace" : false
    }, {
      "id" : "s1-t1",
      "begin" : 4,
      "end" : 5,
      "text" : "地",
      "whiteSpace" : false
    }, {
      "id" : "s1-t2",
      "begin" : 5,
      "end" : 6,
      "text" : "の",
      "whiteSpace" : false
    }, {
      "id" : "s1-t3",
      "begin" : 6,
      "end" : 8,
      "text" : "概要",
      "whiteSpace" : false
    }, {
      "id" : "s1-t4",
      "begin" : 9,
      "end" : 11,
      "text" : "この",
      "whiteSpace" : false
    }, {
      "id" : "s1-t5",
      "begin" : 11,
      "end" : 13,
      "text" : "温泉",
      "whiteSpace" : false
    }, {
      "id" : "s1-t6",
      "begin" : 13,
      "end" : 14,
      "text" : "地",
      "whiteSpace" : false
    }, {
      "id" : "s1-t7",
      "begin" : 14,
      "end" : 16,
      "text" : "計画",
      "whiteSpace" : false
    }, {
      "id" : "s1-t8",
      "begin" : 16,
      "end" : 17,
      "text" : "の",
      "whiteSpace" : false
    }, {
      "id" : "s1-t9",
      "begin" : 17,
      "end" : 19,
      "text" : "地域",
      "whiteSpace" : false
    }, {
      "id" : "s1-t10",
      "begin" : 19,
      "end" : 20,
      "text" : "は",
      "whiteSpace" : false
    }, {
      "id" : "s1-t11",
      "begin" : 20,
      "end" : 22,
      "text" : "新潟",
      "whiteSpace" : false
    }, {
      "id" : "s1-t12",
      "begin" : 22,
      "end" : 23,
      "text" : "県",
      "whiteSpace" : false
    }, {
      "id" : "s1-t13",
      "begin" : 23,
      "end" : 25,
      "text" : "妙高",
      "whiteSpace" : false
    }, {
      "id" : "s1-t14",
      "begin" : 25,
      "end" : 26,
      "text" : "市",
      "whiteSpace" : false
    }, {
      "id" : "s1-t15",
      "begin" : 26,
      "end" : 27,
      "text" : "の",
      "whiteSpace" : false
    }, {
      "id" : "s1-t16",
      "begin" : 27,
      "end" : 28,
      "text" : "燕",
      "whiteSpace" : false
    }, {
      "id" : "s1-t17",
      "begin" : 28,
      "end" : 30,
      "text" : "温泉",
      "whiteSpace" : false
    }, {
      "id" : "s1-t18",
      "begin" : 30,
      "end" : 33,
      "text" : "及び関",
      "whiteSpace" : false
    }, {
      "id" : "s1-t19",
      "begin" : 33,
      "end" : 35,
      "text" : "温泉",
      "whiteSpace" : false
    }, {
      "id" : "s1-t20",
      "begin" : 35,
      "end" : 36,
      "text" : "の",
      "whiteSpace" : false
    }, {
      "id" : "s1-t21",
      "begin" : 36,
      "end" : 38,
      "text" : "別添",
      "whiteSpace" : false
    }, {
      "id" : "s1-t22",
      "begin" : 38,
      "end" : 40,
      "text" : "図面",
      "whiteSpace" : false
    }, {
      "id" : "s1-t23",
      "begin" : 40,
      "end" : 41,
      "text" : "に",
      "whiteSpace" : false
    }, {
      "id" : "s1-t24",
      "begin" : 41,
      "end" : 43,
      "text" : "表示",
      "whiteSpace" : false
    }, {
      "id" : "s1-t25",
      "begin" : 43,
      "end" : 45,
      "text" : "する",
      "whiteSpace" : false
    }, {
      "id" : "s1-t26",
      "begin" : 45,
      "end" : 47,
      "text" : "地域",
      "whiteSpace" : false
    }, {
      "id" : "s1-t27",
      "begin" : 47,
      "end" : 48,
      "text" : "と",
      "whiteSpace" : false
    }, {
      "id" : "s1-t28",
      "begin" : 48,
      "end" : 49,
      "text" : "し",
      "whiteSpace" : false
    }, {
      "id" : "s1-t29",
      "begin" : 49,
      "end" : 50,
      "text" : "、",
      "whiteSpace" : false
    }, {
      "id" : "s1-t30",
      "begin" : 50,
      "end" : 52,
      "text" : "その",
      "whiteSpace" : false
    }, {
      "id" : "s1-t31",
      "begin" : 52,
      "end" : 54,
      "text" : "面積",
      "whiteSpace" : false
    }, {
      "id" : "s1-t32",
      "begin" : 54,
      "end" : 55,
      "text" : "は",
      "whiteSpace" : false
    }, {
      "id" : "s1-t33",
      "begin" : 55,
      "end" : 56,
      "text" : "燕",
      "whiteSpace" : false
    }, {
      "id" : "s1-t34",
      "begin" : 56,
      "end" : 58,
      "text" : "温泉",
      "whiteSpace" : false
    }, {
      "id" : "s1-t35",
      "begin" : 58,
      "end" : 59,
      "text" : "が",
      "whiteSpace" : false
    }, {
      "id" : "s1-t36",
      "begin" : 59,
      "end" : 60,
      "text" : "約",
      "whiteSpace" : false
    }, {
      "id" : "s1-t37",
      "begin" : 60,
      "end" : 65,
      "text" : "４．９ha",
      "whiteSpace" : false
    }, {
      "id" : "s1-t38",
      "begin" : 65,
      "end" : 66,
      "text" : "、",
      "whiteSpace" : false
    }, {
      "id" : "s1-t39",
      "begin" : 66,
      "end" : 67,
      "text" : "関",
      "whiteSpace" : false
    }, {
      "id" : "s1-t40",
      "begin" : 67,
      "end" : 69,
      "text" : "温泉",
      "whiteSpace" : false
    }, {
      "id" : "s1-t41",
      "begin" : 69,
      "end" : 70,
      "text" : "が",
      "whiteSpace" : false
    }, {
      "id" : "s1-t42",
      "begin" : 70,
      "end" : 71,
      "text" : "約",
      "whiteSpace" : false
    }, {
      "id" : "s1-t43",
      "begin" : 71,
      "end" : 78,
      "text" : "０．３２７ha",
      "whiteSpace" : false
    }, {
      "id" : "s1-t44",
      "begin" : 78,
      "end" : 79,
      "text" : "（",
      "whiteSpace" : false
    }, {
      "id" : "s1-t45",
      "begin" : 79,
      "end" : 81,
      "text" : "貸付",
      "whiteSpace" : false
    }, {
      "id" : "s1-t46",
      "begin" : 81,
      "end" : 82,
      "text" : "地",
      "whiteSpace" : false
    }, {
      "id" : "s1-t47",
      "begin" : 82,
      "end" : 83,
      "text" : "）",
      "whiteSpace" : false
    }, {
      "id" : "s1-t48",
      "begin" : 83,
      "end" : 86,
      "text" : "である",
      "whiteSpace" : false
    }, {
      "id" : "s1-t49",
      "begin" : 86,
      "end" : 87,
      "text" : "。",
      "whiteSpace" : false
    } ]
  }, {
    "id" : "s2",
    "begin" : 87,
    "end" : 114,
    "text" : "開湯は関温泉が享保１３年、燕温泉が明治８年に開かれた。",
    "tokens" : [ {
      "id" : "s2-t0",
      "begin" : 87,
      "end" : 89,
      "text" : "開湯",
      "whiteSpace" : false
    }, {
      "id" : "s2-t1",
      "begin" : 89,
      "end" : 90,
      "text" : "は",
      "whiteSpace" : false
    }, {
      "id" : "s2-t2",
      "begin" : 90,
      "end" : 91,
      "text" : "関",
      "whiteSpace" : false
    }, {
      "id" : "s2-t3",
      "begin" : 91,
      "end" : 93,
      "text" : "温泉",
      "whiteSpace" : false
    }, {
      "id" : "s2-t4",
      "begin" : 93,
      "end" : 94,
      "text" : "が",
      "whiteSpace" : false
    }, {
      "id" : "s2-t5",
      "begin" : 94,
      "end" : 96,
      "text" : "享保",
      "whiteSpace" : false
    }, {
      "id" : "s2-t6",
      "begin" : 96,
      "end" : 98,
      "text" : "１３",
      "whiteSpace" : false
    }, {
      "id" : "s2-t7",
      "begin" : 98,
      "end" : 99,
      "text" : "年",
      "whiteSpace" : false
    }, {
      "id" : "s2-t8",
      "begin" : 99,
      "end" : 100,
      "text" : "、",
      "whiteSpace" : false
    }, {
      "id" : "s2-t9",
      "begin" : 100,
      "end" : 101,
      "text" : "燕",
      "whiteSpace" : false
    }, {
      "id" : "s2-t10",
      "begin" : 101,
      "end" : 103,
      "text" : "温泉",
      "whiteSpace" : false
    }, {
      "id" : "s2-t11",
      "begin" : 103,
      "end" : 104,
      "text" : "が",
      "whiteSpace" : false
    }, {
      "id" : "s2-t12",
      "begin" : 104,
      "end" : 106,
      "text" : "明治",
      "whiteSpace" : false
    }, {
      "id" : "s2-t13",
      "begin" : 106,
      "end" : 107,
      "text" : "８",
      "whiteSpace" : false
    }, {
      "id" : "s2-t14",
      "begin" : 107,
      "end" : 108,
      "text" : "年",
      "whiteSpace" : false
    }, {
      "id" : "s2-t15",
      "begin" : 108,
      "end" : 109,
      "text" : "に",
      "whiteSpace" : false
    }, {
      "id" : "s2-t16",
      "begin" : 109,
      "end" : 111,
      "text" : "開か",
      "whiteSpace" : false
    }, {
      "id" : "s2-t17",
      "begin" : 111,
      "end" : 113,
      "text" : "れた",
      "whiteSpace" : false
    }, {
      "id" : "s2-t18",
      "begin" : 113,
      "end" : 114,
      "text" : "。",
      "whiteSpace" : false
    } ]
  }, {
    "id" : "s3",
    "begin" : 114,
    "end" : 260,
    "text" : "また、妙高戸隠連山国立公園内に位置し、えちごトキめき鉄道関山駅より関温泉までは約８㎞、そこから約３㎞先に燕温泉が立地し、妙高山の外輪山神奈山の西麓、関川水系上流大田切川に沿った山峡の温泉であり、豊かな自然環境を有し、登山、ハイキング、一般行楽等の利用拠点として年間を通じて利用客が訪れている。",
    "tokens" : [ {
      "id" : "s3-t0",
      "begin" : 114,
      "end" : 116,
      "text" : "また",
      "whiteSpace" : false
    }, {
      "id" : "s3-t1",
      "begin" : 116,
      "end" : 117,
      "text" : "、",
      "whiteSpace" : false
    }, {
      "id" : "s3-t2",
      "begin" : 117,
      "end" : 119,
      "text" : "妙高",
      "whiteSpace" : false
    }, {
      "id" : "s3-t3",
      "begin" : 119,
      "end" : 121,
      "text" : "戸隠",
      "whiteSpace" : false
    }, {
      "id" : "s3-t4",
      "begin" : 121,
      "end" : 123,
      "text" : "連山",
      "whiteSpace" : false
    }, {
      "id" : "s3-t5",
      "begin" : 123,
      "end" : 125,
      "text" : "国立",
      "whiteSpace" : false
    }, {
      "id" : "s3-t6",
      "begin" : 125,
      "end" : 127,
      "text" : "公園",
      "whiteSpace" : false
    }, {
      "id" : "s3-t7",
      "begin" : 127,
      "end" : 128,
      "text" : "内",
      "whiteSpace" : false
    }, {
      "id" : "s3-t8",
      "begin" : 128,
      "end" : 129,
      "text" : "に",
      "whiteSpace" : false
    }, {
      "id" : "s3-t9",
      "begin" : 129,
      "end" : 131,
      "text" : "位置",
      "whiteSpace" : false
    }, {
      "id" : "s3-t10",
      "begin" : 131,
      "end" : 132,
      "text" : "し",
      "whiteSpace" : false
    }, {
      "id" : "s3-t11",
      "begin" : 132,
      "end" : 133,
      "text" : "、",
      "whiteSpace" : false
    }, {
      "id" : "s3-t12",
      "begin" : 133,
      "end" : 136,
      "text" : "えちご",
      "whiteSpace" : false
    }, {
      "id" : "s3-t13",
      "begin" : 136,
      "end" : 138,
      "text" : "トキ",
      "whiteSpace" : false
    }, {
      "id" : "s3-t14",
      "begin" : 138,
      "end" : 140,
      "text" : "めき",
      "whiteSpace" : false
    }, {
      "id" : "s3-t15",
      "begin" : 140,
      "end" : 142,
      "text" : "鉄道",
      "whiteSpace" : false
    }, {
      "id" : "s3-t16",
      "begin" : 142,
      "end" : 144,
      "text" : "関山",
      "whiteSpace" : false
    }, {
      "id" : "s3-t17",
      "begin" : 144,
      "end" : 145,
      "text" : "駅",
      "whiteSpace" : false
    }, {
      "id" : "s3-t18",
      "begin" : 145,
      "end" : 147,
      "text" : "より",
      "whiteSpace" : false
    }, {
      "id" : "s3-t19",
      "begin" : 147,
      "end" : 148,
      "text" : "関",
      "whiteSpace" : false
    }, {
      "id" : "s3-t20",
      "begin" : 148,
      "end" : 150,
      "text" : "温泉",
      "whiteSpace" : false
    }, {
      "id" : "s3-t21",
      "begin" : 150,
      "end" : 152,
      "text" : "まで",
      "whiteSpace" : false
    }, {
      "id" : "s3-t22",
      "begin" : 152,
      "end" : 153,
      "text" : "は",
      "whiteSpace" : false
    }, {
      "id" : "s3-t23",
      "begin" : 153,
      "end" : 154,
      "text" : "約",
      "whiteSpace" : false
    }, {
      "id" : "s3-t24",
      "begin" : 154,
      "end" : 156,
      "text" : "８㎞",
      "whiteSpace" : false
    }, {
      "id" : "s3-t25",
      "begin" : 156,
      "end" : 157,
      "text" : "、",
      "whiteSpace" : false
    }, {
      "id" : "s3-t26",
      "begin" : 157,
      "end" : 159,
      "text" : "そこ",
      "whiteSpace" : false
    }, {
      "id" : "s3-t27",
      "begin" : 159,
      "end" : 161,
      "text" : "から",
      "whiteSpace" : false
    }, {
      "id" : "s3-t28",
      "begin" : 161,
      "end" : 162,
      "text" : "約",
      "whiteSpace" : false
    }, {
      "id" : "s3-t29",
      "begin" : 162,
      "end" : 164,
      "text" : "３㎞",
      "whiteSpace" : false
    }, {
      "id" : "s3-t30",
      "begin" : 164,
      "end" : 166,
      "text" : "先に",
      "whiteSpace" : false
    }, {
      "id" : "s3-t31",
      "begin" : 166,
      "end" : 167,
      "text" : "燕",
      "whiteSpace" : false
    }, {
      "id" : "s3-t32",
      "begin" : 167,
      "end" : 169,
      "text" : "温泉",
      "whiteSpace" : false
    }, {
      "id" : "s3-t33",
      "begin" : 169,
      "end" : 170,
      "text" : "が",
      "whiteSpace" : false
    }, {
      "id" : "s3-t34",
      "begin" : 170,
      "end" : 172,
      "text" : "立地",
      "whiteSpace" : false
    }, {
      "id" : "s3-t35",
      "begin" : 172,
      "end" : 173,
      "text" : "し",
      "whiteSpace" : false
    }, {
      "id" : "s3-t36",
      "begin" : 173,
      "end" : 174,
      "text" : "、",
      "whiteSpace" : false
    }, {
      "id" : "s3-t37",
      "begin" : 174,
      "end" : 177,
      "text" : "妙高山",
      "whiteSpace" : false
    }, {
      "id" : "s3-t38",
      "begin" : 177,
      "end" : 178,
      "text" : "の",
      "whiteSpace" : false
    }, {
      "id" : "s3-t39",
      "begin" : 178,
      "end" : 181,
      "text" : "外輪山",
      "whiteSpace" : false
    }, {
      "id" : "s3-t40",
      "begin" : 181,
      "end" : 184,
      "text" : "神奈山",
      "whiteSpace" : false
    }, {
      "id" : "s3-t41",
      "begin" : 184,
      "end" : 185,
      "text" : "の",
      "whiteSpace" : false
    }, {
      "id" : "s3-t42",
      "begin" : 185,
      "end" : 187,
      "text" : "西麓",
      "whiteSpace" : false
    }, {
      "id" : "s3-t43",
      "begin" : 187,
      "end" : 188,
      "text" : "、",
      "whiteSpace" : false
    }, {
      "id" : "s3-t44",
      "begin" : 188,
      "end" : 190,
      "text" : "関川",
      "whiteSpace" : false
    }, {
      "id" : "s3-t45",
      "begin" : 190,
      "end" : 192,
      "text" : "水系",
      "whiteSpace" : false
    }, {
      "id" : "s3-t46",
      "begin" : 192,
      "end" : 194,
      "text" : "上流",
      "whiteSpace" : false
    }, {
      "id" : "s3-t47",
      "begin" : 194,
      "end" : 196,
      "text" : "大田",
      "whiteSpace" : false
    }, {
      "id" : "s3-t48",
      "begin" : 196,
      "end" : 198,
      "text" : "切川",
      "whiteSpace" : false
    }, {
      "id" : "s3-t49",
      "begin" : 198,
      "end" : 199,
      "text" : "に",
      "whiteSpace" : false
    }, {
      "id" : "s3-t50",
      "begin" : 199,
      "end" : 202,
      "text" : "沿った",
      "whiteSpace" : false
    }, {
      "id" : "s3-t51",
      "begin" : 202,
      "end" : 204,
      "text" : "山峡",
      "whiteSpace" : false
    }, {
      "id" : "s3-t52",
      "begin" : 204,
      "end" : 205,
      "text" : "の",
      "whiteSpace" : false
    }, {
      "id" : "s3-t53",
      "begin" : 205,
      "end" : 207,
      "text" : "温泉",
      "whiteSpace" : false
    }, {
      "id" : "s3-t54",
      "begin" : 207,
      "end" : 210,
      "text" : "であり",
      "whiteSpace" : false
    }, {
      "id" : "s3-t55",
      "begin" : 210,
      "end" : 211,
      "text" : "、",
      "whiteSpace" : false
    }, {
      "id" : "s3-t56",
      "begin" : 211,
      "end" : 214,
      "text" : "豊かな",
      "whiteSpace" : false
    }, {
      "id" : "s3-t57",
      "begin" : 214,
      "end" : 216,
      "text" : "自然",
      "whiteSpace" : false
    }, {
      "id" : "s3-t58",
      "begin" : 216,
      "end" : 218,
      "text" : "環境",
      "whiteSpace" : false
    }, {
      "id" : "s3-t59",
      "begin" : 218,
      "end" : 219,
      "text" : "を",
      "whiteSpace" : false
    }, {
      "id" : "s3-t60",
      "begin" : 219,
      "end" : 221,
      "text" : "有し",
      "whiteSpace" : false
    }, {
      "id" : "s3-t61",
      "begin" : 221,
      "end" : 222,
      "text" : "、",
      "whiteSpace" : false
    }, {
      "id" : "s3-t62",
      "begin" : 222,
      "end" : 224,
      "text" : "登山",
      "whiteSpace" : false
    }, {
      "id" : "s3-t63",
      "begin" : 224,
      "end" : 225,
      "text" : "、",
      "whiteSpace" : false
    }, {
      "id" : "s3-t64",
      "begin" : 225,
      "end" : 230,
      "text" : "ハイキング",
      "whiteSpace" : false
    }, {
      "id" : "s3-t65",
      "begin" : 230,
      "end" : 231,
      "text" : "、",
      "whiteSpace" : false
    }, {
      "id" : "s3-t66",
      "begin" : 231,
      "end" : 233,
      "text" : "一般",
      "whiteSpace" : false
    }, {
      "id" : "s3-t67",
      "begin" : 233,
      "end" : 235,
      "text" : "行楽",
      "whiteSpace" : false
    }, {
      "id" : "s3-t68",
      "begin" : 235,
      "end" : 236,
      "text" : "等",
      "whiteSpace" : false
    }, {
      "id" : "s3-t69",
      "begin" : 236,
      "end" : 237,
      "text" : "の",
      "whiteSpace" : false
    }, {
      "id" : "s3-t70",
      "begin" : 237,
      "end" : 239,
      "text" : "利用",
      "whiteSpace" : false
    }, {
      "id" : "s3-t71",
      "begin" : 239,
      "end" : 241,
      "text" : "拠点",
      "whiteSpace" : false
    }, {
      "id" : "s3-t72",
      "begin" : 241,
      "end" : 242,
      "text" : "と",
      "whiteSpace" : false
    }, {
      "id" : "s3-t73",
      "begin" : 242,
      "end" : 244,
      "text" : "して",
      "whiteSpace" : false
    }, {
      "id" : "s3-t74",
      "begin" : 244,
      "end" : 246,
      "text" : "年間",
      "whiteSpace" : false
    }, {
      "id" : "s3-t75",
      "begin" : 246,
      "end" : 247,
      "text" : "を",
      "whiteSpace" : false
    }, {
      "id" : "s3-t76",
      "begin" : 247,
      "end" : 250,
      "text" : "通じて",
      "whiteSpace" : false
    }, {
      "id" : "s3-t77",
      "begin" : 250,
      "end" : 252,
      "text" : "利用",
      "whiteSpace" : false
    }, {
      "id" : "s3-t78",
      "begin" : 252,
      "end" : 253,
      "text" : "客",
      "whiteSpace" : false
    }, {
      "id" : "s3-t79",
      "begin" : 253,
      "end" : 254,
      "text" : "が",
      "whiteSpace" : false
    }, {
      "id" : "s3-t80",
      "begin" : 254,
      "end" : 257,
      "text" : "訪れて",
      "whiteSpace" : false
    }, {
      "id" : "s3-t81",
      "begin" : 257,
      "end" : 259,
      "text" : "いる",
      "whiteSpace" : false
    }, {
      "id" : "s3-t82",
      "begin" : 259,
      "end" : 260,
      "text" : "。",
      "whiteSpace" : false
    } ]
  }, {
    "id" : "s4",
    "begin" : 261,
    "end" : 329,
    "text" : "関温泉は、戦国時代の名将・上杉謙信も戦の疲れをいやすために通ったといわれており、地中深く年月をかけて湧き出る温泉は、湯の花が赤い濁り湯。",
    "tokens" : [ {
      "id" : "s4-t0",
      "begin" : 261,
      "end" : 262,
      "text" : "関",
      "whiteSpace" : false
    }, {
      "id" : "s4-t1",
      "begin" : 262,
      "end" : 264,
      "text" : "温泉",
      "whiteSpace" : false
    }, {
      "id" : "s4-t2",
      "begin" : 264,
      "end" : 265,
      "text" : "は",
      "whiteSpace" : false
    }, {
      "id" : "s4-t3",
      "begin" : 265,
      "end" : 266,
      "text" : "、",
      "whiteSpace" : false
    }, {
      "id" : "s4-t4",
      "begin" : 266,
      "end" : 268,
      "text" : "戦国",
      "whiteSpace" : false
    }, {
      "id" : "s4-t5",
      "begin" : 268,
      "end" : 270,
      "text" : "時代",
      "whiteSpace" : false
    }, {
      "id" : "s4-t6",
      "begin" : 270,
      "end" : 271,
      "text" : "の",
      "whiteSpace" : false
    }, {
      "id" : "s4-t7",
      "begin" : 271,
      "end" : 273,
      "text" : "名将",
      "whiteSpace" : false
    }, {
      "id" : "s4-t8",
      "begin" : 273,
      "end" : 274,
      "text" : "・",
      "whiteSpace" : false
    }, {
      "id" : "s4-t9",
      "begin" : 274,
      "end" : 276,
      "text" : "上杉",
      "whiteSpace" : false
    }, {
      "id" : "s4-t10",
      "begin" : 276,
      "end" : 278,
      "text" : "謙信",
      "whiteSpace" : false
    }, {
      "id" : "s4-t11",
      "begin" : 278,
      "end" : 279,
      "text" : "も",
      "whiteSpace" : false
    }, {
      "id" : "s4-t12",
      "begin" : 279,
      "end" : 280,
      "text" : "戦",
      "whiteSpace" : false
    }, {
      "id" : "s4-t13",
      "begin" : 280,
      "end" : 281,
      "text" : "の",
      "whiteSpace" : false
    }, {
      "id" : "s4-t14",
      "begin" : 281,
      "end" : 283,
      "text" : "疲れ",
      "whiteSpace" : false
    }, {
      "id" : "s4-t15",
      "begin" : 283,
      "end" : 284,
      "text" : "を",
      "whiteSpace" : false
    }, {
      "id" : "s4-t16",
      "begin" : 284,
      "end" : 287,
      "text" : "いやす",
      "whiteSpace" : false
    }, {
      "id" : "s4-t17",
      "begin" : 287,
      "end" : 289,
      "text" : "ため",
      "whiteSpace" : false
    }, {
      "id" : "s4-t18",
      "begin" : 289,
      "end" : 290,
      "text" : "に",
      "whiteSpace" : false
    }, {
      "id" : "s4-t19",
      "begin" : 290,
      "end" : 293,
      "text" : "通った",
      "whiteSpace" : false
    }, {
      "id" : "s4-t20",
      "begin" : 293,
      "end" : 294,
      "text" : "と",
      "whiteSpace" : false
    }, {
      "id" : "s4-t21",
      "begin" : 294,
      "end" : 296,
      "text" : "いわ",
      "whiteSpace" : false
    }, {
      "id" : "s4-t22",
      "begin" : 296,
      "end" : 298,
      "text" : "れて",
      "whiteSpace" : false
    }, {
      "id" : "s4-t23",
      "begin" : 298,
      "end" : 300,
      "text" : "おり",
      "whiteSpace" : false
    }, {
      "id" : "s4-t24",
      "begin" : 300,
      "end" : 301,
      "text" : "、",
      "whiteSpace" : false
    }, {
      "id" : "s4-t25",
      "begin" : 301,
      "end" : 303,
      "text" : "地中",
      "whiteSpace" : false
    }, {
      "id" : "s4-t26",
      "begin" : 303,
      "end" : 305,
      "text" : "深く",
      "whiteSpace" : false
    }, {
      "id" : "s4-t27",
      "begin" : 305,
      "end" : 307,
      "text" : "年月",
      "whiteSpace" : false
    }, {
      "id" : "s4-t28",
      "begin" : 307,
      "end" : 308,
      "text" : "を",
      "whiteSpace" : false
    }, {
      "id" : "s4-t29",
      "begin" : 308,
      "end" : 311,
      "text" : "かけて",
      "whiteSpace" : false
    }, {
      "id" : "s4-t30",
      "begin" : 311,
      "end" : 315,
      "text" : "湧き出る",
      "whiteSpace" : false
    }, {
      "id" : "s4-t31",
      "begin" : 315,
      "end" : 317,
      "text" : "温泉",
      "whiteSpace" : false
    }, {
      "id" : "s4-t32",
      "begin" : 317,
      "end" : 318,
      "text" : "は",
      "whiteSpace" : false
    }, {
      "id" : "s4-t33",
      "begin" : 318,
      "end" : 319,
      "text" : "、",
      "whiteSpace" : false
    }, {
      "id" : "s4-t34",
      "begin" : 319,
      "end" : 320,
      "text" : "湯",
      "whiteSpace" : false
    }, {
      "id" : "s4-t35",
      "begin" : 320,
      "end" : 321,
      "text" : "の",
      "whiteSpace" : false
    }, {
      "id" : "s4-t36",
      "begin" : 321,
      "end" : 322,
      "text" : "花",
      "whiteSpace" : false
    }, {
      "id" : "s4-t37",
      "begin" : 322,
      "end" : 323,
      "text" : "が",
      "whiteSpace" : false
    }, {
      "id" : "s4-t38",
      "begin" : 323,
      "end" : 325,
      "text" : "赤い",
      "whiteSpace" : false
    }, {
      "id" : "s4-t39",
      "begin" : 325,
      "end" : 327,
      "text" : "濁り",
      "whiteSpace" : false
    }, {
      "id" : "s4-t40",
      "begin" : 327,
      "end" : 328,
      "text" : "湯",
      "whiteSpace" : false
    }, {
      "id" : "s4-t41",
      "begin" : 328,
      "end" : 329,
      "text" : "。",
      "whiteSpace" : false
    } ]
  }, {
    "id" : "s5",
    "begin" : 329,
    "end" : 365,
    "text" : "また、全ての宿が源泉かけ流し１００％で、大地の恩恵をそのまま堪能できる。",
    "tokens" : [ {
      "id" : "s5-t0",
      "begin" : 329,
      "end" : 331,
      "text" : "また",
      "whiteSpace" : false
    }, {
      "id" : "s5-t1",
      "begin" : 331,
      "end" : 332,
      "text" : "、",
      "whiteSpace" : false
    }, {
      "id" : "s5-t2",
      "begin" : 332,
      "end" : 334,
      "text" : "全て",
      "whiteSpace" : false
    }, {
      "id" : "s5-t3",
      "begin" : 334,
      "end" : 335,
      "text" : "の",
      "whiteSpace" : false
    }, {
      "id" : "s5-t4",
      "begin" : 335,
      "end" : 336,
      "text" : "宿",
      "whiteSpace" : false
    }, {
      "id" : "s5-t5",
      "begin" : 336,
      "end" : 337,
      "text" : "が",
      "whiteSpace" : false
    }, {
      "id" : "s5-t6",
      "begin" : 337,
      "end" : 339,
      "text" : "源泉",
      "whiteSpace" : false
    }, {
      "id" : "s5-t7",
      "begin" : 339,
      "end" : 341,
      "text" : "かけ",
      "whiteSpace" : false
    }, {
      "id" : "s5-t8",
      "begin" : 341,
      "end" : 343,
      "text" : "流し",
      "whiteSpace" : false
    }, {
      "id" : "s5-t9",
      "begin" : 343,
      "end" : 346,
      "text" : "１００",
      "whiteSpace" : false
    }, {
      "id" : "s5-t10",
      "begin" : 346,
      "end" : 347,
      "text" : "％",
      "whiteSpace" : false
    }, {
      "id" : "s5-t11",
      "begin" : 347,
      "end" : 348,
      "text" : "で",
      "whiteSpace" : false
    }, {
      "id" : "s5-t12",
      "begin" : 348,
      "end" : 349,
      "text" : "、",
      "whiteSpace" : false
    }, {
      "id" : "s5-t13",
      "begin" : 349,
      "end" : 351,
      "text" : "大地",
      "whiteSpace" : false
    }, {
      "id" : "s5-t14",
      "begin" : 351,
      "end" : 352,
      "text" : "の",
      "whiteSpace" : false
    }, {
      "id" : "s5-t15",
      "begin" : 352,
      "end" : 354,
      "text" : "恩恵",
      "whiteSpace" : false
    }, {
      "id" : "s5-t16",
      "begin" : 354,
      "end" : 355,
      "text" : "を",
      "whiteSpace" : false
    }, {
      "id" : "s5-t17",
      "begin" : 355,
      "end" : 359,
      "text" : "そのまま",
      "whiteSpace" : false
    }, {
      "id" : "s5-t18",
      "begin" : 359,
      "end" : 361,
      "text" : "堪能",
      "whiteSpace" : false
    }, {
      "id" : "s5-t19",
      "begin" : 361,
      "end" : 364,
      "text" : "できる",
      "whiteSpace" : false
    }, {
      "id" : "s5-t20",
      "begin" : 364,
      "end" : 365,
      "text" : "。",
      "whiteSpace" : false
    } ]
  }, {
    "id" : "s6",
    "begin" : 366,
    "end" : 396,
    "text" : "燕温泉は、白い濁り湯が特徴の秘湯で、妙高山の登山口でもある。",
    "tokens" : [ {
      "id" : "s6-t0",
      "begin" : 366,
      "end" : 367,
      "text" : "燕",
      "whiteSpace" : false
    }, {
      "id" : "s6-t1",
      "begin" : 367,
      "end" : 369,
      "text" : "温泉",
      "whiteSpace" : false
    }, {
      "id" : "s6-t2",
      "begin" : 369,
      "end" : 370,
      "text" : "は",
      "whiteSpace" : false
    }, {
      "id" : "s6-t3",
      "begin" : 370,
      "end" : 371,
      "text" : "、",
      "whiteSpace" : false
    }, {
      "id" : "s6-t4",
      "begin" : 371,
      "end" : 373,
      "text" : "白い",
      "whiteSpace" : false
    }, {
      "id" : "s6-t5",
      "begin" : 373,
      "end" : 375,
      "text" : "濁り",
      "whiteSpace" : false
    }, {
      "id" : "s6-t6",
      "begin" : 375,
      "end" : 376,
      "text" : "湯",
      "whiteSpace" : false
    }, {
      "id" : "s6-t7",
      "begin" : 376,
      "end" : 377,
      "text" : "が",
      "whiteSpace" : false
    }, {
      "id" : "s6-t8",
      "begin" : 377,
      "end" : 379,
      "text" : "特徴",
      "whiteSpace" : false
    }, {
      "id" : "s6-t9",
      "begin" : 379,
      "end" : 380,
      "text" : "の",
      "whiteSpace" : false
    }, {
      "id" : "s6-t10",
      "begin" : 380,
      "end" : 382,
      "text" : "秘湯",
      "whiteSpace" : false
    }, {
      "id" : "s6-t11",
      "begin" : 382,
      "end" : 383,
      "text" : "で",
      "whiteSpace" : false
    }, {
      "id" : "s6-t12",
      "begin" : 383,
      "end" : 384,
      "text" : "、",
      "whiteSpace" : false
    }, {
      "id" : "s6-t13",
      "begin" : 384,
      "end" : 387,
      "text" : "妙高山",
      "whiteSpace" : false
    }, {
      "id" : "s6-t14",
      "begin" : 387,
      "end" : 388,
      "text" : "の",
      "whiteSpace" : false
    }, {
      "id" : "s6-t15",
      "begin" : 388,
      "end" : 390,
      "text" : "登山",
      "whiteSpace" : false
    }, {
      "id" : "s6-t16",
      "begin" : 390,
      "end" : 391,
      "text" : "口",
      "whiteSpace" : false
    }, {
      "id" : "s6-t17",
      "begin" : 391,
      "end" : 392,
      "text" : "で",
      "whiteSpace" : false
    }, {
      "id" : "s6-t18",
      "begin" : 392,
      "end" : 393,
      "text" : "も",
      "whiteSpace" : false
    }, {
      "id" : "s6-t19",
      "begin" : 393,
      "end" : 395,
      "text" : "ある",
      "whiteSpace" : false
    }, {
      "id" : "s6-t20",
      "begin" : 395,
      "end" : 396,
      "text" : "。",
      "whiteSpace" : false
    } ]
  }, {
    "id" : "s7",
    "begin" : 396,
    "end" : 483,
    "text" : "一般開放されている野天風呂が２か所あるほか、日本の滝百選に選ばれている「惣滝」もあり、新緑香る季節と紅葉シーズンは、野趣あふれる温泉と自然を堪能できると、大勢の人でにぎわう。",
    "tokens" : [ {
      "id" : "s7-t0",
      "begin" : 396,
      "end" : 398,
      "text" : "一般",
      "whiteSpace" : false
    }, {
      "id" : "s7-t1",
      "begin" : 398,
      "end" : 400,
      "text" : "開放",
      "whiteSpace" : false
    }, {
      "id" : "s7-t2",
      "begin" : 400,
      "end" : 401,
      "text" : "さ",
      "whiteSpace" : false
    }, {
      "id" : "s7-t3",
      "begin" : 401,
      "end" : 403,
      "text" : "れて",
      "whiteSpace" : false
    }, {
      "id" : "s7-t4",
      "begin" : 403,
      "end" : 405,
      "text" : "いる",
      "whiteSpace" : false
    }, {
      "id" : "s7-t5",
      "begin" : 405,
      "end" : 407,
      "text" : "野天",
      "whiteSpace" : false
    }, {
      "id" : "s7-t6",
      "begin" : 407,
      "end" : 409,
      "text" : "風呂",
      "whiteSpace" : false
    }, {
      "id" : "s7-t7",
      "begin" : 409,
      "end" : 410,
      "text" : "が",
      "whiteSpace" : false
    }, {
      "id" : "s7-t8",
      "begin" : 410,
      "end" : 411,
      "text" : "２",
      "whiteSpace" : false
    }, {
      "id" : "s7-t9",
      "begin" : 411,
      "end" : 412,
      "text" : "か",
      "whiteSpace" : false
    }, {
      "id" : "s7-t10",
      "begin" : 412,
      "end" : 413,
      "text" : "所",
      "whiteSpace" : false
    }, {
      "id" : "s7-t11",
      "begin" : 413,
      "end" : 415,
      "text" : "ある",
      "whiteSpace" : false
    }, {
      "id" : "s7-t12",
      "begin" : 415,
      "end" : 417,
      "text" : "ほか",
      "whiteSpace" : false
    }, {
      "id" : "s7-t13",
      "begin" : 417,
      "end" : 418,
      "text" : "、",
      "whiteSpace" : false
    }, {
      "id" : "s7-t14",
      "begin" : 418,
      "end" : 420,
      "text" : "日本",
      "whiteSpace" : false
    }, {
      "id" : "s7-t15",
      "begin" : 420,
      "end" : 421,
      "text" : "の",
      "whiteSpace" : false
    }, {
      "id" : "s7-t16",
      "begin" : 421,
      "end" : 423,
      "text" : "滝百",
      "whiteSpace" : false
    }, {
      "id" : "s7-t17",
      "begin" : 423,
      "end" : 424,
      "text" : "選",
      "whiteSpace" : false
    }, {
      "id" : "s7-t18",
      "begin" : 424,
      "end" : 425,
      "text" : "に",
      "whiteSpace" : false
    }, {
      "id" : "s7-t19",
      "begin" : 425,
      "end" : 427,
      "text" : "選ば",
      "whiteSpace" : false
    }, {
      "id" : "s7-t20",
      "begin" : 427,
      "end" : 429,
      "text" : "れて",
      "whiteSpace" : false
    }, {
      "id" : "s7-t21",
      "begin" : 429,
      "end" : 431,
      "text" : "いる",
      "whiteSpace" : false
    }, {
      "id" : "s7-t22",
      "begin" : 431,
      "end" : 432,
      "text" : "「",
      "whiteSpace" : false
    }, {
      "id" : "s7-t23",
      "begin" : 432,
      "end" : 434,
      "text" : "惣滝",
      "whiteSpace" : false
    }, {
      "id" : "s7-t24",
      "begin" : 434,
      "end" : 435,
      "text" : "」",
      "whiteSpace" : false
    }, {
      "id" : "s7-t25",
      "begin" : 435,
      "end" : 436,
      "text" : "も",
      "whiteSpace" : false
    }, {
      "id" : "s7-t26",
      "begin" : 436,
      "end" : 438,
      "text" : "あり",
      "whiteSpace" : false
    }, {
      "id" : "s7-t27",
      "begin" : 438,
      "end" : 439,
      "text" : "、",
      "whiteSpace" : false
    }, {
      "id" : "s7-t28",
      "begin" : 439,
      "end" : 440,
      "text" : "新",
      "whiteSpace" : false
    }, {
      "id" : "s7-t29",
      "begin" : 440,
      "end" : 443,
      "text" : "緑香る",
      "whiteSpace" : false
    }, {
      "id" : "s7-t30",
      "begin" : 443,
      "end" : 445,
      "text" : "季節",
      "whiteSpace" : false
    }, {
      "id" : "s7-t31",
      "begin" : 445,
      "end" : 446,
      "text" : "と",
      "whiteSpace" : false
    }, {
      "id" : "s7-t32",
      "begin" : 446,
      "end" : 448,
      "text" : "紅葉",
      "whiteSpace" : false
    }, {
      "id" : "s7-t33",
      "begin" : 448,
      "end" : 452,
      "text" : "シーズン",
      "whiteSpace" : false
    }, {
      "id" : "s7-t34",
      "begin" : 452,
      "end" : 453,
      "text" : "は",
      "whiteSpace" : false
    }, {
      "id" : "s7-t35",
      "begin" : 453,
      "end" : 454,
      "text" : "、",
      "whiteSpace" : false
    }, {
      "id" : "s7-t36",
      "begin" : 454,
      "end" : 456,
      "text" : "野趣",
      "whiteSpace" : false
    }, {
      "id" : "s7-t37",
      "begin" : 456,
      "end" : 460,
      "text" : "あふれる",
      "whiteSpace" : false
    }, {
      "id" : "s7-t38",
      "begin" : 460,
      "end" : 462,
      "text" : "温泉",
      "whiteSpace" : false
    }, {
      "id" : "s7-t39",
      "begin" : 462,
      "end" : 463,
      "text" : "と",
      "whiteSpace" : false
    }, {
      "id" : "s7-t40",
      "begin" : 463,
      "end" : 465,
      "text" : "自然",
      "whiteSpace" : false
    }, {
      "id" : "s7-t41",
      "begin" : 465,
      "end" : 466,
      "text" : "を",
      "whiteSpace" : false
    }, {
      "id" : "s7-t42",
      "begin" : 466,
      "end" : 468,
      "text" : "堪能",
      "whiteSpace" : false
    }, {
      "id" : "s7-t43",
      "begin" : 468,
      "end" : 471,
      "text" : "できる",
      "whiteSpace" : false
    }, {
      "id" : "s7-t44",
      "begin" : 471,
      "end" : 472,
      "text" : "と",
      "whiteSpace" : false
    }, {
      "id" : "s7-t45",
      "begin" : 472,
      "end" : 473,
      "text" : "、",
      "whiteSpace" : false
    }, {
      "id" : "s7-t46",
      "begin" : 473,
      "end" : 475,
      "text" : "大勢",
      "whiteSpace" : false
    }, {
      "id" : "s7-t47",
      "begin" : 475,
      "end" : 476,
      "text" : "の",
      "whiteSpace" : false
    }, {
      "id" : "s7-t48",
      "begin" : 476,
      "end" : 477,
      "text" : "人",
      "whiteSpace" : false
    }, {
      "id" : "s7-t49",
      "begin" : 477,
      "end" : 478,
      "text" : "で",
      "whiteSpace" : false
    }, {
      "id" : "s7-t50",
      "begin" : 478,
      "end" : 482,
      "text" : "にぎわう",
      "whiteSpace" : false
    }, {
      "id" : "s7-t51",
      "begin" : 482,
      "end" : 483,
      "text" : "。",
      "whiteSpace" : false
    } ]
  }, {
    "id" : "s8",
    "begin" : 484,
    "end" : 537,
    "text" : "関温泉は、その主な泉質はナトリウム-塩化物・炭酸水素塩泉であり、1つの源泉が13件の旅館に利用されている。",
    "tokens" : [ {
      "id" : "s8-t0",
      "begin" : 484,
      "end" : 485,
      "text" : "関",
      "whiteSpace" : false
    }, {
      "id" : "s8-t1",
      "begin" : 485,
      "end" : 487,
      "text" : "温泉",
      "whiteSpace" : false
    }, {
      "id" : "s8-t2",
      "begin" : 487,
      "end" : 488,
      "text" : "は",
      "whiteSpace" : false
    }, {
      "id" : "s8-t3",
      "begin" : 488,
      "end" : 489,
      "text" : "、",
      "whiteSpace" : false
    }, {
      "id" : "s8-t4",
      "begin" : 489,
      "end" : 491,
      "text" : "その",
      "whiteSpace" : false
    }, {
      "id" : "s8-t5",
      "begin" : 491,
      "end" : 493,
      "text" : "主な",
      "whiteSpace" : false
    }, {
      "id" : "s8-t6",
      "begin" : 493,
      "end" : 495,
      "text" : "泉質",
      "whiteSpace" : false
    }, {
      "id" : "s8-t7",
      "begin" : 495,
      "end" : 496,
      "text" : "は",
      "whiteSpace" : false
    }, {
      "id" : "s8-t8",
      "begin" : 496,
      "end" : 501,
      "text" : "ナトリウム",
      "whiteSpace" : false
    }, {
      "id" : "s8-t9",
      "begin" : 501,
      "end" : 502,
      "text" : "-",
      "whiteSpace" : false
    }, {
      "id" : "s8-t10",
      "begin" : 502,
      "end" : 504,
      "text" : "塩化",
      "whiteSpace" : false
    }, {
      "id" : "s8-t11",
      "begin" : 504,
      "end" : 505,
      "text" : "物",
      "whiteSpace" : false
    }, {
      "id" : "s8-t12",
      "begin" : 505,
      "end" : 506,
      "text" : "・",
      "whiteSpace" : false
    }, {
      "id" : "s8-t13",
      "begin" : 506,
      "end" : 508,
      "text" : "炭酸",
      "whiteSpace" : false
    }, {
      "id" : "s8-t14",
      "begin" : 508,
      "end" : 510,
      "text" : "水素",
      "whiteSpace" : false
    }, {
      "id" : "s8-t15",
      "begin" : 510,
      "end" : 512,
      "text" : "塩泉",
      "whiteSpace" : false
    }, {
      "id" : "s8-t16",
      "begin" : 512,
      "end" : 515,
      "text" : "であり",
      "whiteSpace" : false
    }, {
      "id" : "s8-t17",
      "begin" : 515,
      "end" : 516,
      "text" : "、",
      "whiteSpace" : false
    }, {
      "id" : "s8-t18",
      "begin" : 516,
      "end" : 517,
      "text" : "1",
      "whiteSpace" : false
    }, {
      "id" : "s8-t19",
      "begin" : 517,
      "end" : 518,
      "text" : "つ",
      "whiteSpace" : false
    }, {
      "id" : "s8-t20",
      "begin" : 518,
      "end" : 519,
      "text" : "の",
      "whiteSpace" : false
    }, {
      "id" : "s8-t21",
      "begin" : 519,
      "end" : 521,
      "text" : "源泉",
      "whiteSpace" : false
    }, {
      "id" : "s8-t22",
      "begin" : 521,
      "end" : 522,
      "text" : "が",
      "whiteSpace" : false
    }, {
      "id" : "s8-t23",
      "begin" : 522,
      "end" : 524,
      "text" : "13",
      "whiteSpace" : false
    }, {
      "id" : "s8-t24",
      "begin" : 524,
      "end" : 525,
      "text" : "件",
      "whiteSpace" : false
    }, {
      "id" : "s8-t25",
      "begin" : 525,
      "end" : 526,
      "text" : "の",
      "whiteSpace" : false
    }, {
      "id" : "s8-t26",
      "begin" : 526,
      "end" : 528,
      "text" : "旅館",
      "whiteSpace" : false
    }, {
      "id" : "s8-t27",
      "begin" : 528,
      "end" : 529,
      "text" : "に",
      "whiteSpace" : false
    }, {
      "id" : "s8-t28",
      "begin" : 529,
      "end" : 531,
      "text" : "利用",
      "whiteSpace" : false
    }, {
      "id" : "s8-t29",
      "begin" : 531,
      "end" : 532,
      "text" : "さ",
      "whiteSpace" : false
    }, {
      "id" : "s8-t30",
      "begin" : 532,
      "end" : 534,
      "text" : "れて",
      "whiteSpace" : false
    }, {
      "id" : "s8-t31",
      "begin" : 534,
      "end" : 536,
      "text" : "いる",
      "whiteSpace" : false
    }, {
      "id" : "s8-t32",
      "begin" : 536,
      "end" : 537,
      "text" : "。",
      "whiteSpace" : false
    } ]
  }, {
    "id" : "s9",
    "begin" : 538,
    "end" : 621,
    "text" : "燕温泉は、その主な泉質は含硫黄-ナトリウム・カルシウム-炭酸水素塩・硫酸塩・塩化物温泉であり、4 つの源泉が 7 件の旅館と 2 つの日帰り入浴施設に利用されている。",
    "tokens" : [ {
      "id" : "s9-t0",
      "begin" : 538,
      "end" : 539,
      "text" : "燕",
      "whiteSpace" : false
    }, {
      "id" : "s9-t1",
      "begin" : 539,
      "end" : 541,
      "text" : "温泉",
      "whiteSpace" : false
    }, {
      "id" : "s9-t2",
      "begin" : 541,
      "end" : 542,
      "text" : "は",
      "whiteSpace" : false
    }, {
      "id" : "s9-t3",
      "begin" : 542,
      "end" : 543,
      "text" : "、",
      "whiteSpace" : false
    }, {
      "id" : "s9-t4",
      "begin" : 543,
      "end" : 545,
      "text" : "その",
      "whiteSpace" : false
    }, {
      "id" : "s9-t5",
      "begin" : 545,
      "end" : 547,
      "text" : "主な",
      "whiteSpace" : false
    }, {
      "id" : "s9-t6",
      "begin" : 547,
      "end" : 549,
      "text" : "泉質",
      "whiteSpace" : false
    }, {
      "id" : "s9-t7",
      "begin" : 549,
      "end" : 550,
      "text" : "は",
      "whiteSpace" : false
    }, {
      "id" : "s9-t8",
      "begin" : 550,
      "end" : 551,
      "text" : "含",
      "whiteSpace" : false
    }, {
      "id" : "s9-t9",
      "begin" : 551,
      "end" : 553,
      "text" : "硫黄",
      "whiteSpace" : false
    }, {
      "id" : "s9-t10",
      "begin" : 553,
      "end" : 554,
      "text" : "-",
      "whiteSpace" : false
    }, {
      "id" : "s9-t11",
      "begin" : 554,
      "end" : 559,
      "text" : "ナトリウム",
      "whiteSpace" : false
    }, {
      "id" : "s9-t12",
      "begin" : 559,
      "end" : 560,
      "text" : "・",
      "whiteSpace" : false
    }, {
      "id" : "s9-t13",
      "begin" : 560,
      "end" : 565,
      "text" : "カルシウム",
      "whiteSpace" : false
    }, {
      "id" : "s9-t14",
      "begin" : 565,
      "end" : 566,
      "text" : "-",
      "whiteSpace" : false
    }, {
      "id" : "s9-t15",
      "begin" : 566,
      "end" : 568,
      "text" : "炭酸",
      "whiteSpace" : false
    }, {
      "id" : "s9-t16",
      "begin" : 568,
      "end" : 570,
      "text" : "水素",
      "whiteSpace" : false
    }, {
      "id" : "s9-t17",
      "begin" : 570,
      "end" : 571,
      "text" : "塩",
      "whiteSpace" : false
    }, {
      "id" : "s9-t18",
      "begin" : 571,
      "end" : 572,
      "text" : "・",
      "whiteSpace" : false
    }, {
      "id" : "s9-t19",
      "begin" : 572,
      "end" : 574,
      "text" : "硫酸",
      "whiteSpace" : false
    }, {
      "id" : "s9-t20",
      "begin" : 574,
      "end" : 575,
      "text" : "塩",
      "whiteSpace" : false
    }, {
      "id" : "s9-t21",
      "begin" : 575,
      "end" : 576,
      "text" : "・",
      "whiteSpace" : false
    }, {
      "id" : "s9-t22",
      "begin" : 576,
      "end" : 578,
      "text" : "塩化",
      "whiteSpace" : false
    }, {
      "id" : "s9-t23",
      "begin" : 578,
      "end" : 579,
      "text" : "物",
      "whiteSpace" : false
    }, {
      "id" : "s9-t24",
      "begin" : 579,
      "end" : 581,
      "text" : "温泉",
      "whiteSpace" : false
    }, {
      "id" : "s9-t25",
      "begin" : 581,
      "end" : 584,
      "text" : "であり",
      "whiteSpace" : false
    }, {
      "id" : "s9-t26",
      "begin" : 584,
      "end" : 585,
      "text" : "、",
      "whiteSpace" : false
    }, {
      "id" : "s9-t27",
      "begin" : 585,
      "end" : 586,
      "text" : "4",
      "whiteSpace" : false
    }, {
      "id" : "s9-t28",
      "begin" : 587,
      "end" : 588,
      "text" : "つ",
      "whiteSpace" : false
    }, {
      "id" : "s9-t29",
      "begin" : 588,
      "end" : 589,
      "text" : "の",
      "whiteSpace" : false
    }, {
      "id" : "s9-t30",
      "begin" : 589,
      "end" : 591,
      "text" : "源泉",
      "whiteSpace" : false
    }, {
      "id" : "s9-t31",
      "begin" : 591,
      "end" : 592,
      "text" : "が",
      "whiteSpace" : false
    }, {
      "id" : "s9-t32",
      "begin" : 593,
      "end" : 594,
      "text" : "7",
      "whiteSpace" : false
    }, {
      "id" : "s9-t33",
      "begin" : 595,
      "end" : 596,
      "text" : "件",
      "whiteSpace" : false
    }, {
      "id" : "s9-t34",
      "begin" : 596,
      "end" : 597,
      "text" : "の",
      "whiteSpace" : false
    }, {
      "id" : "s9-t35",
      "begin" : 597,
      "end" : 599,
      "text" : "旅館",
      "whiteSpace" : false
    }, {
      "id" : "s9-t36",
      "begin" : 599,
      "end" : 600,
      "text" : "と",
      "whiteSpace" : false
    }, {
      "id" : "s9-t37",
      "begin" : 601,
      "end" : 602,
      "text" : "2",
      "whiteSpace" : false
    }, {
      "id" : "s9-t38",
      "begin" : 603,
      "end" : 604,
      "text" : "つ",
      "whiteSpace" : false
    }, {
      "id" : "s9-t39",
      "begin" : 604,
      "end" : 605,
      "text" : "の",
      "whiteSpace" : false
    }, {
      "id" : "s9-t40",
      "begin" : 605,
      "end" : 608,
      "text" : "日帰り",
      "whiteSpace" : false
    }, {
      "id" : "s9-t41",
      "begin" : 608,
      "end" : 610,
      "text" : "入浴",
      "whiteSpace" : false
    }, {
      "id" : "s9-t42",
      "begin" : 610,
      "end" : 612,
      "text" : "施設",
      "whiteSpace" : false
    }, {
      "id" : "s9-t43",
      "begin" : 612,
      "end" : 613,
      "text" : "に",
      "whiteSpace" : false
    }, {
      "id" : "s9-t44",
      "begin" : 613,
      "end" : 615,
      "text" : "利用",
      "whiteSpace" : false
    }, {
      "id" : "s9-t45",
      "begin" : 615,
      "end" : 616,
      "text" : "さ",
      "whiteSpace" : false
    }, {
      "id" : "s9-t46",
      "begin" : 616,
      "end" : 618,
      "text" : "れて",
      "whiteSpace" : false
    }, {
      "id" : "s9-t47",
      "begin" : 618,
      "end" : 620,
      "text" : "いる",
      "whiteSpace" : false
    }, {
      "id" : "s9-t48",
      "begin" : 620,
      "end" : 621,
      "text" : "。",
      "whiteSpace" : false
    } ]
  } ],
  "mentions" : [ {
    "id" : "s1-m2",
    "properties" : {
      "SIRE_MENTION_ROLE" : "ONSEN",
      "SIRE_ENTITY_SUBTYPE" : "NONE",
      "SIRE_MENTION_TYPE" : "NONE",
      "SIRE_MENTION_CLASS" : "SPC"
    },
    "type" : "ONSEN",
    "begin" : 27,
    "end" : 30,
    "inCoref" : false
  }, {
    "id" : "s1-m1",
    "properties" : {
      "SIRE_MENTION_ROLE" : "ONSEN",
      "SIRE_ENTITY_SUBTYPE" : "NONE",
      "SIRE_MENTION_TYPE" : "NONE",
      "SIRE_MENTION_CLASS" : "SPC"
    },
    "type" : "ONSEN",
    "begin" : 55,
    "end" : 58,
    "inCoref" : false
  }, {
    "id" : "s2-m1",
    "properties" : {
      "SIRE_MENTION_ROLE" : "ONSEN",
      "SIRE_ENTITY_SUBTYPE" : "NONE",
      "SIRE_MENTION_TYPE" : "NONE",
      "SIRE_MENTION_CLASS" : "SPC"
    },
    "type" : "ONSEN",
    "begin" : 90,
    "end" : 93,
    "inCoref" : false
  }, {
    "id" : "s2-m2",
    "properties" : {
      "SIRE_MENTION_ROLE" : "ONSEN",
      "SIRE_ENTITY_SUBTYPE" : "NONE",
      "SIRE_MENTION_TYPE" : "NONE",
      "SIRE_MENTION_CLASS" : "SPC"
    },
    "type" : "ONSEN",
    "begin" : 100,
    "end" : 103,
    "inCoref" : false
  }, {
    "id" : "s3-m1",
    "properties" : {
      "SIRE_MENTION_ROLE" : "ONSEN",
      "SIRE_ENTITY_SUBTYPE" : "NONE",
      "SIRE_MENTION_TYPE" : "NONE",
      "SIRE_MENTION_CLASS" : "SPC"
    },
    "type" : "ONSEN",
    "begin" : 166,
    "end" : 169,
    "inCoref" : false
  }, {
    "id" : "s4-m1",
    "properties" : {
      "SIRE_MENTION_ROLE" : "ONSEN",
      "SIRE_ENTITY_SUBTYPE" : "NONE",
      "SIRE_MENTION_TYPE" : "NONE",
      "SIRE_MENTION_CLASS" : "SPC"
    },
    "type" : "ONSEN",
    "begin" : 261,
    "end" : 264,
    "inCoref" : false
  }, {
    "id" : "s6-m1",
    "properties" : {
      "SIRE_MENTION_ROLE" : "ONSEN",
      "SIRE_ENTITY_SUBTYPE" : "NONE",
      "SIRE_MENTION_TYPE" : "NONE",
      "SIRE_MENTION_CLASS" : "SPC"
    },
    "type" : "ONSEN",
    "begin" : 366,
    "end" : 369,
    "inCoref" : false
  }, {
    "id" : "s8-m2",
    "properties" : {
      "SIRE_MENTION_ROLE" : "ONSEN",
      "SIRE_ENTITY_SUBTYPE" : "NONE",
      "SIRE_MENTION_TYPE" : "NONE",
      "SIRE_MENTION_CLASS" : "SPC"
    },
    "type" : "ONSEN",
    "begin" : 484,
    "end" : 487,
    "inCoref" : false
  }, {
    "id" : "s8-m0",
    "properties" : {
      "SIRE_MENTION_CLASS" : "SPC",
      "SIRE_MENTION_ROLE" : "Sensitsu",
      "SIRE_MENTION_TYPE" : "NONE",
      "SIRE_ENTITY_SUBTYPE" : "NONE"
    },
    "type" : "Sensitsu",
    "begin" : 496,
    "end" : 512,
    "inCoref" : false
  }, {
    "id" : "s9-m1",
    "properties" : {
      "SIRE_MENTION_ROLE" : "ONSEN",
      "SIRE_ENTITY_SUBTYPE" : "NONE",
      "SIRE_MENTION_TYPE" : "NONE",
      "SIRE_MENTION_CLASS" : "SPC"
    },
    "type" : "ONSEN",
    "begin" : 538,
    "end" : 541,
    "inCoref" : false
  }, {
    "id" : "s9-m2",
    "properties" : {
      "SIRE_MENTION_ROLE" : "Sensitsu",
      "SIRE_ENTITY_SUBTYPE" : "NONE",
      "SIRE_MENTION_TYPE" : "NONE",
      "SIRE_MENTION_CLASS" : "SPC"
    },
    "type" : "Sensitsu",
    "begin" : 550,
    "end" : 581,
    "inCoref" : false
  } ],
  "relations" : [ {
    "id" : "s8-r1",
    "properties" : { },
    "type" : "hasAttribute",
    "args" : [ "s8-m2", "s8-m0" ]
  }, {
    "id" : "s9-r1",
    "properties" : { },
    "type" : "hasAttribute",
    "args" : [ "s9-m1", "s9-m2" ]
  } ],
  "corefs" : [ ],
  "typeResolved" : true,
  "userResolved" : false
}