{
  "id" : "5ae7cfb0-d149-11e9-ad4b-c984733d60b0-26",
  "name" : "26_カルルス温泉 国民保養温泉地計画書",
  "createdDate" : 0,
  "version" : 3,
  "text" : "１．温泉地の概要\nカルルス温泉は支笏洞爺国立公園内に位置し、明治 32 年の開湯以降、賑やかな登別温泉とは対照的に温泉の俗化を避け、湯治場の情緒を残した山間の静かな温泉郷として多く利用客を受け入れてきた。\n本地域は、古くはアイヌ語で「小川の床」を指すペンネケセと呼ばれており、現地名は川床から湧き出るラジウムの豊富な単純泉が、チェコのカルルスバード（カルロビバリ）の泉質と似ていることから、「カルルス」という地名がつけられたと言われている。\nカルルス温泉は来馬岳、オロフレ山、加車山など美しい山々に外輪を囲まれ、北西には北海道内で最も標高が高いオロフレ峠、東方には橘湖があり、豊かな自然に囲まれている。特に橘湖は人の手がほとんど加えられておらず、神秘的な佇まいが人々を強く惹きつける。\n開湯時は共同浴場と 1 軒の旅館があるのみであったが、明治 38 年日露戦争終期に、激増する戦傷兵の療養のため、登別温泉と共に旭川陸軍予備病院の指定する療養地となったことで全国的に有名になった。\nその後、カルルス温泉と市街地、及び約 8 キロ離れた登別温泉と結ぶ道路が整備されたことで、観光客が増加し、大正の初めころには年間の入込客数が 5,000 人を超えるまでになった。昭和 2 年には登別温泉との間で、当時、全国でも珍しかった乗合小型自動車の運行が始まり、人気を博した。\n昭和 32 年に全国で 12 番目、北海道では初の国民保養温泉地に指定され、登別温泉とは一線を画す閑静な湯治場、温泉地として歩みを続けてきた。ほぼ同時期に、登別温泉からの道路が完全舗装されたこともあり、観光客も増加にともない、旅館も 4 軒から 7 軒に増加して受入環境整備が進んだ。\nまた、昭和 38 年、カルルス温泉に国設カルルススキー場が開設された。これにより、落ち込みがちであった冬期間の観光誘客が大きく回復し、カルルス温泉の新たな魅力となっている。\n現在のカルルス温泉には、4 軒の宿泊施設があり、今では少なくなった日本の古き良き温泉地の雰囲気が多くの観光客を惹きつけている。",
  "docLength" : 0,
  "language" : "JA",
  "status" : "IN_PROGRESS",
  "modifiedDate" : 1567848587597,
  "documentSet" : [ ],
  "preannotation" : [ "PRE_LW" ],
  "sentences" : [ {
    "id" : "s0",
    "begin" : 0,
    "end" : 2,
    "text" : "１．",
    "tokens" : [ {
      "id" : "s0-t0",
      "begin" : 0,
      "end" : 1,
      "text" : "１",
      "whiteSpace" : false
    }, {
      "id" : "s0-t1",
      "begin" : 1,
      "end" : 2,
      "text" : "．",
      "whiteSpace" : false
    } ]
  }, {
    "id" : "s1",
    "begin" : 2,
    "end" : 102,
    "text" : "温泉地の概要\nカルルス温泉は支笏洞爺国立公園内に位置し、明治 32 年の開湯以降、賑やかな登別温泉とは対照的に温泉の俗化を避け、湯治場の情緒を残した山間の静かな温泉郷として多く利用客を受け入れてきた。",
    "tokens" : [ {
      "id" : "s1-t0",
      "begin" : 2,
      "end" : 4,
      "text" : "温泉",
      "whiteSpace" : false
    }, {
      "id" : "s1-t1",
      "begin" : 4,
      "end" : 5,
      "text" : "地",
      "whiteSpace" : false
    }, {
      "id" : "s1-t2",
      "begin" : 5,
      "end" : 6,
      "text" : "の",
      "whiteSpace" : false
    }, {
      "id" : "s1-t3",
      "begin" : 6,
      "end" : 8,
      "text" : "概要",
      "whiteSpace" : false
    }, {
      "id" : "s1-t4",
      "begin" : 9,
      "end" : 13,
      "text" : "カルルス",
      "whiteSpace" : false
    }, {
      "id" : "s1-t5",
      "begin" : 13,
      "end" : 15,
      "text" : "温泉",
      "whiteSpace" : false
    }, {
      "id" : "s1-t6",
      "begin" : 15,
      "end" : 16,
      "text" : "は",
      "whiteSpace" : false
    }, {
      "id" : "s1-t7",
      "begin" : 16,
      "end" : 18,
      "text" : "支笏",
      "whiteSpace" : false
    }, {
      "id" : "s1-t8",
      "begin" : 18,
      "end" : 20,
      "text" : "洞爺",
      "whiteSpace" : false
    }, {
      "id" : "s1-t9",
      "begin" : 20,
      "end" : 22,
      "text" : "国立",
      "whiteSpace" : false
    }, {
      "id" : "s1-t10",
      "begin" : 22,
      "end" : 24,
      "text" : "公園",
      "whiteSpace" : false
    }, {
      "id" : "s1-t11",
      "begin" : 24,
      "end" : 25,
      "text" : "内",
      "whiteSpace" : false
    }, {
      "id" : "s1-t12",
      "begin" : 25,
      "end" : 26,
      "text" : "に",
      "whiteSpace" : false
    }, {
      "id" : "s1-t13",
      "begin" : 26,
      "end" : 28,
      "text" : "位置",
      "whiteSpace" : false
    }, {
      "id" : "s1-t14",
      "begin" : 28,
      "end" : 29,
      "text" : "し",
      "whiteSpace" : false
    }, {
      "id" : "s1-t15",
      "begin" : 29,
      "end" : 30,
      "text" : "、",
      "whiteSpace" : false
    }, {
      "id" : "s1-t16",
      "begin" : 30,
      "end" : 32,
      "text" : "明治",
      "whiteSpace" : false
    }, {
      "id" : "s1-t17",
      "begin" : 33,
      "end" : 35,
      "text" : "32",
      "whiteSpace" : false
    }, {
      "id" : "s1-t18",
      "begin" : 36,
      "end" : 37,
      "text" : "年",
      "whiteSpace" : false
    }, {
      "id" : "s1-t19",
      "begin" : 37,
      "end" : 38,
      "text" : "の",
      "whiteSpace" : false
    }, {
      "id" : "s1-t20",
      "begin" : 38,
      "end" : 40,
      "text" : "開湯",
      "whiteSpace" : false
    }, {
      "id" : "s1-t21",
      "begin" : 40,
      "end" : 42,
      "text" : "以降",
      "whiteSpace" : false
    }, {
      "id" : "s1-t22",
      "begin" : 42,
      "end" : 43,
      "text" : "、",
      "whiteSpace" : false
    }, {
      "id" : "s1-t23",
      "begin" : 43,
      "end" : 47,
      "text" : "賑やかな",
      "whiteSpace" : false
    }, {
      "id" : "s1-t24",
      "begin" : 47,
      "end" : 49,
      "text" : "登別",
      "whiteSpace" : false
    }, {
      "id" : "s1-t25",
      "begin" : 49,
      "end" : 51,
      "text" : "温泉",
      "whiteSpace" : false
    }, {
      "id" : "s1-t26",
      "begin" : 51,
      "end" : 52,
      "text" : "と",
      "whiteSpace" : false
    }, {
      "id" : "s1-t27",
      "begin" : 52,
      "end" : 53,
      "text" : "は",
      "whiteSpace" : false
    }, {
      "id" : "s1-t28",
      "begin" : 53,
      "end" : 55,
      "text" : "対照",
      "whiteSpace" : false
    }, {
      "id" : "s1-t29",
      "begin" : 55,
      "end" : 57,
      "text" : "的に",
      "whiteSpace" : false
    }, {
      "id" : "s1-t30",
      "begin" : 57,
      "end" : 59,
      "text" : "温泉",
      "whiteSpace" : false
    }, {
      "id" : "s1-t31",
      "begin" : 59,
      "end" : 60,
      "text" : "の",
      "whiteSpace" : false
    }, {
      "id" : "s1-t32",
      "begin" : 60,
      "end" : 62,
      "text" : "俗化",
      "whiteSpace" : false
    }, {
      "id" : "s1-t33",
      "begin" : 62,
      "end" : 63,
      "text" : "を",
      "whiteSpace" : false
    }, {
      "id" : "s1-t34",
      "begin" : 63,
      "end" : 65,
      "text" : "避け",
      "whiteSpace" : false
    }, {
      "id" : "s1-t35",
      "begin" : 65,
      "end" : 66,
      "text" : "、",
      "whiteSpace" : false
    }, {
      "id" : "s1-t36",
      "begin" : 66,
      "end" : 68,
      "text" : "湯治",
      "whiteSpace" : false
    }, {
      "id" : "s1-t37",
      "begin" : 68,
      "end" : 69,
      "text" : "場",
      "whiteSpace" : false
    }, {
      "id" : "s1-t38",
      "begin" : 69,
      "end" : 70,
      "text" : "の",
      "whiteSpace" : false
    }, {
      "id" : "s1-t39",
      "begin" : 70,
      "end" : 72,
      "text" : "情緒",
      "whiteSpace" : false
    }, {
      "id" : "s1-t40",
      "begin" : 72,
      "end" : 73,
      "text" : "を",
      "whiteSpace" : false
    }, {
      "id" : "s1-t41",
      "begin" : 73,
      "end" : 76,
      "text" : "残した",
      "whiteSpace" : false
    }, {
      "id" : "s1-t42",
      "begin" : 76,
      "end" : 78,
      "text" : "山間",
      "whiteSpace" : false
    }, {
      "id" : "s1-t43",
      "begin" : 78,
      "end" : 79,
      "text" : "の",
      "whiteSpace" : false
    }, {
      "id" : "s1-t44",
      "begin" : 79,
      "end" : 82,
      "text" : "静かな",
      "whiteSpace" : false
    }, {
      "id" : "s1-t45",
      "begin" : 82,
      "end" : 85,
      "text" : "温泉郷",
      "whiteSpace" : false
    }, {
      "id" : "s1-t46",
      "begin" : 85,
      "end" : 86,
      "text" : "と",
      "whiteSpace" : false
    }, {
      "id" : "s1-t47",
      "begin" : 86,
      "end" : 88,
      "text" : "して",
      "whiteSpace" : false
    }, {
      "id" : "s1-t48",
      "begin" : 88,
      "end" : 90,
      "text" : "多く",
      "whiteSpace" : false
    }, {
      "id" : "s1-t49",
      "begin" : 90,
      "end" : 92,
      "text" : "利用",
      "whiteSpace" : false
    }, {
      "id" : "s1-t50",
      "begin" : 92,
      "end" : 93,
      "text" : "客",
      "whiteSpace" : false
    }, {
      "id" : "s1-t51",
      "begin" : 93,
      "end" : 94,
      "text" : "を",
      "whiteSpace" : false
    }, {
      "id" : "s1-t52",
      "begin" : 94,
      "end" : 99,
      "text" : "受け入れて",
      "whiteSpace" : false
    }, {
      "id" : "s1-t53",
      "begin" : 99,
      "end" : 101,
      "text" : "きた",
      "whiteSpace" : false
    }, {
      "id" : "s1-t54",
      "begin" : 101,
      "end" : 102,
      "text" : "。",
      "whiteSpace" : false
    } ]
  }, {
    "id" : "s2",
    "begin" : 103,
    "end" : 220,
    "text" : "本地域は、古くはアイヌ語で「小川の床」を指すペンネケセと呼ばれており、現地名は川床から湧き出るラジウムの豊富な単純泉が、チェコのカルルスバード（カルロビバリ）の泉質と似ていることから、「カルルス」という地名がつけられたと言われている。",
    "tokens" : [ {
      "id" : "s2-t0",
      "begin" : 103,
      "end" : 104,
      "text" : "本",
      "whiteSpace" : false
    }, {
      "id" : "s2-t1",
      "begin" : 104,
      "end" : 106,
      "text" : "地域",
      "whiteSpace" : false
    }, {
      "id" : "s2-t2",
      "begin" : 106,
      "end" : 107,
      "text" : "は",
      "whiteSpace" : false
    }, {
      "id" : "s2-t3",
      "begin" : 107,
      "end" : 108,
      "text" : "、",
      "whiteSpace" : false
    }, {
      "id" : "s2-t4",
      "begin" : 108,
      "end" : 110,
      "text" : "古く",
      "whiteSpace" : false
    }, {
      "id" : "s2-t5",
      "begin" : 110,
      "end" : 111,
      "text" : "は",
      "whiteSpace" : false
    }, {
      "id" : "s2-t6",
      "begin" : 111,
      "end" : 114,
      "text" : "アイヌ",
      "whiteSpace" : false
    }, {
      "id" : "s2-t7",
      "begin" : 114,
      "end" : 115,
      "text" : "語",
      "whiteSpace" : false
    }, {
      "id" : "s2-t8",
      "begin" : 115,
      "end" : 116,
      "text" : "で",
      "whiteSpace" : false
    }, {
      "id" : "s2-t9",
      "begin" : 116,
      "end" : 117,
      "text" : "「",
      "whiteSpace" : false
    }, {
      "id" : "s2-t10",
      "begin" : 117,
      "end" : 119,
      "text" : "小川",
      "whiteSpace" : false
    }, {
      "id" : "s2-t11",
      "begin" : 119,
      "end" : 120,
      "text" : "の",
      "whiteSpace" : false
    }, {
      "id" : "s2-t12",
      "begin" : 120,
      "end" : 121,
      "text" : "床",
      "whiteSpace" : false
    }, {
      "id" : "s2-t13",
      "begin" : 121,
      "end" : 122,
      "text" : "」",
      "whiteSpace" : false
    }, {
      "id" : "s2-t14",
      "begin" : 122,
      "end" : 123,
      "text" : "を",
      "whiteSpace" : false
    }, {
      "id" : "s2-t15",
      "begin" : 123,
      "end" : 125,
      "text" : "指す",
      "whiteSpace" : false
    }, {
      "id" : "s2-t16",
      "begin" : 125,
      "end" : 130,
      "text" : "ペンネケセ",
      "whiteSpace" : false
    }, {
      "id" : "s2-t17",
      "begin" : 130,
      "end" : 131,
      "text" : "と",
      "whiteSpace" : false
    }, {
      "id" : "s2-t18",
      "begin" : 131,
      "end" : 133,
      "text" : "呼ば",
      "whiteSpace" : false
    }, {
      "id" : "s2-t19",
      "begin" : 133,
      "end" : 135,
      "text" : "れて",
      "whiteSpace" : false
    }, {
      "id" : "s2-t20",
      "begin" : 135,
      "end" : 137,
      "text" : "おり",
      "whiteSpace" : false
    }, {
      "id" : "s2-t21",
      "begin" : 137,
      "end" : 138,
      "text" : "、",
      "whiteSpace" : false
    }, {
      "id" : "s2-t22",
      "begin" : 138,
      "end" : 140,
      "text" : "現地",
      "whiteSpace" : false
    }, {
      "id" : "s2-t23",
      "begin" : 140,
      "end" : 141,
      "text" : "名",
      "whiteSpace" : false
    }, {
      "id" : "s2-t24",
      "begin" : 141,
      "end" : 142,
      "text" : "は",
      "whiteSpace" : false
    }, {
      "id" : "s2-t25",
      "begin" : 142,
      "end" : 144,
      "text" : "川床",
      "whiteSpace" : false
    }, {
      "id" : "s2-t26",
      "begin" : 144,
      "end" : 146,
      "text" : "から",
      "whiteSpace" : false
    }, {
      "id" : "s2-t27",
      "begin" : 146,
      "end" : 150,
      "text" : "湧き出る",
      "whiteSpace" : false
    }, {
      "id" : "s2-t28",
      "begin" : 150,
      "end" : 154,
      "text" : "ラジウム",
      "whiteSpace" : false
    }, {
      "id" : "s2-t29",
      "begin" : 154,
      "end" : 155,
      "text" : "の",
      "whiteSpace" : false
    }, {
      "id" : "s2-t30",
      "begin" : 155,
      "end" : 158,
      "text" : "豊富な",
      "whiteSpace" : false
    }, {
      "id" : "s2-t31",
      "begin" : 158,
      "end" : 161,
      "text" : "単純泉",
      "whiteSpace" : false
    }, {
      "id" : "s2-t32",
      "begin" : 161,
      "end" : 162,
      "text" : "が",
      "whiteSpace" : false
    }, {
      "id" : "s2-t33",
      "begin" : 162,
      "end" : 163,
      "text" : "、",
      "whiteSpace" : false
    }, {
      "id" : "s2-t34",
      "begin" : 163,
      "end" : 166,
      "text" : "チェコ",
      "whiteSpace" : false
    }, {
      "id" : "s2-t35",
      "begin" : 166,
      "end" : 167,
      "text" : "の",
      "whiteSpace" : false
    }, {
      "id" : "s2-t36",
      "begin" : 167,
      "end" : 174,
      "text" : "カルルスバード",
      "whiteSpace" : false
    }, {
      "id" : "s2-t37",
      "begin" : 174,
      "end" : 175,
      "text" : "（",
      "whiteSpace" : false
    }, {
      "id" : "s2-t38",
      "begin" : 175,
      "end" : 181,
      "text" : "カルロビバリ",
      "whiteSpace" : false
    }, {
      "id" : "s2-t39",
      "begin" : 181,
      "end" : 182,
      "text" : "）",
      "whiteSpace" : false
    }, {
      "id" : "s2-t40",
      "begin" : 182,
      "end" : 183,
      "text" : "の",
      "whiteSpace" : false
    }, {
      "id" : "s2-t41",
      "begin" : 183,
      "end" : 185,
      "text" : "泉質",
      "whiteSpace" : false
    }, {
      "id" : "s2-t42",
      "begin" : 185,
      "end" : 186,
      "text" : "と",
      "whiteSpace" : false
    }, {
      "id" : "s2-t43",
      "begin" : 186,
      "end" : 188,
      "text" : "似て",
      "whiteSpace" : false
    }, {
      "id" : "s2-t44",
      "begin" : 188,
      "end" : 190,
      "text" : "いる",
      "whiteSpace" : false
    }, {
      "id" : "s2-t45",
      "begin" : 190,
      "end" : 192,
      "text" : "こと",
      "whiteSpace" : false
    }, {
      "id" : "s2-t46",
      "begin" : 192,
      "end" : 194,
      "text" : "から",
      "whiteSpace" : false
    }, {
      "id" : "s2-t47",
      "begin" : 194,
      "end" : 195,
      "text" : "、",
      "whiteSpace" : false
    }, {
      "id" : "s2-t48",
      "begin" : 195,
      "end" : 196,
      "text" : "「",
      "whiteSpace" : false
    }, {
      "id" : "s2-t49",
      "begin" : 196,
      "end" : 200,
      "text" : "カルルス",
      "whiteSpace" : false
    }, {
      "id" : "s2-t50",
      "begin" : 200,
      "end" : 201,
      "text" : "」",
      "whiteSpace" : false
    }, {
      "id" : "s2-t51",
      "begin" : 201,
      "end" : 202,
      "text" : "と",
      "whiteSpace" : false
    }, {
      "id" : "s2-t52",
      "begin" : 202,
      "end" : 204,
      "text" : "いう",
      "whiteSpace" : false
    }, {
      "id" : "s2-t53",
      "begin" : 204,
      "end" : 206,
      "text" : "地名",
      "whiteSpace" : false
    }, {
      "id" : "s2-t54",
      "begin" : 206,
      "end" : 207,
      "text" : "が",
      "whiteSpace" : false
    }, {
      "id" : "s2-t55",
      "begin" : 207,
      "end" : 209,
      "text" : "つけ",
      "whiteSpace" : false
    }, {
      "id" : "s2-t56",
      "begin" : 209,
      "end" : 212,
      "text" : "られた",
      "whiteSpace" : false
    }, {
      "id" : "s2-t57",
      "begin" : 212,
      "end" : 213,
      "text" : "と",
      "whiteSpace" : false
    }, {
      "id" : "s2-t58",
      "begin" : 213,
      "end" : 215,
      "text" : "言わ",
      "whiteSpace" : false
    }, {
      "id" : "s2-t59",
      "begin" : 215,
      "end" : 217,
      "text" : "れて",
      "whiteSpace" : false
    }, {
      "id" : "s2-t60",
      "begin" : 217,
      "end" : 219,
      "text" : "いる",
      "whiteSpace" : false
    }, {
      "id" : "s2-t61",
      "begin" : 219,
      "end" : 220,
      "text" : "。",
      "whiteSpace" : false
    } ]
  }, {
    "id" : "s3",
    "begin" : 221,
    "end" : 301,
    "text" : "カルルス温泉は来馬岳、オロフレ山、加車山など美しい山々に外輪を囲まれ、北西には北海道内で最も標高が高いオロフレ峠、東方には橘湖があり、豊かな自然に囲まれている。",
    "tokens" : [ {
      "id" : "s3-t0",
      "begin" : 221,
      "end" : 225,
      "text" : "カルルス",
      "whiteSpace" : false
    }, {
      "id" : "s3-t1",
      "begin" : 225,
      "end" : 227,
      "text" : "温泉",
      "whiteSpace" : false
    }, {
      "id" : "s3-t2",
      "begin" : 227,
      "end" : 228,
      "text" : "は",
      "whiteSpace" : false
    }, {
      "id" : "s3-t3",
      "begin" : 228,
      "end" : 230,
      "text" : "来馬",
      "whiteSpace" : false
    }, {
      "id" : "s3-t4",
      "begin" : 230,
      "end" : 231,
      "text" : "岳",
      "whiteSpace" : false
    }, {
      "id" : "s3-t5",
      "begin" : 231,
      "end" : 232,
      "text" : "、",
      "whiteSpace" : false
    }, {
      "id" : "s3-t6",
      "begin" : 232,
      "end" : 236,
      "text" : "オロフレ",
      "whiteSpace" : false
    }, {
      "id" : "s3-t7",
      "begin" : 236,
      "end" : 237,
      "text" : "山",
      "whiteSpace" : false
    }, {
      "id" : "s3-t8",
      "begin" : 237,
      "end" : 238,
      "text" : "、",
      "whiteSpace" : false
    }, {
      "id" : "s3-t9",
      "begin" : 238,
      "end" : 241,
      "text" : "加車山",
      "whiteSpace" : false
    }, {
      "id" : "s3-t10",
      "begin" : 241,
      "end" : 243,
      "text" : "など",
      "whiteSpace" : false
    }, {
      "id" : "s3-t11",
      "begin" : 243,
      "end" : 246,
      "text" : "美しい",
      "whiteSpace" : false
    }, {
      "id" : "s3-t12",
      "begin" : 246,
      "end" : 248,
      "text" : "山々",
      "whiteSpace" : false
    }, {
      "id" : "s3-t13",
      "begin" : 248,
      "end" : 249,
      "text" : "に",
      "whiteSpace" : false
    }, {
      "id" : "s3-t14",
      "begin" : 249,
      "end" : 251,
      "text" : "外輪",
      "whiteSpace" : false
    }, {
      "id" : "s3-t15",
      "begin" : 251,
      "end" : 252,
      "text" : "を",
      "whiteSpace" : false
    }, {
      "id" : "s3-t16",
      "begin" : 252,
      "end" : 254,
      "text" : "囲ま",
      "whiteSpace" : false
    }, {
      "id" : "s3-t17",
      "begin" : 254,
      "end" : 255,
      "text" : "れ",
      "whiteSpace" : false
    }, {
      "id" : "s3-t18",
      "begin" : 255,
      "end" : 256,
      "text" : "、",
      "whiteSpace" : false
    }, {
      "id" : "s3-t19",
      "begin" : 256,
      "end" : 258,
      "text" : "北西",
      "whiteSpace" : false
    }, {
      "id" : "s3-t20",
      "begin" : 258,
      "end" : 259,
      "text" : "に",
      "whiteSpace" : false
    }, {
      "id" : "s3-t21",
      "begin" : 259,
      "end" : 260,
      "text" : "は",
      "whiteSpace" : false
    }, {
      "id" : "s3-t22",
      "begin" : 260,
      "end" : 263,
      "text" : "北海道",
      "whiteSpace" : false
    }, {
      "id" : "s3-t23",
      "begin" : 263,
      "end" : 264,
      "text" : "内",
      "whiteSpace" : false
    }, {
      "id" : "s3-t24",
      "begin" : 264,
      "end" : 265,
      "text" : "で",
      "whiteSpace" : false
    }, {
      "id" : "s3-t25",
      "begin" : 265,
      "end" : 267,
      "text" : "最も",
      "whiteSpace" : false
    }, {
      "id" : "s3-t26",
      "begin" : 267,
      "end" : 269,
      "text" : "標高",
      "whiteSpace" : false
    }, {
      "id" : "s3-t27",
      "begin" : 269,
      "end" : 270,
      "text" : "が",
      "whiteSpace" : false
    }, {
      "id" : "s3-t28",
      "begin" : 270,
      "end" : 272,
      "text" : "高い",
      "whiteSpace" : false
    }, {
      "id" : "s3-t29",
      "begin" : 272,
      "end" : 276,
      "text" : "オロフレ",
      "whiteSpace" : false
    }, {
      "id" : "s3-t30",
      "begin" : 276,
      "end" : 277,
      "text" : "峠",
      "whiteSpace" : false
    }, {
      "id" : "s3-t31",
      "begin" : 277,
      "end" : 278,
      "text" : "、",
      "whiteSpace" : false
    }, {
      "id" : "s3-t32",
      "begin" : 278,
      "end" : 280,
      "text" : "東方",
      "whiteSpace" : false
    }, {
      "id" : "s3-t33",
      "begin" : 280,
      "end" : 281,
      "text" : "に",
      "whiteSpace" : false
    }, {
      "id" : "s3-t34",
      "begin" : 281,
      "end" : 282,
      "text" : "は",
      "whiteSpace" : false
    }, {
      "id" : "s3-t35",
      "begin" : 282,
      "end" : 284,
      "text" : "橘湖",
      "whiteSpace" : false
    }, {
      "id" : "s3-t36",
      "begin" : 284,
      "end" : 285,
      "text" : "が",
      "whiteSpace" : false
    }, {
      "id" : "s3-t37",
      "begin" : 285,
      "end" : 287,
      "text" : "あり",
      "whiteSpace" : false
    }, {
      "id" : "s3-t38",
      "begin" : 287,
      "end" : 288,
      "text" : "、",
      "whiteSpace" : false
    }, {
      "id" : "s3-t39",
      "begin" : 288,
      "end" : 291,
      "text" : "豊かな",
      "whiteSpace" : false
    }, {
      "id" : "s3-t40",
      "begin" : 291,
      "end" : 294,
      "text" : "自然に",
      "whiteSpace" : false
    }, {
      "id" : "s3-t41",
      "begin" : 294,
      "end" : 296,
      "text" : "囲ま",
      "whiteSpace" : false
    }, {
      "id" : "s3-t42",
      "begin" : 296,
      "end" : 298,
      "text" : "れて",
      "whiteSpace" : false
    }, {
      "id" : "s3-t43",
      "begin" : 298,
      "end" : 300,
      "text" : "いる",
      "whiteSpace" : false
    }, {
      "id" : "s3-t44",
      "begin" : 300,
      "end" : 301,
      "text" : "。",
      "whiteSpace" : false
    } ]
  }, {
    "id" : "s4",
    "begin" : 301,
    "end" : 342,
    "text" : "特に橘湖は人の手がほとんど加えられておらず、神秘的な佇まいが人々を強く惹きつける。",
    "tokens" : [ {
      "id" : "s4-t0",
      "begin" : 301,
      "end" : 303,
      "text" : "特に",
      "whiteSpace" : false
    }, {
      "id" : "s4-t1",
      "begin" : 303,
      "end" : 305,
      "text" : "橘湖",
      "whiteSpace" : false
    }, {
      "id" : "s4-t2",
      "begin" : 305,
      "end" : 306,
      "text" : "は",
      "whiteSpace" : false
    }, {
      "id" : "s4-t3",
      "begin" : 306,
      "end" : 307,
      "text" : "人",
      "whiteSpace" : false
    }, {
      "id" : "s4-t4",
      "begin" : 307,
      "end" : 308,
      "text" : "の",
      "whiteSpace" : false
    }, {
      "id" : "s4-t5",
      "begin" : 308,
      "end" : 309,
      "text" : "手",
      "whiteSpace" : false
    }, {
      "id" : "s4-t6",
      "begin" : 309,
      "end" : 310,
      "text" : "が",
      "whiteSpace" : false
    }, {
      "id" : "s4-t7",
      "begin" : 310,
      "end" : 314,
      "text" : "ほとんど",
      "whiteSpace" : false
    }, {
      "id" : "s4-t8",
      "begin" : 314,
      "end" : 316,
      "text" : "加え",
      "whiteSpace" : false
    }, {
      "id" : "s4-t9",
      "begin" : 316,
      "end" : 319,
      "text" : "られて",
      "whiteSpace" : false
    }, {
      "id" : "s4-t10",
      "begin" : 319,
      "end" : 321,
      "text" : "おら",
      "whiteSpace" : false
    }, {
      "id" : "s4-t11",
      "begin" : 321,
      "end" : 322,
      "text" : "ず",
      "whiteSpace" : false
    }, {
      "id" : "s4-t12",
      "begin" : 322,
      "end" : 323,
      "text" : "、",
      "whiteSpace" : false
    }, {
      "id" : "s4-t13",
      "begin" : 323,
      "end" : 325,
      "text" : "神秘",
      "whiteSpace" : false
    }, {
      "id" : "s4-t14",
      "begin" : 325,
      "end" : 327,
      "text" : "的な",
      "whiteSpace" : false
    }, {
      "id" : "s4-t15",
      "begin" : 327,
      "end" : 330,
      "text" : "佇まい",
      "whiteSpace" : false
    }, {
      "id" : "s4-t16",
      "begin" : 330,
      "end" : 331,
      "text" : "が",
      "whiteSpace" : false
    }, {
      "id" : "s4-t17",
      "begin" : 331,
      "end" : 333,
      "text" : "人々",
      "whiteSpace" : false
    }, {
      "id" : "s4-t18",
      "begin" : 333,
      "end" : 334,
      "text" : "を",
      "whiteSpace" : false
    }, {
      "id" : "s4-t19",
      "begin" : 334,
      "end" : 336,
      "text" : "強く",
      "whiteSpace" : false
    }, {
      "id" : "s4-t20",
      "begin" : 336,
      "end" : 341,
      "text" : "惹きつける",
      "whiteSpace" : false
    }, {
      "id" : "s4-t21",
      "begin" : 341,
      "end" : 342,
      "text" : "。",
      "whiteSpace" : false
    } ]
  }, {
    "id" : "s5",
    "begin" : 343,
    "end" : 440,
    "text" : "開湯時は共同浴場と 1 軒の旅館があるのみであったが、明治 38 年日露戦争終期に、激増する戦傷兵の療養のため、登別温泉と共に旭川陸軍予備病院の指定する療養地となったことで全国的に有名になった。",
    "tokens" : [ {
      "id" : "s5-t0",
      "begin" : 343,
      "end" : 345,
      "text" : "開湯",
      "whiteSpace" : false
    }, {
      "id" : "s5-t1",
      "begin" : 345,
      "end" : 346,
      "text" : "時",
      "whiteSpace" : false
    }, {
      "id" : "s5-t2",
      "begin" : 346,
      "end" : 347,
      "text" : "は",
      "whiteSpace" : false
    }, {
      "id" : "s5-t3",
      "begin" : 347,
      "end" : 349,
      "text" : "共同",
      "whiteSpace" : false
    }, {
      "id" : "s5-t4",
      "begin" : 349,
      "end" : 351,
      "text" : "浴場",
      "whiteSpace" : false
    }, {
      "id" : "s5-t5",
      "begin" : 351,
      "end" : 352,
      "text" : "と",
      "whiteSpace" : false
    }, {
      "id" : "s5-t6",
      "begin" : 353,
      "end" : 354,
      "text" : "1",
      "whiteSpace" : false
    }, {
      "id" : "s5-t7",
      "begin" : 355,
      "end" : 356,
      "text" : "軒",
      "whiteSpace" : false
    }, {
      "id" : "s5-t8",
      "begin" : 356,
      "end" : 357,
      "text" : "の",
      "whiteSpace" : false
    }, {
      "id" : "s5-t9",
      "begin" : 357,
      "end" : 359,
      "text" : "旅館",
      "whiteSpace" : false
    }, {
      "id" : "s5-t10",
      "begin" : 359,
      "end" : 360,
      "text" : "が",
      "whiteSpace" : false
    }, {
      "id" : "s5-t11",
      "begin" : 360,
      "end" : 362,
      "text" : "ある",
      "whiteSpace" : false
    }, {
      "id" : "s5-t12",
      "begin" : 362,
      "end" : 364,
      "text" : "のみ",
      "whiteSpace" : false
    }, {
      "id" : "s5-t13",
      "begin" : 364,
      "end" : 368,
      "text" : "であった",
      "whiteSpace" : false
    }, {
      "id" : "s5-t14",
      "begin" : 368,
      "end" : 369,
      "text" : "が",
      "whiteSpace" : false
    }, {
      "id" : "s5-t15",
      "begin" : 369,
      "end" : 370,
      "text" : "、",
      "whiteSpace" : false
    }, {
      "id" : "s5-t16",
      "begin" : 370,
      "end" : 372,
      "text" : "明治",
      "whiteSpace" : false
    }, {
      "id" : "s5-t17",
      "begin" : 373,
      "end" : 375,
      "text" : "38",
      "whiteSpace" : false
    }, {
      "id" : "s5-t18",
      "begin" : 376,
      "end" : 377,
      "text" : "年",
      "whiteSpace" : false
    }, {
      "id" : "s5-t19",
      "begin" : 377,
      "end" : 378,
      "text" : "日",
      "whiteSpace" : false
    }, {
      "id" : "s5-t20",
      "begin" : 378,
      "end" : 379,
      "text" : "露",
      "whiteSpace" : false
    }, {
      "id" : "s5-t21",
      "begin" : 379,
      "end" : 381,
      "text" : "戦争",
      "whiteSpace" : false
    }, {
      "id" : "s5-t22",
      "begin" : 381,
      "end" : 383,
      "text" : "終期",
      "whiteSpace" : false
    }, {
      "id" : "s5-t23",
      "begin" : 383,
      "end" : 384,
      "text" : "に",
      "whiteSpace" : false
    }, {
      "id" : "s5-t24",
      "begin" : 384,
      "end" : 385,
      "text" : "、",
      "whiteSpace" : false
    }, {
      "id" : "s5-t25",
      "begin" : 385,
      "end" : 387,
      "text" : "激増",
      "whiteSpace" : false
    }, {
      "id" : "s5-t26",
      "begin" : 387,
      "end" : 389,
      "text" : "する",
      "whiteSpace" : false
    }, {
      "id" : "s5-t27",
      "begin" : 389,
      "end" : 391,
      "text" : "戦傷",
      "whiteSpace" : false
    }, {
      "id" : "s5-t28",
      "begin" : 391,
      "end" : 392,
      "text" : "兵",
      "whiteSpace" : false
    }, {
      "id" : "s5-t29",
      "begin" : 392,
      "end" : 393,
      "text" : "の",
      "whiteSpace" : false
    }, {
      "id" : "s5-t30",
      "begin" : 393,
      "end" : 395,
      "text" : "療養",
      "whiteSpace" : false
    }, {
      "id" : "s5-t31",
      "begin" : 395,
      "end" : 396,
      "text" : "の",
      "whiteSpace" : false
    }, {
      "id" : "s5-t32",
      "begin" : 396,
      "end" : 398,
      "text" : "ため",
      "whiteSpace" : false
    }, {
      "id" : "s5-t33",
      "begin" : 398,
      "end" : 399,
      "text" : "、",
      "whiteSpace" : false
    }, {
      "id" : "s5-t34",
      "begin" : 399,
      "end" : 401,
      "text" : "登別",
      "whiteSpace" : false
    }, {
      "id" : "s5-t35",
      "begin" : 401,
      "end" : 403,
      "text" : "温泉",
      "whiteSpace" : false
    }, {
      "id" : "s5-t36",
      "begin" : 403,
      "end" : 404,
      "text" : "と",
      "whiteSpace" : false
    }, {
      "id" : "s5-t37",
      "begin" : 404,
      "end" : 406,
      "text" : "共に",
      "whiteSpace" : false
    }, {
      "id" : "s5-t38",
      "begin" : 406,
      "end" : 408,
      "text" : "旭川",
      "whiteSpace" : false
    }, {
      "id" : "s5-t39",
      "begin" : 408,
      "end" : 410,
      "text" : "陸軍",
      "whiteSpace" : false
    }, {
      "id" : "s5-t40",
      "begin" : 410,
      "end" : 412,
      "text" : "予備",
      "whiteSpace" : false
    }, {
      "id" : "s5-t41",
      "begin" : 412,
      "end" : 414,
      "text" : "病院",
      "whiteSpace" : false
    }, {
      "id" : "s5-t42",
      "begin" : 414,
      "end" : 415,
      "text" : "の",
      "whiteSpace" : false
    }, {
      "id" : "s5-t43",
      "begin" : 415,
      "end" : 417,
      "text" : "指定",
      "whiteSpace" : false
    }, {
      "id" : "s5-t44",
      "begin" : 417,
      "end" : 419,
      "text" : "する",
      "whiteSpace" : false
    }, {
      "id" : "s5-t45",
      "begin" : 419,
      "end" : 421,
      "text" : "療養",
      "whiteSpace" : false
    }, {
      "id" : "s5-t46",
      "begin" : 421,
      "end" : 422,
      "text" : "地",
      "whiteSpace" : false
    }, {
      "id" : "s5-t47",
      "begin" : 422,
      "end" : 423,
      "text" : "と",
      "whiteSpace" : false
    }, {
      "id" : "s5-t48",
      "begin" : 423,
      "end" : 426,
      "text" : "なった",
      "whiteSpace" : false
    }, {
      "id" : "s5-t49",
      "begin" : 426,
      "end" : 428,
      "text" : "こと",
      "whiteSpace" : false
    }, {
      "id" : "s5-t50",
      "begin" : 428,
      "end" : 429,
      "text" : "で",
      "whiteSpace" : false
    }, {
      "id" : "s5-t51",
      "begin" : 429,
      "end" : 431,
      "text" : "全国",
      "whiteSpace" : false
    }, {
      "id" : "s5-t52",
      "begin" : 431,
      "end" : 433,
      "text" : "的に",
      "whiteSpace" : false
    }, {
      "id" : "s5-t53",
      "begin" : 433,
      "end" : 436,
      "text" : "有名に",
      "whiteSpace" : false
    }, {
      "id" : "s5-t54",
      "begin" : 436,
      "end" : 439,
      "text" : "なった",
      "whiteSpace" : false
    }, {
      "id" : "s5-t55",
      "begin" : 439,
      "end" : 440,
      "text" : "。",
      "whiteSpace" : false
    } ]
  }, {
    "id" : "s6",
    "begin" : 441,
    "end" : 530,
    "text" : "その後、カルルス温泉と市街地、及び約 8 キロ離れた登別温泉と結ぶ道路が整備されたことで、観光客が増加し、大正の初めころには年間の入込客数が 5,000 人を超えるまでになった。",
    "tokens" : [ {
      "id" : "s6-t0",
      "begin" : 441,
      "end" : 444,
      "text" : "その後",
      "whiteSpace" : false
    }, {
      "id" : "s6-t1",
      "begin" : 444,
      "end" : 445,
      "text" : "、",
      "whiteSpace" : false
    }, {
      "id" : "s6-t2",
      "begin" : 445,
      "end" : 449,
      "text" : "カルルス",
      "whiteSpace" : false
    }, {
      "id" : "s6-t3",
      "begin" : 449,
      "end" : 451,
      "text" : "温泉",
      "whiteSpace" : false
    }, {
      "id" : "s6-t4",
      "begin" : 451,
      "end" : 452,
      "text" : "と",
      "whiteSpace" : false
    }, {
      "id" : "s6-t5",
      "begin" : 452,
      "end" : 454,
      "text" : "市街",
      "whiteSpace" : false
    }, {
      "id" : "s6-t6",
      "begin" : 454,
      "end" : 455,
      "text" : "地",
      "whiteSpace" : false
    }, {
      "id" : "s6-t7",
      "begin" : 455,
      "end" : 456,
      "text" : "、",
      "whiteSpace" : false
    }, {
      "id" : "s6-t8",
      "begin" : 456,
      "end" : 458,
      "text" : "及び",
      "whiteSpace" : false
    }, {
      "id" : "s6-t9",
      "begin" : 458,
      "end" : 459,
      "text" : "約",
      "whiteSpace" : false
    }, {
      "id" : "s6-t10",
      "begin" : 460,
      "end" : 461,
      "text" : "8",
      "whiteSpace" : false
    }, {
      "id" : "s6-t11",
      "begin" : 462,
      "end" : 464,
      "text" : "キロ",
      "whiteSpace" : false
    }, {
      "id" : "s6-t12",
      "begin" : 464,
      "end" : 467,
      "text" : "離れた",
      "whiteSpace" : false
    }, {
      "id" : "s6-t13",
      "begin" : 467,
      "end" : 469,
      "text" : "登別",
      "whiteSpace" : false
    }, {
      "id" : "s6-t14",
      "begin" : 469,
      "end" : 471,
      "text" : "温泉",
      "whiteSpace" : false
    }, {
      "id" : "s6-t15",
      "begin" : 471,
      "end" : 472,
      "text" : "と",
      "whiteSpace" : false
    }, {
      "id" : "s6-t16",
      "begin" : 472,
      "end" : 474,
      "text" : "結ぶ",
      "whiteSpace" : false
    }, {
      "id" : "s6-t17",
      "begin" : 474,
      "end" : 476,
      "text" : "道路",
      "whiteSpace" : false
    }, {
      "id" : "s6-t18",
      "begin" : 476,
      "end" : 477,
      "text" : "が",
      "whiteSpace" : false
    }, {
      "id" : "s6-t19",
      "begin" : 477,
      "end" : 479,
      "text" : "整備",
      "whiteSpace" : false
    }, {
      "id" : "s6-t20",
      "begin" : 479,
      "end" : 480,
      "text" : "さ",
      "whiteSpace" : false
    }, {
      "id" : "s6-t21",
      "begin" : 480,
      "end" : 482,
      "text" : "れた",
      "whiteSpace" : false
    }, {
      "id" : "s6-t22",
      "begin" : 482,
      "end" : 484,
      "text" : "こと",
      "whiteSpace" : false
    }, {
      "id" : "s6-t23",
      "begin" : 484,
      "end" : 485,
      "text" : "で",
      "whiteSpace" : false
    }, {
      "id" : "s6-t24",
      "begin" : 485,
      "end" : 486,
      "text" : "、",
      "whiteSpace" : false
    }, {
      "id" : "s6-t25",
      "begin" : 486,
      "end" : 488,
      "text" : "観光",
      "whiteSpace" : false
    }, {
      "id" : "s6-t26",
      "begin" : 488,
      "end" : 489,
      "text" : "客",
      "whiteSpace" : false
    }, {
      "id" : "s6-t27",
      "begin" : 489,
      "end" : 490,
      "text" : "が",
      "whiteSpace" : false
    }, {
      "id" : "s6-t28",
      "begin" : 490,
      "end" : 492,
      "text" : "増加",
      "whiteSpace" : false
    }, {
      "id" : "s6-t29",
      "begin" : 492,
      "end" : 493,
      "text" : "し",
      "whiteSpace" : false
    }, {
      "id" : "s6-t30",
      "begin" : 493,
      "end" : 494,
      "text" : "、",
      "whiteSpace" : false
    }, {
      "id" : "s6-t31",
      "begin" : 494,
      "end" : 496,
      "text" : "大正",
      "whiteSpace" : false
    }, {
      "id" : "s6-t32",
      "begin" : 496,
      "end" : 497,
      "text" : "の",
      "whiteSpace" : false
    }, {
      "id" : "s6-t33",
      "begin" : 497,
      "end" : 499,
      "text" : "初め",
      "whiteSpace" : false
    }, {
      "id" : "s6-t34",
      "begin" : 499,
      "end" : 501,
      "text" : "ころ",
      "whiteSpace" : false
    }, {
      "id" : "s6-t35",
      "begin" : 501,
      "end" : 502,
      "text" : "に",
      "whiteSpace" : false
    }, {
      "id" : "s6-t36",
      "begin" : 502,
      "end" : 503,
      "text" : "は",
      "whiteSpace" : false
    }, {
      "id" : "s6-t37",
      "begin" : 503,
      "end" : 505,
      "text" : "年間",
      "whiteSpace" : false
    }, {
      "id" : "s6-t38",
      "begin" : 505,
      "end" : 506,
      "text" : "の",
      "whiteSpace" : false
    }, {
      "id" : "s6-t39",
      "begin" : 506,
      "end" : 508,
      "text" : "入込",
      "whiteSpace" : false
    }, {
      "id" : "s6-t40",
      "begin" : 508,
      "end" : 509,
      "text" : "客",
      "whiteSpace" : false
    }, {
      "id" : "s6-t41",
      "begin" : 509,
      "end" : 510,
      "text" : "数",
      "whiteSpace" : false
    }, {
      "id" : "s6-t42",
      "begin" : 510,
      "end" : 511,
      "text" : "が",
      "whiteSpace" : false
    }, {
      "id" : "s6-t43",
      "begin" : 512,
      "end" : 517,
      "text" : "5,000",
      "whiteSpace" : false
    }, {
      "id" : "s6-t44",
      "begin" : 518,
      "end" : 519,
      "text" : "人",
      "whiteSpace" : false
    }, {
      "id" : "s6-t45",
      "begin" : 519,
      "end" : 520,
      "text" : "を",
      "whiteSpace" : false
    }, {
      "id" : "s6-t46",
      "begin" : 520,
      "end" : 523,
      "text" : "超える",
      "whiteSpace" : false
    }, {
      "id" : "s6-t47",
      "begin" : 523,
      "end" : 525,
      "text" : "まで",
      "whiteSpace" : false
    }, {
      "id" : "s6-t48",
      "begin" : 525,
      "end" : 526,
      "text" : "に",
      "whiteSpace" : false
    }, {
      "id" : "s6-t49",
      "begin" : 526,
      "end" : 529,
      "text" : "なった",
      "whiteSpace" : false
    }, {
      "id" : "s6-t50",
      "begin" : 529,
      "end" : 530,
      "text" : "。",
      "whiteSpace" : false
    } ]
  }, {
    "id" : "s7",
    "begin" : 530,
    "end" : 581,
    "text" : "昭和 2 年には登別温泉との間で、当時、全国でも珍しかった乗合小型自動車の運行が始まり、人気を博した。",
    "tokens" : [ {
      "id" : "s7-t0",
      "begin" : 530,
      "end" : 532,
      "text" : "昭和",
      "whiteSpace" : false
    }, {
      "id" : "s7-t1",
      "begin" : 533,
      "end" : 534,
      "text" : "2",
      "whiteSpace" : false
    }, {
      "id" : "s7-t2",
      "begin" : 535,
      "end" : 536,
      "text" : "年",
      "whiteSpace" : false
    }, {
      "id" : "s7-t3",
      "begin" : 536,
      "end" : 537,
      "text" : "に",
      "whiteSpace" : false
    }, {
      "id" : "s7-t4",
      "begin" : 537,
      "end" : 538,
      "text" : "は",
      "whiteSpace" : false
    }, {
      "id" : "s7-t5",
      "begin" : 538,
      "end" : 540,
      "text" : "登別",
      "whiteSpace" : false
    }, {
      "id" : "s7-t6",
      "begin" : 540,
      "end" : 542,
      "text" : "温泉",
      "whiteSpace" : false
    }, {
      "id" : "s7-t7",
      "begin" : 542,
      "end" : 543,
      "text" : "と",
      "whiteSpace" : false
    }, {
      "id" : "s7-t8",
      "begin" : 543,
      "end" : 544,
      "text" : "の",
      "whiteSpace" : false
    }, {
      "id" : "s7-t9",
      "begin" : 544,
      "end" : 545,
      "text" : "間",
      "whiteSpace" : false
    }, {
      "id" : "s7-t10",
      "begin" : 545,
      "end" : 546,
      "text" : "で",
      "whiteSpace" : false
    }, {
      "id" : "s7-t11",
      "begin" : 546,
      "end" : 547,
      "text" : "、",
      "whiteSpace" : false
    }, {
      "id" : "s7-t12",
      "begin" : 547,
      "end" : 549,
      "text" : "当時",
      "whiteSpace" : false
    }, {
      "id" : "s7-t13",
      "begin" : 549,
      "end" : 550,
      "text" : "、",
      "whiteSpace" : false
    }, {
      "id" : "s7-t14",
      "begin" : 550,
      "end" : 552,
      "text" : "全国",
      "whiteSpace" : false
    }, {
      "id" : "s7-t15",
      "begin" : 552,
      "end" : 554,
      "text" : "でも",
      "whiteSpace" : false
    }, {
      "id" : "s7-t16",
      "begin" : 554,
      "end" : 559,
      "text" : "珍しかった",
      "whiteSpace" : false
    }, {
      "id" : "s7-t17",
      "begin" : 559,
      "end" : 561,
      "text" : "乗合",
      "whiteSpace" : false
    }, {
      "id" : "s7-t18",
      "begin" : 561,
      "end" : 563,
      "text" : "小型",
      "whiteSpace" : false
    }, {
      "id" : "s7-t19",
      "begin" : 563,
      "end" : 566,
      "text" : "自動車",
      "whiteSpace" : false
    }, {
      "id" : "s7-t20",
      "begin" : 566,
      "end" : 567,
      "text" : "の",
      "whiteSpace" : false
    }, {
      "id" : "s7-t21",
      "begin" : 567,
      "end" : 569,
      "text" : "運行",
      "whiteSpace" : false
    }, {
      "id" : "s7-t22",
      "begin" : 569,
      "end" : 570,
      "text" : "が",
      "whiteSpace" : false
    }, {
      "id" : "s7-t23",
      "begin" : 570,
      "end" : 573,
      "text" : "始まり",
      "whiteSpace" : false
    }, {
      "id" : "s7-t24",
      "begin" : 573,
      "end" : 574,
      "text" : "、",
      "whiteSpace" : false
    }, {
      "id" : "s7-t25",
      "begin" : 574,
      "end" : 576,
      "text" : "人気",
      "whiteSpace" : false
    }, {
      "id" : "s7-t26",
      "begin" : 576,
      "end" : 577,
      "text" : "を",
      "whiteSpace" : false
    }, {
      "id" : "s7-t27",
      "begin" : 577,
      "end" : 580,
      "text" : "博した",
      "whiteSpace" : false
    }, {
      "id" : "s7-t28",
      "begin" : 580,
      "end" : 581,
      "text" : "。",
      "whiteSpace" : false
    } ]
  }, {
    "id" : "s8",
    "begin" : 582,
    "end" : 653,
    "text" : "昭和 32 年に全国で 12 番目、北海道では初の国民保養温泉地に指定され、登別温泉とは一線を画す閑静な湯治場、温泉地として歩みを続けてきた。",
    "tokens" : [ {
      "id" : "s8-t0",
      "begin" : 582,
      "end" : 584,
      "text" : "昭和",
      "whiteSpace" : false
    }, {
      "id" : "s8-t1",
      "begin" : 585,
      "end" : 587,
      "text" : "32",
      "whiteSpace" : false
    }, {
      "id" : "s8-t2",
      "begin" : 588,
      "end" : 589,
      "text" : "年",
      "whiteSpace" : false
    }, {
      "id" : "s8-t3",
      "begin" : 589,
      "end" : 590,
      "text" : "に",
      "whiteSpace" : false
    }, {
      "id" : "s8-t4",
      "begin" : 590,
      "end" : 592,
      "text" : "全国",
      "whiteSpace" : false
    }, {
      "id" : "s8-t5",
      "begin" : 592,
      "end" : 593,
      "text" : "で",
      "whiteSpace" : false
    }, {
      "id" : "s8-t6",
      "begin" : 594,
      "end" : 596,
      "text" : "12",
      "whiteSpace" : false
    }, {
      "id" : "s8-t7",
      "begin" : 597,
      "end" : 598,
      "text" : "番",
      "whiteSpace" : false
    }, {
      "id" : "s8-t8",
      "begin" : 598,
      "end" : 599,
      "text" : "目",
      "whiteSpace" : false
    }, {
      "id" : "s8-t9",
      "begin" : 599,
      "end" : 600,
      "text" : "、",
      "whiteSpace" : false
    }, {
      "id" : "s8-t10",
      "begin" : 600,
      "end" : 603,
      "text" : "北海道",
      "whiteSpace" : false
    }, {
      "id" : "s8-t11",
      "begin" : 603,
      "end" : 604,
      "text" : "で",
      "whiteSpace" : false
    }, {
      "id" : "s8-t12",
      "begin" : 604,
      "end" : 605,
      "text" : "は",
      "whiteSpace" : false
    }, {
      "id" : "s8-t13",
      "begin" : 605,
      "end" : 606,
      "text" : "初",
      "whiteSpace" : false
    }, {
      "id" : "s8-t14",
      "begin" : 606,
      "end" : 607,
      "text" : "の",
      "whiteSpace" : false
    }, {
      "id" : "s8-t15",
      "begin" : 607,
      "end" : 609,
      "text" : "国民",
      "whiteSpace" : false
    }, {
      "id" : "s8-t16",
      "begin" : 609,
      "end" : 611,
      "text" : "保養",
      "whiteSpace" : false
    }, {
      "id" : "s8-t17",
      "begin" : 611,
      "end" : 613,
      "text" : "温泉",
      "whiteSpace" : false
    }, {
      "id" : "s8-t18",
      "begin" : 613,
      "end" : 614,
      "text" : "地",
      "whiteSpace" : false
    }, {
      "id" : "s8-t19",
      "begin" : 614,
      "end" : 615,
      "text" : "に",
      "whiteSpace" : false
    }, {
      "id" : "s8-t20",
      "begin" : 615,
      "end" : 617,
      "text" : "指定",
      "whiteSpace" : false
    }, {
      "id" : "s8-t21",
      "begin" : 617,
      "end" : 618,
      "text" : "さ",
      "whiteSpace" : false
    }, {
      "id" : "s8-t22",
      "begin" : 618,
      "end" : 619,
      "text" : "れ",
      "whiteSpace" : false
    }, {
      "id" : "s8-t23",
      "begin" : 619,
      "end" : 620,
      "text" : "、",
      "whiteSpace" : false
    }, {
      "id" : "s8-t24",
      "begin" : 620,
      "end" : 622,
      "text" : "登別",
      "whiteSpace" : false
    }, {
      "id" : "s8-t25",
      "begin" : 622,
      "end" : 624,
      "text" : "温泉",
      "whiteSpace" : false
    }, {
      "id" : "s8-t26",
      "begin" : 624,
      "end" : 625,
      "text" : "と",
      "whiteSpace" : false
    }, {
      "id" : "s8-t27",
      "begin" : 625,
      "end" : 626,
      "text" : "は",
      "whiteSpace" : false
    }, {
      "id" : "s8-t28",
      "begin" : 626,
      "end" : 628,
      "text" : "一線",
      "whiteSpace" : false
    }, {
      "id" : "s8-t29",
      "begin" : 628,
      "end" : 629,
      "text" : "を",
      "whiteSpace" : false
    }, {
      "id" : "s8-t30",
      "begin" : 629,
      "end" : 631,
      "text" : "画す",
      "whiteSpace" : false
    }, {
      "id" : "s8-t31",
      "begin" : 631,
      "end" : 634,
      "text" : "閑静な",
      "whiteSpace" : false
    }, {
      "id" : "s8-t32",
      "begin" : 634,
      "end" : 636,
      "text" : "湯治",
      "whiteSpace" : false
    }, {
      "id" : "s8-t33",
      "begin" : 636,
      "end" : 637,
      "text" : "場",
      "whiteSpace" : false
    }, {
      "id" : "s8-t34",
      "begin" : 637,
      "end" : 638,
      "text" : "、",
      "whiteSpace" : false
    }, {
      "id" : "s8-t35",
      "begin" : 638,
      "end" : 640,
      "text" : "温泉",
      "whiteSpace" : false
    }, {
      "id" : "s8-t36",
      "begin" : 640,
      "end" : 641,
      "text" : "地",
      "whiteSpace" : false
    }, {
      "id" : "s8-t37",
      "begin" : 641,
      "end" : 642,
      "text" : "と",
      "whiteSpace" : false
    }, {
      "id" : "s8-t38",
      "begin" : 642,
      "end" : 644,
      "text" : "して",
      "whiteSpace" : false
    }, {
      "id" : "s8-t39",
      "begin" : 644,
      "end" : 646,
      "text" : "歩み",
      "whiteSpace" : false
    }, {
      "id" : "s8-t40",
      "begin" : 646,
      "end" : 647,
      "text" : "を",
      "whiteSpace" : false
    }, {
      "id" : "s8-t41",
      "begin" : 647,
      "end" : 650,
      "text" : "続けて",
      "whiteSpace" : false
    }, {
      "id" : "s8-t42",
      "begin" : 650,
      "end" : 652,
      "text" : "きた",
      "whiteSpace" : false
    }, {
      "id" : "s8-t43",
      "begin" : 652,
      "end" : 653,
      "text" : "。",
      "whiteSpace" : false
    } ]
  }, {
    "id" : "s9",
    "begin" : 653,
    "end" : 724,
    "text" : "ほぼ同時期に、登別温泉からの道路が完全舗装されたこともあり、観光客も増加にともない、旅館も 4 軒から 7 軒に増加して受入環境整備が進んだ。",
    "tokens" : [ {
      "id" : "s9-t0",
      "begin" : 653,
      "end" : 655,
      "text" : "ほぼ",
      "whiteSpace" : false
    }, {
      "id" : "s9-t1",
      "begin" : 655,
      "end" : 656,
      "text" : "同",
      "whiteSpace" : false
    }, {
      "id" : "s9-t2",
      "begin" : 656,
      "end" : 658,
      "text" : "時期",
      "whiteSpace" : false
    }, {
      "id" : "s9-t3",
      "begin" : 658,
      "end" : 659,
      "text" : "に",
      "whiteSpace" : false
    }, {
      "id" : "s9-t4",
      "begin" : 659,
      "end" : 660,
      "text" : "、",
      "whiteSpace" : false
    }, {
      "id" : "s9-t5",
      "begin" : 660,
      "end" : 662,
      "text" : "登別",
      "whiteSpace" : false
    }, {
      "id" : "s9-t6",
      "begin" : 662,
      "end" : 664,
      "text" : "温泉",
      "whiteSpace" : false
    }, {
      "id" : "s9-t7",
      "begin" : 664,
      "end" : 666,
      "text" : "から",
      "whiteSpace" : false
    }, {
      "id" : "s9-t8",
      "begin" : 666,
      "end" : 667,
      "text" : "の",
      "whiteSpace" : false
    }, {
      "id" : "s9-t9",
      "begin" : 667,
      "end" : 669,
      "text" : "道路",
      "whiteSpace" : false
    }, {
      "id" : "s9-t10",
      "begin" : 669,
      "end" : 670,
      "text" : "が",
      "whiteSpace" : false
    }, {
      "id" : "s9-t11",
      "begin" : 670,
      "end" : 672,
      "text" : "完全",
      "whiteSpace" : false
    }, {
      "id" : "s9-t12",
      "begin" : 672,
      "end" : 674,
      "text" : "舗装",
      "whiteSpace" : false
    }, {
      "id" : "s9-t13",
      "begin" : 674,
      "end" : 675,
      "text" : "さ",
      "whiteSpace" : false
    }, {
      "id" : "s9-t14",
      "begin" : 675,
      "end" : 677,
      "text" : "れた",
      "whiteSpace" : false
    }, {
      "id" : "s9-t15",
      "begin" : 677,
      "end" : 679,
      "text" : "こと",
      "whiteSpace" : false
    }, {
      "id" : "s9-t16",
      "begin" : 679,
      "end" : 680,
      "text" : "も",
      "whiteSpace" : false
    }, {
      "id" : "s9-t17",
      "begin" : 680,
      "end" : 682,
      "text" : "あり",
      "whiteSpace" : false
    }, {
      "id" : "s9-t18",
      "begin" : 682,
      "end" : 683,
      "text" : "、",
      "whiteSpace" : false
    }, {
      "id" : "s9-t19",
      "begin" : 683,
      "end" : 685,
      "text" : "観光",
      "whiteSpace" : false
    }, {
      "id" : "s9-t20",
      "begin" : 685,
      "end" : 686,
      "text" : "客",
      "whiteSpace" : false
    }, {
      "id" : "s9-t21",
      "begin" : 686,
      "end" : 687,
      "text" : "も",
      "whiteSpace" : false
    }, {
      "id" : "s9-t22",
      "begin" : 687,
      "end" : 689,
      "text" : "増加",
      "whiteSpace" : false
    }, {
      "id" : "s9-t23",
      "begin" : 689,
      "end" : 690,
      "text" : "に",
      "whiteSpace" : false
    }, {
      "id" : "s9-t24",
      "begin" : 690,
      "end" : 694,
      "text" : "ともない",
      "whiteSpace" : false
    }, {
      "id" : "s9-t25",
      "begin" : 694,
      "end" : 695,
      "text" : "、",
      "whiteSpace" : false
    }, {
      "id" : "s9-t26",
      "begin" : 695,
      "end" : 697,
      "text" : "旅館",
      "whiteSpace" : false
    }, {
      "id" : "s9-t27",
      "begin" : 697,
      "end" : 698,
      "text" : "も",
      "whiteSpace" : false
    }, {
      "id" : "s9-t28",
      "begin" : 699,
      "end" : 700,
      "text" : "4",
      "whiteSpace" : false
    }, {
      "id" : "s9-t29",
      "begin" : 701,
      "end" : 702,
      "text" : "軒",
      "whiteSpace" : false
    }, {
      "id" : "s9-t30",
      "begin" : 702,
      "end" : 704,
      "text" : "から",
      "whiteSpace" : false
    }, {
      "id" : "s9-t31",
      "begin" : 705,
      "end" : 706,
      "text" : "7",
      "whiteSpace" : false
    }, {
      "id" : "s9-t32",
      "begin" : 707,
      "end" : 708,
      "text" : "軒",
      "whiteSpace" : false
    }, {
      "id" : "s9-t33",
      "begin" : 708,
      "end" : 709,
      "text" : "に",
      "whiteSpace" : false
    }, {
      "id" : "s9-t34",
      "begin" : 709,
      "end" : 711,
      "text" : "増加",
      "whiteSpace" : false
    }, {
      "id" : "s9-t35",
      "begin" : 711,
      "end" : 713,
      "text" : "して",
      "whiteSpace" : false
    }, {
      "id" : "s9-t36",
      "begin" : 713,
      "end" : 715,
      "text" : "受入",
      "whiteSpace" : false
    }, {
      "id" : "s9-t37",
      "begin" : 715,
      "end" : 717,
      "text" : "環境",
      "whiteSpace" : false
    }, {
      "id" : "s9-t38",
      "begin" : 717,
      "end" : 719,
      "text" : "整備",
      "whiteSpace" : false
    }, {
      "id" : "s9-t39",
      "begin" : 719,
      "end" : 720,
      "text" : "が",
      "whiteSpace" : false
    }, {
      "id" : "s9-t40",
      "begin" : 720,
      "end" : 723,
      "text" : "進んだ",
      "whiteSpace" : false
    }, {
      "id" : "s9-t41",
      "begin" : 723,
      "end" : 724,
      "text" : "。",
      "whiteSpace" : false
    } ]
  }, {
    "id" : "s10",
    "begin" : 725,
    "end" : 760,
    "text" : "また、昭和 38 年、カルルス温泉に国設カルルススキー場が開設された。",
    "tokens" : [ {
      "id" : "s10-t0",
      "begin" : 725,
      "end" : 727,
      "text" : "また",
      "whiteSpace" : false
    }, {
      "id" : "s10-t1",
      "begin" : 727,
      "end" : 728,
      "text" : "、",
      "whiteSpace" : false
    }, {
      "id" : "s10-t2",
      "begin" : 728,
      "end" : 730,
      "text" : "昭和",
      "whiteSpace" : false
    }, {
      "id" : "s10-t3",
      "begin" : 731,
      "end" : 733,
      "text" : "38",
      "whiteSpace" : false
    }, {
      "id" : "s10-t4",
      "begin" : 734,
      "end" : 735,
      "text" : "年",
      "whiteSpace" : false
    }, {
      "id" : "s10-t5",
      "begin" : 735,
      "end" : 736,
      "text" : "、",
      "whiteSpace" : false
    }, {
      "id" : "s10-t6",
      "begin" : 736,
      "end" : 740,
      "text" : "カルルス",
      "whiteSpace" : false
    }, {
      "id" : "s10-t7",
      "begin" : 740,
      "end" : 742,
      "text" : "温泉",
      "whiteSpace" : false
    }, {
      "id" : "s10-t8",
      "begin" : 742,
      "end" : 743,
      "text" : "に",
      "whiteSpace" : false
    }, {
      "id" : "s10-t9",
      "begin" : 743,
      "end" : 745,
      "text" : "国設",
      "whiteSpace" : false
    }, {
      "id" : "s10-t10",
      "begin" : 745,
      "end" : 749,
      "text" : "カルルス",
      "whiteSpace" : false
    }, {
      "id" : "s10-t11",
      "begin" : 749,
      "end" : 752,
      "text" : "スキー",
      "whiteSpace" : false
    }, {
      "id" : "s10-t12",
      "begin" : 752,
      "end" : 753,
      "text" : "場",
      "whiteSpace" : false
    }, {
      "id" : "s10-t13",
      "begin" : 753,
      "end" : 754,
      "text" : "が",
      "whiteSpace" : false
    }, {
      "id" : "s10-t14",
      "begin" : 754,
      "end" : 756,
      "text" : "開設",
      "whiteSpace" : false
    }, {
      "id" : "s10-t15",
      "begin" : 756,
      "end" : 757,
      "text" : "さ",
      "whiteSpace" : false
    }, {
      "id" : "s10-t16",
      "begin" : 757,
      "end" : 759,
      "text" : "れた",
      "whiteSpace" : false
    }, {
      "id" : "s10-t17",
      "begin" : 759,
      "end" : 760,
      "text" : "。",
      "whiteSpace" : false
    } ]
  }, {
    "id" : "s11",
    "begin" : 760,
    "end" : 811,
    "text" : "これにより、落ち込みがちであった冬期間の観光誘客が大きく回復し、カルルス温泉の新たな魅力となっている。",
    "tokens" : [ {
      "id" : "s11-t0",
      "begin" : 760,
      "end" : 762,
      "text" : "これ",
      "whiteSpace" : false
    }, {
      "id" : "s11-t1",
      "begin" : 762,
      "end" : 763,
      "text" : "に",
      "whiteSpace" : false
    }, {
      "id" : "s11-t2",
      "begin" : 763,
      "end" : 765,
      "text" : "より",
      "whiteSpace" : false
    }, {
      "id" : "s11-t3",
      "begin" : 765,
      "end" : 766,
      "text" : "、",
      "whiteSpace" : false
    }, {
      "id" : "s11-t4",
      "begin" : 766,
      "end" : 770,
      "text" : "落ち込み",
      "whiteSpace" : false
    }, {
      "id" : "s11-t5",
      "begin" : 770,
      "end" : 776,
      "text" : "がちであった",
      "whiteSpace" : false
    }, {
      "id" : "s11-t6",
      "begin" : 776,
      "end" : 778,
      "text" : "冬期",
      "whiteSpace" : false
    }, {
      "id" : "s11-t7",
      "begin" : 778,
      "end" : 779,
      "text" : "間",
      "whiteSpace" : false
    }, {
      "id" : "s11-t8",
      "begin" : 779,
      "end" : 780,
      "text" : "の",
      "whiteSpace" : false
    }, {
      "id" : "s11-t9",
      "begin" : 780,
      "end" : 782,
      "text" : "観光",
      "whiteSpace" : false
    }, {
      "id" : "s11-t10",
      "begin" : 782,
      "end" : 784,
      "text" : "誘客",
      "whiteSpace" : false
    }, {
      "id" : "s11-t11",
      "begin" : 784,
      "end" : 785,
      "text" : "が",
      "whiteSpace" : false
    }, {
      "id" : "s11-t12",
      "begin" : 785,
      "end" : 788,
      "text" : "大きく",
      "whiteSpace" : false
    }, {
      "id" : "s11-t13",
      "begin" : 788,
      "end" : 790,
      "text" : "回復",
      "whiteSpace" : false
    }, {
      "id" : "s11-t14",
      "begin" : 790,
      "end" : 791,
      "text" : "し",
      "whiteSpace" : false
    }, {
      "id" : "s11-t15",
      "begin" : 791,
      "end" : 792,
      "text" : "、",
      "whiteSpace" : false
    }, {
      "id" : "s11-t16",
      "begin" : 792,
      "end" : 796,
      "text" : "カルルス",
      "whiteSpace" : false
    }, {
      "id" : "s11-t17",
      "begin" : 796,
      "end" : 798,
      "text" : "温泉",
      "whiteSpace" : false
    }, {
      "id" : "s11-t18",
      "begin" : 798,
      "end" : 799,
      "text" : "の",
      "whiteSpace" : false
    }, {
      "id" : "s11-t19",
      "begin" : 799,
      "end" : 802,
      "text" : "新たな",
      "whiteSpace" : false
    }, {
      "id" : "s11-t20",
      "begin" : 802,
      "end" : 804,
      "text" : "魅力",
      "whiteSpace" : false
    }, {
      "id" : "s11-t21",
      "begin" : 804,
      "end" : 805,
      "text" : "と",
      "whiteSpace" : false
    }, {
      "id" : "s11-t22",
      "begin" : 805,
      "end" : 808,
      "text" : "なって",
      "whiteSpace" : false
    }, {
      "id" : "s11-t23",
      "begin" : 808,
      "end" : 810,
      "text" : "いる",
      "whiteSpace" : false
    }, {
      "id" : "s11-t24",
      "begin" : 810,
      "end" : 811,
      "text" : "。",
      "whiteSpace" : false
    } ]
  }, {
    "id" : "s12",
    "begin" : 812,
    "end" : 875,
    "text" : "現在のカルルス温泉には、4 軒の宿泊施設があり、今では少なくなった日本の古き良き温泉地の雰囲気が多くの観光客を惹きつけている。",
    "tokens" : [ {
      "id" : "s12-t0",
      "begin" : 812,
      "end" : 814,
      "text" : "現在",
      "whiteSpace" : false
    }, {
      "id" : "s12-t1",
      "begin" : 814,
      "end" : 815,
      "text" : "の",
      "whiteSpace" : false
    }, {
      "id" : "s12-t2",
      "begin" : 815,
      "end" : 819,
      "text" : "カルルス",
      "whiteSpace" : false
    }, {
      "id" : "s12-t3",
      "begin" : 819,
      "end" : 821,
      "text" : "温泉",
      "whiteSpace" : false
    }, {
      "id" : "s12-t4",
      "begin" : 821,
      "end" : 822,
      "text" : "に",
      "whiteSpace" : false
    }, {
      "id" : "s12-t5",
      "begin" : 822,
      "end" : 823,
      "text" : "は",
      "whiteSpace" : false
    }, {
      "id" : "s12-t6",
      "begin" : 823,
      "end" : 824,
      "text" : "、",
      "whiteSpace" : false
    }, {
      "id" : "s12-t7",
      "begin" : 824,
      "end" : 825,
      "text" : "4",
      "whiteSpace" : false
    }, {
      "id" : "s12-t8",
      "begin" : 826,
      "end" : 827,
      "text" : "軒",
      "whiteSpace" : false
    }, {
      "id" : "s12-t9",
      "begin" : 827,
      "end" : 828,
      "text" : "の",
      "whiteSpace" : false
    }, {
      "id" : "s12-t10",
      "begin" : 828,
      "end" : 830,
      "text" : "宿泊",
      "whiteSpace" : false
    }, {
      "id" : "s12-t11",
      "begin" : 830,
      "end" : 832,
      "text" : "施設",
      "whiteSpace" : false
    }, {
      "id" : "s12-t12",
      "begin" : 832,
      "end" : 833,
      "text" : "が",
      "whiteSpace" : false
    }, {
      "id" : "s12-t13",
      "begin" : 833,
      "end" : 835,
      "text" : "あり",
      "whiteSpace" : false
    }, {
      "id" : "s12-t14",
      "begin" : 835,
      "end" : 836,
      "text" : "、",
      "whiteSpace" : false
    }, {
      "id" : "s12-t15",
      "begin" : 836,
      "end" : 837,
      "text" : "今",
      "whiteSpace" : false
    }, {
      "id" : "s12-t16",
      "begin" : 837,
      "end" : 838,
      "text" : "で",
      "whiteSpace" : false
    }, {
      "id" : "s12-t17",
      "begin" : 838,
      "end" : 839,
      "text" : "は",
      "whiteSpace" : false
    }, {
      "id" : "s12-t18",
      "begin" : 839,
      "end" : 842,
      "text" : "少なく",
      "whiteSpace" : false
    }, {
      "id" : "s12-t19",
      "begin" : 842,
      "end" : 845,
      "text" : "なった",
      "whiteSpace" : false
    }, {
      "id" : "s12-t20",
      "begin" : 845,
      "end" : 847,
      "text" : "日本",
      "whiteSpace" : false
    }, {
      "id" : "s12-t21",
      "begin" : 847,
      "end" : 848,
      "text" : "の",
      "whiteSpace" : false
    }, {
      "id" : "s12-t22",
      "begin" : 848,
      "end" : 850,
      "text" : "古き",
      "whiteSpace" : false
    }, {
      "id" : "s12-t23",
      "begin" : 850,
      "end" : 852,
      "text" : "良き",
      "whiteSpace" : false
    }, {
      "id" : "s12-t24",
      "begin" : 852,
      "end" : 854,
      "text" : "温泉",
      "whiteSpace" : false
    }, {
      "id" : "s12-t25",
      "begin" : 854,
      "end" : 855,
      "text" : "地",
      "whiteSpace" : false
    }, {
      "id" : "s12-t26",
      "begin" : 855,
      "end" : 856,
      "text" : "の",
      "whiteSpace" : false
    }, {
      "id" : "s12-t27",
      "begin" : 856,
      "end" : 859,
      "text" : "雰囲気",
      "whiteSpace" : false
    }, {
      "id" : "s12-t28",
      "begin" : 859,
      "end" : 860,
      "text" : "が",
      "whiteSpace" : false
    }, {
      "id" : "s12-t29",
      "begin" : 860,
      "end" : 862,
      "text" : "多く",
      "whiteSpace" : false
    }, {
      "id" : "s12-t30",
      "begin" : 862,
      "end" : 863,
      "text" : "の",
      "whiteSpace" : false
    }, {
      "id" : "s12-t31",
      "begin" : 863,
      "end" : 865,
      "text" : "観光",
      "whiteSpace" : false
    }, {
      "id" : "s12-t32",
      "begin" : 865,
      "end" : 866,
      "text" : "客",
      "whiteSpace" : false
    }, {
      "id" : "s12-t33",
      "begin" : 866,
      "end" : 867,
      "text" : "を",
      "whiteSpace" : false
    }, {
      "id" : "s12-t34",
      "begin" : 867,
      "end" : 872,
      "text" : "惹きつけて",
      "whiteSpace" : false
    }, {
      "id" : "s12-t35",
      "begin" : 872,
      "end" : 874,
      "text" : "いる",
      "whiteSpace" : false
    }, {
      "id" : "s12-t36",
      "begin" : 874,
      "end" : 875,
      "text" : "。",
      "whiteSpace" : false
    } ]
  } ],
  "mentions" : [ {
    "id" : "s1-m1",
    "properties" : {
      "SIRE_MENTION_ROLE" : "ONSEN",
      "SIRE_ENTITY_SUBTYPE" : "NONE",
      "SIRE_MENTION_TYPE" : "NONE",
      "SIRE_MENTION_CLASS" : "SPC"
    },
    "type" : "ONSEN",
    "begin" : 9,
    "end" : 15,
    "inCoref" : true
  }, {
    "id" : "s1-m2",
    "properties" : {
      "SIRE_MENTION_ROLE" : "ONSEN",
      "SIRE_ENTITY_SUBTYPE" : "NONE",
      "SIRE_MENTION_TYPE" : "NONE",
      "SIRE_MENTION_CLASS" : "SPC"
    },
    "type" : "ONSEN",
    "begin" : 47,
    "end" : 51,
    "inCoref" : true
  }, {
    "id" : "s3-m1",
    "properties" : {
      "SIRE_MENTION_ROLE" : "ONSEN",
      "SIRE_ENTITY_SUBTYPE" : "NONE",
      "SIRE_MENTION_TYPE" : "NONE",
      "SIRE_MENTION_CLASS" : "SPC"
    },
    "type" : "ONSEN",
    "begin" : 221,
    "end" : 227,
    "inCoref" : true
  }, {
    "id" : "s5-m1",
    "properties" : {
      "SIRE_MENTION_ROLE" : "ONSEN",
      "SIRE_ENTITY_SUBTYPE" : "NONE",
      "SIRE_MENTION_TYPE" : "NONE",
      "SIRE_MENTION_CLASS" : "SPC"
    },
    "type" : "ONSEN",
    "begin" : 399,
    "end" : 403,
    "inCoref" : true
  }, {
    "id" : "s6-m1",
    "properties" : {
      "SIRE_MENTION_ROLE" : "ONSEN",
      "SIRE_ENTITY_SUBTYPE" : "NONE",
      "SIRE_MENTION_TYPE" : "NONE",
      "SIRE_MENTION_CLASS" : "SPC"
    },
    "type" : "ONSEN",
    "begin" : 445,
    "end" : 451,
    "inCoref" : true
  }, {
    "id" : "s6-m2",
    "properties" : {
      "SIRE_MENTION_ROLE" : "ONSEN",
      "SIRE_ENTITY_SUBTYPE" : "NONE",
      "SIRE_MENTION_TYPE" : "NONE",
      "SIRE_MENTION_CLASS" : "SPC"
    },
    "type" : "ONSEN",
    "begin" : 467,
    "end" : 471,
    "inCoref" : true
  }, {
    "id" : "s7-m1",
    "properties" : {
      "SIRE_MENTION_ROLE" : "ONSEN",
      "SIRE_ENTITY_SUBTYPE" : "NONE",
      "SIRE_MENTION_TYPE" : "NONE",
      "SIRE_MENTION_CLASS" : "SPC"
    },
    "type" : "ONSEN",
    "begin" : 538,
    "end" : 542,
    "inCoref" : true
  }, {
    "id" : "s8-m1",
    "properties" : {
      "SIRE_MENTION_ROLE" : "ONSEN",
      "SIRE_ENTITY_SUBTYPE" : "NONE",
      "SIRE_MENTION_TYPE" : "NONE",
      "SIRE_MENTION_CLASS" : "SPC"
    },
    "type" : "ONSEN",
    "begin" : 620,
    "end" : 624,
    "inCoref" : true
  }, {
    "id" : "s9-m1",
    "properties" : {
      "SIRE_MENTION_ROLE" : "ONSEN",
      "SIRE_ENTITY_SUBTYPE" : "NONE",
      "SIRE_MENTION_TYPE" : "NONE",
      "SIRE_MENTION_CLASS" : "SPC"
    },
    "type" : "ONSEN",
    "begin" : 660,
    "end" : 664,
    "inCoref" : true
  }, {
    "id" : "s10-m1",
    "properties" : {
      "SIRE_MENTION_ROLE" : "ONSEN",
      "SIRE_ENTITY_SUBTYPE" : "NONE",
      "SIRE_MENTION_TYPE" : "NONE",
      "SIRE_MENTION_CLASS" : "SPC"
    },
    "type" : "ONSEN",
    "begin" : 736,
    "end" : 742,
    "inCoref" : true
  }, {
    "id" : "s11-m1",
    "properties" : {
      "SIRE_MENTION_ROLE" : "ONSEN",
      "SIRE_ENTITY_SUBTYPE" : "NONE",
      "SIRE_MENTION_TYPE" : "NONE",
      "SIRE_MENTION_CLASS" : "SPC"
    },
    "type" : "ONSEN",
    "begin" : 792,
    "end" : 798,
    "inCoref" : true
  }, {
    "id" : "s12-m1",
    "properties" : {
      "SIRE_MENTION_ROLE" : "ONSEN",
      "SIRE_ENTITY_SUBTYPE" : "NONE",
      "SIRE_MENTION_TYPE" : "NONE",
      "SIRE_MENTION_CLASS" : "SPC"
    },
    "type" : "ONSEN",
    "begin" : 815,
    "end" : 821,
    "inCoref" : true
  } ],
  "relations" : [ ],
  "corefs" : [ {
    "id" : "c1",
    "properties" : { },
    "mentions" : [ "s1-m1", "s3-m1", "s6-m1", "s10-m1", "s11-m1", "s12-m1" ]
  }, {
    "id" : "c2",
    "properties" : { },
    "mentions" : [ "s1-m2", "s5-m1", "s6-m2", "s7-m1", "s8-m1", "s9-m1" ]
  } ],
  "typeResolved" : true,
  "userResolved" : false
}