{
  "id" : "5ae7cfb0-d149-11e9-ad4b-c984733d60b0-25",
  "name" : "25_さぎの湯温泉 国民保養温泉地計画書",
  "createdDate" : 0,
  "version" : 3,
  "text" : "１．温泉地の概要\n安来市古川町にあるさぎの湯温泉は、中海・宍道湖・大山を包括する山陰観光文化圏の中央に位置する温泉地である。月山の麓を流れる清流・飯梨川のほとりにあり、山陰地方の著名な温泉地に比べ規模が小さく（浴用利用施設６施設 ）大規模な開発が進まなかったため、現在も懐かしさが感じられる農村の田園風景に囲まれている。\nさぎの湯温泉は、神亀年間（724～729 年）に湧き出した湯で、白鷺が脚の傷を癒したのが温泉の起こりと伝えられている。古くは戦国時代の尼子氏をはじめ、歴代藩主の御殿湯として栄えたことでも知られている。その後、度重なる飯梨川等の洪水によって泉脈を失ったが、明治 43 年に田辺六左衛門が手がけた排水工事にともない、泉源が再発見され、現在のさぎの湯温泉が形成された。\nその後も、昭和 34 年 8 月の集中豪雨による水害等に苦しんできたが、上流部へのダム建設や河川工事によって、洪水被害を防ぐことができるようなった。平成 7年には永久泉源を整備し、源泉かけ流しの豊富な湯量を確保することになった。\nさぎの湯温泉の湯量は豊富で、無色透明のさらっとした肌ざわりの湯が特徴になっている。温泉旅館では、それぞれ趣の異なる風呂で源泉かけ流しの温泉が楽しめるほか、健康増進施設「夢ランドしらさぎ」では、温泉風呂のほかに水着で入れるバーデスパ、ミニプール、トレーニングルームなどが完備されている。\n近隣には、田園風景を囲む数百メートルの山々を借景にした日本庭園として、世界的な評価を得ている足立美術館がある。年間 60 万人近くの観光客が訪れ、外国人観光客の来訪も多い。また、安来節演芸館や安来節屋では、安来市固有の民謡・安来節やどじょうすくい踊りを気軽に楽しむことができる。",
  "docLength" : 0,
  "language" : "JA",
  "status" : "IN_PROGRESS",
  "modifiedDate" : 1567848422003,
  "documentSet" : [ ],
  "preannotation" : [ "PRE_LW" ],
  "sentences" : [ {
    "id" : "s0",
    "begin" : 0,
    "end" : 2,
    "text" : "１．",
    "tokens" : [ {
      "id" : "s0-t0",
      "begin" : 0,
      "end" : 1,
      "text" : "１",
      "whiteSpace" : false
    }, {
      "id" : "s0-t1",
      "begin" : 1,
      "end" : 2,
      "text" : "．",
      "whiteSpace" : false
    } ]
  }, {
    "id" : "s1",
    "begin" : 2,
    "end" : 62,
    "text" : "温泉地の概要\n安来市古川町にあるさぎの湯温泉は、中海・宍道湖・大山を包括する山陰観光文化圏の中央に位置する温泉地である。",
    "tokens" : [ {
      "id" : "s1-t0",
      "begin" : 2,
      "end" : 4,
      "text" : "温泉",
      "whiteSpace" : false
    }, {
      "id" : "s1-t1",
      "begin" : 4,
      "end" : 5,
      "text" : "地",
      "whiteSpace" : false
    }, {
      "id" : "s1-t2",
      "begin" : 5,
      "end" : 6,
      "text" : "の",
      "whiteSpace" : false
    }, {
      "id" : "s1-t3",
      "begin" : 6,
      "end" : 8,
      "text" : "概要",
      "whiteSpace" : false
    }, {
      "id" : "s1-t4",
      "begin" : 9,
      "end" : 11,
      "text" : "安来",
      "whiteSpace" : false
    }, {
      "id" : "s1-t5",
      "begin" : 11,
      "end" : 12,
      "text" : "市",
      "whiteSpace" : false
    }, {
      "id" : "s1-t6",
      "begin" : 12,
      "end" : 14,
      "text" : "古川",
      "whiteSpace" : false
    }, {
      "id" : "s1-t7",
      "begin" : 14,
      "end" : 15,
      "text" : "町",
      "whiteSpace" : false
    }, {
      "id" : "s1-t8",
      "begin" : 15,
      "end" : 16,
      "text" : "に",
      "whiteSpace" : false
    }, {
      "id" : "s1-t9",
      "begin" : 16,
      "end" : 20,
      "text" : "あるさぎ",
      "whiteSpace" : false
    }, {
      "id" : "s1-t10",
      "begin" : 20,
      "end" : 21,
      "text" : "の",
      "whiteSpace" : false
    }, {
      "id" : "s1-t11",
      "begin" : 21,
      "end" : 22,
      "text" : "湯",
      "whiteSpace" : false
    }, {
      "id" : "s1-t12",
      "begin" : 22,
      "end" : 24,
      "text" : "温泉",
      "whiteSpace" : false
    }, {
      "id" : "s1-t13",
      "begin" : 24,
      "end" : 25,
      "text" : "は",
      "whiteSpace" : false
    }, {
      "id" : "s1-t14",
      "begin" : 25,
      "end" : 26,
      "text" : "、",
      "whiteSpace" : false
    }, {
      "id" : "s1-t15",
      "begin" : 26,
      "end" : 28,
      "text" : "中海",
      "whiteSpace" : false
    }, {
      "id" : "s1-t16",
      "begin" : 28,
      "end" : 29,
      "text" : "・",
      "whiteSpace" : false
    }, {
      "id" : "s1-t17",
      "begin" : 29,
      "end" : 32,
      "text" : "宍道湖",
      "whiteSpace" : false
    }, {
      "id" : "s1-t18",
      "begin" : 32,
      "end" : 33,
      "text" : "・",
      "whiteSpace" : false
    }, {
      "id" : "s1-t19",
      "begin" : 33,
      "end" : 35,
      "text" : "大山",
      "whiteSpace" : false
    }, {
      "id" : "s1-t20",
      "begin" : 35,
      "end" : 36,
      "text" : "を",
      "whiteSpace" : false
    }, {
      "id" : "s1-t21",
      "begin" : 36,
      "end" : 38,
      "text" : "包括",
      "whiteSpace" : false
    }, {
      "id" : "s1-t22",
      "begin" : 38,
      "end" : 40,
      "text" : "する",
      "whiteSpace" : false
    }, {
      "id" : "s1-t23",
      "begin" : 40,
      "end" : 42,
      "text" : "山陰",
      "whiteSpace" : false
    }, {
      "id" : "s1-t24",
      "begin" : 42,
      "end" : 44,
      "text" : "観光",
      "whiteSpace" : false
    }, {
      "id" : "s1-t25",
      "begin" : 44,
      "end" : 46,
      "text" : "文化",
      "whiteSpace" : false
    }, {
      "id" : "s1-t26",
      "begin" : 46,
      "end" : 47,
      "text" : "圏",
      "whiteSpace" : false
    }, {
      "id" : "s1-t27",
      "begin" : 47,
      "end" : 48,
      "text" : "の",
      "whiteSpace" : false
    }, {
      "id" : "s1-t28",
      "begin" : 48,
      "end" : 50,
      "text" : "中央",
      "whiteSpace" : false
    }, {
      "id" : "s1-t29",
      "begin" : 50,
      "end" : 51,
      "text" : "に",
      "whiteSpace" : false
    }, {
      "id" : "s1-t30",
      "begin" : 51,
      "end" : 53,
      "text" : "位置",
      "whiteSpace" : false
    }, {
      "id" : "s1-t31",
      "begin" : 53,
      "end" : 55,
      "text" : "する",
      "whiteSpace" : false
    }, {
      "id" : "s1-t32",
      "begin" : 55,
      "end" : 57,
      "text" : "温泉",
      "whiteSpace" : false
    }, {
      "id" : "s1-t33",
      "begin" : 57,
      "end" : 58,
      "text" : "地",
      "whiteSpace" : false
    }, {
      "id" : "s1-t34",
      "begin" : 58,
      "end" : 61,
      "text" : "である",
      "whiteSpace" : false
    }, {
      "id" : "s1-t35",
      "begin" : 61,
      "end" : 62,
      "text" : "。",
      "whiteSpace" : false
    } ]
  }, {
    "id" : "s2",
    "begin" : 62,
    "end" : 160,
    "text" : "月山の麓を流れる清流・飯梨川のほとりにあり、山陰地方の著名な温泉地に比べ規模が小さく（浴用利用施設６施設 ）大規模な開発が進まなかったため、現在も懐かしさが感じられる農村の田園風景に囲まれている。",
    "tokens" : [ {
      "id" : "s2-t0",
      "begin" : 62,
      "end" : 64,
      "text" : "月山",
      "whiteSpace" : false
    }, {
      "id" : "s2-t1",
      "begin" : 64,
      "end" : 65,
      "text" : "の",
      "whiteSpace" : false
    }, {
      "id" : "s2-t2",
      "begin" : 65,
      "end" : 66,
      "text" : "麓",
      "whiteSpace" : false
    }, {
      "id" : "s2-t3",
      "begin" : 66,
      "end" : 67,
      "text" : "を",
      "whiteSpace" : false
    }, {
      "id" : "s2-t4",
      "begin" : 67,
      "end" : 70,
      "text" : "流れる",
      "whiteSpace" : false
    }, {
      "id" : "s2-t5",
      "begin" : 70,
      "end" : 72,
      "text" : "清流",
      "whiteSpace" : false
    }, {
      "id" : "s2-t6",
      "begin" : 72,
      "end" : 73,
      "text" : "・",
      "whiteSpace" : false
    }, {
      "id" : "s2-t7",
      "begin" : 73,
      "end" : 76,
      "text" : "飯梨川",
      "whiteSpace" : false
    }, {
      "id" : "s2-t8",
      "begin" : 76,
      "end" : 77,
      "text" : "の",
      "whiteSpace" : false
    }, {
      "id" : "s2-t9",
      "begin" : 77,
      "end" : 80,
      "text" : "ほとり",
      "whiteSpace" : false
    }, {
      "id" : "s2-t10",
      "begin" : 80,
      "end" : 81,
      "text" : "に",
      "whiteSpace" : false
    }, {
      "id" : "s2-t11",
      "begin" : 81,
      "end" : 83,
      "text" : "あり",
      "whiteSpace" : false
    }, {
      "id" : "s2-t12",
      "begin" : 83,
      "end" : 84,
      "text" : "、",
      "whiteSpace" : false
    }, {
      "id" : "s2-t13",
      "begin" : 84,
      "end" : 86,
      "text" : "山陰",
      "whiteSpace" : false
    }, {
      "id" : "s2-t14",
      "begin" : 86,
      "end" : 88,
      "text" : "地方",
      "whiteSpace" : false
    }, {
      "id" : "s2-t15",
      "begin" : 88,
      "end" : 89,
      "text" : "の",
      "whiteSpace" : false
    }, {
      "id" : "s2-t16",
      "begin" : 89,
      "end" : 92,
      "text" : "著名な",
      "whiteSpace" : false
    }, {
      "id" : "s2-t17",
      "begin" : 92,
      "end" : 94,
      "text" : "温泉",
      "whiteSpace" : false
    }, {
      "id" : "s2-t18",
      "begin" : 94,
      "end" : 95,
      "text" : "地",
      "whiteSpace" : false
    }, {
      "id" : "s2-t19",
      "begin" : 95,
      "end" : 96,
      "text" : "に",
      "whiteSpace" : false
    }, {
      "id" : "s2-t20",
      "begin" : 96,
      "end" : 98,
      "text" : "比べ",
      "whiteSpace" : false
    }, {
      "id" : "s2-t21",
      "begin" : 98,
      "end" : 100,
      "text" : "規模",
      "whiteSpace" : false
    }, {
      "id" : "s2-t22",
      "begin" : 100,
      "end" : 101,
      "text" : "が",
      "whiteSpace" : false
    }, {
      "id" : "s2-t23",
      "begin" : 101,
      "end" : 104,
      "text" : "小さく",
      "whiteSpace" : false
    }, {
      "id" : "s2-t24",
      "begin" : 104,
      "end" : 105,
      "text" : "（",
      "whiteSpace" : false
    }, {
      "id" : "s2-t25",
      "begin" : 105,
      "end" : 107,
      "text" : "浴用",
      "whiteSpace" : false
    }, {
      "id" : "s2-t26",
      "begin" : 107,
      "end" : 109,
      "text" : "利用",
      "whiteSpace" : false
    }, {
      "id" : "s2-t27",
      "begin" : 109,
      "end" : 111,
      "text" : "施設",
      "whiteSpace" : false
    }, {
      "id" : "s2-t28",
      "begin" : 111,
      "end" : 112,
      "text" : "６",
      "whiteSpace" : false
    }, {
      "id" : "s2-t29",
      "begin" : 112,
      "end" : 114,
      "text" : "施設",
      "whiteSpace" : false
    }, {
      "id" : "s2-t30",
      "begin" : 115,
      "end" : 116,
      "text" : "）",
      "whiteSpace" : false
    }, {
      "id" : "s2-t31",
      "begin" : 116,
      "end" : 120,
      "text" : "大規模な",
      "whiteSpace" : false
    }, {
      "id" : "s2-t32",
      "begin" : 120,
      "end" : 122,
      "text" : "開発",
      "whiteSpace" : false
    }, {
      "id" : "s2-t33",
      "begin" : 122,
      "end" : 123,
      "text" : "が",
      "whiteSpace" : false
    }, {
      "id" : "s2-t34",
      "begin" : 123,
      "end" : 125,
      "text" : "進ま",
      "whiteSpace" : false
    }, {
      "id" : "s2-t35",
      "begin" : 125,
      "end" : 129,
      "text" : "なかった",
      "whiteSpace" : false
    }, {
      "id" : "s2-t36",
      "begin" : 129,
      "end" : 131,
      "text" : "ため",
      "whiteSpace" : false
    }, {
      "id" : "s2-t37",
      "begin" : 131,
      "end" : 132,
      "text" : "、",
      "whiteSpace" : false
    }, {
      "id" : "s2-t38",
      "begin" : 132,
      "end" : 134,
      "text" : "現在",
      "whiteSpace" : false
    }, {
      "id" : "s2-t39",
      "begin" : 134,
      "end" : 135,
      "text" : "も",
      "whiteSpace" : false
    }, {
      "id" : "s2-t40",
      "begin" : 135,
      "end" : 138,
      "text" : "懐かし",
      "whiteSpace" : false
    }, {
      "id" : "s2-t41",
      "begin" : 138,
      "end" : 139,
      "text" : "さ",
      "whiteSpace" : false
    }, {
      "id" : "s2-t42",
      "begin" : 139,
      "end" : 140,
      "text" : "が",
      "whiteSpace" : false
    }, {
      "id" : "s2-t43",
      "begin" : 140,
      "end" : 142,
      "text" : "感じ",
      "whiteSpace" : false
    }, {
      "id" : "s2-t44",
      "begin" : 142,
      "end" : 145,
      "text" : "られる",
      "whiteSpace" : false
    }, {
      "id" : "s2-t45",
      "begin" : 145,
      "end" : 147,
      "text" : "農村",
      "whiteSpace" : false
    }, {
      "id" : "s2-t46",
      "begin" : 147,
      "end" : 148,
      "text" : "の",
      "whiteSpace" : false
    }, {
      "id" : "s2-t47",
      "begin" : 148,
      "end" : 150,
      "text" : "田園",
      "whiteSpace" : false
    }, {
      "id" : "s2-t48",
      "begin" : 150,
      "end" : 152,
      "text" : "風景",
      "whiteSpace" : false
    }, {
      "id" : "s2-t49",
      "begin" : 152,
      "end" : 153,
      "text" : "に",
      "whiteSpace" : false
    }, {
      "id" : "s2-t50",
      "begin" : 153,
      "end" : 155,
      "text" : "囲ま",
      "whiteSpace" : false
    }, {
      "id" : "s2-t51",
      "begin" : 155,
      "end" : 157,
      "text" : "れて",
      "whiteSpace" : false
    }, {
      "id" : "s2-t52",
      "begin" : 157,
      "end" : 159,
      "text" : "いる",
      "whiteSpace" : false
    }, {
      "id" : "s2-t53",
      "begin" : 159,
      "end" : 160,
      "text" : "。",
      "whiteSpace" : false
    } ]
  }, {
    "id" : "s3",
    "begin" : 161,
    "end" : 220,
    "text" : "さぎの湯温泉は、神亀年間（724～729 年）に湧き出した湯で、白鷺が脚の傷を癒したのが温泉の起こりと伝えられている。",
    "tokens" : [ {
      "id" : "s3-t0",
      "begin" : 161,
      "end" : 163,
      "text" : "さぎ",
      "whiteSpace" : false
    }, {
      "id" : "s3-t1",
      "begin" : 163,
      "end" : 164,
      "text" : "の",
      "whiteSpace" : false
    }, {
      "id" : "s3-t2",
      "begin" : 164,
      "end" : 165,
      "text" : "湯",
      "whiteSpace" : false
    }, {
      "id" : "s3-t3",
      "begin" : 165,
      "end" : 167,
      "text" : "温泉",
      "whiteSpace" : false
    }, {
      "id" : "s3-t4",
      "begin" : 167,
      "end" : 168,
      "text" : "は",
      "whiteSpace" : false
    }, {
      "id" : "s3-t5",
      "begin" : 168,
      "end" : 169,
      "text" : "、",
      "whiteSpace" : false
    }, {
      "id" : "s3-t6",
      "begin" : 169,
      "end" : 170,
      "text" : "神",
      "whiteSpace" : false
    }, {
      "id" : "s3-t7",
      "begin" : 170,
      "end" : 171,
      "text" : "亀",
      "whiteSpace" : false
    }, {
      "id" : "s3-t8",
      "begin" : 171,
      "end" : 173,
      "text" : "年間",
      "whiteSpace" : false
    }, {
      "id" : "s3-t9",
      "begin" : 173,
      "end" : 174,
      "text" : "（",
      "whiteSpace" : false
    }, {
      "id" : "s3-t10",
      "begin" : 174,
      "end" : 177,
      "text" : "724",
      "whiteSpace" : false
    }, {
      "id" : "s3-t11",
      "begin" : 177,
      "end" : 178,
      "text" : "～",
      "whiteSpace" : false
    }, {
      "id" : "s3-t12",
      "begin" : 178,
      "end" : 181,
      "text" : "729",
      "whiteSpace" : false
    }, {
      "id" : "s3-t13",
      "begin" : 182,
      "end" : 183,
      "text" : "年",
      "whiteSpace" : false
    }, {
      "id" : "s3-t14",
      "begin" : 183,
      "end" : 184,
      "text" : "）",
      "whiteSpace" : false
    }, {
      "id" : "s3-t15",
      "begin" : 184,
      "end" : 185,
      "text" : "に",
      "whiteSpace" : false
    }, {
      "id" : "s3-t16",
      "begin" : 185,
      "end" : 190,
      "text" : "湧き出した",
      "whiteSpace" : false
    }, {
      "id" : "s3-t17",
      "begin" : 190,
      "end" : 191,
      "text" : "湯",
      "whiteSpace" : false
    }, {
      "id" : "s3-t18",
      "begin" : 191,
      "end" : 192,
      "text" : "で",
      "whiteSpace" : false
    }, {
      "id" : "s3-t19",
      "begin" : 192,
      "end" : 193,
      "text" : "、",
      "whiteSpace" : false
    }, {
      "id" : "s3-t20",
      "begin" : 193,
      "end" : 195,
      "text" : "白鷺",
      "whiteSpace" : false
    }, {
      "id" : "s3-t21",
      "begin" : 195,
      "end" : 196,
      "text" : "が",
      "whiteSpace" : false
    }, {
      "id" : "s3-t22",
      "begin" : 196,
      "end" : 197,
      "text" : "脚",
      "whiteSpace" : false
    }, {
      "id" : "s3-t23",
      "begin" : 197,
      "end" : 198,
      "text" : "の",
      "whiteSpace" : false
    }, {
      "id" : "s3-t24",
      "begin" : 198,
      "end" : 199,
      "text" : "傷",
      "whiteSpace" : false
    }, {
      "id" : "s3-t25",
      "begin" : 199,
      "end" : 200,
      "text" : "を",
      "whiteSpace" : false
    }, {
      "id" : "s3-t26",
      "begin" : 200,
      "end" : 203,
      "text" : "癒した",
      "whiteSpace" : false
    }, {
      "id" : "s3-t27",
      "begin" : 203,
      "end" : 204,
      "text" : "の",
      "whiteSpace" : false
    }, {
      "id" : "s3-t28",
      "begin" : 204,
      "end" : 205,
      "text" : "が",
      "whiteSpace" : false
    }, {
      "id" : "s3-t29",
      "begin" : 205,
      "end" : 207,
      "text" : "温泉",
      "whiteSpace" : false
    }, {
      "id" : "s3-t30",
      "begin" : 207,
      "end" : 208,
      "text" : "の",
      "whiteSpace" : false
    }, {
      "id" : "s3-t31",
      "begin" : 208,
      "end" : 211,
      "text" : "起こり",
      "whiteSpace" : false
    }, {
      "id" : "s3-t32",
      "begin" : 211,
      "end" : 212,
      "text" : "と",
      "whiteSpace" : false
    }, {
      "id" : "s3-t33",
      "begin" : 212,
      "end" : 214,
      "text" : "伝え",
      "whiteSpace" : false
    }, {
      "id" : "s3-t34",
      "begin" : 214,
      "end" : 217,
      "text" : "られて",
      "whiteSpace" : false
    }, {
      "id" : "s3-t35",
      "begin" : 217,
      "end" : 219,
      "text" : "いる",
      "whiteSpace" : false
    }, {
      "id" : "s3-t36",
      "begin" : 219,
      "end" : 220,
      "text" : "。",
      "whiteSpace" : false
    } ]
  }, {
    "id" : "s4",
    "begin" : 220,
    "end" : 261,
    "text" : "古くは戦国時代の尼子氏をはじめ、歴代藩主の御殿湯として栄えたことでも知られている。",
    "tokens" : [ {
      "id" : "s4-t0",
      "begin" : 220,
      "end" : 222,
      "text" : "古く",
      "whiteSpace" : false
    }, {
      "id" : "s4-t1",
      "begin" : 222,
      "end" : 223,
      "text" : "は",
      "whiteSpace" : false
    }, {
      "id" : "s4-t2",
      "begin" : 223,
      "end" : 225,
      "text" : "戦国",
      "whiteSpace" : false
    }, {
      "id" : "s4-t3",
      "begin" : 225,
      "end" : 227,
      "text" : "時代",
      "whiteSpace" : false
    }, {
      "id" : "s4-t4",
      "begin" : 227,
      "end" : 228,
      "text" : "の",
      "whiteSpace" : false
    }, {
      "id" : "s4-t5",
      "begin" : 228,
      "end" : 230,
      "text" : "尼子",
      "whiteSpace" : false
    }, {
      "id" : "s4-t6",
      "begin" : 230,
      "end" : 231,
      "text" : "氏",
      "whiteSpace" : false
    }, {
      "id" : "s4-t7",
      "begin" : 231,
      "end" : 232,
      "text" : "を",
      "whiteSpace" : false
    }, {
      "id" : "s4-t8",
      "begin" : 232,
      "end" : 235,
      "text" : "はじめ",
      "whiteSpace" : false
    }, {
      "id" : "s4-t9",
      "begin" : 235,
      "end" : 236,
      "text" : "、",
      "whiteSpace" : false
    }, {
      "id" : "s4-t10",
      "begin" : 236,
      "end" : 238,
      "text" : "歴代",
      "whiteSpace" : false
    }, {
      "id" : "s4-t11",
      "begin" : 238,
      "end" : 240,
      "text" : "藩主",
      "whiteSpace" : false
    }, {
      "id" : "s4-t12",
      "begin" : 240,
      "end" : 241,
      "text" : "の",
      "whiteSpace" : false
    }, {
      "id" : "s4-t13",
      "begin" : 241,
      "end" : 243,
      "text" : "御殿",
      "whiteSpace" : false
    }, {
      "id" : "s4-t14",
      "begin" : 243,
      "end" : 244,
      "text" : "湯",
      "whiteSpace" : false
    }, {
      "id" : "s4-t15",
      "begin" : 244,
      "end" : 245,
      "text" : "と",
      "whiteSpace" : false
    }, {
      "id" : "s4-t16",
      "begin" : 245,
      "end" : 247,
      "text" : "して",
      "whiteSpace" : false
    }, {
      "id" : "s4-t17",
      "begin" : 247,
      "end" : 250,
      "text" : "栄えた",
      "whiteSpace" : false
    }, {
      "id" : "s4-t18",
      "begin" : 250,
      "end" : 252,
      "text" : "こと",
      "whiteSpace" : false
    }, {
      "id" : "s4-t19",
      "begin" : 252,
      "end" : 254,
      "text" : "でも",
      "whiteSpace" : false
    }, {
      "id" : "s4-t20",
      "begin" : 254,
      "end" : 256,
      "text" : "知ら",
      "whiteSpace" : false
    }, {
      "id" : "s4-t21",
      "begin" : 256,
      "end" : 258,
      "text" : "れて",
      "whiteSpace" : false
    }, {
      "id" : "s4-t22",
      "begin" : 258,
      "end" : 260,
      "text" : "いる",
      "whiteSpace" : false
    }, {
      "id" : "s4-t23",
      "begin" : 260,
      "end" : 261,
      "text" : "。",
      "whiteSpace" : false
    } ]
  }, {
    "id" : "s5",
    "begin" : 261,
    "end" : 342,
    "text" : "その後、度重なる飯梨川等の洪水によって泉脈を失ったが、明治 43 年に田辺六左衛門が手がけた排水工事にともない、泉源が再発見され、現在のさぎの湯温泉が形成された。",
    "tokens" : [ {
      "id" : "s5-t0",
      "begin" : 261,
      "end" : 264,
      "text" : "その後",
      "whiteSpace" : false
    }, {
      "id" : "s5-t1",
      "begin" : 264,
      "end" : 265,
      "text" : "、",
      "whiteSpace" : false
    }, {
      "id" : "s5-t2",
      "begin" : 265,
      "end" : 269,
      "text" : "度重なる",
      "whiteSpace" : false
    }, {
      "id" : "s5-t3",
      "begin" : 269,
      "end" : 272,
      "text" : "飯梨川",
      "whiteSpace" : false
    }, {
      "id" : "s5-t4",
      "begin" : 272,
      "end" : 273,
      "text" : "等",
      "whiteSpace" : false
    }, {
      "id" : "s5-t5",
      "begin" : 273,
      "end" : 274,
      "text" : "の",
      "whiteSpace" : false
    }, {
      "id" : "s5-t6",
      "begin" : 274,
      "end" : 276,
      "text" : "洪水",
      "whiteSpace" : false
    }, {
      "id" : "s5-t7",
      "begin" : 276,
      "end" : 277,
      "text" : "に",
      "whiteSpace" : false
    }, {
      "id" : "s5-t8",
      "begin" : 277,
      "end" : 280,
      "text" : "よって",
      "whiteSpace" : false
    }, {
      "id" : "s5-t9",
      "begin" : 280,
      "end" : 282,
      "text" : "泉脈",
      "whiteSpace" : false
    }, {
      "id" : "s5-t10",
      "begin" : 282,
      "end" : 283,
      "text" : "を",
      "whiteSpace" : false
    }, {
      "id" : "s5-t11",
      "begin" : 283,
      "end" : 286,
      "text" : "失った",
      "whiteSpace" : false
    }, {
      "id" : "s5-t12",
      "begin" : 286,
      "end" : 287,
      "text" : "が",
      "whiteSpace" : false
    }, {
      "id" : "s5-t13",
      "begin" : 287,
      "end" : 288,
      "text" : "、",
      "whiteSpace" : false
    }, {
      "id" : "s5-t14",
      "begin" : 288,
      "end" : 290,
      "text" : "明治",
      "whiteSpace" : false
    }, {
      "id" : "s5-t15",
      "begin" : 291,
      "end" : 293,
      "text" : "43",
      "whiteSpace" : false
    }, {
      "id" : "s5-t16",
      "begin" : 294,
      "end" : 295,
      "text" : "年",
      "whiteSpace" : false
    }, {
      "id" : "s5-t17",
      "begin" : 295,
      "end" : 296,
      "text" : "に",
      "whiteSpace" : false
    }, {
      "id" : "s5-t18",
      "begin" : 296,
      "end" : 298,
      "text" : "田辺",
      "whiteSpace" : false
    }, {
      "id" : "s5-t19",
      "begin" : 298,
      "end" : 302,
      "text" : "六左衛門",
      "whiteSpace" : false
    }, {
      "id" : "s5-t20",
      "begin" : 302,
      "end" : 303,
      "text" : "が",
      "whiteSpace" : false
    }, {
      "id" : "s5-t21",
      "begin" : 303,
      "end" : 307,
      "text" : "手がけた",
      "whiteSpace" : false
    }, {
      "id" : "s5-t22",
      "begin" : 307,
      "end" : 309,
      "text" : "排水",
      "whiteSpace" : false
    }, {
      "id" : "s5-t23",
      "begin" : 309,
      "end" : 311,
      "text" : "工事",
      "whiteSpace" : false
    }, {
      "id" : "s5-t24",
      "begin" : 311,
      "end" : 312,
      "text" : "に",
      "whiteSpace" : false
    }, {
      "id" : "s5-t25",
      "begin" : 312,
      "end" : 316,
      "text" : "ともない",
      "whiteSpace" : false
    }, {
      "id" : "s5-t26",
      "begin" : 316,
      "end" : 317,
      "text" : "、",
      "whiteSpace" : false
    }, {
      "id" : "s5-t27",
      "begin" : 317,
      "end" : 319,
      "text" : "泉源",
      "whiteSpace" : false
    }, {
      "id" : "s5-t28",
      "begin" : 319,
      "end" : 320,
      "text" : "が",
      "whiteSpace" : false
    }, {
      "id" : "s5-t29",
      "begin" : 320,
      "end" : 321,
      "text" : "再",
      "whiteSpace" : false
    }, {
      "id" : "s5-t30",
      "begin" : 321,
      "end" : 323,
      "text" : "発見",
      "whiteSpace" : false
    }, {
      "id" : "s5-t31",
      "begin" : 323,
      "end" : 324,
      "text" : "さ",
      "whiteSpace" : false
    }, {
      "id" : "s5-t32",
      "begin" : 324,
      "end" : 325,
      "text" : "れ",
      "whiteSpace" : false
    }, {
      "id" : "s5-t33",
      "begin" : 325,
      "end" : 326,
      "text" : "、",
      "whiteSpace" : false
    }, {
      "id" : "s5-t34",
      "begin" : 326,
      "end" : 328,
      "text" : "現在",
      "whiteSpace" : false
    }, {
      "id" : "s5-t35",
      "begin" : 328,
      "end" : 329,
      "text" : "の",
      "whiteSpace" : false
    }, {
      "id" : "s5-t36",
      "begin" : 329,
      "end" : 331,
      "text" : "さぎ",
      "whiteSpace" : false
    }, {
      "id" : "s5-t37",
      "begin" : 331,
      "end" : 332,
      "text" : "の",
      "whiteSpace" : false
    }, {
      "id" : "s5-t38",
      "begin" : 332,
      "end" : 333,
      "text" : "湯",
      "whiteSpace" : false
    }, {
      "id" : "s5-t39",
      "begin" : 333,
      "end" : 335,
      "text" : "温泉",
      "whiteSpace" : false
    }, {
      "id" : "s5-t40",
      "begin" : 335,
      "end" : 336,
      "text" : "が",
      "whiteSpace" : false
    }, {
      "id" : "s5-t41",
      "begin" : 336,
      "end" : 338,
      "text" : "形成",
      "whiteSpace" : false
    }, {
      "id" : "s5-t42",
      "begin" : 338,
      "end" : 339,
      "text" : "さ",
      "whiteSpace" : false
    }, {
      "id" : "s5-t43",
      "begin" : 339,
      "end" : 341,
      "text" : "れた",
      "whiteSpace" : false
    }, {
      "id" : "s5-t44",
      "begin" : 341,
      "end" : 342,
      "text" : "。",
      "whiteSpace" : false
    } ]
  }, {
    "id" : "s6",
    "begin" : 343,
    "end" : 417,
    "text" : "その後も、昭和 34 年 8 月の集中豪雨による水害等に苦しんできたが、上流部へのダム建設や河川工事によって、洪水被害を防ぐことができるようなった。",
    "tokens" : [ {
      "id" : "s6-t0",
      "begin" : 343,
      "end" : 346,
      "text" : "その後",
      "whiteSpace" : false
    }, {
      "id" : "s6-t1",
      "begin" : 346,
      "end" : 347,
      "text" : "も",
      "whiteSpace" : false
    }, {
      "id" : "s6-t2",
      "begin" : 347,
      "end" : 348,
      "text" : "、",
      "whiteSpace" : false
    }, {
      "id" : "s6-t3",
      "begin" : 348,
      "end" : 350,
      "text" : "昭和",
      "whiteSpace" : false
    }, {
      "id" : "s6-t4",
      "begin" : 351,
      "end" : 353,
      "text" : "34",
      "whiteSpace" : false
    }, {
      "id" : "s6-t5",
      "begin" : 354,
      "end" : 355,
      "text" : "年",
      "whiteSpace" : false
    }, {
      "id" : "s6-t6",
      "begin" : 356,
      "end" : 357,
      "text" : "8",
      "whiteSpace" : false
    }, {
      "id" : "s6-t7",
      "begin" : 358,
      "end" : 359,
      "text" : "月",
      "whiteSpace" : false
    }, {
      "id" : "s6-t8",
      "begin" : 359,
      "end" : 360,
      "text" : "の",
      "whiteSpace" : false
    }, {
      "id" : "s6-t9",
      "begin" : 360,
      "end" : 362,
      "text" : "集中",
      "whiteSpace" : false
    }, {
      "id" : "s6-t10",
      "begin" : 362,
      "end" : 364,
      "text" : "豪雨",
      "whiteSpace" : false
    }, {
      "id" : "s6-t11",
      "begin" : 364,
      "end" : 365,
      "text" : "に",
      "whiteSpace" : false
    }, {
      "id" : "s6-t12",
      "begin" : 365,
      "end" : 367,
      "text" : "よる",
      "whiteSpace" : false
    }, {
      "id" : "s6-t13",
      "begin" : 367,
      "end" : 369,
      "text" : "水害",
      "whiteSpace" : false
    }, {
      "id" : "s6-t14",
      "begin" : 369,
      "end" : 370,
      "text" : "等",
      "whiteSpace" : false
    }, {
      "id" : "s6-t15",
      "begin" : 370,
      "end" : 371,
      "text" : "に",
      "whiteSpace" : false
    }, {
      "id" : "s6-t16",
      "begin" : 371,
      "end" : 375,
      "text" : "苦しんで",
      "whiteSpace" : false
    }, {
      "id" : "s6-t17",
      "begin" : 375,
      "end" : 377,
      "text" : "きた",
      "whiteSpace" : false
    }, {
      "id" : "s6-t18",
      "begin" : 377,
      "end" : 378,
      "text" : "が",
      "whiteSpace" : false
    }, {
      "id" : "s6-t19",
      "begin" : 378,
      "end" : 379,
      "text" : "、",
      "whiteSpace" : false
    }, {
      "id" : "s6-t20",
      "begin" : 379,
      "end" : 381,
      "text" : "上流",
      "whiteSpace" : false
    }, {
      "id" : "s6-t21",
      "begin" : 381,
      "end" : 382,
      "text" : "部",
      "whiteSpace" : false
    }, {
      "id" : "s6-t22",
      "begin" : 382,
      "end" : 383,
      "text" : "へ",
      "whiteSpace" : false
    }, {
      "id" : "s6-t23",
      "begin" : 383,
      "end" : 384,
      "text" : "の",
      "whiteSpace" : false
    }, {
      "id" : "s6-t24",
      "begin" : 384,
      "end" : 386,
      "text" : "ダム",
      "whiteSpace" : false
    }, {
      "id" : "s6-t25",
      "begin" : 386,
      "end" : 388,
      "text" : "建設",
      "whiteSpace" : false
    }, {
      "id" : "s6-t26",
      "begin" : 388,
      "end" : 389,
      "text" : "や",
      "whiteSpace" : false
    }, {
      "id" : "s6-t27",
      "begin" : 389,
      "end" : 391,
      "text" : "河川",
      "whiteSpace" : false
    }, {
      "id" : "s6-t28",
      "begin" : 391,
      "end" : 393,
      "text" : "工事",
      "whiteSpace" : false
    }, {
      "id" : "s6-t29",
      "begin" : 393,
      "end" : 394,
      "text" : "に",
      "whiteSpace" : false
    }, {
      "id" : "s6-t30",
      "begin" : 394,
      "end" : 397,
      "text" : "よって",
      "whiteSpace" : false
    }, {
      "id" : "s6-t31",
      "begin" : 397,
      "end" : 398,
      "text" : "、",
      "whiteSpace" : false
    }, {
      "id" : "s6-t32",
      "begin" : 398,
      "end" : 400,
      "text" : "洪水",
      "whiteSpace" : false
    }, {
      "id" : "s6-t33",
      "begin" : 400,
      "end" : 402,
      "text" : "被害",
      "whiteSpace" : false
    }, {
      "id" : "s6-t34",
      "begin" : 402,
      "end" : 403,
      "text" : "を",
      "whiteSpace" : false
    }, {
      "id" : "s6-t35",
      "begin" : 403,
      "end" : 405,
      "text" : "防ぐ",
      "whiteSpace" : false
    }, {
      "id" : "s6-t36",
      "begin" : 405,
      "end" : 407,
      "text" : "こと",
      "whiteSpace" : false
    }, {
      "id" : "s6-t37",
      "begin" : 407,
      "end" : 408,
      "text" : "が",
      "whiteSpace" : false
    }, {
      "id" : "s6-t38",
      "begin" : 408,
      "end" : 411,
      "text" : "できる",
      "whiteSpace" : false
    }, {
      "id" : "s6-t39",
      "begin" : 411,
      "end" : 416,
      "text" : "ようなった",
      "whiteSpace" : false
    }, {
      "id" : "s6-t40",
      "begin" : 416,
      "end" : 417,
      "text" : "。",
      "whiteSpace" : false
    } ]
  }, {
    "id" : "s7",
    "begin" : 417,
    "end" : 457,
    "text" : "平成 7年には永久泉源を整備し、源泉かけ流しの豊富な湯量を確保することになった。",
    "tokens" : [ {
      "id" : "s7-t0",
      "begin" : 417,
      "end" : 419,
      "text" : "平成",
      "whiteSpace" : false
    }, {
      "id" : "s7-t1",
      "begin" : 420,
      "end" : 421,
      "text" : "7",
      "whiteSpace" : false
    }, {
      "id" : "s7-t2",
      "begin" : 421,
      "end" : 422,
      "text" : "年",
      "whiteSpace" : false
    }, {
      "id" : "s7-t3",
      "begin" : 422,
      "end" : 423,
      "text" : "に",
      "whiteSpace" : false
    }, {
      "id" : "s7-t4",
      "begin" : 423,
      "end" : 424,
      "text" : "は",
      "whiteSpace" : false
    }, {
      "id" : "s7-t5",
      "begin" : 424,
      "end" : 426,
      "text" : "永久",
      "whiteSpace" : false
    }, {
      "id" : "s7-t6",
      "begin" : 426,
      "end" : 428,
      "text" : "泉源",
      "whiteSpace" : false
    }, {
      "id" : "s7-t7",
      "begin" : 428,
      "end" : 429,
      "text" : "を",
      "whiteSpace" : false
    }, {
      "id" : "s7-t8",
      "begin" : 429,
      "end" : 431,
      "text" : "整備",
      "whiteSpace" : false
    }, {
      "id" : "s7-t9",
      "begin" : 431,
      "end" : 432,
      "text" : "し",
      "whiteSpace" : false
    }, {
      "id" : "s7-t10",
      "begin" : 432,
      "end" : 433,
      "text" : "、",
      "whiteSpace" : false
    }, {
      "id" : "s7-t11",
      "begin" : 433,
      "end" : 435,
      "text" : "源泉",
      "whiteSpace" : false
    }, {
      "id" : "s7-t12",
      "begin" : 435,
      "end" : 437,
      "text" : "かけ",
      "whiteSpace" : false
    }, {
      "id" : "s7-t13",
      "begin" : 437,
      "end" : 439,
      "text" : "流し",
      "whiteSpace" : false
    }, {
      "id" : "s7-t14",
      "begin" : 439,
      "end" : 440,
      "text" : "の",
      "whiteSpace" : false
    }, {
      "id" : "s7-t15",
      "begin" : 440,
      "end" : 443,
      "text" : "豊富な",
      "whiteSpace" : false
    }, {
      "id" : "s7-t16",
      "begin" : 443,
      "end" : 445,
      "text" : "湯量",
      "whiteSpace" : false
    }, {
      "id" : "s7-t17",
      "begin" : 445,
      "end" : 446,
      "text" : "を",
      "whiteSpace" : false
    }, {
      "id" : "s7-t18",
      "begin" : 446,
      "end" : 448,
      "text" : "確保",
      "whiteSpace" : false
    }, {
      "id" : "s7-t19",
      "begin" : 448,
      "end" : 450,
      "text" : "する",
      "whiteSpace" : false
    }, {
      "id" : "s7-t20",
      "begin" : 450,
      "end" : 452,
      "text" : "こと",
      "whiteSpace" : false
    }, {
      "id" : "s7-t21",
      "begin" : 452,
      "end" : 453,
      "text" : "に",
      "whiteSpace" : false
    }, {
      "id" : "s7-t22",
      "begin" : 453,
      "end" : 456,
      "text" : "なった",
      "whiteSpace" : false
    }, {
      "id" : "s7-t23",
      "begin" : 456,
      "end" : 457,
      "text" : "。",
      "whiteSpace" : false
    } ]
  }, {
    "id" : "s8",
    "begin" : 458,
    "end" : 499,
    "text" : "さぎの湯温泉の湯量は豊富で、無色透明のさらっとした肌ざわりの湯が特徴になっている。",
    "tokens" : [ {
      "id" : "s8-t0",
      "begin" : 458,
      "end" : 460,
      "text" : "さぎ",
      "whiteSpace" : false
    }, {
      "id" : "s8-t1",
      "begin" : 460,
      "end" : 461,
      "text" : "の",
      "whiteSpace" : false
    }, {
      "id" : "s8-t2",
      "begin" : 461,
      "end" : 462,
      "text" : "湯",
      "whiteSpace" : false
    }, {
      "id" : "s8-t3",
      "begin" : 462,
      "end" : 464,
      "text" : "温泉",
      "whiteSpace" : false
    }, {
      "id" : "s8-t4",
      "begin" : 464,
      "end" : 465,
      "text" : "の",
      "whiteSpace" : false
    }, {
      "id" : "s8-t5",
      "begin" : 465,
      "end" : 467,
      "text" : "湯量",
      "whiteSpace" : false
    }, {
      "id" : "s8-t6",
      "begin" : 467,
      "end" : 468,
      "text" : "は",
      "whiteSpace" : false
    }, {
      "id" : "s8-t7",
      "begin" : 468,
      "end" : 471,
      "text" : "豊富で",
      "whiteSpace" : false
    }, {
      "id" : "s8-t8",
      "begin" : 471,
      "end" : 472,
      "text" : "、",
      "whiteSpace" : false
    }, {
      "id" : "s8-t9",
      "begin" : 472,
      "end" : 474,
      "text" : "無色",
      "whiteSpace" : false
    }, {
      "id" : "s8-t10",
      "begin" : 474,
      "end" : 476,
      "text" : "透明",
      "whiteSpace" : false
    }, {
      "id" : "s8-t11",
      "begin" : 476,
      "end" : 477,
      "text" : "の",
      "whiteSpace" : false
    }, {
      "id" : "s8-t12",
      "begin" : 477,
      "end" : 481,
      "text" : "さらっと",
      "whiteSpace" : false
    }, {
      "id" : "s8-t13",
      "begin" : 481,
      "end" : 483,
      "text" : "した",
      "whiteSpace" : false
    }, {
      "id" : "s8-t14",
      "begin" : 483,
      "end" : 487,
      "text" : "肌ざわり",
      "whiteSpace" : false
    }, {
      "id" : "s8-t15",
      "begin" : 487,
      "end" : 488,
      "text" : "の",
      "whiteSpace" : false
    }, {
      "id" : "s8-t16",
      "begin" : 488,
      "end" : 489,
      "text" : "湯",
      "whiteSpace" : false
    }, {
      "id" : "s8-t17",
      "begin" : 489,
      "end" : 490,
      "text" : "が",
      "whiteSpace" : false
    }, {
      "id" : "s8-t18",
      "begin" : 490,
      "end" : 492,
      "text" : "特徴",
      "whiteSpace" : false
    }, {
      "id" : "s8-t19",
      "begin" : 492,
      "end" : 493,
      "text" : "に",
      "whiteSpace" : false
    }, {
      "id" : "s8-t20",
      "begin" : 493,
      "end" : 496,
      "text" : "なって",
      "whiteSpace" : false
    }, {
      "id" : "s8-t21",
      "begin" : 496,
      "end" : 498,
      "text" : "いる",
      "whiteSpace" : false
    }, {
      "id" : "s8-t22",
      "begin" : 498,
      "end" : 499,
      "text" : "。",
      "whiteSpace" : false
    } ]
  }, {
    "id" : "s9",
    "begin" : 499,
    "end" : 600,
    "text" : "温泉旅館では、それぞれ趣の異なる風呂で源泉かけ流しの温泉が楽しめるほか、健康増進施設「夢ランドしらさぎ」では、温泉風呂のほかに水着で入れるバーデスパ、ミニプール、トレーニングルームなどが完備されている。",
    "tokens" : [ {
      "id" : "s9-t0",
      "begin" : 499,
      "end" : 501,
      "text" : "温泉",
      "whiteSpace" : false
    }, {
      "id" : "s9-t1",
      "begin" : 501,
      "end" : 503,
      "text" : "旅館",
      "whiteSpace" : false
    }, {
      "id" : "s9-t2",
      "begin" : 503,
      "end" : 504,
      "text" : "で",
      "whiteSpace" : false
    }, {
      "id" : "s9-t3",
      "begin" : 504,
      "end" : 505,
      "text" : "は",
      "whiteSpace" : false
    }, {
      "id" : "s9-t4",
      "begin" : 505,
      "end" : 506,
      "text" : "、",
      "whiteSpace" : false
    }, {
      "id" : "s9-t5",
      "begin" : 506,
      "end" : 510,
      "text" : "それぞれ",
      "whiteSpace" : false
    }, {
      "id" : "s9-t6",
      "begin" : 510,
      "end" : 511,
      "text" : "趣",
      "whiteSpace" : false
    }, {
      "id" : "s9-t7",
      "begin" : 511,
      "end" : 512,
      "text" : "の",
      "whiteSpace" : false
    }, {
      "id" : "s9-t8",
      "begin" : 512,
      "end" : 515,
      "text" : "異なる",
      "whiteSpace" : false
    }, {
      "id" : "s9-t9",
      "begin" : 515,
      "end" : 517,
      "text" : "風呂",
      "whiteSpace" : false
    }, {
      "id" : "s9-t10",
      "begin" : 517,
      "end" : 518,
      "text" : "で",
      "whiteSpace" : false
    }, {
      "id" : "s9-t11",
      "begin" : 518,
      "end" : 520,
      "text" : "源泉",
      "whiteSpace" : false
    }, {
      "id" : "s9-t12",
      "begin" : 520,
      "end" : 522,
      "text" : "かけ",
      "whiteSpace" : false
    }, {
      "id" : "s9-t13",
      "begin" : 522,
      "end" : 524,
      "text" : "流し",
      "whiteSpace" : false
    }, {
      "id" : "s9-t14",
      "begin" : 524,
      "end" : 525,
      "text" : "の",
      "whiteSpace" : false
    }, {
      "id" : "s9-t15",
      "begin" : 525,
      "end" : 527,
      "text" : "温泉",
      "whiteSpace" : false
    }, {
      "id" : "s9-t16",
      "begin" : 527,
      "end" : 528,
      "text" : "が",
      "whiteSpace" : false
    }, {
      "id" : "s9-t17",
      "begin" : 528,
      "end" : 532,
      "text" : "楽しめる",
      "whiteSpace" : false
    }, {
      "id" : "s9-t18",
      "begin" : 532,
      "end" : 534,
      "text" : "ほか",
      "whiteSpace" : false
    }, {
      "id" : "s9-t19",
      "begin" : 534,
      "end" : 535,
      "text" : "、",
      "whiteSpace" : false
    }, {
      "id" : "s9-t20",
      "begin" : 535,
      "end" : 537,
      "text" : "健康",
      "whiteSpace" : false
    }, {
      "id" : "s9-t21",
      "begin" : 537,
      "end" : 539,
      "text" : "増進",
      "whiteSpace" : false
    }, {
      "id" : "s9-t22",
      "begin" : 539,
      "end" : 541,
      "text" : "施設",
      "whiteSpace" : false
    }, {
      "id" : "s9-t23",
      "begin" : 541,
      "end" : 542,
      "text" : "「",
      "whiteSpace" : false
    }, {
      "id" : "s9-t24",
      "begin" : 542,
      "end" : 543,
      "text" : "夢",
      "whiteSpace" : false
    }, {
      "id" : "s9-t25",
      "begin" : 543,
      "end" : 546,
      "text" : "ランド",
      "whiteSpace" : false
    }, {
      "id" : "s9-t26",
      "begin" : 546,
      "end" : 550,
      "text" : "しらさぎ",
      "whiteSpace" : false
    }, {
      "id" : "s9-t27",
      "begin" : 550,
      "end" : 551,
      "text" : "」",
      "whiteSpace" : false
    }, {
      "id" : "s9-t28",
      "begin" : 551,
      "end" : 552,
      "text" : "で",
      "whiteSpace" : false
    }, {
      "id" : "s9-t29",
      "begin" : 552,
      "end" : 553,
      "text" : "は",
      "whiteSpace" : false
    }, {
      "id" : "s9-t30",
      "begin" : 553,
      "end" : 554,
      "text" : "、",
      "whiteSpace" : false
    }, {
      "id" : "s9-t31",
      "begin" : 554,
      "end" : 556,
      "text" : "温泉",
      "whiteSpace" : false
    }, {
      "id" : "s9-t32",
      "begin" : 556,
      "end" : 558,
      "text" : "風呂",
      "whiteSpace" : false
    }, {
      "id" : "s9-t33",
      "begin" : 558,
      "end" : 559,
      "text" : "の",
      "whiteSpace" : false
    }, {
      "id" : "s9-t34",
      "begin" : 559,
      "end" : 561,
      "text" : "ほか",
      "whiteSpace" : false
    }, {
      "id" : "s9-t35",
      "begin" : 561,
      "end" : 562,
      "text" : "に",
      "whiteSpace" : false
    }, {
      "id" : "s9-t36",
      "begin" : 562,
      "end" : 564,
      "text" : "水着",
      "whiteSpace" : false
    }, {
      "id" : "s9-t37",
      "begin" : 564,
      "end" : 565,
      "text" : "で",
      "whiteSpace" : false
    }, {
      "id" : "s9-t38",
      "begin" : 565,
      "end" : 568,
      "text" : "入れる",
      "whiteSpace" : false
    }, {
      "id" : "s9-t39",
      "begin" : 568,
      "end" : 573,
      "text" : "バーデスパ",
      "whiteSpace" : false
    }, {
      "id" : "s9-t40",
      "begin" : 573,
      "end" : 574,
      "text" : "、",
      "whiteSpace" : false
    }, {
      "id" : "s9-t41",
      "begin" : 574,
      "end" : 579,
      "text" : "ミニプール",
      "whiteSpace" : false
    }, {
      "id" : "s9-t42",
      "begin" : 579,
      "end" : 580,
      "text" : "、",
      "whiteSpace" : false
    }, {
      "id" : "s9-t43",
      "begin" : 580,
      "end" : 589,
      "text" : "トレーニングルーム",
      "whiteSpace" : false
    }, {
      "id" : "s9-t44",
      "begin" : 589,
      "end" : 591,
      "text" : "など",
      "whiteSpace" : false
    }, {
      "id" : "s9-t45",
      "begin" : 591,
      "end" : 592,
      "text" : "が",
      "whiteSpace" : false
    }, {
      "id" : "s9-t46",
      "begin" : 592,
      "end" : 594,
      "text" : "完備",
      "whiteSpace" : false
    }, {
      "id" : "s9-t47",
      "begin" : 594,
      "end" : 595,
      "text" : "さ",
      "whiteSpace" : false
    }, {
      "id" : "s9-t48",
      "begin" : 595,
      "end" : 597,
      "text" : "れて",
      "whiteSpace" : false
    }, {
      "id" : "s9-t49",
      "begin" : 597,
      "end" : 599,
      "text" : "いる",
      "whiteSpace" : false
    }, {
      "id" : "s9-t50",
      "begin" : 599,
      "end" : 600,
      "text" : "。",
      "whiteSpace" : false
    } ]
  }, {
    "id" : "s10",
    "begin" : 601,
    "end" : 656,
    "text" : "近隣には、田園風景を囲む数百メートルの山々を借景にした日本庭園として、世界的な評価を得ている足立美術館がある。",
    "tokens" : [ {
      "id" : "s10-t0",
      "begin" : 601,
      "end" : 603,
      "text" : "近隣",
      "whiteSpace" : false
    }, {
      "id" : "s10-t1",
      "begin" : 603,
      "end" : 604,
      "text" : "に",
      "whiteSpace" : false
    }, {
      "id" : "s10-t2",
      "begin" : 604,
      "end" : 605,
      "text" : "は",
      "whiteSpace" : false
    }, {
      "id" : "s10-t3",
      "begin" : 605,
      "end" : 606,
      "text" : "、",
      "whiteSpace" : false
    }, {
      "id" : "s10-t4",
      "begin" : 606,
      "end" : 608,
      "text" : "田園",
      "whiteSpace" : false
    }, {
      "id" : "s10-t5",
      "begin" : 608,
      "end" : 610,
      "text" : "風景",
      "whiteSpace" : false
    }, {
      "id" : "s10-t6",
      "begin" : 610,
      "end" : 611,
      "text" : "を",
      "whiteSpace" : false
    }, {
      "id" : "s10-t7",
      "begin" : 611,
      "end" : 613,
      "text" : "囲む",
      "whiteSpace" : false
    }, {
      "id" : "s10-t8",
      "begin" : 613,
      "end" : 615,
      "text" : "数百",
      "whiteSpace" : false
    }, {
      "id" : "s10-t9",
      "begin" : 615,
      "end" : 619,
      "text" : "メートル",
      "whiteSpace" : false
    }, {
      "id" : "s10-t10",
      "begin" : 619,
      "end" : 620,
      "text" : "の",
      "whiteSpace" : false
    }, {
      "id" : "s10-t11",
      "begin" : 620,
      "end" : 622,
      "text" : "山々",
      "whiteSpace" : false
    }, {
      "id" : "s10-t12",
      "begin" : 622,
      "end" : 623,
      "text" : "を",
      "whiteSpace" : false
    }, {
      "id" : "s10-t13",
      "begin" : 623,
      "end" : 625,
      "text" : "借景",
      "whiteSpace" : false
    }, {
      "id" : "s10-t14",
      "begin" : 625,
      "end" : 626,
      "text" : "に",
      "whiteSpace" : false
    }, {
      "id" : "s10-t15",
      "begin" : 626,
      "end" : 628,
      "text" : "した",
      "whiteSpace" : false
    }, {
      "id" : "s10-t16",
      "begin" : 628,
      "end" : 630,
      "text" : "日本",
      "whiteSpace" : false
    }, {
      "id" : "s10-t17",
      "begin" : 630,
      "end" : 632,
      "text" : "庭園",
      "whiteSpace" : false
    }, {
      "id" : "s10-t18",
      "begin" : 632,
      "end" : 633,
      "text" : "と",
      "whiteSpace" : false
    }, {
      "id" : "s10-t19",
      "begin" : 633,
      "end" : 635,
      "text" : "して",
      "whiteSpace" : false
    }, {
      "id" : "s10-t20",
      "begin" : 635,
      "end" : 636,
      "text" : "、",
      "whiteSpace" : false
    }, {
      "id" : "s10-t21",
      "begin" : 636,
      "end" : 638,
      "text" : "世界",
      "whiteSpace" : false
    }, {
      "id" : "s10-t22",
      "begin" : 638,
      "end" : 640,
      "text" : "的な",
      "whiteSpace" : false
    }, {
      "id" : "s10-t23",
      "begin" : 640,
      "end" : 642,
      "text" : "評価",
      "whiteSpace" : false
    }, {
      "id" : "s10-t24",
      "begin" : 642,
      "end" : 643,
      "text" : "を",
      "whiteSpace" : false
    }, {
      "id" : "s10-t25",
      "begin" : 643,
      "end" : 645,
      "text" : "得て",
      "whiteSpace" : false
    }, {
      "id" : "s10-t26",
      "begin" : 645,
      "end" : 647,
      "text" : "いる",
      "whiteSpace" : false
    }, {
      "id" : "s10-t27",
      "begin" : 647,
      "end" : 649,
      "text" : "足立",
      "whiteSpace" : false
    }, {
      "id" : "s10-t28",
      "begin" : 649,
      "end" : 651,
      "text" : "美術",
      "whiteSpace" : false
    }, {
      "id" : "s10-t29",
      "begin" : 651,
      "end" : 652,
      "text" : "館",
      "whiteSpace" : false
    }, {
      "id" : "s10-t30",
      "begin" : 652,
      "end" : 653,
      "text" : "が",
      "whiteSpace" : false
    }, {
      "id" : "s10-t31",
      "begin" : 653,
      "end" : 655,
      "text" : "ある",
      "whiteSpace" : false
    }, {
      "id" : "s10-t32",
      "begin" : 655,
      "end" : 656,
      "text" : "。",
      "whiteSpace" : false
    } ]
  }, {
    "id" : "s11",
    "begin" : 656,
    "end" : 687,
    "text" : "年間 60 万人近くの観光客が訪れ、外国人観光客の来訪も多い。",
    "tokens" : [ {
      "id" : "s11-t0",
      "begin" : 656,
      "end" : 658,
      "text" : "年間",
      "whiteSpace" : false
    }, {
      "id" : "s11-t1",
      "begin" : 659,
      "end" : 661,
      "text" : "60",
      "whiteSpace" : false
    }, {
      "id" : "s11-t2",
      "begin" : 662,
      "end" : 663,
      "text" : "万",
      "whiteSpace" : false
    }, {
      "id" : "s11-t3",
      "begin" : 663,
      "end" : 664,
      "text" : "人",
      "whiteSpace" : false
    }, {
      "id" : "s11-t4",
      "begin" : 664,
      "end" : 666,
      "text" : "近く",
      "whiteSpace" : false
    }, {
      "id" : "s11-t5",
      "begin" : 666,
      "end" : 667,
      "text" : "の",
      "whiteSpace" : false
    }, {
      "id" : "s11-t6",
      "begin" : 667,
      "end" : 669,
      "text" : "観光",
      "whiteSpace" : false
    }, {
      "id" : "s11-t7",
      "begin" : 669,
      "end" : 670,
      "text" : "客",
      "whiteSpace" : false
    }, {
      "id" : "s11-t8",
      "begin" : 670,
      "end" : 671,
      "text" : "が",
      "whiteSpace" : false
    }, {
      "id" : "s11-t9",
      "begin" : 671,
      "end" : 673,
      "text" : "訪れ",
      "whiteSpace" : false
    }, {
      "id" : "s11-t10",
      "begin" : 673,
      "end" : 674,
      "text" : "、",
      "whiteSpace" : false
    }, {
      "id" : "s11-t11",
      "begin" : 674,
      "end" : 676,
      "text" : "外国",
      "whiteSpace" : false
    }, {
      "id" : "s11-t12",
      "begin" : 676,
      "end" : 677,
      "text" : "人",
      "whiteSpace" : false
    }, {
      "id" : "s11-t13",
      "begin" : 677,
      "end" : 679,
      "text" : "観光",
      "whiteSpace" : false
    }, {
      "id" : "s11-t14",
      "begin" : 679,
      "end" : 680,
      "text" : "客",
      "whiteSpace" : false
    }, {
      "id" : "s11-t15",
      "begin" : 680,
      "end" : 681,
      "text" : "の",
      "whiteSpace" : false
    }, {
      "id" : "s11-t16",
      "begin" : 681,
      "end" : 683,
      "text" : "来訪",
      "whiteSpace" : false
    }, {
      "id" : "s11-t17",
      "begin" : 683,
      "end" : 684,
      "text" : "も",
      "whiteSpace" : false
    }, {
      "id" : "s11-t18",
      "begin" : 684,
      "end" : 686,
      "text" : "多い",
      "whiteSpace" : false
    }, {
      "id" : "s11-t19",
      "begin" : 686,
      "end" : 687,
      "text" : "。",
      "whiteSpace" : false
    } ]
  }, {
    "id" : "s12",
    "begin" : 687,
    "end" : 740,
    "text" : "また、安来節演芸館や安来節屋では、安来市固有の民謡・安来節やどじょうすくい踊りを気軽に楽しむことができる。",
    "tokens" : [ {
      "id" : "s12-t0",
      "begin" : 687,
      "end" : 689,
      "text" : "また",
      "whiteSpace" : false
    }, {
      "id" : "s12-t1",
      "begin" : 689,
      "end" : 690,
      "text" : "、",
      "whiteSpace" : false
    }, {
      "id" : "s12-t2",
      "begin" : 690,
      "end" : 693,
      "text" : "安来節",
      "whiteSpace" : false
    }, {
      "id" : "s12-t3",
      "begin" : 693,
      "end" : 695,
      "text" : "演芸",
      "whiteSpace" : false
    }, {
      "id" : "s12-t4",
      "begin" : 695,
      "end" : 696,
      "text" : "館",
      "whiteSpace" : false
    }, {
      "id" : "s12-t5",
      "begin" : 696,
      "end" : 697,
      "text" : "や",
      "whiteSpace" : false
    }, {
      "id" : "s12-t6",
      "begin" : 697,
      "end" : 699,
      "text" : "安来",
      "whiteSpace" : false
    }, {
      "id" : "s12-t7",
      "begin" : 699,
      "end" : 701,
      "text" : "節屋",
      "whiteSpace" : false
    }, {
      "id" : "s12-t8",
      "begin" : 701,
      "end" : 702,
      "text" : "で",
      "whiteSpace" : false
    }, {
      "id" : "s12-t9",
      "begin" : 702,
      "end" : 703,
      "text" : "は",
      "whiteSpace" : false
    }, {
      "id" : "s12-t10",
      "begin" : 703,
      "end" : 704,
      "text" : "、",
      "whiteSpace" : false
    }, {
      "id" : "s12-t11",
      "begin" : 704,
      "end" : 706,
      "text" : "安来",
      "whiteSpace" : false
    }, {
      "id" : "s12-t12",
      "begin" : 706,
      "end" : 707,
      "text" : "市",
      "whiteSpace" : false
    }, {
      "id" : "s12-t13",
      "begin" : 707,
      "end" : 710,
      "text" : "固有の",
      "whiteSpace" : false
    }, {
      "id" : "s12-t14",
      "begin" : 710,
      "end" : 712,
      "text" : "民謡",
      "whiteSpace" : false
    }, {
      "id" : "s12-t15",
      "begin" : 712,
      "end" : 713,
      "text" : "・",
      "whiteSpace" : false
    }, {
      "id" : "s12-t16",
      "begin" : 713,
      "end" : 716,
      "text" : "安来節",
      "whiteSpace" : false
    }, {
      "id" : "s12-t17",
      "begin" : 716,
      "end" : 717,
      "text" : "や",
      "whiteSpace" : false
    }, {
      "id" : "s12-t18",
      "begin" : 717,
      "end" : 721,
      "text" : "どじょう",
      "whiteSpace" : false
    }, {
      "id" : "s12-t19",
      "begin" : 721,
      "end" : 724,
      "text" : "すくい",
      "whiteSpace" : false
    }, {
      "id" : "s12-t20",
      "begin" : 724,
      "end" : 726,
      "text" : "踊り",
      "whiteSpace" : false
    }, {
      "id" : "s12-t21",
      "begin" : 726,
      "end" : 727,
      "text" : "を",
      "whiteSpace" : false
    }, {
      "id" : "s12-t22",
      "begin" : 727,
      "end" : 730,
      "text" : "気軽に",
      "whiteSpace" : false
    }, {
      "id" : "s12-t23",
      "begin" : 730,
      "end" : 733,
      "text" : "楽しむ",
      "whiteSpace" : false
    }, {
      "id" : "s12-t24",
      "begin" : 733,
      "end" : 735,
      "text" : "こと",
      "whiteSpace" : false
    }, {
      "id" : "s12-t25",
      "begin" : 735,
      "end" : 736,
      "text" : "が",
      "whiteSpace" : false
    }, {
      "id" : "s12-t26",
      "begin" : 736,
      "end" : 739,
      "text" : "できる",
      "whiteSpace" : false
    }, {
      "id" : "s12-t27",
      "begin" : 739,
      "end" : 740,
      "text" : "。",
      "whiteSpace" : false
    } ]
  } ],
  "mentions" : [ {
    "id" : "s3-m1",
    "properties" : {
      "SIRE_MENTION_ROLE" : "ONSEN",
      "SIRE_ENTITY_SUBTYPE" : "NONE",
      "SIRE_MENTION_TYPE" : "NONE",
      "SIRE_MENTION_CLASS" : "SPC"
    },
    "type" : "ONSEN",
    "begin" : 161,
    "end" : 167,
    "inCoref" : false
  }, {
    "id" : "s5-m1",
    "properties" : {
      "SIRE_MENTION_ROLE" : "ONSEN",
      "SIRE_ENTITY_SUBTYPE" : "NONE",
      "SIRE_MENTION_TYPE" : "NONE",
      "SIRE_MENTION_CLASS" : "SPC"
    },
    "type" : "ONSEN",
    "begin" : 329,
    "end" : 335,
    "inCoref" : false
  }, {
    "id" : "s8-m1",
    "properties" : {
      "SIRE_MENTION_ROLE" : "ONSEN",
      "SIRE_ENTITY_SUBTYPE" : "NONE",
      "SIRE_MENTION_TYPE" : "NONE",
      "SIRE_MENTION_CLASS" : "SPC"
    },
    "type" : "ONSEN",
    "begin" : 458,
    "end" : 464,
    "inCoref" : false
  } ],
  "relations" : [ ],
  "corefs" : [ ],
  "typeResolved" : true,
  "userResolved" : false
}