{
  "id" : "5ae7cfb0-d149-11e9-ad4b-c984733d60b0-14",
  "name" : "14_国民保養温泉地の概要",
  "createdDate" : 0,
  "version" : 3,
  "text" : "湯郷温泉（岡山県美作市）の概要\n○概要\n市の中心を中国自動車道が横断しており京阪神からの交通アクセスも良く、市内には湯郷温泉の他にも多数の温泉資源がある。\n○特徴\n開湯は1200年以上昔、平安時代、延暦寺の慈覚大師円仁法師が、湯郷の地で水浴びをして傷を治す鷺を発見したという逸話から始まる。世界的な知名度を持つ宮本武蔵の生誕地でもある。F1も開催された岡山国際サーキットが存在している。女子サッカー日本代表を輩出した岡山湯郷Belleの拠点でもある。\n○泉質等\n主な泉質：ナトリウム・カルシウム・塩化物泉\n○今後の方針\n歓楽街が衰退し、スポーツとの関連を打ち出し、合宿の誘致を積極的に行っている。女性・高齢者・外国人旅行者のヘルス・ツーリズムに対する関心が高まっており、そこで湯郷温泉の泉質が療養湯であること、スポーツとの連携が容易であることから、湯郷温泉では温泉とスポーツの二つの側面から健康を増進していく。",
  "docLength" : 0,
  "language" : "JA",
  "status" : "IN_PROGRESS",
  "modifiedDate" : 1567852468250,
  "documentSet" : [ ],
  "preannotation" : [ "PRE_LW" ],
  "sentences" : [ {
    "id" : "s0",
    "begin" : 0,
    "end" : 77,
    "text" : "湯郷温泉（岡山県美作市）の概要\n○概要\n市の中心を中国自動車道が横断しており京阪神からの交通アクセスも良く、市内には湯郷温泉の他にも多数の温泉資源がある。",
    "tokens" : [ {
      "id" : "s0-t0",
      "begin" : 0,
      "end" : 2,
      "text" : "湯郷",
      "whiteSpace" : false
    }, {
      "id" : "s0-t1",
      "begin" : 2,
      "end" : 4,
      "text" : "温泉",
      "whiteSpace" : false
    }, {
      "id" : "s0-t2",
      "begin" : 4,
      "end" : 5,
      "text" : "（",
      "whiteSpace" : false
    }, {
      "id" : "s0-t3",
      "begin" : 5,
      "end" : 7,
      "text" : "岡山",
      "whiteSpace" : false
    }, {
      "id" : "s0-t4",
      "begin" : 7,
      "end" : 8,
      "text" : "県",
      "whiteSpace" : false
    }, {
      "id" : "s0-t5",
      "begin" : 8,
      "end" : 10,
      "text" : "美作",
      "whiteSpace" : false
    }, {
      "id" : "s0-t6",
      "begin" : 10,
      "end" : 11,
      "text" : "市",
      "whiteSpace" : false
    }, {
      "id" : "s0-t7",
      "begin" : 11,
      "end" : 12,
      "text" : "）",
      "whiteSpace" : false
    }, {
      "id" : "s0-t8",
      "begin" : 12,
      "end" : 13,
      "text" : "の",
      "whiteSpace" : false
    }, {
      "id" : "s0-t9",
      "begin" : 13,
      "end" : 15,
      "text" : "概要",
      "whiteSpace" : false
    }, {
      "id" : "s0-t10",
      "begin" : 16,
      "end" : 17,
      "text" : "○",
      "whiteSpace" : false
    }, {
      "id" : "s0-t11",
      "begin" : 17,
      "end" : 19,
      "text" : "概要",
      "whiteSpace" : false
    }, {
      "id" : "s0-t12",
      "begin" : 20,
      "end" : 21,
      "text" : "市",
      "whiteSpace" : false
    }, {
      "id" : "s0-t13",
      "begin" : 21,
      "end" : 22,
      "text" : "の",
      "whiteSpace" : false
    }, {
      "id" : "s0-t14",
      "begin" : 22,
      "end" : 24,
      "text" : "中心",
      "whiteSpace" : false
    }, {
      "id" : "s0-t15",
      "begin" : 24,
      "end" : 25,
      "text" : "を",
      "whiteSpace" : false
    }, {
      "id" : "s0-t16",
      "begin" : 25,
      "end" : 27,
      "text" : "中国",
      "whiteSpace" : false
    }, {
      "id" : "s0-t17",
      "begin" : 27,
      "end" : 30,
      "text" : "自動車",
      "whiteSpace" : false
    }, {
      "id" : "s0-t18",
      "begin" : 30,
      "end" : 31,
      "text" : "道",
      "whiteSpace" : false
    }, {
      "id" : "s0-t19",
      "begin" : 31,
      "end" : 32,
      "text" : "が",
      "whiteSpace" : false
    }, {
      "id" : "s0-t20",
      "begin" : 32,
      "end" : 34,
      "text" : "横断",
      "whiteSpace" : false
    }, {
      "id" : "s0-t21",
      "begin" : 34,
      "end" : 36,
      "text" : "して",
      "whiteSpace" : false
    }, {
      "id" : "s0-t22",
      "begin" : 36,
      "end" : 38,
      "text" : "おり",
      "whiteSpace" : false
    }, {
      "id" : "s0-t23",
      "begin" : 38,
      "end" : 39,
      "text" : "京",
      "whiteSpace" : false
    }, {
      "id" : "s0-t24",
      "begin" : 39,
      "end" : 40,
      "text" : "阪",
      "whiteSpace" : false
    }, {
      "id" : "s0-t25",
      "begin" : 40,
      "end" : 41,
      "text" : "神",
      "whiteSpace" : false
    }, {
      "id" : "s0-t26",
      "begin" : 41,
      "end" : 43,
      "text" : "から",
      "whiteSpace" : false
    }, {
      "id" : "s0-t27",
      "begin" : 43,
      "end" : 44,
      "text" : "の",
      "whiteSpace" : false
    }, {
      "id" : "s0-t28",
      "begin" : 44,
      "end" : 46,
      "text" : "交通",
      "whiteSpace" : false
    }, {
      "id" : "s0-t29",
      "begin" : 46,
      "end" : 50,
      "text" : "アクセス",
      "whiteSpace" : false
    }, {
      "id" : "s0-t30",
      "begin" : 50,
      "end" : 51,
      "text" : "も",
      "whiteSpace" : false
    }, {
      "id" : "s0-t31",
      "begin" : 51,
      "end" : 53,
      "text" : "良く",
      "whiteSpace" : false
    }, {
      "id" : "s0-t32",
      "begin" : 53,
      "end" : 54,
      "text" : "、",
      "whiteSpace" : false
    }, {
      "id" : "s0-t33",
      "begin" : 54,
      "end" : 55,
      "text" : "市",
      "whiteSpace" : false
    }, {
      "id" : "s0-t34",
      "begin" : 55,
      "end" : 56,
      "text" : "内",
      "whiteSpace" : false
    }, {
      "id" : "s0-t35",
      "begin" : 56,
      "end" : 57,
      "text" : "に",
      "whiteSpace" : false
    }, {
      "id" : "s0-t36",
      "begin" : 57,
      "end" : 58,
      "text" : "は",
      "whiteSpace" : false
    }, {
      "id" : "s0-t37",
      "begin" : 58,
      "end" : 60,
      "text" : "湯郷",
      "whiteSpace" : false
    }, {
      "id" : "s0-t38",
      "begin" : 60,
      "end" : 62,
      "text" : "温泉",
      "whiteSpace" : false
    }, {
      "id" : "s0-t39",
      "begin" : 62,
      "end" : 63,
      "text" : "の",
      "whiteSpace" : false
    }, {
      "id" : "s0-t40",
      "begin" : 63,
      "end" : 64,
      "text" : "他",
      "whiteSpace" : false
    }, {
      "id" : "s0-t41",
      "begin" : 64,
      "end" : 65,
      "text" : "に",
      "whiteSpace" : false
    }, {
      "id" : "s0-t42",
      "begin" : 65,
      "end" : 66,
      "text" : "も",
      "whiteSpace" : false
    }, {
      "id" : "s0-t43",
      "begin" : 66,
      "end" : 68,
      "text" : "多数",
      "whiteSpace" : false
    }, {
      "id" : "s0-t44",
      "begin" : 68,
      "end" : 69,
      "text" : "の",
      "whiteSpace" : false
    }, {
      "id" : "s0-t45",
      "begin" : 69,
      "end" : 71,
      "text" : "温泉",
      "whiteSpace" : false
    }, {
      "id" : "s0-t46",
      "begin" : 71,
      "end" : 73,
      "text" : "資源",
      "whiteSpace" : false
    }, {
      "id" : "s0-t47",
      "begin" : 73,
      "end" : 74,
      "text" : "が",
      "whiteSpace" : false
    }, {
      "id" : "s0-t48",
      "begin" : 74,
      "end" : 76,
      "text" : "ある",
      "whiteSpace" : false
    }, {
      "id" : "s0-t49",
      "begin" : 76,
      "end" : 77,
      "text" : "。",
      "whiteSpace" : false
    } ]
  }, {
    "id" : "s1",
    "begin" : 78,
    "end" : 145,
    "text" : "○特徴\n開湯は1200年以上昔、平安時代、延暦寺の慈覚大師円仁法師が、湯郷の地で水浴びをして傷を治す鷺を発見したという逸話から始まる。",
    "tokens" : [ {
      "id" : "s1-t0",
      "begin" : 78,
      "end" : 79,
      "text" : "○",
      "whiteSpace" : false
    }, {
      "id" : "s1-t1",
      "begin" : 79,
      "end" : 81,
      "text" : "特徴",
      "whiteSpace" : false
    }, {
      "id" : "s1-t2",
      "begin" : 82,
      "end" : 84,
      "text" : "開湯",
      "whiteSpace" : false
    }, {
      "id" : "s1-t3",
      "begin" : 84,
      "end" : 85,
      "text" : "は",
      "whiteSpace" : false
    }, {
      "id" : "s1-t4",
      "begin" : 85,
      "end" : 89,
      "text" : "1200",
      "whiteSpace" : false
    }, {
      "id" : "s1-t5",
      "begin" : 89,
      "end" : 90,
      "text" : "年",
      "whiteSpace" : false
    }, {
      "id" : "s1-t6",
      "begin" : 90,
      "end" : 92,
      "text" : "以上",
      "whiteSpace" : false
    }, {
      "id" : "s1-t7",
      "begin" : 92,
      "end" : 93,
      "text" : "昔",
      "whiteSpace" : false
    }, {
      "id" : "s1-t8",
      "begin" : 93,
      "end" : 94,
      "text" : "、",
      "whiteSpace" : false
    }, {
      "id" : "s1-t9",
      "begin" : 94,
      "end" : 96,
      "text" : "平安",
      "whiteSpace" : false
    }, {
      "id" : "s1-t10",
      "begin" : 96,
      "end" : 98,
      "text" : "時代",
      "whiteSpace" : false
    }, {
      "id" : "s1-t11",
      "begin" : 98,
      "end" : 99,
      "text" : "、",
      "whiteSpace" : false
    }, {
      "id" : "s1-t12",
      "begin" : 99,
      "end" : 102,
      "text" : "延暦寺",
      "whiteSpace" : false
    }, {
      "id" : "s1-t13",
      "begin" : 102,
      "end" : 103,
      "text" : "の",
      "whiteSpace" : false
    }, {
      "id" : "s1-t14",
      "begin" : 103,
      "end" : 105,
      "text" : "慈覚",
      "whiteSpace" : false
    }, {
      "id" : "s1-t15",
      "begin" : 105,
      "end" : 107,
      "text" : "大師",
      "whiteSpace" : false
    }, {
      "id" : "s1-t16",
      "begin" : 107,
      "end" : 109,
      "text" : "円仁",
      "whiteSpace" : false
    }, {
      "id" : "s1-t17",
      "begin" : 109,
      "end" : 111,
      "text" : "法師",
      "whiteSpace" : false
    }, {
      "id" : "s1-t18",
      "begin" : 111,
      "end" : 112,
      "text" : "が",
      "whiteSpace" : false
    }, {
      "id" : "s1-t19",
      "begin" : 112,
      "end" : 113,
      "text" : "、",
      "whiteSpace" : false
    }, {
      "id" : "s1-t20",
      "begin" : 113,
      "end" : 115,
      "text" : "湯郷",
      "whiteSpace" : false
    }, {
      "id" : "s1-t21",
      "begin" : 115,
      "end" : 116,
      "text" : "の",
      "whiteSpace" : false
    }, {
      "id" : "s1-t22",
      "begin" : 116,
      "end" : 117,
      "text" : "地",
      "whiteSpace" : false
    }, {
      "id" : "s1-t23",
      "begin" : 117,
      "end" : 118,
      "text" : "で",
      "whiteSpace" : false
    }, {
      "id" : "s1-t24",
      "begin" : 118,
      "end" : 119,
      "text" : "水",
      "whiteSpace" : false
    }, {
      "id" : "s1-t25",
      "begin" : 119,
      "end" : 121,
      "text" : "浴び",
      "whiteSpace" : false
    }, {
      "id" : "s1-t26",
      "begin" : 121,
      "end" : 122,
      "text" : "を",
      "whiteSpace" : false
    }, {
      "id" : "s1-t27",
      "begin" : 122,
      "end" : 124,
      "text" : "して",
      "whiteSpace" : false
    }, {
      "id" : "s1-t28",
      "begin" : 124,
      "end" : 125,
      "text" : "傷",
      "whiteSpace" : false
    }, {
      "id" : "s1-t29",
      "begin" : 125,
      "end" : 126,
      "text" : "を",
      "whiteSpace" : false
    }, {
      "id" : "s1-t30",
      "begin" : 126,
      "end" : 128,
      "text" : "治す",
      "whiteSpace" : false
    }, {
      "id" : "s1-t31",
      "begin" : 128,
      "end" : 129,
      "text" : "鷺",
      "whiteSpace" : false
    }, {
      "id" : "s1-t32",
      "begin" : 129,
      "end" : 130,
      "text" : "を",
      "whiteSpace" : false
    }, {
      "id" : "s1-t33",
      "begin" : 130,
      "end" : 132,
      "text" : "発見",
      "whiteSpace" : false
    }, {
      "id" : "s1-t34",
      "begin" : 132,
      "end" : 134,
      "text" : "した",
      "whiteSpace" : false
    }, {
      "id" : "s1-t35",
      "begin" : 134,
      "end" : 135,
      "text" : "と",
      "whiteSpace" : false
    }, {
      "id" : "s1-t36",
      "begin" : 135,
      "end" : 137,
      "text" : "いう",
      "whiteSpace" : false
    }, {
      "id" : "s1-t37",
      "begin" : 137,
      "end" : 139,
      "text" : "逸話",
      "whiteSpace" : false
    }, {
      "id" : "s1-t38",
      "begin" : 139,
      "end" : 141,
      "text" : "から",
      "whiteSpace" : false
    }, {
      "id" : "s1-t39",
      "begin" : 141,
      "end" : 144,
      "text" : "始まる",
      "whiteSpace" : false
    }, {
      "id" : "s1-t40",
      "begin" : 144,
      "end" : 145,
      "text" : "。",
      "whiteSpace" : false
    } ]
  }, {
    "id" : "s2",
    "begin" : 145,
    "end" : 168,
    "text" : "世界的な知名度を持つ宮本武蔵の生誕地でもある。",
    "tokens" : [ {
      "id" : "s2-t0",
      "begin" : 145,
      "end" : 147,
      "text" : "世界",
      "whiteSpace" : false
    }, {
      "id" : "s2-t1",
      "begin" : 147,
      "end" : 149,
      "text" : "的な",
      "whiteSpace" : false
    }, {
      "id" : "s2-t2",
      "begin" : 149,
      "end" : 152,
      "text" : "知名度",
      "whiteSpace" : false
    }, {
      "id" : "s2-t3",
      "begin" : 152,
      "end" : 153,
      "text" : "を",
      "whiteSpace" : false
    }, {
      "id" : "s2-t4",
      "begin" : 153,
      "end" : 155,
      "text" : "持つ",
      "whiteSpace" : false
    }, {
      "id" : "s2-t5",
      "begin" : 155,
      "end" : 157,
      "text" : "宮本",
      "whiteSpace" : false
    }, {
      "id" : "s2-t6",
      "begin" : 157,
      "end" : 159,
      "text" : "武蔵",
      "whiteSpace" : false
    }, {
      "id" : "s2-t7",
      "begin" : 159,
      "end" : 160,
      "text" : "の",
      "whiteSpace" : false
    }, {
      "id" : "s2-t8",
      "begin" : 160,
      "end" : 161,
      "text" : "生",
      "whiteSpace" : false
    }, {
      "id" : "s2-t9",
      "begin" : 161,
      "end" : 163,
      "text" : "誕地",
      "whiteSpace" : false
    }, {
      "id" : "s2-t10",
      "begin" : 163,
      "end" : 164,
      "text" : "で",
      "whiteSpace" : false
    }, {
      "id" : "s2-t11",
      "begin" : 164,
      "end" : 165,
      "text" : "も",
      "whiteSpace" : false
    }, {
      "id" : "s2-t12",
      "begin" : 165,
      "end" : 167,
      "text" : "ある",
      "whiteSpace" : false
    }, {
      "id" : "s2-t13",
      "begin" : 167,
      "end" : 168,
      "text" : "。",
      "whiteSpace" : false
    } ]
  }, {
    "id" : "s3",
    "begin" : 168,
    "end" : 193,
    "text" : "F1も開催された岡山国際サーキットが存在している。",
    "tokens" : [ {
      "id" : "s3-t0",
      "begin" : 168,
      "end" : 170,
      "text" : "F1",
      "whiteSpace" : false
    }, {
      "id" : "s3-t1",
      "begin" : 170,
      "end" : 171,
      "text" : "も",
      "whiteSpace" : false
    }, {
      "id" : "s3-t2",
      "begin" : 171,
      "end" : 173,
      "text" : "開催",
      "whiteSpace" : false
    }, {
      "id" : "s3-t3",
      "begin" : 173,
      "end" : 174,
      "text" : "さ",
      "whiteSpace" : false
    }, {
      "id" : "s3-t4",
      "begin" : 174,
      "end" : 176,
      "text" : "れた",
      "whiteSpace" : false
    }, {
      "id" : "s3-t5",
      "begin" : 176,
      "end" : 178,
      "text" : "岡山",
      "whiteSpace" : false
    }, {
      "id" : "s3-t6",
      "begin" : 178,
      "end" : 180,
      "text" : "国際",
      "whiteSpace" : false
    }, {
      "id" : "s3-t7",
      "begin" : 180,
      "end" : 185,
      "text" : "サーキット",
      "whiteSpace" : false
    }, {
      "id" : "s3-t8",
      "begin" : 185,
      "end" : 186,
      "text" : "が",
      "whiteSpace" : false
    }, {
      "id" : "s3-t9",
      "begin" : 186,
      "end" : 188,
      "text" : "存在",
      "whiteSpace" : false
    }, {
      "id" : "s3-t10",
      "begin" : 188,
      "end" : 190,
      "text" : "して",
      "whiteSpace" : false
    }, {
      "id" : "s3-t11",
      "begin" : 190,
      "end" : 192,
      "text" : "いる",
      "whiteSpace" : false
    }, {
      "id" : "s3-t12",
      "begin" : 192,
      "end" : 193,
      "text" : "。",
      "whiteSpace" : false
    } ]
  }, {
    "id" : "s4",
    "begin" : 193,
    "end" : 225,
    "text" : "女子サッカー日本代表を輩出した岡山湯郷Belleの拠点でもある。",
    "tokens" : [ {
      "id" : "s4-t0",
      "begin" : 193,
      "end" : 195,
      "text" : "女子",
      "whiteSpace" : false
    }, {
      "id" : "s4-t1",
      "begin" : 195,
      "end" : 199,
      "text" : "サッカー",
      "whiteSpace" : false
    }, {
      "id" : "s4-t2",
      "begin" : 199,
      "end" : 201,
      "text" : "日本",
      "whiteSpace" : false
    }, {
      "id" : "s4-t3",
      "begin" : 201,
      "end" : 203,
      "text" : "代表",
      "whiteSpace" : false
    }, {
      "id" : "s4-t4",
      "begin" : 203,
      "end" : 204,
      "text" : "を",
      "whiteSpace" : false
    }, {
      "id" : "s4-t5",
      "begin" : 204,
      "end" : 206,
      "text" : "輩出",
      "whiteSpace" : false
    }, {
      "id" : "s4-t6",
      "begin" : 206,
      "end" : 208,
      "text" : "した",
      "whiteSpace" : false
    }, {
      "id" : "s4-t7",
      "begin" : 208,
      "end" : 210,
      "text" : "岡山",
      "whiteSpace" : false
    }, {
      "id" : "s4-t8",
      "begin" : 210,
      "end" : 212,
      "text" : "湯郷",
      "whiteSpace" : false
    }, {
      "id" : "s4-t9",
      "begin" : 212,
      "end" : 217,
      "text" : "Belle",
      "whiteSpace" : false
    }, {
      "id" : "s4-t10",
      "begin" : 217,
      "end" : 218,
      "text" : "の",
      "whiteSpace" : false
    }, {
      "id" : "s4-t11",
      "begin" : 218,
      "end" : 220,
      "text" : "拠点",
      "whiteSpace" : false
    }, {
      "id" : "s4-t12",
      "begin" : 220,
      "end" : 221,
      "text" : "で",
      "whiteSpace" : false
    }, {
      "id" : "s4-t13",
      "begin" : 221,
      "end" : 222,
      "text" : "も",
      "whiteSpace" : false
    }, {
      "id" : "s4-t14",
      "begin" : 222,
      "end" : 224,
      "text" : "ある",
      "whiteSpace" : false
    }, {
      "id" : "s4-t15",
      "begin" : 224,
      "end" : 225,
      "text" : "。",
      "whiteSpace" : false
    } ]
  }, {
    "id" : "s5",
    "begin" : 226,
    "end" : 298,
    "text" : "○泉質等\n主な泉質：ナトリウム・カルシウム・塩化物泉\n○今後の方針\n歓楽街が衰退し、スポーツとの関連を打ち出し、合宿の誘致を積極的に行っている。",
    "tokens" : [ {
      "id" : "s5-t0",
      "begin" : 226,
      "end" : 227,
      "text" : "○",
      "whiteSpace" : false
    }, {
      "id" : "s5-t1",
      "begin" : 227,
      "end" : 229,
      "text" : "泉質",
      "whiteSpace" : false
    }, {
      "id" : "s5-t2",
      "begin" : 229,
      "end" : 230,
      "text" : "等",
      "whiteSpace" : false
    }, {
      "id" : "s5-t3",
      "begin" : 231,
      "end" : 233,
      "text" : "主な",
      "whiteSpace" : false
    }, {
      "id" : "s5-t4",
      "begin" : 233,
      "end" : 235,
      "text" : "泉質",
      "whiteSpace" : false
    }, {
      "id" : "s5-t5",
      "begin" : 235,
      "end" : 236,
      "text" : "：",
      "whiteSpace" : false
    }, {
      "id" : "s5-t6",
      "begin" : 236,
      "end" : 241,
      "text" : "ナトリウム",
      "whiteSpace" : false
    }, {
      "id" : "s5-t7",
      "begin" : 241,
      "end" : 242,
      "text" : "・",
      "whiteSpace" : false
    }, {
      "id" : "s5-t8",
      "begin" : 242,
      "end" : 247,
      "text" : "カルシウム",
      "whiteSpace" : false
    }, {
      "id" : "s5-t9",
      "begin" : 247,
      "end" : 248,
      "text" : "・",
      "whiteSpace" : false
    }, {
      "id" : "s5-t10",
      "begin" : 248,
      "end" : 250,
      "text" : "塩化",
      "whiteSpace" : false
    }, {
      "id" : "s5-t11",
      "begin" : 250,
      "end" : 252,
      "text" : "物泉",
      "whiteSpace" : false
    }, {
      "id" : "s5-t12",
      "begin" : 253,
      "end" : 254,
      "text" : "○",
      "whiteSpace" : false
    }, {
      "id" : "s5-t13",
      "begin" : 254,
      "end" : 256,
      "text" : "今後",
      "whiteSpace" : false
    }, {
      "id" : "s5-t14",
      "begin" : 256,
      "end" : 257,
      "text" : "の",
      "whiteSpace" : false
    }, {
      "id" : "s5-t15",
      "begin" : 257,
      "end" : 259,
      "text" : "方針",
      "whiteSpace" : false
    }, {
      "id" : "s5-t16",
      "begin" : 260,
      "end" : 262,
      "text" : "歓楽",
      "whiteSpace" : false
    }, {
      "id" : "s5-t17",
      "begin" : 262,
      "end" : 263,
      "text" : "街",
      "whiteSpace" : false
    }, {
      "id" : "s5-t18",
      "begin" : 263,
      "end" : 264,
      "text" : "が",
      "whiteSpace" : false
    }, {
      "id" : "s5-t19",
      "begin" : 264,
      "end" : 266,
      "text" : "衰退",
      "whiteSpace" : false
    }, {
      "id" : "s5-t20",
      "begin" : 266,
      "end" : 267,
      "text" : "し",
      "whiteSpace" : false
    }, {
      "id" : "s5-t21",
      "begin" : 267,
      "end" : 268,
      "text" : "、",
      "whiteSpace" : false
    }, {
      "id" : "s5-t22",
      "begin" : 268,
      "end" : 272,
      "text" : "スポーツ",
      "whiteSpace" : false
    }, {
      "id" : "s5-t23",
      "begin" : 272,
      "end" : 273,
      "text" : "と",
      "whiteSpace" : false
    }, {
      "id" : "s5-t24",
      "begin" : 273,
      "end" : 274,
      "text" : "の",
      "whiteSpace" : false
    }, {
      "id" : "s5-t25",
      "begin" : 274,
      "end" : 276,
      "text" : "関連",
      "whiteSpace" : false
    }, {
      "id" : "s5-t26",
      "begin" : 276,
      "end" : 277,
      "text" : "を",
      "whiteSpace" : false
    }, {
      "id" : "s5-t27",
      "begin" : 277,
      "end" : 281,
      "text" : "打ち出し",
      "whiteSpace" : false
    }, {
      "id" : "s5-t28",
      "begin" : 281,
      "end" : 282,
      "text" : "、",
      "whiteSpace" : false
    }, {
      "id" : "s5-t29",
      "begin" : 282,
      "end" : 284,
      "text" : "合宿",
      "whiteSpace" : false
    }, {
      "id" : "s5-t30",
      "begin" : 284,
      "end" : 285,
      "text" : "の",
      "whiteSpace" : false
    }, {
      "id" : "s5-t31",
      "begin" : 285,
      "end" : 287,
      "text" : "誘致",
      "whiteSpace" : false
    }, {
      "id" : "s5-t32",
      "begin" : 287,
      "end" : 288,
      "text" : "を",
      "whiteSpace" : false
    }, {
      "id" : "s5-t33",
      "begin" : 288,
      "end" : 290,
      "text" : "積極",
      "whiteSpace" : false
    }, {
      "id" : "s5-t34",
      "begin" : 290,
      "end" : 292,
      "text" : "的に",
      "whiteSpace" : false
    }, {
      "id" : "s5-t35",
      "begin" : 292,
      "end" : 295,
      "text" : "行って",
      "whiteSpace" : false
    }, {
      "id" : "s5-t36",
      "begin" : 295,
      "end" : 297,
      "text" : "いる",
      "whiteSpace" : false
    }, {
      "id" : "s5-t37",
      "begin" : 297,
      "end" : 298,
      "text" : "。",
      "whiteSpace" : false
    } ]
  }, {
    "id" : "s6",
    "begin" : 298,
    "end" : 405,
    "text" : "女性・高齢者・外国人旅行者のヘルス・ツーリズムに対する関心が高まっており、そこで湯郷温泉の泉質が療養湯であること、スポーツとの連携が容易であることから、湯郷温泉では温泉とスポーツの二つの側面から健康を増進していく。",
    "tokens" : [ {
      "id" : "s6-t0",
      "begin" : 298,
      "end" : 300,
      "text" : "女性",
      "whiteSpace" : false
    }, {
      "id" : "s6-t1",
      "begin" : 300,
      "end" : 301,
      "text" : "・",
      "whiteSpace" : false
    }, {
      "id" : "s6-t2",
      "begin" : 301,
      "end" : 303,
      "text" : "高齢",
      "whiteSpace" : false
    }, {
      "id" : "s6-t3",
      "begin" : 303,
      "end" : 304,
      "text" : "者",
      "whiteSpace" : false
    }, {
      "id" : "s6-t4",
      "begin" : 304,
      "end" : 305,
      "text" : "・",
      "whiteSpace" : false
    }, {
      "id" : "s6-t5",
      "begin" : 305,
      "end" : 307,
      "text" : "外国",
      "whiteSpace" : false
    }, {
      "id" : "s6-t6",
      "begin" : 307,
      "end" : 308,
      "text" : "人",
      "whiteSpace" : false
    }, {
      "id" : "s6-t7",
      "begin" : 308,
      "end" : 310,
      "text" : "旅行",
      "whiteSpace" : false
    }, {
      "id" : "s6-t8",
      "begin" : 310,
      "end" : 311,
      "text" : "者",
      "whiteSpace" : false
    }, {
      "id" : "s6-t9",
      "begin" : 311,
      "end" : 312,
      "text" : "の",
      "whiteSpace" : false
    }, {
      "id" : "s6-t10",
      "begin" : 312,
      "end" : 315,
      "text" : "ヘルス",
      "whiteSpace" : false
    }, {
      "id" : "s6-t11",
      "begin" : 315,
      "end" : 316,
      "text" : "・",
      "whiteSpace" : false
    }, {
      "id" : "s6-t12",
      "begin" : 316,
      "end" : 321,
      "text" : "ツーリズム",
      "whiteSpace" : false
    }, {
      "id" : "s6-t13",
      "begin" : 321,
      "end" : 322,
      "text" : "に",
      "whiteSpace" : false
    }, {
      "id" : "s6-t14",
      "begin" : 322,
      "end" : 325,
      "text" : "対する",
      "whiteSpace" : false
    }, {
      "id" : "s6-t15",
      "begin" : 325,
      "end" : 327,
      "text" : "関心",
      "whiteSpace" : false
    }, {
      "id" : "s6-t16",
      "begin" : 327,
      "end" : 328,
      "text" : "が",
      "whiteSpace" : false
    }, {
      "id" : "s6-t17",
      "begin" : 328,
      "end" : 332,
      "text" : "高まって",
      "whiteSpace" : false
    }, {
      "id" : "s6-t18",
      "begin" : 332,
      "end" : 334,
      "text" : "おり",
      "whiteSpace" : false
    }, {
      "id" : "s6-t19",
      "begin" : 334,
      "end" : 335,
      "text" : "、",
      "whiteSpace" : false
    }, {
      "id" : "s6-t20",
      "begin" : 335,
      "end" : 337,
      "text" : "そこ",
      "whiteSpace" : false
    }, {
      "id" : "s6-t21",
      "begin" : 337,
      "end" : 338,
      "text" : "で",
      "whiteSpace" : false
    }, {
      "id" : "s6-t22",
      "begin" : 338,
      "end" : 340,
      "text" : "湯郷",
      "whiteSpace" : false
    }, {
      "id" : "s6-t23",
      "begin" : 340,
      "end" : 342,
      "text" : "温泉",
      "whiteSpace" : false
    }, {
      "id" : "s6-t24",
      "begin" : 342,
      "end" : 343,
      "text" : "の",
      "whiteSpace" : false
    }, {
      "id" : "s6-t25",
      "begin" : 343,
      "end" : 345,
      "text" : "泉質",
      "whiteSpace" : false
    }, {
      "id" : "s6-t26",
      "begin" : 345,
      "end" : 346,
      "text" : "が",
      "whiteSpace" : false
    }, {
      "id" : "s6-t27",
      "begin" : 346,
      "end" : 349,
      "text" : "療養湯",
      "whiteSpace" : false
    }, {
      "id" : "s6-t28",
      "begin" : 349,
      "end" : 352,
      "text" : "である",
      "whiteSpace" : false
    }, {
      "id" : "s6-t29",
      "begin" : 352,
      "end" : 354,
      "text" : "こと",
      "whiteSpace" : false
    }, {
      "id" : "s6-t30",
      "begin" : 354,
      "end" : 355,
      "text" : "、",
      "whiteSpace" : false
    }, {
      "id" : "s6-t31",
      "begin" : 355,
      "end" : 359,
      "text" : "スポーツ",
      "whiteSpace" : false
    }, {
      "id" : "s6-t32",
      "begin" : 359,
      "end" : 360,
      "text" : "と",
      "whiteSpace" : false
    }, {
      "id" : "s6-t33",
      "begin" : 360,
      "end" : 361,
      "text" : "の",
      "whiteSpace" : false
    }, {
      "id" : "s6-t34",
      "begin" : 361,
      "end" : 363,
      "text" : "連携",
      "whiteSpace" : false
    }, {
      "id" : "s6-t35",
      "begin" : 363,
      "end" : 364,
      "text" : "が",
      "whiteSpace" : false
    }, {
      "id" : "s6-t36",
      "begin" : 364,
      "end" : 369,
      "text" : "容易である",
      "whiteSpace" : false
    }, {
      "id" : "s6-t37",
      "begin" : 369,
      "end" : 371,
      "text" : "こと",
      "whiteSpace" : false
    }, {
      "id" : "s6-t38",
      "begin" : 371,
      "end" : 373,
      "text" : "から",
      "whiteSpace" : false
    }, {
      "id" : "s6-t39",
      "begin" : 373,
      "end" : 374,
      "text" : "、",
      "whiteSpace" : false
    }, {
      "id" : "s6-t40",
      "begin" : 374,
      "end" : 376,
      "text" : "湯郷",
      "whiteSpace" : false
    }, {
      "id" : "s6-t41",
      "begin" : 376,
      "end" : 378,
      "text" : "温泉",
      "whiteSpace" : false
    }, {
      "id" : "s6-t42",
      "begin" : 378,
      "end" : 379,
      "text" : "で",
      "whiteSpace" : false
    }, {
      "id" : "s6-t43",
      "begin" : 379,
      "end" : 380,
      "text" : "は",
      "whiteSpace" : false
    }, {
      "id" : "s6-t44",
      "begin" : 380,
      "end" : 382,
      "text" : "温泉",
      "whiteSpace" : false
    }, {
      "id" : "s6-t45",
      "begin" : 382,
      "end" : 383,
      "text" : "と",
      "whiteSpace" : false
    }, {
      "id" : "s6-t46",
      "begin" : 383,
      "end" : 387,
      "text" : "スポーツ",
      "whiteSpace" : false
    }, {
      "id" : "s6-t47",
      "begin" : 387,
      "end" : 388,
      "text" : "の",
      "whiteSpace" : false
    }, {
      "id" : "s6-t48",
      "begin" : 388,
      "end" : 389,
      "text" : "二",
      "whiteSpace" : false
    }, {
      "id" : "s6-t49",
      "begin" : 389,
      "end" : 390,
      "text" : "つ",
      "whiteSpace" : false
    }, {
      "id" : "s6-t50",
      "begin" : 390,
      "end" : 391,
      "text" : "の",
      "whiteSpace" : false
    }, {
      "id" : "s6-t51",
      "begin" : 391,
      "end" : 393,
      "text" : "側面",
      "whiteSpace" : false
    }, {
      "id" : "s6-t52",
      "begin" : 393,
      "end" : 395,
      "text" : "から",
      "whiteSpace" : false
    }, {
      "id" : "s6-t53",
      "begin" : 395,
      "end" : 397,
      "text" : "健康",
      "whiteSpace" : false
    }, {
      "id" : "s6-t54",
      "begin" : 397,
      "end" : 398,
      "text" : "を",
      "whiteSpace" : false
    }, {
      "id" : "s6-t55",
      "begin" : 398,
      "end" : 400,
      "text" : "増進",
      "whiteSpace" : false
    }, {
      "id" : "s6-t56",
      "begin" : 400,
      "end" : 402,
      "text" : "して",
      "whiteSpace" : false
    }, {
      "id" : "s6-t57",
      "begin" : 402,
      "end" : 404,
      "text" : "いく",
      "whiteSpace" : false
    }, {
      "id" : "s6-t58",
      "begin" : 404,
      "end" : 405,
      "text" : "。",
      "whiteSpace" : false
    } ]
  } ],
  "mentions" : [ {
    "id" : "s0-m1",
    "properties" : {
      "SIRE_MENTION_ROLE" : "ONSEN",
      "SIRE_ENTITY_SUBTYPE" : "NONE",
      "SIRE_MENTION_TYPE" : "NONE",
      "SIRE_MENTION_CLASS" : "SPC"
    },
    "type" : "ONSEN",
    "begin" : 0,
    "end" : 4,
    "inCoref" : true
  }, {
    "id" : "s0-m2",
    "properties" : {
      "SIRE_MENTION_ROLE" : "ONSEN",
      "SIRE_ENTITY_SUBTYPE" : "NONE",
      "SIRE_MENTION_TYPE" : "NONE",
      "SIRE_MENTION_CLASS" : "SPC"
    },
    "type" : "ONSEN",
    "begin" : 58,
    "end" : 62,
    "inCoref" : true
  }, {
    "id" : "s5-m3",
    "properties" : {
      "SIRE_MENTION_ROLE" : "Sensitsu",
      "SIRE_ENTITY_SUBTYPE" : "NONE",
      "SIRE_MENTION_TYPE" : "NONE",
      "SIRE_MENTION_CLASS" : "SPC"
    },
    "type" : "Sensitsu",
    "begin" : 236,
    "end" : 252,
    "inCoref" : false
  }, {
    "id" : "s6-m1",
    "properties" : {
      "SIRE_MENTION_ROLE" : "ONSEN",
      "SIRE_ENTITY_SUBTYPE" : "NONE",
      "SIRE_MENTION_TYPE" : "NONE",
      "SIRE_MENTION_CLASS" : "SPC"
    },
    "type" : "ONSEN",
    "begin" : 338,
    "end" : 342,
    "inCoref" : true
  }, {
    "id" : "s6-m2",
    "properties" : {
      "SIRE_MENTION_ROLE" : "ONSEN",
      "SIRE_ENTITY_SUBTYPE" : "NONE",
      "SIRE_MENTION_TYPE" : "NONE",
      "SIRE_MENTION_CLASS" : "SPC"
    },
    "type" : "ONSEN",
    "begin" : 374,
    "end" : 378,
    "inCoref" : true
  } ],
  "relations" : [ ],
  "corefs" : [ {
    "id" : "c1",
    "properties" : { },
    "mentions" : [ "s0-m1", "s0-m2", "s6-m1", "s6-m2" ]
  } ],
  "typeResolved" : true,
  "userResolved" : false
}