{
  "id" : "5ae7cfb0-d149-11e9-ad4b-c984733d60b0-2",
  "name" : "2_田沢湖高原温泉郷 国民保養温泉地計画書",
  "createdDate" : 0,
  "version" : 3,
  "text" : "５．温泉資源の保護に関する取組方針\n（１）温泉資源の状況\n田沢湖高原温泉郷は、「乳頭温泉」と「田沢湖高原温泉」に分類され、現在１８の源泉からなっている。源泉はすべて乳頭温泉地区に湧出しており、温度は３０℃から８６℃、泉質は硫黄泉が大半を占め、浴用として使用されているほか一部飲用としても利用されている。",
  "docLength" : 0,
  "language" : "JA",
  "status" : "IN_PROGRESS",
  "modifiedDate" : 1567847503673,
  "documentSet" : [ ],
  "preannotation" : [ "PRE_LW" ],
  "sentences" : [ {
    "id" : "s0",
    "begin" : 0,
    "end" : 2,
    "text" : "５．",
    "tokens" : [ {
      "id" : "s0-t0",
      "begin" : 0,
      "end" : 1,
      "text" : "５",
      "whiteSpace" : false
    }, {
      "id" : "s0-t1",
      "begin" : 1,
      "end" : 2,
      "text" : "．",
      "whiteSpace" : false
    } ]
  }, {
    "id" : "s1",
    "begin" : 2,
    "end" : 76,
    "text" : "温泉資源の保護に関する取組方針\n（１）温泉資源の状況\n田沢湖高原温泉郷は、「乳頭温泉」と「田沢湖高原温泉」に分類され、現在１８の源泉からなっている。",
    "tokens" : [ {
      "id" : "s1-t0",
      "begin" : 2,
      "end" : 4,
      "text" : "温泉",
      "whiteSpace" : false
    }, {
      "id" : "s1-t1",
      "begin" : 4,
      "end" : 6,
      "text" : "資源",
      "whiteSpace" : false
    }, {
      "id" : "s1-t2",
      "begin" : 6,
      "end" : 7,
      "text" : "の",
      "whiteSpace" : false
    }, {
      "id" : "s1-t3",
      "begin" : 7,
      "end" : 9,
      "text" : "保護",
      "whiteSpace" : false
    }, {
      "id" : "s1-t4",
      "begin" : 9,
      "end" : 10,
      "text" : "に",
      "whiteSpace" : false
    }, {
      "id" : "s1-t5",
      "begin" : 10,
      "end" : 13,
      "text" : "関する",
      "whiteSpace" : false
    }, {
      "id" : "s1-t6",
      "begin" : 13,
      "end" : 15,
      "text" : "取組",
      "whiteSpace" : false
    }, {
      "id" : "s1-t7",
      "begin" : 15,
      "end" : 17,
      "text" : "方針",
      "whiteSpace" : false
    }, {
      "id" : "s1-t8",
      "begin" : 18,
      "end" : 19,
      "text" : "（",
      "whiteSpace" : false
    }, {
      "id" : "s1-t9",
      "begin" : 19,
      "end" : 20,
      "text" : "１",
      "whiteSpace" : false
    }, {
      "id" : "s1-t10",
      "begin" : 20,
      "end" : 21,
      "text" : "）",
      "whiteSpace" : false
    }, {
      "id" : "s1-t11",
      "begin" : 21,
      "end" : 23,
      "text" : "温泉",
      "whiteSpace" : false
    }, {
      "id" : "s1-t12",
      "begin" : 23,
      "end" : 25,
      "text" : "資源",
      "whiteSpace" : false
    }, {
      "id" : "s1-t13",
      "begin" : 25,
      "end" : 26,
      "text" : "の",
      "whiteSpace" : false
    }, {
      "id" : "s1-t14",
      "begin" : 26,
      "end" : 28,
      "text" : "状況",
      "whiteSpace" : false
    }, {
      "id" : "s1-t15",
      "begin" : 29,
      "end" : 32,
      "text" : "田沢湖",
      "whiteSpace" : false
    }, {
      "id" : "s1-t16",
      "begin" : 32,
      "end" : 34,
      "text" : "高原",
      "whiteSpace" : false
    }, {
      "id" : "s1-t17",
      "begin" : 34,
      "end" : 37,
      "text" : "温泉郷",
      "whiteSpace" : false
    }, {
      "id" : "s1-t18",
      "begin" : 37,
      "end" : 38,
      "text" : "は",
      "whiteSpace" : false
    }, {
      "id" : "s1-t19",
      "begin" : 38,
      "end" : 39,
      "text" : "、",
      "whiteSpace" : false
    }, {
      "id" : "s1-t20",
      "begin" : 39,
      "end" : 40,
      "text" : "「",
      "whiteSpace" : false
    }, {
      "id" : "s1-t21",
      "begin" : 40,
      "end" : 42,
      "text" : "乳頭",
      "whiteSpace" : false
    }, {
      "id" : "s1-t22",
      "begin" : 42,
      "end" : 44,
      "text" : "温泉",
      "whiteSpace" : false
    }, {
      "id" : "s1-t23",
      "begin" : 44,
      "end" : 45,
      "text" : "」",
      "whiteSpace" : false
    }, {
      "id" : "s1-t24",
      "begin" : 45,
      "end" : 46,
      "text" : "と",
      "whiteSpace" : false
    }, {
      "id" : "s1-t25",
      "begin" : 46,
      "end" : 47,
      "text" : "「",
      "whiteSpace" : false
    }, {
      "id" : "s1-t26",
      "begin" : 47,
      "end" : 50,
      "text" : "田沢湖",
      "whiteSpace" : false
    }, {
      "id" : "s1-t27",
      "begin" : 50,
      "end" : 52,
      "text" : "高原",
      "whiteSpace" : false
    }, {
      "id" : "s1-t28",
      "begin" : 52,
      "end" : 54,
      "text" : "温泉",
      "whiteSpace" : false
    }, {
      "id" : "s1-t29",
      "begin" : 54,
      "end" : 55,
      "text" : "」",
      "whiteSpace" : false
    }, {
      "id" : "s1-t30",
      "begin" : 55,
      "end" : 56,
      "text" : "に",
      "whiteSpace" : false
    }, {
      "id" : "s1-t31",
      "begin" : 56,
      "end" : 58,
      "text" : "分類",
      "whiteSpace" : false
    }, {
      "id" : "s1-t32",
      "begin" : 58,
      "end" : 59,
      "text" : "さ",
      "whiteSpace" : false
    }, {
      "id" : "s1-t33",
      "begin" : 59,
      "end" : 60,
      "text" : "れ",
      "whiteSpace" : false
    }, {
      "id" : "s1-t34",
      "begin" : 60,
      "end" : 61,
      "text" : "、",
      "whiteSpace" : false
    }, {
      "id" : "s1-t35",
      "begin" : 61,
      "end" : 63,
      "text" : "現在",
      "whiteSpace" : false
    }, {
      "id" : "s1-t36",
      "begin" : 63,
      "end" : 65,
      "text" : "１８",
      "whiteSpace" : false
    }, {
      "id" : "s1-t37",
      "begin" : 65,
      "end" : 66,
      "text" : "の",
      "whiteSpace" : false
    }, {
      "id" : "s1-t38",
      "begin" : 66,
      "end" : 68,
      "text" : "源泉",
      "whiteSpace" : false
    }, {
      "id" : "s1-t39",
      "begin" : 68,
      "end" : 70,
      "text" : "から",
      "whiteSpace" : false
    }, {
      "id" : "s1-t40",
      "begin" : 70,
      "end" : 73,
      "text" : "なって",
      "whiteSpace" : false
    }, {
      "id" : "s1-t41",
      "begin" : 73,
      "end" : 75,
      "text" : "いる",
      "whiteSpace" : false
    }, {
      "id" : "s1-t42",
      "begin" : 75,
      "end" : 76,
      "text" : "。",
      "whiteSpace" : false
    } ]
  }, {
    "id" : "s2",
    "begin" : 76,
    "end" : 151,
    "text" : "源泉はすべて乳頭温泉地区に湧出しており、温度は３０℃から８６℃、泉質は硫黄泉が大半を占め、浴用として使用されているほか一部飲用としても利用されている。",
    "tokens" : [ {
      "id" : "s2-t0",
      "begin" : 76,
      "end" : 78,
      "text" : "源泉",
      "whiteSpace" : false
    }, {
      "id" : "s2-t1",
      "begin" : 78,
      "end" : 79,
      "text" : "は",
      "whiteSpace" : false
    }, {
      "id" : "s2-t2",
      "begin" : 79,
      "end" : 82,
      "text" : "すべて",
      "whiteSpace" : false
    }, {
      "id" : "s2-t3",
      "begin" : 82,
      "end" : 84,
      "text" : "乳頭",
      "whiteSpace" : false
    }, {
      "id" : "s2-t4",
      "begin" : 84,
      "end" : 86,
      "text" : "温泉",
      "whiteSpace" : false
    }, {
      "id" : "s2-t5",
      "begin" : 86,
      "end" : 88,
      "text" : "地区",
      "whiteSpace" : false
    }, {
      "id" : "s2-t6",
      "begin" : 88,
      "end" : 89,
      "text" : "に",
      "whiteSpace" : false
    }, {
      "id" : "s2-t7",
      "begin" : 89,
      "end" : 91,
      "text" : "湧出",
      "whiteSpace" : false
    }, {
      "id" : "s2-t8",
      "begin" : 91,
      "end" : 93,
      "text" : "して",
      "whiteSpace" : false
    }, {
      "id" : "s2-t9",
      "begin" : 93,
      "end" : 95,
      "text" : "おり",
      "whiteSpace" : false
    }, {
      "id" : "s2-t10",
      "begin" : 95,
      "end" : 96,
      "text" : "、",
      "whiteSpace" : false
    }, {
      "id" : "s2-t11",
      "begin" : 96,
      "end" : 98,
      "text" : "温度",
      "whiteSpace" : false
    }, {
      "id" : "s2-t12",
      "begin" : 98,
      "end" : 99,
      "text" : "は",
      "whiteSpace" : false
    }, {
      "id" : "s2-t13",
      "begin" : 99,
      "end" : 101,
      "text" : "３０",
      "whiteSpace" : false
    }, {
      "id" : "s2-t14",
      "begin" : 101,
      "end" : 102,
      "text" : "℃",
      "whiteSpace" : false
    }, {
      "id" : "s2-t15",
      "begin" : 102,
      "end" : 104,
      "text" : "から",
      "whiteSpace" : false
    }, {
      "id" : "s2-t16",
      "begin" : 104,
      "end" : 106,
      "text" : "８６",
      "whiteSpace" : false
    }, {
      "id" : "s2-t17",
      "begin" : 106,
      "end" : 107,
      "text" : "℃",
      "whiteSpace" : false
    }, {
      "id" : "s2-t18",
      "begin" : 107,
      "end" : 108,
      "text" : "、",
      "whiteSpace" : false
    }, {
      "id" : "s2-t19",
      "begin" : 108,
      "end" : 110,
      "text" : "泉質",
      "whiteSpace" : false
    }, {
      "id" : "s2-t20",
      "begin" : 110,
      "end" : 111,
      "text" : "は",
      "whiteSpace" : false
    }, {
      "id" : "s2-t21",
      "begin" : 111,
      "end" : 113,
      "text" : "硫黄",
      "whiteSpace" : false
    }, {
      "id" : "s2-t22",
      "begin" : 113,
      "end" : 114,
      "text" : "泉",
      "whiteSpace" : false
    }, {
      "id" : "s2-t23",
      "begin" : 114,
      "end" : 115,
      "text" : "が",
      "whiteSpace" : false
    }, {
      "id" : "s2-t24",
      "begin" : 115,
      "end" : 117,
      "text" : "大半",
      "whiteSpace" : false
    }, {
      "id" : "s2-t25",
      "begin" : 117,
      "end" : 118,
      "text" : "を",
      "whiteSpace" : false
    }, {
      "id" : "s2-t26",
      "begin" : 118,
      "end" : 120,
      "text" : "占め",
      "whiteSpace" : false
    }, {
      "id" : "s2-t27",
      "begin" : 120,
      "end" : 121,
      "text" : "、",
      "whiteSpace" : false
    }, {
      "id" : "s2-t28",
      "begin" : 121,
      "end" : 123,
      "text" : "浴用",
      "whiteSpace" : false
    }, {
      "id" : "s2-t29",
      "begin" : 123,
      "end" : 124,
      "text" : "と",
      "whiteSpace" : false
    }, {
      "id" : "s2-t30",
      "begin" : 124,
      "end" : 126,
      "text" : "して",
      "whiteSpace" : false
    }, {
      "id" : "s2-t31",
      "begin" : 126,
      "end" : 128,
      "text" : "使用",
      "whiteSpace" : false
    }, {
      "id" : "s2-t32",
      "begin" : 128,
      "end" : 129,
      "text" : "さ",
      "whiteSpace" : false
    }, {
      "id" : "s2-t33",
      "begin" : 129,
      "end" : 131,
      "text" : "れて",
      "whiteSpace" : false
    }, {
      "id" : "s2-t34",
      "begin" : 131,
      "end" : 133,
      "text" : "いる",
      "whiteSpace" : false
    }, {
      "id" : "s2-t35",
      "begin" : 133,
      "end" : 135,
      "text" : "ほか",
      "whiteSpace" : false
    }, {
      "id" : "s2-t36",
      "begin" : 135,
      "end" : 137,
      "text" : "一部",
      "whiteSpace" : false
    }, {
      "id" : "s2-t37",
      "begin" : 137,
      "end" : 139,
      "text" : "飲用",
      "whiteSpace" : false
    }, {
      "id" : "s2-t38",
      "begin" : 139,
      "end" : 140,
      "text" : "と",
      "whiteSpace" : false
    }, {
      "id" : "s2-t39",
      "begin" : 140,
      "end" : 142,
      "text" : "して",
      "whiteSpace" : false
    }, {
      "id" : "s2-t40",
      "begin" : 142,
      "end" : 143,
      "text" : "も",
      "whiteSpace" : false
    }, {
      "id" : "s2-t41",
      "begin" : 143,
      "end" : 145,
      "text" : "利用",
      "whiteSpace" : false
    }, {
      "id" : "s2-t42",
      "begin" : 145,
      "end" : 146,
      "text" : "さ",
      "whiteSpace" : false
    }, {
      "id" : "s2-t43",
      "begin" : 146,
      "end" : 148,
      "text" : "れて",
      "whiteSpace" : false
    }, {
      "id" : "s2-t44",
      "begin" : 148,
      "end" : 150,
      "text" : "いる",
      "whiteSpace" : false
    }, {
      "id" : "s2-t45",
      "begin" : 150,
      "end" : 151,
      "text" : "。",
      "whiteSpace" : false
    } ]
  } ],
  "mentions" : [ {
    "id" : "s1-m1",
    "properties" : {
      "SIRE_MENTION_ROLE" : "ONSEN",
      "SIRE_ENTITY_SUBTYPE" : "NONE",
      "SIRE_MENTION_TYPE" : "NONE",
      "SIRE_MENTION_CLASS" : "SPC"
    },
    "type" : "ONSEN",
    "begin" : 29,
    "end" : 37,
    "inCoref" : false
  }, {
    "id" : "s1-m2",
    "properties" : {
      "SIRE_MENTION_ROLE" : "ONSEN",
      "SIRE_ENTITY_SUBTYPE" : "NONE",
      "SIRE_MENTION_TYPE" : "NONE",
      "SIRE_MENTION_CLASS" : "SPC"
    },
    "type" : "ONSEN",
    "begin" : 40,
    "end" : 44,
    "inCoref" : true
  }, {
    "id" : "s1-m3",
    "properties" : {
      "SIRE_MENTION_ROLE" : "ONSEN",
      "SIRE_ENTITY_SUBTYPE" : "NONE",
      "SIRE_MENTION_TYPE" : "NONE",
      "SIRE_MENTION_CLASS" : "SPC"
    },
    "type" : "ONSEN",
    "begin" : 47,
    "end" : 54,
    "inCoref" : false
  }, {
    "id" : "s2-m2",
    "properties" : {
      "SIRE_MENTION_ROLE" : "ONSEN",
      "SIRE_ENTITY_SUBTYPE" : "NONE",
      "SIRE_MENTION_TYPE" : "NONE",
      "SIRE_MENTION_CLASS" : "SPC"
    },
    "type" : "ONSEN",
    "begin" : 82,
    "end" : 86,
    "inCoref" : true
  }, {
    "id" : "s2-m0",
    "properties" : {
      "SIRE_MENTION_CLASS" : "SPC",
      "SIRE_MENTION_ROLE" : "Sensitsu",
      "SIRE_MENTION_TYPE" : "NONE",
      "SIRE_ENTITY_SUBTYPE" : "NONE"
    },
    "type" : "Sensitsu",
    "begin" : 111,
    "end" : 114,
    "inCoref" : false
  } ],
  "relations" : [ {
    "id" : "s2-r1",
    "properties" : { },
    "type" : "hasAttribute",
    "args" : [ "s2-m2", "s2-m0" ]
  } ],
  "corefs" : [ {
    "id" : "c1",
    "properties" : { },
    "mentions" : [ "s1-m2", "s2-m2" ]
  } ],
  "typeResolved" : true,
  "userResolved" : false
}