{
  "id" : "5ae7cfb0-d149-11e9-ad4b-c984733d60b0-17",
  "name" : "17_十津川温泉 国民保養温泉地計画書",
  "createdDate" : 0,
  "version" : 3,
  "text" : "１．温泉地の概要\n十津川温泉郷は、奈良県吉野郡十津川村に湧出する湯泉地温泉、十津川温泉、上湯温泉の３温泉地の総称であり、指定面積 573.32ha の奈良県を代表する高温泉である。\n十津川村は紀伊半島のほぼ中央部、三重県と和歌山県に接する奈良県の最南端に位置し、672.38 ㎢の総面積は琵琶湖や淡路島を凌ぐ県土の５分の１の面積を有する日本一広い村であり、東に吉野熊野国立公園、西に高野龍神国定公園に囲まれ、その村土も 96％が山林を占める人口 3,400 人足らずの山村である。\nまた平成 16 年７月には、村内を通る熊野古道「小辺路」や修験道「大峯奥駈道」が、『紀伊山地の霊場と参詣道』として世界遺産に登録され、登録から 10 年以上経過した現在でも国内外から多くの来訪者があり、小辺路が通る果無集落は、人の営みが育んだ美しい里として「にほんの里 100 選」にも選ばれている。\n湯泉地温泉は、宝徳２年（1450 年）に湧出したと云われ、村内で最も古い約 560 年もの歴史を秘めた大字武蔵地内の十津川本流に泉源を有する渓谷沿いの温泉で、織田信長に追放された佐久間信盛や大和郡山城主羽柴秀長の子秀保らが湯治に訪れていたといった記録が残されている。\n湯泉地温泉の泉質は単純硫黄泉で、７軒の宿泊施設、２軒の公衆浴場、道の駅の足湯などに給湯している。",
  "docLength" : 0,
  "language" : "JA",
  "status" : "IN_PROGRESS",
  "modifiedDate" : 1567852810337,
  "documentSet" : [ ],
  "preannotation" : [ "PRE_LW" ],
  "sentences" : [ {
    "id" : "s0",
    "begin" : 0,
    "end" : 2,
    "text" : "１．",
    "tokens" : [ {
      "id" : "s0-t0",
      "begin" : 0,
      "end" : 1,
      "text" : "１",
      "whiteSpace" : false
    }, {
      "id" : "s0-t1",
      "begin" : 1,
      "end" : 2,
      "text" : "．",
      "whiteSpace" : false
    } ]
  }, {
    "id" : "s1",
    "begin" : 2,
    "end" : 90,
    "text" : "温泉地の概要\n十津川温泉郷は、奈良県吉野郡十津川村に湧出する湯泉地温泉、十津川温泉、上湯温泉の３温泉地の総称であり、指定面積 573.32ha の奈良県を代表する高温泉である。",
    "tokens" : [ {
      "id" : "s1-t0",
      "begin" : 2,
      "end" : 4,
      "text" : "温泉",
      "whiteSpace" : false
    }, {
      "id" : "s1-t1",
      "begin" : 4,
      "end" : 5,
      "text" : "地",
      "whiteSpace" : false
    }, {
      "id" : "s1-t2",
      "begin" : 5,
      "end" : 6,
      "text" : "の",
      "whiteSpace" : false
    }, {
      "id" : "s1-t3",
      "begin" : 6,
      "end" : 8,
      "text" : "概要",
      "whiteSpace" : false
    }, {
      "id" : "s1-t4",
      "begin" : 9,
      "end" : 12,
      "text" : "十津川",
      "whiteSpace" : false
    }, {
      "id" : "s1-t5",
      "begin" : 12,
      "end" : 15,
      "text" : "温泉郷",
      "whiteSpace" : false
    }, {
      "id" : "s1-t6",
      "begin" : 15,
      "end" : 16,
      "text" : "は",
      "whiteSpace" : false
    }, {
      "id" : "s1-t7",
      "begin" : 16,
      "end" : 17,
      "text" : "、",
      "whiteSpace" : false
    }, {
      "id" : "s1-t8",
      "begin" : 17,
      "end" : 19,
      "text" : "奈良",
      "whiteSpace" : false
    }, {
      "id" : "s1-t9",
      "begin" : 19,
      "end" : 20,
      "text" : "県",
      "whiteSpace" : false
    }, {
      "id" : "s1-t10",
      "begin" : 20,
      "end" : 22,
      "text" : "吉野",
      "whiteSpace" : false
    }, {
      "id" : "s1-t11",
      "begin" : 22,
      "end" : 23,
      "text" : "郡",
      "whiteSpace" : false
    }, {
      "id" : "s1-t12",
      "begin" : 23,
      "end" : 26,
      "text" : "十津川",
      "whiteSpace" : false
    }, {
      "id" : "s1-t13",
      "begin" : 26,
      "end" : 27,
      "text" : "村",
      "whiteSpace" : false
    }, {
      "id" : "s1-t14",
      "begin" : 27,
      "end" : 28,
      "text" : "に",
      "whiteSpace" : false
    }, {
      "id" : "s1-t15",
      "begin" : 28,
      "end" : 30,
      "text" : "湧出",
      "whiteSpace" : false
    }, {
      "id" : "s1-t16",
      "begin" : 30,
      "end" : 32,
      "text" : "する",
      "whiteSpace" : false
    }, {
      "id" : "s1-t17",
      "begin" : 32,
      "end" : 34,
      "text" : "湯泉",
      "whiteSpace" : false
    }, {
      "id" : "s1-t18",
      "begin" : 34,
      "end" : 35,
      "text" : "地",
      "whiteSpace" : false
    }, {
      "id" : "s1-t19",
      "begin" : 35,
      "end" : 37,
      "text" : "温泉",
      "whiteSpace" : false
    }, {
      "id" : "s1-t20",
      "begin" : 37,
      "end" : 38,
      "text" : "、",
      "whiteSpace" : false
    }, {
      "id" : "s1-t21",
      "begin" : 38,
      "end" : 41,
      "text" : "十津川",
      "whiteSpace" : false
    }, {
      "id" : "s1-t22",
      "begin" : 41,
      "end" : 43,
      "text" : "温泉",
      "whiteSpace" : false
    }, {
      "id" : "s1-t23",
      "begin" : 43,
      "end" : 44,
      "text" : "、",
      "whiteSpace" : false
    }, {
      "id" : "s1-t24",
      "begin" : 44,
      "end" : 46,
      "text" : "上湯",
      "whiteSpace" : false
    }, {
      "id" : "s1-t25",
      "begin" : 46,
      "end" : 48,
      "text" : "温泉",
      "whiteSpace" : false
    }, {
      "id" : "s1-t26",
      "begin" : 48,
      "end" : 49,
      "text" : "の",
      "whiteSpace" : false
    }, {
      "id" : "s1-t27",
      "begin" : 49,
      "end" : 50,
      "text" : "３",
      "whiteSpace" : false
    }, {
      "id" : "s1-t28",
      "begin" : 50,
      "end" : 52,
      "text" : "温泉",
      "whiteSpace" : false
    }, {
      "id" : "s1-t29",
      "begin" : 52,
      "end" : 53,
      "text" : "地",
      "whiteSpace" : false
    }, {
      "id" : "s1-t30",
      "begin" : 53,
      "end" : 54,
      "text" : "の",
      "whiteSpace" : false
    }, {
      "id" : "s1-t31",
      "begin" : 54,
      "end" : 56,
      "text" : "総称",
      "whiteSpace" : false
    }, {
      "id" : "s1-t32",
      "begin" : 56,
      "end" : 59,
      "text" : "であり",
      "whiteSpace" : false
    }, {
      "id" : "s1-t33",
      "begin" : 59,
      "end" : 60,
      "text" : "、",
      "whiteSpace" : false
    }, {
      "id" : "s1-t34",
      "begin" : 60,
      "end" : 62,
      "text" : "指定",
      "whiteSpace" : false
    }, {
      "id" : "s1-t35",
      "begin" : 62,
      "end" : 64,
      "text" : "面積",
      "whiteSpace" : false
    }, {
      "id" : "s1-t36",
      "begin" : 65,
      "end" : 73,
      "text" : "573.32ha",
      "whiteSpace" : false
    }, {
      "id" : "s1-t37",
      "begin" : 74,
      "end" : 75,
      "text" : "の",
      "whiteSpace" : false
    }, {
      "id" : "s1-t38",
      "begin" : 75,
      "end" : 77,
      "text" : "奈良",
      "whiteSpace" : false
    }, {
      "id" : "s1-t39",
      "begin" : 77,
      "end" : 78,
      "text" : "県",
      "whiteSpace" : false
    }, {
      "id" : "s1-t40",
      "begin" : 78,
      "end" : 79,
      "text" : "を",
      "whiteSpace" : false
    }, {
      "id" : "s1-t41",
      "begin" : 79,
      "end" : 81,
      "text" : "代表",
      "whiteSpace" : false
    }, {
      "id" : "s1-t42",
      "begin" : 81,
      "end" : 83,
      "text" : "する",
      "whiteSpace" : false
    }, {
      "id" : "s1-t43",
      "begin" : 83,
      "end" : 84,
      "text" : "高",
      "whiteSpace" : false
    }, {
      "id" : "s1-t44",
      "begin" : 84,
      "end" : 86,
      "text" : "温泉",
      "whiteSpace" : false
    }, {
      "id" : "s1-t45",
      "begin" : 86,
      "end" : 89,
      "text" : "である",
      "whiteSpace" : false
    }, {
      "id" : "s1-t46",
      "begin" : 89,
      "end" : 90,
      "text" : "。",
      "whiteSpace" : false
    } ]
  }, {
    "id" : "s2",
    "begin" : 91,
    "end" : 240,
    "text" : "十津川村は紀伊半島のほぼ中央部、三重県と和歌山県に接する奈良県の最南端に位置し、672.38 ㎢の総面積は琵琶湖や淡路島を凌ぐ県土の５分の１の面積を有する日本一広い村であり、東に吉野熊野国立公園、西に高野龍神国定公園に囲まれ、その村土も 96％が山林を占める人口 3,400 人足らずの山村である。",
    "tokens" : [ {
      "id" : "s2-t0",
      "begin" : 91,
      "end" : 94,
      "text" : "十津川",
      "whiteSpace" : false
    }, {
      "id" : "s2-t1",
      "begin" : 94,
      "end" : 95,
      "text" : "村",
      "whiteSpace" : false
    }, {
      "id" : "s2-t2",
      "begin" : 95,
      "end" : 96,
      "text" : "は",
      "whiteSpace" : false
    }, {
      "id" : "s2-t3",
      "begin" : 96,
      "end" : 98,
      "text" : "紀伊",
      "whiteSpace" : false
    }, {
      "id" : "s2-t4",
      "begin" : 98,
      "end" : 100,
      "text" : "半島",
      "whiteSpace" : false
    }, {
      "id" : "s2-t5",
      "begin" : 100,
      "end" : 101,
      "text" : "の",
      "whiteSpace" : false
    }, {
      "id" : "s2-t6",
      "begin" : 101,
      "end" : 103,
      "text" : "ほぼ",
      "whiteSpace" : false
    }, {
      "id" : "s2-t7",
      "begin" : 103,
      "end" : 105,
      "text" : "中央",
      "whiteSpace" : false
    }, {
      "id" : "s2-t8",
      "begin" : 105,
      "end" : 106,
      "text" : "部",
      "whiteSpace" : false
    }, {
      "id" : "s2-t9",
      "begin" : 106,
      "end" : 107,
      "text" : "、",
      "whiteSpace" : false
    }, {
      "id" : "s2-t10",
      "begin" : 107,
      "end" : 109,
      "text" : "三重",
      "whiteSpace" : false
    }, {
      "id" : "s2-t11",
      "begin" : 109,
      "end" : 110,
      "text" : "県",
      "whiteSpace" : false
    }, {
      "id" : "s2-t12",
      "begin" : 110,
      "end" : 111,
      "text" : "と",
      "whiteSpace" : false
    }, {
      "id" : "s2-t13",
      "begin" : 111,
      "end" : 114,
      "text" : "和歌山",
      "whiteSpace" : false
    }, {
      "id" : "s2-t14",
      "begin" : 114,
      "end" : 115,
      "text" : "県",
      "whiteSpace" : false
    }, {
      "id" : "s2-t15",
      "begin" : 115,
      "end" : 116,
      "text" : "に",
      "whiteSpace" : false
    }, {
      "id" : "s2-t16",
      "begin" : 116,
      "end" : 119,
      "text" : "接する",
      "whiteSpace" : false
    }, {
      "id" : "s2-t17",
      "begin" : 119,
      "end" : 121,
      "text" : "奈良",
      "whiteSpace" : false
    }, {
      "id" : "s2-t18",
      "begin" : 121,
      "end" : 122,
      "text" : "県",
      "whiteSpace" : false
    }, {
      "id" : "s2-t19",
      "begin" : 122,
      "end" : 123,
      "text" : "の",
      "whiteSpace" : false
    }, {
      "id" : "s2-t20",
      "begin" : 123,
      "end" : 124,
      "text" : "最",
      "whiteSpace" : false
    }, {
      "id" : "s2-t21",
      "begin" : 124,
      "end" : 126,
      "text" : "南端",
      "whiteSpace" : false
    }, {
      "id" : "s2-t22",
      "begin" : 126,
      "end" : 127,
      "text" : "に",
      "whiteSpace" : false
    }, {
      "id" : "s2-t23",
      "begin" : 127,
      "end" : 129,
      "text" : "位置",
      "whiteSpace" : false
    }, {
      "id" : "s2-t24",
      "begin" : 129,
      "end" : 130,
      "text" : "し",
      "whiteSpace" : false
    }, {
      "id" : "s2-t25",
      "begin" : 130,
      "end" : 131,
      "text" : "、",
      "whiteSpace" : false
    }, {
      "id" : "s2-t26",
      "begin" : 131,
      "end" : 137,
      "text" : "672.38",
      "whiteSpace" : false
    }, {
      "id" : "s2-t27",
      "begin" : 138,
      "end" : 139,
      "text" : "㎢",
      "whiteSpace" : false
    }, {
      "id" : "s2-t28",
      "begin" : 139,
      "end" : 140,
      "text" : "の",
      "whiteSpace" : false
    }, {
      "id" : "s2-t29",
      "begin" : 140,
      "end" : 141,
      "text" : "総",
      "whiteSpace" : false
    }, {
      "id" : "s2-t30",
      "begin" : 141,
      "end" : 143,
      "text" : "面積",
      "whiteSpace" : false
    }, {
      "id" : "s2-t31",
      "begin" : 143,
      "end" : 144,
      "text" : "は",
      "whiteSpace" : false
    }, {
      "id" : "s2-t32",
      "begin" : 144,
      "end" : 147,
      "text" : "琵琶湖",
      "whiteSpace" : false
    }, {
      "id" : "s2-t33",
      "begin" : 147,
      "end" : 148,
      "text" : "や",
      "whiteSpace" : false
    }, {
      "id" : "s2-t34",
      "begin" : 148,
      "end" : 151,
      "text" : "淡路島",
      "whiteSpace" : false
    }, {
      "id" : "s2-t35",
      "begin" : 151,
      "end" : 152,
      "text" : "を",
      "whiteSpace" : false
    }, {
      "id" : "s2-t36",
      "begin" : 152,
      "end" : 154,
      "text" : "凌ぐ",
      "whiteSpace" : false
    }, {
      "id" : "s2-t37",
      "begin" : 154,
      "end" : 156,
      "text" : "県土",
      "whiteSpace" : false
    }, {
      "id" : "s2-t38",
      "begin" : 156,
      "end" : 157,
      "text" : "の",
      "whiteSpace" : false
    }, {
      "id" : "s2-t39",
      "begin" : 157,
      "end" : 158,
      "text" : "５",
      "whiteSpace" : false
    }, {
      "id" : "s2-t40",
      "begin" : 158,
      "end" : 159,
      "text" : "分",
      "whiteSpace" : false
    }, {
      "id" : "s2-t41",
      "begin" : 159,
      "end" : 160,
      "text" : "の",
      "whiteSpace" : false
    }, {
      "id" : "s2-t42",
      "begin" : 160,
      "end" : 161,
      "text" : "１",
      "whiteSpace" : false
    }, {
      "id" : "s2-t43",
      "begin" : 161,
      "end" : 162,
      "text" : "の",
      "whiteSpace" : false
    }, {
      "id" : "s2-t44",
      "begin" : 162,
      "end" : 164,
      "text" : "面積",
      "whiteSpace" : false
    }, {
      "id" : "s2-t45",
      "begin" : 164,
      "end" : 165,
      "text" : "を",
      "whiteSpace" : false
    }, {
      "id" : "s2-t46",
      "begin" : 165,
      "end" : 168,
      "text" : "有する",
      "whiteSpace" : false
    }, {
      "id" : "s2-t47",
      "begin" : 168,
      "end" : 170,
      "text" : "日本",
      "whiteSpace" : false
    }, {
      "id" : "s2-t48",
      "begin" : 170,
      "end" : 171,
      "text" : "一",
      "whiteSpace" : false
    }, {
      "id" : "s2-t49",
      "begin" : 171,
      "end" : 173,
      "text" : "広い",
      "whiteSpace" : false
    }, {
      "id" : "s2-t50",
      "begin" : 173,
      "end" : 174,
      "text" : "村",
      "whiteSpace" : false
    }, {
      "id" : "s2-t51",
      "begin" : 174,
      "end" : 177,
      "text" : "であり",
      "whiteSpace" : false
    }, {
      "id" : "s2-t52",
      "begin" : 177,
      "end" : 178,
      "text" : "、",
      "whiteSpace" : false
    }, {
      "id" : "s2-t53",
      "begin" : 178,
      "end" : 179,
      "text" : "東",
      "whiteSpace" : false
    }, {
      "id" : "s2-t54",
      "begin" : 179,
      "end" : 180,
      "text" : "に",
      "whiteSpace" : false
    }, {
      "id" : "s2-t55",
      "begin" : 180,
      "end" : 182,
      "text" : "吉野",
      "whiteSpace" : false
    }, {
      "id" : "s2-t56",
      "begin" : 182,
      "end" : 184,
      "text" : "熊野",
      "whiteSpace" : false
    }, {
      "id" : "s2-t57",
      "begin" : 184,
      "end" : 186,
      "text" : "国立",
      "whiteSpace" : false
    }, {
      "id" : "s2-t58",
      "begin" : 186,
      "end" : 188,
      "text" : "公園",
      "whiteSpace" : false
    }, {
      "id" : "s2-t59",
      "begin" : 188,
      "end" : 189,
      "text" : "、",
      "whiteSpace" : false
    }, {
      "id" : "s2-t60",
      "begin" : 189,
      "end" : 190,
      "text" : "西",
      "whiteSpace" : false
    }, {
      "id" : "s2-t61",
      "begin" : 190,
      "end" : 191,
      "text" : "に",
      "whiteSpace" : false
    }, {
      "id" : "s2-t62",
      "begin" : 191,
      "end" : 193,
      "text" : "高野",
      "whiteSpace" : false
    }, {
      "id" : "s2-t63",
      "begin" : 193,
      "end" : 195,
      "text" : "龍神",
      "whiteSpace" : false
    }, {
      "id" : "s2-t64",
      "begin" : 195,
      "end" : 197,
      "text" : "国定",
      "whiteSpace" : false
    }, {
      "id" : "s2-t65",
      "begin" : 197,
      "end" : 199,
      "text" : "公園",
      "whiteSpace" : false
    }, {
      "id" : "s2-t66",
      "begin" : 199,
      "end" : 200,
      "text" : "に",
      "whiteSpace" : false
    }, {
      "id" : "s2-t67",
      "begin" : 200,
      "end" : 202,
      "text" : "囲ま",
      "whiteSpace" : false
    }, {
      "id" : "s2-t68",
      "begin" : 202,
      "end" : 203,
      "text" : "れ",
      "whiteSpace" : false
    }, {
      "id" : "s2-t69",
      "begin" : 203,
      "end" : 204,
      "text" : "、",
      "whiteSpace" : false
    }, {
      "id" : "s2-t70",
      "begin" : 204,
      "end" : 206,
      "text" : "その",
      "whiteSpace" : false
    }, {
      "id" : "s2-t71",
      "begin" : 206,
      "end" : 208,
      "text" : "村土",
      "whiteSpace" : false
    }, {
      "id" : "s2-t72",
      "begin" : 208,
      "end" : 209,
      "text" : "も",
      "whiteSpace" : false
    }, {
      "id" : "s2-t73",
      "begin" : 210,
      "end" : 212,
      "text" : "96",
      "whiteSpace" : false
    }, {
      "id" : "s2-t74",
      "begin" : 212,
      "end" : 213,
      "text" : "％",
      "whiteSpace" : false
    }, {
      "id" : "s2-t75",
      "begin" : 213,
      "end" : 214,
      "text" : "が",
      "whiteSpace" : false
    }, {
      "id" : "s2-t76",
      "begin" : 214,
      "end" : 216,
      "text" : "山林",
      "whiteSpace" : false
    }, {
      "id" : "s2-t77",
      "begin" : 216,
      "end" : 217,
      "text" : "を",
      "whiteSpace" : false
    }, {
      "id" : "s2-t78",
      "begin" : 217,
      "end" : 220,
      "text" : "占める",
      "whiteSpace" : false
    }, {
      "id" : "s2-t79",
      "begin" : 220,
      "end" : 222,
      "text" : "人口",
      "whiteSpace" : false
    }, {
      "id" : "s2-t80",
      "begin" : 223,
      "end" : 228,
      "text" : "3,400",
      "whiteSpace" : false
    }, {
      "id" : "s2-t81",
      "begin" : 229,
      "end" : 230,
      "text" : "人",
      "whiteSpace" : false
    }, {
      "id" : "s2-t82",
      "begin" : 230,
      "end" : 233,
      "text" : "足らず",
      "whiteSpace" : false
    }, {
      "id" : "s2-t83",
      "begin" : 233,
      "end" : 234,
      "text" : "の",
      "whiteSpace" : false
    }, {
      "id" : "s2-t84",
      "begin" : 234,
      "end" : 236,
      "text" : "山村",
      "whiteSpace" : false
    }, {
      "id" : "s2-t85",
      "begin" : 236,
      "end" : 239,
      "text" : "である",
      "whiteSpace" : false
    }, {
      "id" : "s2-t86",
      "begin" : 239,
      "end" : 240,
      "text" : "。",
      "whiteSpace" : false
    } ]
  }, {
    "id" : "s3",
    "begin" : 241,
    "end" : 391,
    "text" : "また平成 16 年７月には、村内を通る熊野古道「小辺路」や修験道「大峯奥駈道」が、『紀伊山地の霊場と参詣道』として世界遺産に登録され、登録から 10 年以上経過した現在でも国内外から多くの来訪者があり、小辺路が通る果無集落は、人の営みが育んだ美しい里として「にほんの里 100 選」にも選ばれている。",
    "tokens" : [ {
      "id" : "s3-t0",
      "begin" : 241,
      "end" : 243,
      "text" : "また",
      "whiteSpace" : false
    }, {
      "id" : "s3-t1",
      "begin" : 243,
      "end" : 245,
      "text" : "平成",
      "whiteSpace" : false
    }, {
      "id" : "s3-t2",
      "begin" : 246,
      "end" : 248,
      "text" : "16",
      "whiteSpace" : false
    }, {
      "id" : "s3-t3",
      "begin" : 249,
      "end" : 250,
      "text" : "年",
      "whiteSpace" : false
    }, {
      "id" : "s3-t4",
      "begin" : 250,
      "end" : 251,
      "text" : "７",
      "whiteSpace" : false
    }, {
      "id" : "s3-t5",
      "begin" : 251,
      "end" : 252,
      "text" : "月",
      "whiteSpace" : false
    }, {
      "id" : "s3-t6",
      "begin" : 252,
      "end" : 253,
      "text" : "に",
      "whiteSpace" : false
    }, {
      "id" : "s3-t7",
      "begin" : 253,
      "end" : 254,
      "text" : "は",
      "whiteSpace" : false
    }, {
      "id" : "s3-t8",
      "begin" : 254,
      "end" : 255,
      "text" : "、",
      "whiteSpace" : false
    }, {
      "id" : "s3-t9",
      "begin" : 255,
      "end" : 256,
      "text" : "村",
      "whiteSpace" : false
    }, {
      "id" : "s3-t10",
      "begin" : 256,
      "end" : 257,
      "text" : "内",
      "whiteSpace" : false
    }, {
      "id" : "s3-t11",
      "begin" : 257,
      "end" : 258,
      "text" : "を",
      "whiteSpace" : false
    }, {
      "id" : "s3-t12",
      "begin" : 258,
      "end" : 260,
      "text" : "通る",
      "whiteSpace" : false
    }, {
      "id" : "s3-t13",
      "begin" : 260,
      "end" : 262,
      "text" : "熊野",
      "whiteSpace" : false
    }, {
      "id" : "s3-t14",
      "begin" : 262,
      "end" : 264,
      "text" : "古道",
      "whiteSpace" : false
    }, {
      "id" : "s3-t15",
      "begin" : 264,
      "end" : 265,
      "text" : "「",
      "whiteSpace" : false
    }, {
      "id" : "s3-t16",
      "begin" : 265,
      "end" : 267,
      "text" : "小辺",
      "whiteSpace" : false
    }, {
      "id" : "s3-t17",
      "begin" : 267,
      "end" : 268,
      "text" : "路",
      "whiteSpace" : false
    }, {
      "id" : "s3-t18",
      "begin" : 268,
      "end" : 269,
      "text" : "」",
      "whiteSpace" : false
    }, {
      "id" : "s3-t19",
      "begin" : 269,
      "end" : 270,
      "text" : "や",
      "whiteSpace" : false
    }, {
      "id" : "s3-t20",
      "begin" : 270,
      "end" : 272,
      "text" : "修験",
      "whiteSpace" : false
    }, {
      "id" : "s3-t21",
      "begin" : 272,
      "end" : 273,
      "text" : "道",
      "whiteSpace" : false
    }, {
      "id" : "s3-t22",
      "begin" : 273,
      "end" : 274,
      "text" : "「",
      "whiteSpace" : false
    }, {
      "id" : "s3-t23",
      "begin" : 274,
      "end" : 276,
      "text" : "大峯",
      "whiteSpace" : false
    }, {
      "id" : "s3-t24",
      "begin" : 276,
      "end" : 278,
      "text" : "奥駈",
      "whiteSpace" : false
    }, {
      "id" : "s3-t25",
      "begin" : 278,
      "end" : 279,
      "text" : "道",
      "whiteSpace" : false
    }, {
      "id" : "s3-t26",
      "begin" : 279,
      "end" : 280,
      "text" : "」",
      "whiteSpace" : false
    }, {
      "id" : "s3-t27",
      "begin" : 280,
      "end" : 281,
      "text" : "が",
      "whiteSpace" : false
    }, {
      "id" : "s3-t28",
      "begin" : 281,
      "end" : 282,
      "text" : "、",
      "whiteSpace" : false
    }, {
      "id" : "s3-t29",
      "begin" : 282,
      "end" : 283,
      "text" : "『",
      "whiteSpace" : false
    }, {
      "id" : "s3-t30",
      "begin" : 283,
      "end" : 285,
      "text" : "紀伊",
      "whiteSpace" : false
    }, {
      "id" : "s3-t31",
      "begin" : 285,
      "end" : 287,
      "text" : "山地",
      "whiteSpace" : false
    }, {
      "id" : "s3-t32",
      "begin" : 287,
      "end" : 288,
      "text" : "の",
      "whiteSpace" : false
    }, {
      "id" : "s3-t33",
      "begin" : 288,
      "end" : 290,
      "text" : "霊場",
      "whiteSpace" : false
    }, {
      "id" : "s3-t34",
      "begin" : 290,
      "end" : 291,
      "text" : "と",
      "whiteSpace" : false
    }, {
      "id" : "s3-t35",
      "begin" : 291,
      "end" : 293,
      "text" : "参詣",
      "whiteSpace" : false
    }, {
      "id" : "s3-t36",
      "begin" : 293,
      "end" : 294,
      "text" : "道",
      "whiteSpace" : false
    }, {
      "id" : "s3-t37",
      "begin" : 294,
      "end" : 295,
      "text" : "』",
      "whiteSpace" : false
    }, {
      "id" : "s3-t38",
      "begin" : 295,
      "end" : 296,
      "text" : "と",
      "whiteSpace" : false
    }, {
      "id" : "s3-t39",
      "begin" : 296,
      "end" : 298,
      "text" : "して",
      "whiteSpace" : false
    }, {
      "id" : "s3-t40",
      "begin" : 298,
      "end" : 300,
      "text" : "世界",
      "whiteSpace" : false
    }, {
      "id" : "s3-t41",
      "begin" : 300,
      "end" : 302,
      "text" : "遺産",
      "whiteSpace" : false
    }, {
      "id" : "s3-t42",
      "begin" : 302,
      "end" : 303,
      "text" : "に",
      "whiteSpace" : false
    }, {
      "id" : "s3-t43",
      "begin" : 303,
      "end" : 305,
      "text" : "登録",
      "whiteSpace" : false
    }, {
      "id" : "s3-t44",
      "begin" : 305,
      "end" : 306,
      "text" : "さ",
      "whiteSpace" : false
    }, {
      "id" : "s3-t45",
      "begin" : 306,
      "end" : 307,
      "text" : "れ",
      "whiteSpace" : false
    }, {
      "id" : "s3-t46",
      "begin" : 307,
      "end" : 308,
      "text" : "、",
      "whiteSpace" : false
    }, {
      "id" : "s3-t47",
      "begin" : 308,
      "end" : 310,
      "text" : "登録",
      "whiteSpace" : false
    }, {
      "id" : "s3-t48",
      "begin" : 310,
      "end" : 312,
      "text" : "から",
      "whiteSpace" : false
    }, {
      "id" : "s3-t49",
      "begin" : 313,
      "end" : 315,
      "text" : "10",
      "whiteSpace" : false
    }, {
      "id" : "s3-t50",
      "begin" : 316,
      "end" : 317,
      "text" : "年",
      "whiteSpace" : false
    }, {
      "id" : "s3-t51",
      "begin" : 317,
      "end" : 319,
      "text" : "以上",
      "whiteSpace" : false
    }, {
      "id" : "s3-t52",
      "begin" : 319,
      "end" : 321,
      "text" : "経過",
      "whiteSpace" : false
    }, {
      "id" : "s3-t53",
      "begin" : 321,
      "end" : 323,
      "text" : "した",
      "whiteSpace" : false
    }, {
      "id" : "s3-t54",
      "begin" : 323,
      "end" : 325,
      "text" : "現在",
      "whiteSpace" : false
    }, {
      "id" : "s3-t55",
      "begin" : 325,
      "end" : 327,
      "text" : "でも",
      "whiteSpace" : false
    }, {
      "id" : "s3-t56",
      "begin" : 327,
      "end" : 328,
      "text" : "国",
      "whiteSpace" : false
    }, {
      "id" : "s3-t57",
      "begin" : 328,
      "end" : 329,
      "text" : "内",
      "whiteSpace" : false
    }, {
      "id" : "s3-t58",
      "begin" : 329,
      "end" : 330,
      "text" : "外",
      "whiteSpace" : false
    }, {
      "id" : "s3-t59",
      "begin" : 330,
      "end" : 332,
      "text" : "から",
      "whiteSpace" : false
    }, {
      "id" : "s3-t60",
      "begin" : 332,
      "end" : 334,
      "text" : "多く",
      "whiteSpace" : false
    }, {
      "id" : "s3-t61",
      "begin" : 334,
      "end" : 335,
      "text" : "の",
      "whiteSpace" : false
    }, {
      "id" : "s3-t62",
      "begin" : 335,
      "end" : 337,
      "text" : "来訪",
      "whiteSpace" : false
    }, {
      "id" : "s3-t63",
      "begin" : 337,
      "end" : 338,
      "text" : "者",
      "whiteSpace" : false
    }, {
      "id" : "s3-t64",
      "begin" : 338,
      "end" : 339,
      "text" : "が",
      "whiteSpace" : false
    }, {
      "id" : "s3-t65",
      "begin" : 339,
      "end" : 341,
      "text" : "あり",
      "whiteSpace" : false
    }, {
      "id" : "s3-t66",
      "begin" : 341,
      "end" : 342,
      "text" : "、",
      "whiteSpace" : false
    }, {
      "id" : "s3-t67",
      "begin" : 342,
      "end" : 344,
      "text" : "小辺",
      "whiteSpace" : false
    }, {
      "id" : "s3-t68",
      "begin" : 344,
      "end" : 345,
      "text" : "路",
      "whiteSpace" : false
    }, {
      "id" : "s3-t69",
      "begin" : 345,
      "end" : 346,
      "text" : "が",
      "whiteSpace" : false
    }, {
      "id" : "s3-t70",
      "begin" : 346,
      "end" : 348,
      "text" : "通る",
      "whiteSpace" : false
    }, {
      "id" : "s3-t71",
      "begin" : 348,
      "end" : 350,
      "text" : "果無",
      "whiteSpace" : false
    }, {
      "id" : "s3-t72",
      "begin" : 350,
      "end" : 352,
      "text" : "集落",
      "whiteSpace" : false
    }, {
      "id" : "s3-t73",
      "begin" : 352,
      "end" : 353,
      "text" : "は",
      "whiteSpace" : false
    }, {
      "id" : "s3-t74",
      "begin" : 353,
      "end" : 354,
      "text" : "、",
      "whiteSpace" : false
    }, {
      "id" : "s3-t75",
      "begin" : 354,
      "end" : 355,
      "text" : "人",
      "whiteSpace" : false
    }, {
      "id" : "s3-t76",
      "begin" : 355,
      "end" : 356,
      "text" : "の",
      "whiteSpace" : false
    }, {
      "id" : "s3-t77",
      "begin" : 356,
      "end" : 358,
      "text" : "営み",
      "whiteSpace" : false
    }, {
      "id" : "s3-t78",
      "begin" : 358,
      "end" : 359,
      "text" : "が",
      "whiteSpace" : false
    }, {
      "id" : "s3-t79",
      "begin" : 359,
      "end" : 362,
      "text" : "育んだ",
      "whiteSpace" : false
    }, {
      "id" : "s3-t80",
      "begin" : 362,
      "end" : 365,
      "text" : "美しい",
      "whiteSpace" : false
    }, {
      "id" : "s3-t81",
      "begin" : 365,
      "end" : 366,
      "text" : "里",
      "whiteSpace" : false
    }, {
      "id" : "s3-t82",
      "begin" : 366,
      "end" : 367,
      "text" : "と",
      "whiteSpace" : false
    }, {
      "id" : "s3-t83",
      "begin" : 367,
      "end" : 369,
      "text" : "して",
      "whiteSpace" : false
    }, {
      "id" : "s3-t84",
      "begin" : 369,
      "end" : 370,
      "text" : "「",
      "whiteSpace" : false
    }, {
      "id" : "s3-t85",
      "begin" : 370,
      "end" : 371,
      "text" : "に",
      "whiteSpace" : false
    }, {
      "id" : "s3-t86",
      "begin" : 371,
      "end" : 375,
      "text" : "ほんの里",
      "whiteSpace" : false
    }, {
      "id" : "s3-t87",
      "begin" : 376,
      "end" : 379,
      "text" : "100",
      "whiteSpace" : false
    }, {
      "id" : "s3-t88",
      "begin" : 380,
      "end" : 381,
      "text" : "選",
      "whiteSpace" : false
    }, {
      "id" : "s3-t89",
      "begin" : 381,
      "end" : 382,
      "text" : "」",
      "whiteSpace" : false
    }, {
      "id" : "s3-t90",
      "begin" : 382,
      "end" : 383,
      "text" : "に",
      "whiteSpace" : false
    }, {
      "id" : "s3-t91",
      "begin" : 383,
      "end" : 384,
      "text" : "も",
      "whiteSpace" : false
    }, {
      "id" : "s3-t92",
      "begin" : 384,
      "end" : 386,
      "text" : "選ば",
      "whiteSpace" : false
    }, {
      "id" : "s3-t93",
      "begin" : 386,
      "end" : 388,
      "text" : "れて",
      "whiteSpace" : false
    }, {
      "id" : "s3-t94",
      "begin" : 388,
      "end" : 390,
      "text" : "いる",
      "whiteSpace" : false
    }, {
      "id" : "s3-t95",
      "begin" : 390,
      "end" : 391,
      "text" : "。",
      "whiteSpace" : false
    } ]
  }, {
    "id" : "s4",
    "begin" : 392,
    "end" : 525,
    "text" : "湯泉地温泉は、宝徳２年（1450 年）に湧出したと云われ、村内で最も古い約 560 年もの歴史を秘めた大字武蔵地内の十津川本流に泉源を有する渓谷沿いの温泉で、織田信長に追放された佐久間信盛や大和郡山城主羽柴秀長の子秀保らが湯治に訪れていたといった記録が残されている。",
    "tokens" : [ {
      "id" : "s4-t0",
      "begin" : 392,
      "end" : 394,
      "text" : "湯泉",
      "whiteSpace" : false
    }, {
      "id" : "s4-t1",
      "begin" : 394,
      "end" : 395,
      "text" : "地",
      "whiteSpace" : false
    }, {
      "id" : "s4-t2",
      "begin" : 395,
      "end" : 397,
      "text" : "温泉",
      "whiteSpace" : false
    }, {
      "id" : "s4-t3",
      "begin" : 397,
      "end" : 398,
      "text" : "は",
      "whiteSpace" : false
    }, {
      "id" : "s4-t4",
      "begin" : 398,
      "end" : 399,
      "text" : "、",
      "whiteSpace" : false
    }, {
      "id" : "s4-t5",
      "begin" : 399,
      "end" : 401,
      "text" : "宝徳",
      "whiteSpace" : false
    }, {
      "id" : "s4-t6",
      "begin" : 401,
      "end" : 402,
      "text" : "２",
      "whiteSpace" : false
    }, {
      "id" : "s4-t7",
      "begin" : 402,
      "end" : 403,
      "text" : "年",
      "whiteSpace" : false
    }, {
      "id" : "s4-t8",
      "begin" : 403,
      "end" : 404,
      "text" : "（",
      "whiteSpace" : false
    }, {
      "id" : "s4-t9",
      "begin" : 404,
      "end" : 408,
      "text" : "1450",
      "whiteSpace" : false
    }, {
      "id" : "s4-t10",
      "begin" : 409,
      "end" : 410,
      "text" : "年",
      "whiteSpace" : false
    }, {
      "id" : "s4-t11",
      "begin" : 410,
      "end" : 411,
      "text" : "）",
      "whiteSpace" : false
    }, {
      "id" : "s4-t12",
      "begin" : 411,
      "end" : 412,
      "text" : "に",
      "whiteSpace" : false
    }, {
      "id" : "s4-t13",
      "begin" : 412,
      "end" : 414,
      "text" : "湧出",
      "whiteSpace" : false
    }, {
      "id" : "s4-t14",
      "begin" : 414,
      "end" : 416,
      "text" : "した",
      "whiteSpace" : false
    }, {
      "id" : "s4-t15",
      "begin" : 416,
      "end" : 417,
      "text" : "と",
      "whiteSpace" : false
    }, {
      "id" : "s4-t16",
      "begin" : 417,
      "end" : 419,
      "text" : "云わ",
      "whiteSpace" : false
    }, {
      "id" : "s4-t17",
      "begin" : 419,
      "end" : 420,
      "text" : "れ",
      "whiteSpace" : false
    }, {
      "id" : "s4-t18",
      "begin" : 420,
      "end" : 421,
      "text" : "、",
      "whiteSpace" : false
    }, {
      "id" : "s4-t19",
      "begin" : 421,
      "end" : 422,
      "text" : "村",
      "whiteSpace" : false
    }, {
      "id" : "s4-t20",
      "begin" : 422,
      "end" : 423,
      "text" : "内",
      "whiteSpace" : false
    }, {
      "id" : "s4-t21",
      "begin" : 423,
      "end" : 424,
      "text" : "で",
      "whiteSpace" : false
    }, {
      "id" : "s4-t22",
      "begin" : 424,
      "end" : 426,
      "text" : "最も",
      "whiteSpace" : false
    }, {
      "id" : "s4-t23",
      "begin" : 426,
      "end" : 428,
      "text" : "古い",
      "whiteSpace" : false
    }, {
      "id" : "s4-t24",
      "begin" : 428,
      "end" : 429,
      "text" : "約",
      "whiteSpace" : false
    }, {
      "id" : "s4-t25",
      "begin" : 430,
      "end" : 433,
      "text" : "560",
      "whiteSpace" : false
    }, {
      "id" : "s4-t26",
      "begin" : 434,
      "end" : 435,
      "text" : "年",
      "whiteSpace" : false
    }, {
      "id" : "s4-t27",
      "begin" : 435,
      "end" : 436,
      "text" : "も",
      "whiteSpace" : false
    }, {
      "id" : "s4-t28",
      "begin" : 436,
      "end" : 437,
      "text" : "の",
      "whiteSpace" : false
    }, {
      "id" : "s4-t29",
      "begin" : 437,
      "end" : 439,
      "text" : "歴史",
      "whiteSpace" : false
    }, {
      "id" : "s4-t30",
      "begin" : 439,
      "end" : 440,
      "text" : "を",
      "whiteSpace" : false
    }, {
      "id" : "s4-t31",
      "begin" : 440,
      "end" : 443,
      "text" : "秘めた",
      "whiteSpace" : false
    }, {
      "id" : "s4-t32",
      "begin" : 443,
      "end" : 445,
      "text" : "大字",
      "whiteSpace" : false
    }, {
      "id" : "s4-t33",
      "begin" : 445,
      "end" : 447,
      "text" : "武蔵",
      "whiteSpace" : false
    }, {
      "id" : "s4-t34",
      "begin" : 447,
      "end" : 448,
      "text" : "地",
      "whiteSpace" : false
    }, {
      "id" : "s4-t35",
      "begin" : 448,
      "end" : 449,
      "text" : "内",
      "whiteSpace" : false
    }, {
      "id" : "s4-t36",
      "begin" : 449,
      "end" : 450,
      "text" : "の",
      "whiteSpace" : false
    }, {
      "id" : "s4-t37",
      "begin" : 450,
      "end" : 453,
      "text" : "十津川",
      "whiteSpace" : false
    }, {
      "id" : "s4-t38",
      "begin" : 453,
      "end" : 455,
      "text" : "本流",
      "whiteSpace" : false
    }, {
      "id" : "s4-t39",
      "begin" : 455,
      "end" : 456,
      "text" : "に",
      "whiteSpace" : false
    }, {
      "id" : "s4-t40",
      "begin" : 456,
      "end" : 458,
      "text" : "泉源",
      "whiteSpace" : false
    }, {
      "id" : "s4-t41",
      "begin" : 458,
      "end" : 459,
      "text" : "を",
      "whiteSpace" : false
    }, {
      "id" : "s4-t42",
      "begin" : 459,
      "end" : 462,
      "text" : "有する",
      "whiteSpace" : false
    }, {
      "id" : "s4-t43",
      "begin" : 462,
      "end" : 464,
      "text" : "渓谷",
      "whiteSpace" : false
    }, {
      "id" : "s4-t44",
      "begin" : 464,
      "end" : 466,
      "text" : "沿い",
      "whiteSpace" : false
    }, {
      "id" : "s4-t45",
      "begin" : 466,
      "end" : 467,
      "text" : "の",
      "whiteSpace" : false
    }, {
      "id" : "s4-t46",
      "begin" : 467,
      "end" : 469,
      "text" : "温泉",
      "whiteSpace" : false
    }, {
      "id" : "s4-t47",
      "begin" : 469,
      "end" : 470,
      "text" : "で",
      "whiteSpace" : false
    }, {
      "id" : "s4-t48",
      "begin" : 470,
      "end" : 471,
      "text" : "、",
      "whiteSpace" : false
    }, {
      "id" : "s4-t49",
      "begin" : 471,
      "end" : 473,
      "text" : "織田",
      "whiteSpace" : false
    }, {
      "id" : "s4-t50",
      "begin" : 473,
      "end" : 475,
      "text" : "信長",
      "whiteSpace" : false
    }, {
      "id" : "s4-t51",
      "begin" : 475,
      "end" : 476,
      "text" : "に",
      "whiteSpace" : false
    }, {
      "id" : "s4-t52",
      "begin" : 476,
      "end" : 478,
      "text" : "追放",
      "whiteSpace" : false
    }, {
      "id" : "s4-t53",
      "begin" : 478,
      "end" : 479,
      "text" : "さ",
      "whiteSpace" : false
    }, {
      "id" : "s4-t54",
      "begin" : 479,
      "end" : 481,
      "text" : "れた",
      "whiteSpace" : false
    }, {
      "id" : "s4-t55",
      "begin" : 481,
      "end" : 484,
      "text" : "佐久間",
      "whiteSpace" : false
    }, {
      "id" : "s4-t56",
      "begin" : 484,
      "end" : 486,
      "text" : "信盛",
      "whiteSpace" : false
    }, {
      "id" : "s4-t57",
      "begin" : 486,
      "end" : 487,
      "text" : "や",
      "whiteSpace" : false
    }, {
      "id" : "s4-t58",
      "begin" : 487,
      "end" : 489,
      "text" : "大和",
      "whiteSpace" : false
    }, {
      "id" : "s4-t59",
      "begin" : 489,
      "end" : 490,
      "text" : "郡",
      "whiteSpace" : false
    }, {
      "id" : "s4-t60",
      "begin" : 490,
      "end" : 492,
      "text" : "山城",
      "whiteSpace" : false
    }, {
      "id" : "s4-t61",
      "begin" : 492,
      "end" : 494,
      "text" : "主羽",
      "whiteSpace" : false
    }, {
      "id" : "s4-t62",
      "begin" : 494,
      "end" : 495,
      "text" : "柴",
      "whiteSpace" : false
    }, {
      "id" : "s4-t63",
      "begin" : 495,
      "end" : 497,
      "text" : "秀長",
      "whiteSpace" : false
    }, {
      "id" : "s4-t64",
      "begin" : 497,
      "end" : 498,
      "text" : "の",
      "whiteSpace" : false
    }, {
      "id" : "s4-t65",
      "begin" : 498,
      "end" : 499,
      "text" : "子",
      "whiteSpace" : false
    }, {
      "id" : "s4-t66",
      "begin" : 499,
      "end" : 501,
      "text" : "秀保",
      "whiteSpace" : false
    }, {
      "id" : "s4-t67",
      "begin" : 501,
      "end" : 502,
      "text" : "ら",
      "whiteSpace" : false
    }, {
      "id" : "s4-t68",
      "begin" : 502,
      "end" : 503,
      "text" : "が",
      "whiteSpace" : false
    }, {
      "id" : "s4-t69",
      "begin" : 503,
      "end" : 505,
      "text" : "湯治",
      "whiteSpace" : false
    }, {
      "id" : "s4-t70",
      "begin" : 505,
      "end" : 506,
      "text" : "に",
      "whiteSpace" : false
    }, {
      "id" : "s4-t71",
      "begin" : 506,
      "end" : 509,
      "text" : "訪れて",
      "whiteSpace" : false
    }, {
      "id" : "s4-t72",
      "begin" : 509,
      "end" : 511,
      "text" : "いた",
      "whiteSpace" : false
    }, {
      "id" : "s4-t73",
      "begin" : 511,
      "end" : 512,
      "text" : "と",
      "whiteSpace" : false
    }, {
      "id" : "s4-t74",
      "begin" : 512,
      "end" : 515,
      "text" : "いった",
      "whiteSpace" : false
    }, {
      "id" : "s4-t75",
      "begin" : 515,
      "end" : 517,
      "text" : "記録",
      "whiteSpace" : false
    }, {
      "id" : "s4-t76",
      "begin" : 517,
      "end" : 518,
      "text" : "が",
      "whiteSpace" : false
    }, {
      "id" : "s4-t77",
      "begin" : 518,
      "end" : 520,
      "text" : "残さ",
      "whiteSpace" : false
    }, {
      "id" : "s4-t78",
      "begin" : 520,
      "end" : 522,
      "text" : "れて",
      "whiteSpace" : false
    }, {
      "id" : "s4-t79",
      "begin" : 522,
      "end" : 524,
      "text" : "いる",
      "whiteSpace" : false
    }, {
      "id" : "s4-t80",
      "begin" : 524,
      "end" : 525,
      "text" : "。",
      "whiteSpace" : false
    } ]
  }, {
    "id" : "s5",
    "begin" : 526,
    "end" : 574,
    "text" : "湯泉地温泉の泉質は単純硫黄泉で、７軒の宿泊施設、２軒の公衆浴場、道の駅の足湯などに給湯している。",
    "tokens" : [ {
      "id" : "s5-t0",
      "begin" : 526,
      "end" : 528,
      "text" : "湯泉",
      "whiteSpace" : false
    }, {
      "id" : "s5-t1",
      "begin" : 528,
      "end" : 529,
      "text" : "地",
      "whiteSpace" : false
    }, {
      "id" : "s5-t2",
      "begin" : 529,
      "end" : 531,
      "text" : "温泉",
      "whiteSpace" : false
    }, {
      "id" : "s5-t3",
      "begin" : 531,
      "end" : 532,
      "text" : "の",
      "whiteSpace" : false
    }, {
      "id" : "s5-t4",
      "begin" : 532,
      "end" : 534,
      "text" : "泉質",
      "whiteSpace" : false
    }, {
      "id" : "s5-t5",
      "begin" : 534,
      "end" : 535,
      "text" : "は",
      "whiteSpace" : false
    }, {
      "id" : "s5-t6",
      "begin" : 535,
      "end" : 537,
      "text" : "単純",
      "whiteSpace" : false
    }, {
      "id" : "s5-t7",
      "begin" : 537,
      "end" : 539,
      "text" : "硫黄",
      "whiteSpace" : false
    }, {
      "id" : "s5-t8",
      "begin" : 539,
      "end" : 540,
      "text" : "泉",
      "whiteSpace" : false
    }, {
      "id" : "s5-t9",
      "begin" : 540,
      "end" : 541,
      "text" : "で",
      "whiteSpace" : false
    }, {
      "id" : "s5-t10",
      "begin" : 541,
      "end" : 542,
      "text" : "、",
      "whiteSpace" : false
    }, {
      "id" : "s5-t11",
      "begin" : 542,
      "end" : 543,
      "text" : "７",
      "whiteSpace" : false
    }, {
      "id" : "s5-t12",
      "begin" : 543,
      "end" : 544,
      "text" : "軒",
      "whiteSpace" : false
    }, {
      "id" : "s5-t13",
      "begin" : 544,
      "end" : 545,
      "text" : "の",
      "whiteSpace" : false
    }, {
      "id" : "s5-t14",
      "begin" : 545,
      "end" : 547,
      "text" : "宿泊",
      "whiteSpace" : false
    }, {
      "id" : "s5-t15",
      "begin" : 547,
      "end" : 549,
      "text" : "施設",
      "whiteSpace" : false
    }, {
      "id" : "s5-t16",
      "begin" : 549,
      "end" : 550,
      "text" : "、",
      "whiteSpace" : false
    }, {
      "id" : "s5-t17",
      "begin" : 550,
      "end" : 551,
      "text" : "２",
      "whiteSpace" : false
    }, {
      "id" : "s5-t18",
      "begin" : 551,
      "end" : 552,
      "text" : "軒",
      "whiteSpace" : false
    }, {
      "id" : "s5-t19",
      "begin" : 552,
      "end" : 553,
      "text" : "の",
      "whiteSpace" : false
    }, {
      "id" : "s5-t20",
      "begin" : 553,
      "end" : 555,
      "text" : "公衆",
      "whiteSpace" : false
    }, {
      "id" : "s5-t21",
      "begin" : 555,
      "end" : 557,
      "text" : "浴場",
      "whiteSpace" : false
    }, {
      "id" : "s5-t22",
      "begin" : 557,
      "end" : 558,
      "text" : "、",
      "whiteSpace" : false
    }, {
      "id" : "s5-t23",
      "begin" : 558,
      "end" : 559,
      "text" : "道",
      "whiteSpace" : false
    }, {
      "id" : "s5-t24",
      "begin" : 559,
      "end" : 560,
      "text" : "の",
      "whiteSpace" : false
    }, {
      "id" : "s5-t25",
      "begin" : 560,
      "end" : 561,
      "text" : "駅",
      "whiteSpace" : false
    }, {
      "id" : "s5-t26",
      "begin" : 561,
      "end" : 562,
      "text" : "の",
      "whiteSpace" : false
    }, {
      "id" : "s5-t27",
      "begin" : 562,
      "end" : 564,
      "text" : "足湯",
      "whiteSpace" : false
    }, {
      "id" : "s5-t28",
      "begin" : 564,
      "end" : 566,
      "text" : "など",
      "whiteSpace" : false
    }, {
      "id" : "s5-t29",
      "begin" : 566,
      "end" : 567,
      "text" : "に",
      "whiteSpace" : false
    }, {
      "id" : "s5-t30",
      "begin" : 567,
      "end" : 569,
      "text" : "給湯",
      "whiteSpace" : false
    }, {
      "id" : "s5-t31",
      "begin" : 569,
      "end" : 571,
      "text" : "して",
      "whiteSpace" : false
    }, {
      "id" : "s5-t32",
      "begin" : 571,
      "end" : 573,
      "text" : "いる",
      "whiteSpace" : false
    }, {
      "id" : "s5-t33",
      "begin" : 573,
      "end" : 574,
      "text" : "。",
      "whiteSpace" : false
    } ]
  } ],
  "mentions" : [ {
    "id" : "s1-m1",
    "properties" : {
      "SIRE_MENTION_ROLE" : "ONSEN",
      "SIRE_ENTITY_SUBTYPE" : "NONE",
      "SIRE_MENTION_TYPE" : "NONE",
      "SIRE_MENTION_CLASS" : "SPC"
    },
    "type" : "ONSEN",
    "begin" : 9,
    "end" : 15,
    "inCoref" : false
  }, {
    "id" : "s1-m4",
    "properties" : {
      "SIRE_MENTION_ROLE" : "ONSEN",
      "SIRE_ENTITY_SUBTYPE" : "NONE",
      "SIRE_MENTION_TYPE" : "NONE",
      "SIRE_MENTION_CLASS" : "SPC"
    },
    "type" : "ONSEN",
    "begin" : 32,
    "end" : 37,
    "inCoref" : false
  }, {
    "id" : "s1-m2",
    "properties" : {
      "SIRE_MENTION_ROLE" : "ONSEN",
      "SIRE_ENTITY_SUBTYPE" : "NONE",
      "SIRE_MENTION_TYPE" : "NONE",
      "SIRE_MENTION_CLASS" : "SPC"
    },
    "type" : "ONSEN",
    "begin" : 38,
    "end" : 43,
    "inCoref" : false
  }, {
    "id" : "s1-m3",
    "properties" : {
      "SIRE_MENTION_ROLE" : "ONSEN",
      "SIRE_ENTITY_SUBTYPE" : "NONE",
      "SIRE_MENTION_TYPE" : "NONE",
      "SIRE_MENTION_CLASS" : "SPC"
    },
    "type" : "ONSEN",
    "begin" : 44,
    "end" : 48,
    "inCoref" : false
  }, {
    "id" : "s4-m1",
    "properties" : {
      "SIRE_MENTION_ROLE" : "ONSEN",
      "SIRE_ENTITY_SUBTYPE" : "NONE",
      "SIRE_MENTION_TYPE" : "NONE",
      "SIRE_MENTION_CLASS" : "SPC"
    },
    "type" : "ONSEN",
    "begin" : 392,
    "end" : 397,
    "inCoref" : true
  }, {
    "id" : "s5-m2",
    "properties" : {
      "SIRE_MENTION_ROLE" : "ONSEN",
      "SIRE_ENTITY_SUBTYPE" : "NONE",
      "SIRE_MENTION_TYPE" : "NONE",
      "SIRE_MENTION_CLASS" : "SPC"
    },
    "type" : "ONSEN",
    "begin" : 526,
    "end" : 531,
    "inCoref" : true
  }, {
    "id" : "s5-m0",
    "properties" : {
      "SIRE_MENTION_CLASS" : "SPC",
      "SIRE_MENTION_ROLE" : "Sensitsu",
      "SIRE_MENTION_TYPE" : "NONE",
      "SIRE_ENTITY_SUBTYPE" : "NONE"
    },
    "type" : "Sensitsu",
    "begin" : 535,
    "end" : 540,
    "inCoref" : false
  } ],
  "relations" : [ {
    "id" : "s5-r1",
    "properties" : { },
    "type" : "hasAttribute",
    "args" : [ "s5-m2", "s5-m0" ]
  } ],
  "corefs" : [ {
    "id" : "c1",
    "properties" : { },
    "mentions" : [ "s4-m1", "s5-m2" ]
  } ],
  "typeResolved" : true,
  "userResolved" : false
}