{
  "id" : "5ae7cfb0-d149-11e9-ad4b-c984733d60b0-19",
  "name" : "19_霧島温泉 国民保養温泉地計画書",
  "createdDate" : 0,
  "version" : 3,
  "text" : "１．温泉地の概要\n霧島山の東南山腹 400ｍから 910ｍの高原地帯に施設が散在する温泉地で、南に錦江湾を望み、羨望は広い。林田、硫黄谷、丸尾などの各温泉は施設が整っている。\nその他の温泉は未開発の温泉資源とされているものもあり、素朴な昔の風情を残している。霧島温泉郷は新湯、林田、硫黄谷、丸尾、湯之谷、関平などがあり、また、霧島神宮周辺には霧島神宮温泉郷がある。当温泉地の面積は霧島温泉郷が約 10 平方キロメートル、霧島神宮温泉郷が約 10 平方キロメートルである。\n霧島錦江湾国立公園はこの温泉地の一部を含んでおり、優れた自然の風景が保護されており、自然を活用することで国民の保健、休養に資するとともに、生物の多様性が保たれている地域である。\nこの温泉地の四季といえば、４月上旬の霧島高原国民休養地一帯の桜から始まり、初夏にかけては霧島山等で有名なミヤマキリシマツツジが咲き乱れる。夏は登山、ハイキング、キャンプ、テニス、乗馬などの人々で賑わい、避暑地としても最適で、秋は高原一帯の紅葉を堪能できる。冬の高原では美しい霧氷のモノトーンの世界を楽しめる。\n付近の名所には霧島神宮があり、霧島山の南麓に位置し、天孫降臨神話の主人公であるニニギノミコトを祀っている。境内には老杉が茂っており、神話伝説で名高い高千穂峰や紅葉の名所大浪池なども近い。また、坂本龍馬が妻お龍と新婚旅行でも訪れた地としても有名で、雄大な自然や豊富な湯量を持つ温泉で激動の幕末で活躍したその身体を癒したといわれている。毎年３月に｢龍馬ハネムーンウォーク in霧島｣というウォーキングイベントが開催さ、3,000 人以上の参加者で賑わっている。また、鹿児島県で唯一の森林セラピー基地に認定されており、森林の持つ癒し効果が科学的に実証された森林セラピーロードが整備されている。足湯も多く、多くの観光客で賑わっている。",
  "docLength" : 0,
  "language" : "JA",
  "status" : "IN_PROGRESS",
  "modifiedDate" : 1567847381067,
  "documentSet" : [ ],
  "preannotation" : [ "PRE_LW" ],
  "sentences" : [ {
    "id" : "s0",
    "begin" : 0,
    "end" : 2,
    "text" : "１．",
    "tokens" : [ {
      "id" : "s0-t0",
      "begin" : 0,
      "end" : 1,
      "text" : "１",
      "whiteSpace" : false
    }, {
      "id" : "s0-t1",
      "begin" : 1,
      "end" : 2,
      "text" : "．",
      "whiteSpace" : false
    } ]
  }, {
    "id" : "s1",
    "begin" : 2,
    "end" : 62,
    "text" : "温泉地の概要\n霧島山の東南山腹 400ｍから 910ｍの高原地帯に施設が散在する温泉地で、南に錦江湾を望み、羨望は広い。",
    "tokens" : [ {
      "id" : "s1-t0",
      "begin" : 2,
      "end" : 4,
      "text" : "温泉",
      "whiteSpace" : false
    }, {
      "id" : "s1-t1",
      "begin" : 4,
      "end" : 5,
      "text" : "地",
      "whiteSpace" : false
    }, {
      "id" : "s1-t2",
      "begin" : 5,
      "end" : 6,
      "text" : "の",
      "whiteSpace" : false
    }, {
      "id" : "s1-t3",
      "begin" : 6,
      "end" : 8,
      "text" : "概要",
      "whiteSpace" : false
    }, {
      "id" : "s1-t4",
      "begin" : 9,
      "end" : 12,
      "text" : "霧島山",
      "whiteSpace" : false
    }, {
      "id" : "s1-t5",
      "begin" : 12,
      "end" : 13,
      "text" : "の",
      "whiteSpace" : false
    }, {
      "id" : "s1-t6",
      "begin" : 13,
      "end" : 15,
      "text" : "東南",
      "whiteSpace" : false
    }, {
      "id" : "s1-t7",
      "begin" : 15,
      "end" : 17,
      "text" : "山腹",
      "whiteSpace" : false
    }, {
      "id" : "s1-t8",
      "begin" : 18,
      "end" : 22,
      "text" : "400ｍ",
      "whiteSpace" : false
    }, {
      "id" : "s1-t9",
      "begin" : 22,
      "end" : 24,
      "text" : "から",
      "whiteSpace" : false
    }, {
      "id" : "s1-t10",
      "begin" : 25,
      "end" : 29,
      "text" : "910ｍ",
      "whiteSpace" : false
    }, {
      "id" : "s1-t11",
      "begin" : 29,
      "end" : 30,
      "text" : "の",
      "whiteSpace" : false
    }, {
      "id" : "s1-t12",
      "begin" : 30,
      "end" : 32,
      "text" : "高原",
      "whiteSpace" : false
    }, {
      "id" : "s1-t13",
      "begin" : 32,
      "end" : 34,
      "text" : "地帯",
      "whiteSpace" : false
    }, {
      "id" : "s1-t14",
      "begin" : 34,
      "end" : 35,
      "text" : "に",
      "whiteSpace" : false
    }, {
      "id" : "s1-t15",
      "begin" : 35,
      "end" : 37,
      "text" : "施設",
      "whiteSpace" : false
    }, {
      "id" : "s1-t16",
      "begin" : 37,
      "end" : 38,
      "text" : "が",
      "whiteSpace" : false
    }, {
      "id" : "s1-t17",
      "begin" : 38,
      "end" : 40,
      "text" : "散在",
      "whiteSpace" : false
    }, {
      "id" : "s1-t18",
      "begin" : 40,
      "end" : 42,
      "text" : "する",
      "whiteSpace" : false
    }, {
      "id" : "s1-t19",
      "begin" : 42,
      "end" : 44,
      "text" : "温泉",
      "whiteSpace" : false
    }, {
      "id" : "s1-t20",
      "begin" : 44,
      "end" : 45,
      "text" : "地",
      "whiteSpace" : false
    }, {
      "id" : "s1-t21",
      "begin" : 45,
      "end" : 46,
      "text" : "で",
      "whiteSpace" : false
    }, {
      "id" : "s1-t22",
      "begin" : 46,
      "end" : 47,
      "text" : "、",
      "whiteSpace" : false
    }, {
      "id" : "s1-t23",
      "begin" : 47,
      "end" : 48,
      "text" : "南",
      "whiteSpace" : false
    }, {
      "id" : "s1-t24",
      "begin" : 48,
      "end" : 49,
      "text" : "に",
      "whiteSpace" : false
    }, {
      "id" : "s1-t25",
      "begin" : 49,
      "end" : 51,
      "text" : "錦江",
      "whiteSpace" : false
    }, {
      "id" : "s1-t26",
      "begin" : 51,
      "end" : 52,
      "text" : "湾",
      "whiteSpace" : false
    }, {
      "id" : "s1-t27",
      "begin" : 52,
      "end" : 53,
      "text" : "を",
      "whiteSpace" : false
    }, {
      "id" : "s1-t28",
      "begin" : 53,
      "end" : 55,
      "text" : "望み",
      "whiteSpace" : false
    }, {
      "id" : "s1-t29",
      "begin" : 55,
      "end" : 56,
      "text" : "、",
      "whiteSpace" : false
    }, {
      "id" : "s1-t30",
      "begin" : 56,
      "end" : 58,
      "text" : "羨望",
      "whiteSpace" : false
    }, {
      "id" : "s1-t31",
      "begin" : 58,
      "end" : 59,
      "text" : "は",
      "whiteSpace" : false
    }, {
      "id" : "s1-t32",
      "begin" : 59,
      "end" : 61,
      "text" : "広い",
      "whiteSpace" : false
    }, {
      "id" : "s1-t33",
      "begin" : 61,
      "end" : 62,
      "text" : "。",
      "whiteSpace" : false
    } ]
  }, {
    "id" : "s2",
    "begin" : 62,
    "end" : 87,
    "text" : "林田、硫黄谷、丸尾などの各温泉は施設が整っている。",
    "tokens" : [ {
      "id" : "s2-t0",
      "begin" : 62,
      "end" : 64,
      "text" : "林田",
      "whiteSpace" : false
    }, {
      "id" : "s2-t1",
      "begin" : 64,
      "end" : 65,
      "text" : "、",
      "whiteSpace" : false
    }, {
      "id" : "s2-t2",
      "begin" : 65,
      "end" : 68,
      "text" : "硫黄谷",
      "whiteSpace" : false
    }, {
      "id" : "s2-t3",
      "begin" : 68,
      "end" : 69,
      "text" : "、",
      "whiteSpace" : false
    }, {
      "id" : "s2-t4",
      "begin" : 69,
      "end" : 71,
      "text" : "丸尾",
      "whiteSpace" : false
    }, {
      "id" : "s2-t5",
      "begin" : 71,
      "end" : 73,
      "text" : "など",
      "whiteSpace" : false
    }, {
      "id" : "s2-t6",
      "begin" : 73,
      "end" : 74,
      "text" : "の",
      "whiteSpace" : false
    }, {
      "id" : "s2-t7",
      "begin" : 74,
      "end" : 75,
      "text" : "各",
      "whiteSpace" : false
    }, {
      "id" : "s2-t8",
      "begin" : 75,
      "end" : 77,
      "text" : "温泉",
      "whiteSpace" : false
    }, {
      "id" : "s2-t9",
      "begin" : 77,
      "end" : 78,
      "text" : "は",
      "whiteSpace" : false
    }, {
      "id" : "s2-t10",
      "begin" : 78,
      "end" : 80,
      "text" : "施設",
      "whiteSpace" : false
    }, {
      "id" : "s2-t11",
      "begin" : 80,
      "end" : 81,
      "text" : "が",
      "whiteSpace" : false
    }, {
      "id" : "s2-t12",
      "begin" : 81,
      "end" : 84,
      "text" : "整って",
      "whiteSpace" : false
    }, {
      "id" : "s2-t13",
      "begin" : 84,
      "end" : 86,
      "text" : "いる",
      "whiteSpace" : false
    }, {
      "id" : "s2-t14",
      "begin" : 86,
      "end" : 87,
      "text" : "。",
      "whiteSpace" : false
    } ]
  }, {
    "id" : "s3",
    "begin" : 88,
    "end" : 129,
    "text" : "その他の温泉は未開発の温泉資源とされているものもあり、素朴な昔の風情を残している。",
    "tokens" : [ {
      "id" : "s3-t0",
      "begin" : 88,
      "end" : 91,
      "text" : "その他",
      "whiteSpace" : false
    }, {
      "id" : "s3-t1",
      "begin" : 91,
      "end" : 92,
      "text" : "の",
      "whiteSpace" : false
    }, {
      "id" : "s3-t2",
      "begin" : 92,
      "end" : 94,
      "text" : "温泉",
      "whiteSpace" : false
    }, {
      "id" : "s3-t3",
      "begin" : 94,
      "end" : 95,
      "text" : "は",
      "whiteSpace" : false
    }, {
      "id" : "s3-t4",
      "begin" : 95,
      "end" : 96,
      "text" : "未",
      "whiteSpace" : false
    }, {
      "id" : "s3-t5",
      "begin" : 96,
      "end" : 98,
      "text" : "開発",
      "whiteSpace" : false
    }, {
      "id" : "s3-t6",
      "begin" : 98,
      "end" : 99,
      "text" : "の",
      "whiteSpace" : false
    }, {
      "id" : "s3-t7",
      "begin" : 99,
      "end" : 101,
      "text" : "温泉",
      "whiteSpace" : false
    }, {
      "id" : "s3-t8",
      "begin" : 101,
      "end" : 103,
      "text" : "資源",
      "whiteSpace" : false
    }, {
      "id" : "s3-t9",
      "begin" : 103,
      "end" : 104,
      "text" : "と",
      "whiteSpace" : false
    }, {
      "id" : "s3-t10",
      "begin" : 104,
      "end" : 105,
      "text" : "さ",
      "whiteSpace" : false
    }, {
      "id" : "s3-t11",
      "begin" : 105,
      "end" : 107,
      "text" : "れて",
      "whiteSpace" : false
    }, {
      "id" : "s3-t12",
      "begin" : 107,
      "end" : 109,
      "text" : "いる",
      "whiteSpace" : false
    }, {
      "id" : "s3-t13",
      "begin" : 109,
      "end" : 111,
      "text" : "もの",
      "whiteSpace" : false
    }, {
      "id" : "s3-t14",
      "begin" : 111,
      "end" : 112,
      "text" : "も",
      "whiteSpace" : false
    }, {
      "id" : "s3-t15",
      "begin" : 112,
      "end" : 114,
      "text" : "あり",
      "whiteSpace" : false
    }, {
      "id" : "s3-t16",
      "begin" : 114,
      "end" : 115,
      "text" : "、",
      "whiteSpace" : false
    }, {
      "id" : "s3-t17",
      "begin" : 115,
      "end" : 118,
      "text" : "素朴な",
      "whiteSpace" : false
    }, {
      "id" : "s3-t18",
      "begin" : 118,
      "end" : 119,
      "text" : "昔",
      "whiteSpace" : false
    }, {
      "id" : "s3-t19",
      "begin" : 119,
      "end" : 120,
      "text" : "の",
      "whiteSpace" : false
    }, {
      "id" : "s3-t20",
      "begin" : 120,
      "end" : 122,
      "text" : "風情",
      "whiteSpace" : false
    }, {
      "id" : "s3-t21",
      "begin" : 122,
      "end" : 123,
      "text" : "を",
      "whiteSpace" : false
    }, {
      "id" : "s3-t22",
      "begin" : 123,
      "end" : 126,
      "text" : "残して",
      "whiteSpace" : false
    }, {
      "id" : "s3-t23",
      "begin" : 126,
      "end" : 128,
      "text" : "いる",
      "whiteSpace" : false
    }, {
      "id" : "s3-t24",
      "begin" : 128,
      "end" : 129,
      "text" : "。",
      "whiteSpace" : false
    } ]
  }, {
    "id" : "s4",
    "begin" : 129,
    "end" : 182,
    "text" : "霧島温泉郷は新湯、林田、硫黄谷、丸尾、湯之谷、関平などがあり、また、霧島神宮周辺には霧島神宮温泉郷がある。",
    "tokens" : [ {
      "id" : "s4-t0",
      "begin" : 129,
      "end" : 131,
      "text" : "霧島",
      "whiteSpace" : false
    }, {
      "id" : "s4-t1",
      "begin" : 131,
      "end" : 134,
      "text" : "温泉郷",
      "whiteSpace" : false
    }, {
      "id" : "s4-t2",
      "begin" : 134,
      "end" : 135,
      "text" : "は",
      "whiteSpace" : false
    }, {
      "id" : "s4-t3",
      "begin" : 135,
      "end" : 137,
      "text" : "新湯",
      "whiteSpace" : false
    }, {
      "id" : "s4-t4",
      "begin" : 137,
      "end" : 138,
      "text" : "、",
      "whiteSpace" : false
    }, {
      "id" : "s4-t5",
      "begin" : 138,
      "end" : 140,
      "text" : "林田",
      "whiteSpace" : false
    }, {
      "id" : "s4-t6",
      "begin" : 140,
      "end" : 141,
      "text" : "、",
      "whiteSpace" : false
    }, {
      "id" : "s4-t7",
      "begin" : 141,
      "end" : 144,
      "text" : "硫黄谷",
      "whiteSpace" : false
    }, {
      "id" : "s4-t8",
      "begin" : 144,
      "end" : 145,
      "text" : "、",
      "whiteSpace" : false
    }, {
      "id" : "s4-t9",
      "begin" : 145,
      "end" : 147,
      "text" : "丸尾",
      "whiteSpace" : false
    }, {
      "id" : "s4-t10",
      "begin" : 147,
      "end" : 148,
      "text" : "、",
      "whiteSpace" : false
    }, {
      "id" : "s4-t11",
      "begin" : 148,
      "end" : 151,
      "text" : "湯之谷",
      "whiteSpace" : false
    }, {
      "id" : "s4-t12",
      "begin" : 151,
      "end" : 152,
      "text" : "、",
      "whiteSpace" : false
    }, {
      "id" : "s4-t13",
      "begin" : 152,
      "end" : 154,
      "text" : "関平",
      "whiteSpace" : false
    }, {
      "id" : "s4-t14",
      "begin" : 154,
      "end" : 156,
      "text" : "など",
      "whiteSpace" : false
    }, {
      "id" : "s4-t15",
      "begin" : 156,
      "end" : 157,
      "text" : "が",
      "whiteSpace" : false
    }, {
      "id" : "s4-t16",
      "begin" : 157,
      "end" : 159,
      "text" : "あり",
      "whiteSpace" : false
    }, {
      "id" : "s4-t17",
      "begin" : 159,
      "end" : 160,
      "text" : "、",
      "whiteSpace" : false
    }, {
      "id" : "s4-t18",
      "begin" : 160,
      "end" : 162,
      "text" : "また",
      "whiteSpace" : false
    }, {
      "id" : "s4-t19",
      "begin" : 162,
      "end" : 163,
      "text" : "、",
      "whiteSpace" : false
    }, {
      "id" : "s4-t20",
      "begin" : 163,
      "end" : 165,
      "text" : "霧島",
      "whiteSpace" : false
    }, {
      "id" : "s4-t21",
      "begin" : 165,
      "end" : 167,
      "text" : "神宮",
      "whiteSpace" : false
    }, {
      "id" : "s4-t22",
      "begin" : 167,
      "end" : 169,
      "text" : "周辺",
      "whiteSpace" : false
    }, {
      "id" : "s4-t23",
      "begin" : 169,
      "end" : 170,
      "text" : "に",
      "whiteSpace" : false
    }, {
      "id" : "s4-t24",
      "begin" : 170,
      "end" : 171,
      "text" : "は",
      "whiteSpace" : false
    }, {
      "id" : "s4-t25",
      "begin" : 171,
      "end" : 173,
      "text" : "霧島",
      "whiteSpace" : false
    }, {
      "id" : "s4-t26",
      "begin" : 173,
      "end" : 175,
      "text" : "神宮",
      "whiteSpace" : false
    }, {
      "id" : "s4-t27",
      "begin" : 175,
      "end" : 178,
      "text" : "温泉郷",
      "whiteSpace" : false
    }, {
      "id" : "s4-t28",
      "begin" : 178,
      "end" : 179,
      "text" : "が",
      "whiteSpace" : false
    }, {
      "id" : "s4-t29",
      "begin" : 179,
      "end" : 181,
      "text" : "ある",
      "whiteSpace" : false
    }, {
      "id" : "s4-t30",
      "begin" : 181,
      "end" : 182,
      "text" : "。",
      "whiteSpace" : false
    } ]
  }, {
    "id" : "s5",
    "begin" : 182,
    "end" : 235,
    "text" : "当温泉地の面積は霧島温泉郷が約 10 平方キロメートル、霧島神宮温泉郷が約 10 平方キロメートルである。",
    "tokens" : [ {
      "id" : "s5-t0",
      "begin" : 182,
      "end" : 184,
      "text" : "当温",
      "whiteSpace" : false
    }, {
      "id" : "s5-t1",
      "begin" : 184,
      "end" : 186,
      "text" : "泉地",
      "whiteSpace" : false
    }, {
      "id" : "s5-t2",
      "begin" : 186,
      "end" : 187,
      "text" : "の",
      "whiteSpace" : false
    }, {
      "id" : "s5-t3",
      "begin" : 187,
      "end" : 189,
      "text" : "面積",
      "whiteSpace" : false
    }, {
      "id" : "s5-t4",
      "begin" : 189,
      "end" : 190,
      "text" : "は",
      "whiteSpace" : false
    }, {
      "id" : "s5-t5",
      "begin" : 190,
      "end" : 192,
      "text" : "霧島",
      "whiteSpace" : false
    }, {
      "id" : "s5-t6",
      "begin" : 192,
      "end" : 194,
      "text" : "温泉",
      "whiteSpace" : false
    }, {
      "id" : "s5-t7",
      "begin" : 194,
      "end" : 195,
      "text" : "郷",
      "whiteSpace" : false
    }, {
      "id" : "s5-t8",
      "begin" : 195,
      "end" : 196,
      "text" : "が",
      "whiteSpace" : false
    }, {
      "id" : "s5-t9",
      "begin" : 196,
      "end" : 197,
      "text" : "約",
      "whiteSpace" : false
    }, {
      "id" : "s5-t10",
      "begin" : 198,
      "end" : 200,
      "text" : "10",
      "whiteSpace" : false
    }, {
      "id" : "s5-t11",
      "begin" : 201,
      "end" : 205,
      "text" : "平方キロ",
      "whiteSpace" : false
    }, {
      "id" : "s5-t12",
      "begin" : 205,
      "end" : 209,
      "text" : "メートル",
      "whiteSpace" : false
    }, {
      "id" : "s5-t13",
      "begin" : 209,
      "end" : 210,
      "text" : "、",
      "whiteSpace" : false
    }, {
      "id" : "s5-t14",
      "begin" : 210,
      "end" : 212,
      "text" : "霧島",
      "whiteSpace" : false
    }, {
      "id" : "s5-t15",
      "begin" : 212,
      "end" : 214,
      "text" : "神宮",
      "whiteSpace" : false
    }, {
      "id" : "s5-t16",
      "begin" : 214,
      "end" : 217,
      "text" : "温泉郷",
      "whiteSpace" : false
    }, {
      "id" : "s5-t17",
      "begin" : 217,
      "end" : 218,
      "text" : "が",
      "whiteSpace" : false
    }, {
      "id" : "s5-t18",
      "begin" : 218,
      "end" : 219,
      "text" : "約",
      "whiteSpace" : false
    }, {
      "id" : "s5-t19",
      "begin" : 220,
      "end" : 222,
      "text" : "10",
      "whiteSpace" : false
    }, {
      "id" : "s5-t20",
      "begin" : 223,
      "end" : 231,
      "text" : "平方キロメートル",
      "whiteSpace" : false
    }, {
      "id" : "s5-t21",
      "begin" : 231,
      "end" : 234,
      "text" : "である",
      "whiteSpace" : false
    }, {
      "id" : "s5-t22",
      "begin" : 234,
      "end" : 235,
      "text" : "。",
      "whiteSpace" : false
    } ]
  }, {
    "id" : "s6",
    "begin" : 236,
    "end" : 324,
    "text" : "霧島錦江湾国立公園はこの温泉地の一部を含んでおり、優れた自然の風景が保護されており、自然を活用することで国民の保健、休養に資するとともに、生物の多様性が保たれている地域である。",
    "tokens" : [ {
      "id" : "s6-t0",
      "begin" : 236,
      "end" : 238,
      "text" : "霧島",
      "whiteSpace" : false
    }, {
      "id" : "s6-t1",
      "begin" : 238,
      "end" : 240,
      "text" : "錦江",
      "whiteSpace" : false
    }, {
      "id" : "s6-t2",
      "begin" : 240,
      "end" : 241,
      "text" : "湾",
      "whiteSpace" : false
    }, {
      "id" : "s6-t3",
      "begin" : 241,
      "end" : 243,
      "text" : "国立",
      "whiteSpace" : false
    }, {
      "id" : "s6-t4",
      "begin" : 243,
      "end" : 245,
      "text" : "公園",
      "whiteSpace" : false
    }, {
      "id" : "s6-t5",
      "begin" : 245,
      "end" : 246,
      "text" : "は",
      "whiteSpace" : false
    }, {
      "id" : "s6-t6",
      "begin" : 246,
      "end" : 248,
      "text" : "この",
      "whiteSpace" : false
    }, {
      "id" : "s6-t7",
      "begin" : 248,
      "end" : 250,
      "text" : "温泉",
      "whiteSpace" : false
    }, {
      "id" : "s6-t8",
      "begin" : 250,
      "end" : 251,
      "text" : "地",
      "whiteSpace" : false
    }, {
      "id" : "s6-t9",
      "begin" : 251,
      "end" : 252,
      "text" : "の",
      "whiteSpace" : false
    }, {
      "id" : "s6-t10",
      "begin" : 252,
      "end" : 254,
      "text" : "一部",
      "whiteSpace" : false
    }, {
      "id" : "s6-t11",
      "begin" : 254,
      "end" : 255,
      "text" : "を",
      "whiteSpace" : false
    }, {
      "id" : "s6-t12",
      "begin" : 255,
      "end" : 258,
      "text" : "含んで",
      "whiteSpace" : false
    }, {
      "id" : "s6-t13",
      "begin" : 258,
      "end" : 260,
      "text" : "おり",
      "whiteSpace" : false
    }, {
      "id" : "s6-t14",
      "begin" : 260,
      "end" : 261,
      "text" : "、",
      "whiteSpace" : false
    }, {
      "id" : "s6-t15",
      "begin" : 261,
      "end" : 264,
      "text" : "優れた",
      "whiteSpace" : false
    }, {
      "id" : "s6-t16",
      "begin" : 264,
      "end" : 267,
      "text" : "自然の",
      "whiteSpace" : false
    }, {
      "id" : "s6-t17",
      "begin" : 267,
      "end" : 269,
      "text" : "風景",
      "whiteSpace" : false
    }, {
      "id" : "s6-t18",
      "begin" : 269,
      "end" : 270,
      "text" : "が",
      "whiteSpace" : false
    }, {
      "id" : "s6-t19",
      "begin" : 270,
      "end" : 272,
      "text" : "保護",
      "whiteSpace" : false
    }, {
      "id" : "s6-t20",
      "begin" : 272,
      "end" : 273,
      "text" : "さ",
      "whiteSpace" : false
    }, {
      "id" : "s6-t21",
      "begin" : 273,
      "end" : 275,
      "text" : "れて",
      "whiteSpace" : false
    }, {
      "id" : "s6-t22",
      "begin" : 275,
      "end" : 277,
      "text" : "おり",
      "whiteSpace" : false
    }, {
      "id" : "s6-t23",
      "begin" : 277,
      "end" : 278,
      "text" : "、",
      "whiteSpace" : false
    }, {
      "id" : "s6-t24",
      "begin" : 278,
      "end" : 280,
      "text" : "自然",
      "whiteSpace" : false
    }, {
      "id" : "s6-t25",
      "begin" : 280,
      "end" : 281,
      "text" : "を",
      "whiteSpace" : false
    }, {
      "id" : "s6-t26",
      "begin" : 281,
      "end" : 283,
      "text" : "活用",
      "whiteSpace" : false
    }, {
      "id" : "s6-t27",
      "begin" : 283,
      "end" : 285,
      "text" : "する",
      "whiteSpace" : false
    }, {
      "id" : "s6-t28",
      "begin" : 285,
      "end" : 287,
      "text" : "こと",
      "whiteSpace" : false
    }, {
      "id" : "s6-t29",
      "begin" : 287,
      "end" : 288,
      "text" : "で",
      "whiteSpace" : false
    }, {
      "id" : "s6-t30",
      "begin" : 288,
      "end" : 290,
      "text" : "国民",
      "whiteSpace" : false
    }, {
      "id" : "s6-t31",
      "begin" : 290,
      "end" : 291,
      "text" : "の",
      "whiteSpace" : false
    }, {
      "id" : "s6-t32",
      "begin" : 291,
      "end" : 293,
      "text" : "保健",
      "whiteSpace" : false
    }, {
      "id" : "s6-t33",
      "begin" : 293,
      "end" : 294,
      "text" : "、",
      "whiteSpace" : false
    }, {
      "id" : "s6-t34",
      "begin" : 294,
      "end" : 296,
      "text" : "休養",
      "whiteSpace" : false
    }, {
      "id" : "s6-t35",
      "begin" : 296,
      "end" : 297,
      "text" : "に",
      "whiteSpace" : false
    }, {
      "id" : "s6-t36",
      "begin" : 297,
      "end" : 300,
      "text" : "資する",
      "whiteSpace" : false
    }, {
      "id" : "s6-t37",
      "begin" : 300,
      "end" : 301,
      "text" : "と",
      "whiteSpace" : false
    }, {
      "id" : "s6-t38",
      "begin" : 301,
      "end" : 304,
      "text" : "ともに",
      "whiteSpace" : false
    }, {
      "id" : "s6-t39",
      "begin" : 304,
      "end" : 305,
      "text" : "、",
      "whiteSpace" : false
    }, {
      "id" : "s6-t40",
      "begin" : 305,
      "end" : 307,
      "text" : "生物",
      "whiteSpace" : false
    }, {
      "id" : "s6-t41",
      "begin" : 307,
      "end" : 308,
      "text" : "の",
      "whiteSpace" : false
    }, {
      "id" : "s6-t42",
      "begin" : 308,
      "end" : 310,
      "text" : "多様",
      "whiteSpace" : false
    }, {
      "id" : "s6-t43",
      "begin" : 310,
      "end" : 311,
      "text" : "性",
      "whiteSpace" : false
    }, {
      "id" : "s6-t44",
      "begin" : 311,
      "end" : 312,
      "text" : "が",
      "whiteSpace" : false
    }, {
      "id" : "s6-t45",
      "begin" : 312,
      "end" : 314,
      "text" : "保た",
      "whiteSpace" : false
    }, {
      "id" : "s6-t46",
      "begin" : 314,
      "end" : 316,
      "text" : "れて",
      "whiteSpace" : false
    }, {
      "id" : "s6-t47",
      "begin" : 316,
      "end" : 318,
      "text" : "いる",
      "whiteSpace" : false
    }, {
      "id" : "s6-t48",
      "begin" : 318,
      "end" : 320,
      "text" : "地域",
      "whiteSpace" : false
    }, {
      "id" : "s6-t49",
      "begin" : 320,
      "end" : 323,
      "text" : "である",
      "whiteSpace" : false
    }, {
      "id" : "s6-t50",
      "begin" : 323,
      "end" : 324,
      "text" : "。",
      "whiteSpace" : false
    } ]
  }, {
    "id" : "s7",
    "begin" : 325,
    "end" : 394,
    "text" : "この温泉地の四季といえば、４月上旬の霧島高原国民休養地一帯の桜から始まり、初夏にかけては霧島山等で有名なミヤマキリシマツツジが咲き乱れる。",
    "tokens" : [ {
      "id" : "s7-t0",
      "begin" : 325,
      "end" : 327,
      "text" : "この",
      "whiteSpace" : false
    }, {
      "id" : "s7-t1",
      "begin" : 327,
      "end" : 329,
      "text" : "温泉",
      "whiteSpace" : false
    }, {
      "id" : "s7-t2",
      "begin" : 329,
      "end" : 330,
      "text" : "地",
      "whiteSpace" : false
    }, {
      "id" : "s7-t3",
      "begin" : 330,
      "end" : 331,
      "text" : "の",
      "whiteSpace" : false
    }, {
      "id" : "s7-t4",
      "begin" : 331,
      "end" : 333,
      "text" : "四季",
      "whiteSpace" : false
    }, {
      "id" : "s7-t5",
      "begin" : 333,
      "end" : 334,
      "text" : "と",
      "whiteSpace" : false
    }, {
      "id" : "s7-t6",
      "begin" : 334,
      "end" : 337,
      "text" : "いえば",
      "whiteSpace" : false
    }, {
      "id" : "s7-t7",
      "begin" : 337,
      "end" : 338,
      "text" : "、",
      "whiteSpace" : false
    }, {
      "id" : "s7-t8",
      "begin" : 338,
      "end" : 339,
      "text" : "４",
      "whiteSpace" : false
    }, {
      "id" : "s7-t9",
      "begin" : 339,
      "end" : 340,
      "text" : "月",
      "whiteSpace" : false
    }, {
      "id" : "s7-t10",
      "begin" : 340,
      "end" : 342,
      "text" : "上旬",
      "whiteSpace" : false
    }, {
      "id" : "s7-t11",
      "begin" : 342,
      "end" : 343,
      "text" : "の",
      "whiteSpace" : false
    }, {
      "id" : "s7-t12",
      "begin" : 343,
      "end" : 345,
      "text" : "霧島",
      "whiteSpace" : false
    }, {
      "id" : "s7-t13",
      "begin" : 345,
      "end" : 347,
      "text" : "高原",
      "whiteSpace" : false
    }, {
      "id" : "s7-t14",
      "begin" : 347,
      "end" : 349,
      "text" : "国民",
      "whiteSpace" : false
    }, {
      "id" : "s7-t15",
      "begin" : 349,
      "end" : 351,
      "text" : "休養",
      "whiteSpace" : false
    }, {
      "id" : "s7-t16",
      "begin" : 351,
      "end" : 352,
      "text" : "地",
      "whiteSpace" : false
    }, {
      "id" : "s7-t17",
      "begin" : 352,
      "end" : 354,
      "text" : "一帯",
      "whiteSpace" : false
    }, {
      "id" : "s7-t18",
      "begin" : 354,
      "end" : 355,
      "text" : "の",
      "whiteSpace" : false
    }, {
      "id" : "s7-t19",
      "begin" : 355,
      "end" : 356,
      "text" : "桜",
      "whiteSpace" : false
    }, {
      "id" : "s7-t20",
      "begin" : 356,
      "end" : 358,
      "text" : "から",
      "whiteSpace" : false
    }, {
      "id" : "s7-t21",
      "begin" : 358,
      "end" : 361,
      "text" : "始まり",
      "whiteSpace" : false
    }, {
      "id" : "s7-t22",
      "begin" : 361,
      "end" : 362,
      "text" : "、",
      "whiteSpace" : false
    }, {
      "id" : "s7-t23",
      "begin" : 362,
      "end" : 364,
      "text" : "初夏",
      "whiteSpace" : false
    }, {
      "id" : "s7-t24",
      "begin" : 364,
      "end" : 365,
      "text" : "に",
      "whiteSpace" : false
    }, {
      "id" : "s7-t25",
      "begin" : 365,
      "end" : 368,
      "text" : "かけて",
      "whiteSpace" : false
    }, {
      "id" : "s7-t26",
      "begin" : 368,
      "end" : 369,
      "text" : "は",
      "whiteSpace" : false
    }, {
      "id" : "s7-t27",
      "begin" : 369,
      "end" : 372,
      "text" : "霧島山",
      "whiteSpace" : false
    }, {
      "id" : "s7-t28",
      "begin" : 372,
      "end" : 373,
      "text" : "等",
      "whiteSpace" : false
    }, {
      "id" : "s7-t29",
      "begin" : 373,
      "end" : 374,
      "text" : "で",
      "whiteSpace" : false
    }, {
      "id" : "s7-t30",
      "begin" : 374,
      "end" : 377,
      "text" : "有名な",
      "whiteSpace" : false
    }, {
      "id" : "s7-t31",
      "begin" : 377,
      "end" : 387,
      "text" : "ミヤマキリシマツツジ",
      "whiteSpace" : false
    }, {
      "id" : "s7-t32",
      "begin" : 387,
      "end" : 388,
      "text" : "が",
      "whiteSpace" : false
    }, {
      "id" : "s7-t33",
      "begin" : 388,
      "end" : 393,
      "text" : "咲き乱れる",
      "whiteSpace" : false
    }, {
      "id" : "s7-t34",
      "begin" : 393,
      "end" : 394,
      "text" : "。",
      "whiteSpace" : false
    } ]
  }, {
    "id" : "s8",
    "begin" : 394,
    "end" : 453,
    "text" : "夏は登山、ハイキング、キャンプ、テニス、乗馬などの人々で賑わい、避暑地としても最適で、秋は高原一帯の紅葉を堪能できる。",
    "tokens" : [ {
      "id" : "s8-t0",
      "begin" : 394,
      "end" : 395,
      "text" : "夏",
      "whiteSpace" : false
    }, {
      "id" : "s8-t1",
      "begin" : 395,
      "end" : 396,
      "text" : "は",
      "whiteSpace" : false
    }, {
      "id" : "s8-t2",
      "begin" : 396,
      "end" : 398,
      "text" : "登山",
      "whiteSpace" : false
    }, {
      "id" : "s8-t3",
      "begin" : 398,
      "end" : 399,
      "text" : "、",
      "whiteSpace" : false
    }, {
      "id" : "s8-t4",
      "begin" : 399,
      "end" : 404,
      "text" : "ハイキング",
      "whiteSpace" : false
    }, {
      "id" : "s8-t5",
      "begin" : 404,
      "end" : 405,
      "text" : "、",
      "whiteSpace" : false
    }, {
      "id" : "s8-t6",
      "begin" : 405,
      "end" : 409,
      "text" : "キャンプ",
      "whiteSpace" : false
    }, {
      "id" : "s8-t7",
      "begin" : 409,
      "end" : 410,
      "text" : "、",
      "whiteSpace" : false
    }, {
      "id" : "s8-t8",
      "begin" : 410,
      "end" : 413,
      "text" : "テニス",
      "whiteSpace" : false
    }, {
      "id" : "s8-t9",
      "begin" : 413,
      "end" : 414,
      "text" : "、",
      "whiteSpace" : false
    }, {
      "id" : "s8-t10",
      "begin" : 414,
      "end" : 416,
      "text" : "乗馬",
      "whiteSpace" : false
    }, {
      "id" : "s8-t11",
      "begin" : 416,
      "end" : 418,
      "text" : "など",
      "whiteSpace" : false
    }, {
      "id" : "s8-t12",
      "begin" : 418,
      "end" : 419,
      "text" : "の",
      "whiteSpace" : false
    }, {
      "id" : "s8-t13",
      "begin" : 419,
      "end" : 421,
      "text" : "人々",
      "whiteSpace" : false
    }, {
      "id" : "s8-t14",
      "begin" : 421,
      "end" : 422,
      "text" : "で",
      "whiteSpace" : false
    }, {
      "id" : "s8-t15",
      "begin" : 422,
      "end" : 425,
      "text" : "賑わい",
      "whiteSpace" : false
    }, {
      "id" : "s8-t16",
      "begin" : 425,
      "end" : 426,
      "text" : "、",
      "whiteSpace" : false
    }, {
      "id" : "s8-t17",
      "begin" : 426,
      "end" : 428,
      "text" : "避暑",
      "whiteSpace" : false
    }, {
      "id" : "s8-t18",
      "begin" : 428,
      "end" : 429,
      "text" : "地",
      "whiteSpace" : false
    }, {
      "id" : "s8-t19",
      "begin" : 429,
      "end" : 430,
      "text" : "と",
      "whiteSpace" : false
    }, {
      "id" : "s8-t20",
      "begin" : 430,
      "end" : 432,
      "text" : "して",
      "whiteSpace" : false
    }, {
      "id" : "s8-t21",
      "begin" : 432,
      "end" : 433,
      "text" : "も",
      "whiteSpace" : false
    }, {
      "id" : "s8-t22",
      "begin" : 433,
      "end" : 436,
      "text" : "最適で",
      "whiteSpace" : false
    }, {
      "id" : "s8-t23",
      "begin" : 436,
      "end" : 437,
      "text" : "、",
      "whiteSpace" : false
    }, {
      "id" : "s8-t24",
      "begin" : 437,
      "end" : 438,
      "text" : "秋",
      "whiteSpace" : false
    }, {
      "id" : "s8-t25",
      "begin" : 438,
      "end" : 439,
      "text" : "は",
      "whiteSpace" : false
    }, {
      "id" : "s8-t26",
      "begin" : 439,
      "end" : 441,
      "text" : "高原",
      "whiteSpace" : false
    }, {
      "id" : "s8-t27",
      "begin" : 441,
      "end" : 443,
      "text" : "一帯",
      "whiteSpace" : false
    }, {
      "id" : "s8-t28",
      "begin" : 443,
      "end" : 444,
      "text" : "の",
      "whiteSpace" : false
    }, {
      "id" : "s8-t29",
      "begin" : 444,
      "end" : 446,
      "text" : "紅葉",
      "whiteSpace" : false
    }, {
      "id" : "s8-t30",
      "begin" : 446,
      "end" : 447,
      "text" : "を",
      "whiteSpace" : false
    }, {
      "id" : "s8-t31",
      "begin" : 447,
      "end" : 449,
      "text" : "堪能",
      "whiteSpace" : false
    }, {
      "id" : "s8-t32",
      "begin" : 449,
      "end" : 452,
      "text" : "できる",
      "whiteSpace" : false
    }, {
      "id" : "s8-t33",
      "begin" : 452,
      "end" : 453,
      "text" : "。",
      "whiteSpace" : false
    } ]
  }, {
    "id" : "s9",
    "begin" : 453,
    "end" : 479,
    "text" : "冬の高原では美しい霧氷のモノトーンの世界を楽しめる。",
    "tokens" : [ {
      "id" : "s9-t0",
      "begin" : 453,
      "end" : 454,
      "text" : "冬",
      "whiteSpace" : false
    }, {
      "id" : "s9-t1",
      "begin" : 454,
      "end" : 455,
      "text" : "の",
      "whiteSpace" : false
    }, {
      "id" : "s9-t2",
      "begin" : 455,
      "end" : 457,
      "text" : "高原",
      "whiteSpace" : false
    }, {
      "id" : "s9-t3",
      "begin" : 457,
      "end" : 458,
      "text" : "で",
      "whiteSpace" : false
    }, {
      "id" : "s9-t4",
      "begin" : 458,
      "end" : 459,
      "text" : "は",
      "whiteSpace" : false
    }, {
      "id" : "s9-t5",
      "begin" : 459,
      "end" : 462,
      "text" : "美しい",
      "whiteSpace" : false
    }, {
      "id" : "s9-t6",
      "begin" : 462,
      "end" : 464,
      "text" : "霧氷",
      "whiteSpace" : false
    }, {
      "id" : "s9-t7",
      "begin" : 464,
      "end" : 465,
      "text" : "の",
      "whiteSpace" : false
    }, {
      "id" : "s9-t8",
      "begin" : 465,
      "end" : 470,
      "text" : "モノトーン",
      "whiteSpace" : false
    }, {
      "id" : "s9-t9",
      "begin" : 470,
      "end" : 471,
      "text" : "の",
      "whiteSpace" : false
    }, {
      "id" : "s9-t10",
      "begin" : 471,
      "end" : 473,
      "text" : "世界",
      "whiteSpace" : false
    }, {
      "id" : "s9-t11",
      "begin" : 473,
      "end" : 474,
      "text" : "を",
      "whiteSpace" : false
    }, {
      "id" : "s9-t12",
      "begin" : 474,
      "end" : 478,
      "text" : "楽しめる",
      "whiteSpace" : false
    }, {
      "id" : "s9-t13",
      "begin" : 478,
      "end" : 479,
      "text" : "。",
      "whiteSpace" : false
    } ]
  }, {
    "id" : "s10",
    "begin" : 480,
    "end" : 533,
    "text" : "付近の名所には霧島神宮があり、霧島山の南麓に位置し、天孫降臨神話の主人公であるニニギノミコトを祀っている。",
    "tokens" : [ {
      "id" : "s10-t0",
      "begin" : 480,
      "end" : 482,
      "text" : "付近",
      "whiteSpace" : false
    }, {
      "id" : "s10-t1",
      "begin" : 482,
      "end" : 483,
      "text" : "の",
      "whiteSpace" : false
    }, {
      "id" : "s10-t2",
      "begin" : 483,
      "end" : 485,
      "text" : "名所",
      "whiteSpace" : false
    }, {
      "id" : "s10-t3",
      "begin" : 485,
      "end" : 486,
      "text" : "に",
      "whiteSpace" : false
    }, {
      "id" : "s10-t4",
      "begin" : 486,
      "end" : 487,
      "text" : "は",
      "whiteSpace" : false
    }, {
      "id" : "s10-t5",
      "begin" : 487,
      "end" : 489,
      "text" : "霧島",
      "whiteSpace" : false
    }, {
      "id" : "s10-t6",
      "begin" : 489,
      "end" : 491,
      "text" : "神宮",
      "whiteSpace" : false
    }, {
      "id" : "s10-t7",
      "begin" : 491,
      "end" : 492,
      "text" : "が",
      "whiteSpace" : false
    }, {
      "id" : "s10-t8",
      "begin" : 492,
      "end" : 494,
      "text" : "あり",
      "whiteSpace" : false
    }, {
      "id" : "s10-t9",
      "begin" : 494,
      "end" : 495,
      "text" : "、",
      "whiteSpace" : false
    }, {
      "id" : "s10-t10",
      "begin" : 495,
      "end" : 498,
      "text" : "霧島山",
      "whiteSpace" : false
    }, {
      "id" : "s10-t11",
      "begin" : 498,
      "end" : 499,
      "text" : "の",
      "whiteSpace" : false
    }, {
      "id" : "s10-t12",
      "begin" : 499,
      "end" : 501,
      "text" : "南麓",
      "whiteSpace" : false
    }, {
      "id" : "s10-t13",
      "begin" : 501,
      "end" : 502,
      "text" : "に",
      "whiteSpace" : false
    }, {
      "id" : "s10-t14",
      "begin" : 502,
      "end" : 504,
      "text" : "位置",
      "whiteSpace" : false
    }, {
      "id" : "s10-t15",
      "begin" : 504,
      "end" : 505,
      "text" : "し",
      "whiteSpace" : false
    }, {
      "id" : "s10-t16",
      "begin" : 505,
      "end" : 506,
      "text" : "、",
      "whiteSpace" : false
    }, {
      "id" : "s10-t17",
      "begin" : 506,
      "end" : 508,
      "text" : "天孫",
      "whiteSpace" : false
    }, {
      "id" : "s10-t18",
      "begin" : 508,
      "end" : 510,
      "text" : "降臨",
      "whiteSpace" : false
    }, {
      "id" : "s10-t19",
      "begin" : 510,
      "end" : 512,
      "text" : "神話",
      "whiteSpace" : false
    }, {
      "id" : "s10-t20",
      "begin" : 512,
      "end" : 513,
      "text" : "の",
      "whiteSpace" : false
    }, {
      "id" : "s10-t21",
      "begin" : 513,
      "end" : 516,
      "text" : "主人公",
      "whiteSpace" : false
    }, {
      "id" : "s10-t22",
      "begin" : 516,
      "end" : 519,
      "text" : "である",
      "whiteSpace" : false
    }, {
      "id" : "s10-t23",
      "begin" : 519,
      "end" : 526,
      "text" : "ニニギノミコト",
      "whiteSpace" : false
    }, {
      "id" : "s10-t24",
      "begin" : 526,
      "end" : 527,
      "text" : "を",
      "whiteSpace" : false
    }, {
      "id" : "s10-t25",
      "begin" : 527,
      "end" : 530,
      "text" : "祀って",
      "whiteSpace" : false
    }, {
      "id" : "s10-t26",
      "begin" : 530,
      "end" : 532,
      "text" : "いる",
      "whiteSpace" : false
    }, {
      "id" : "s10-t27",
      "begin" : 532,
      "end" : 533,
      "text" : "。",
      "whiteSpace" : false
    } ]
  }, {
    "id" : "s11",
    "begin" : 533,
    "end" : 573,
    "text" : "境内には老杉が茂っており、神話伝説で名高い高千穂峰や紅葉の名所大浪池なども近い。",
    "tokens" : [ {
      "id" : "s11-t0",
      "begin" : 533,
      "end" : 535,
      "text" : "境内",
      "whiteSpace" : false
    }, {
      "id" : "s11-t1",
      "begin" : 535,
      "end" : 536,
      "text" : "に",
      "whiteSpace" : false
    }, {
      "id" : "s11-t2",
      "begin" : 536,
      "end" : 537,
      "text" : "は",
      "whiteSpace" : false
    }, {
      "id" : "s11-t3",
      "begin" : 537,
      "end" : 539,
      "text" : "老杉",
      "whiteSpace" : false
    }, {
      "id" : "s11-t4",
      "begin" : 539,
      "end" : 540,
      "text" : "が",
      "whiteSpace" : false
    }, {
      "id" : "s11-t5",
      "begin" : 540,
      "end" : 543,
      "text" : "茂って",
      "whiteSpace" : false
    }, {
      "id" : "s11-t6",
      "begin" : 543,
      "end" : 545,
      "text" : "おり",
      "whiteSpace" : false
    }, {
      "id" : "s11-t7",
      "begin" : 545,
      "end" : 546,
      "text" : "、",
      "whiteSpace" : false
    }, {
      "id" : "s11-t8",
      "begin" : 546,
      "end" : 548,
      "text" : "神話",
      "whiteSpace" : false
    }, {
      "id" : "s11-t9",
      "begin" : 548,
      "end" : 550,
      "text" : "伝説",
      "whiteSpace" : false
    }, {
      "id" : "s11-t10",
      "begin" : 550,
      "end" : 551,
      "text" : "で",
      "whiteSpace" : false
    }, {
      "id" : "s11-t11",
      "begin" : 551,
      "end" : 554,
      "text" : "名高い",
      "whiteSpace" : false
    }, {
      "id" : "s11-t12",
      "begin" : 554,
      "end" : 556,
      "text" : "高千",
      "whiteSpace" : false
    }, {
      "id" : "s11-t13",
      "begin" : 556,
      "end" : 558,
      "text" : "穂峰",
      "whiteSpace" : false
    }, {
      "id" : "s11-t14",
      "begin" : 558,
      "end" : 559,
      "text" : "や",
      "whiteSpace" : false
    }, {
      "id" : "s11-t15",
      "begin" : 559,
      "end" : 561,
      "text" : "紅葉",
      "whiteSpace" : false
    }, {
      "id" : "s11-t16",
      "begin" : 561,
      "end" : 562,
      "text" : "の",
      "whiteSpace" : false
    }, {
      "id" : "s11-t17",
      "begin" : 562,
      "end" : 564,
      "text" : "名所",
      "whiteSpace" : false
    }, {
      "id" : "s11-t18",
      "begin" : 564,
      "end" : 565,
      "text" : "大",
      "whiteSpace" : false
    }, {
      "id" : "s11-t19",
      "begin" : 565,
      "end" : 567,
      "text" : "浪池",
      "whiteSpace" : false
    }, {
      "id" : "s11-t20",
      "begin" : 567,
      "end" : 569,
      "text" : "など",
      "whiteSpace" : false
    }, {
      "id" : "s11-t21",
      "begin" : 569,
      "end" : 570,
      "text" : "も",
      "whiteSpace" : false
    }, {
      "id" : "s11-t22",
      "begin" : 570,
      "end" : 572,
      "text" : "近い",
      "whiteSpace" : false
    }, {
      "id" : "s11-t23",
      "begin" : 572,
      "end" : 573,
      "text" : "。",
      "whiteSpace" : false
    } ]
  }, {
    "id" : "s12",
    "begin" : 573,
    "end" : 646,
    "text" : "また、坂本龍馬が妻お龍と新婚旅行でも訪れた地としても有名で、雄大な自然や豊富な湯量を持つ温泉で激動の幕末で活躍したその身体を癒したといわれている。",
    "tokens" : [ {
      "id" : "s12-t0",
      "begin" : 573,
      "end" : 575,
      "text" : "また",
      "whiteSpace" : false
    }, {
      "id" : "s12-t1",
      "begin" : 575,
      "end" : 576,
      "text" : "、",
      "whiteSpace" : false
    }, {
      "id" : "s12-t2",
      "begin" : 576,
      "end" : 578,
      "text" : "坂本",
      "whiteSpace" : false
    }, {
      "id" : "s12-t3",
      "begin" : 578,
      "end" : 580,
      "text" : "龍馬",
      "whiteSpace" : false
    }, {
      "id" : "s12-t4",
      "begin" : 580,
      "end" : 581,
      "text" : "が",
      "whiteSpace" : false
    }, {
      "id" : "s12-t5",
      "begin" : 581,
      "end" : 582,
      "text" : "妻",
      "whiteSpace" : false
    }, {
      "id" : "s12-t6",
      "begin" : 582,
      "end" : 583,
      "text" : "お",
      "whiteSpace" : false
    }, {
      "id" : "s12-t7",
      "begin" : 583,
      "end" : 584,
      "text" : "龍",
      "whiteSpace" : false
    }, {
      "id" : "s12-t8",
      "begin" : 584,
      "end" : 585,
      "text" : "と",
      "whiteSpace" : false
    }, {
      "id" : "s12-t9",
      "begin" : 585,
      "end" : 587,
      "text" : "新婚",
      "whiteSpace" : false
    }, {
      "id" : "s12-t10",
      "begin" : 587,
      "end" : 589,
      "text" : "旅行",
      "whiteSpace" : false
    }, {
      "id" : "s12-t11",
      "begin" : 589,
      "end" : 591,
      "text" : "でも",
      "whiteSpace" : false
    }, {
      "id" : "s12-t12",
      "begin" : 591,
      "end" : 594,
      "text" : "訪れた",
      "whiteSpace" : false
    }, {
      "id" : "s12-t13",
      "begin" : 594,
      "end" : 595,
      "text" : "地",
      "whiteSpace" : false
    }, {
      "id" : "s12-t14",
      "begin" : 595,
      "end" : 596,
      "text" : "と",
      "whiteSpace" : false
    }, {
      "id" : "s12-t15",
      "begin" : 596,
      "end" : 598,
      "text" : "して",
      "whiteSpace" : false
    }, {
      "id" : "s12-t16",
      "begin" : 598,
      "end" : 599,
      "text" : "も",
      "whiteSpace" : false
    }, {
      "id" : "s12-t17",
      "begin" : 599,
      "end" : 602,
      "text" : "有名で",
      "whiteSpace" : false
    }, {
      "id" : "s12-t18",
      "begin" : 602,
      "end" : 603,
      "text" : "、",
      "whiteSpace" : false
    }, {
      "id" : "s12-t19",
      "begin" : 603,
      "end" : 606,
      "text" : "雄大な",
      "whiteSpace" : false
    }, {
      "id" : "s12-t20",
      "begin" : 606,
      "end" : 608,
      "text" : "自然",
      "whiteSpace" : false
    }, {
      "id" : "s12-t21",
      "begin" : 608,
      "end" : 609,
      "text" : "や",
      "whiteSpace" : false
    }, {
      "id" : "s12-t22",
      "begin" : 609,
      "end" : 612,
      "text" : "豊富な",
      "whiteSpace" : false
    }, {
      "id" : "s12-t23",
      "begin" : 612,
      "end" : 614,
      "text" : "湯量",
      "whiteSpace" : false
    }, {
      "id" : "s12-t24",
      "begin" : 614,
      "end" : 615,
      "text" : "を",
      "whiteSpace" : false
    }, {
      "id" : "s12-t25",
      "begin" : 615,
      "end" : 617,
      "text" : "持つ",
      "whiteSpace" : false
    }, {
      "id" : "s12-t26",
      "begin" : 617,
      "end" : 619,
      "text" : "温泉",
      "whiteSpace" : false
    }, {
      "id" : "s12-t27",
      "begin" : 619,
      "end" : 620,
      "text" : "で",
      "whiteSpace" : false
    }, {
      "id" : "s12-t28",
      "begin" : 620,
      "end" : 622,
      "text" : "激動",
      "whiteSpace" : false
    }, {
      "id" : "s12-t29",
      "begin" : 622,
      "end" : 623,
      "text" : "の",
      "whiteSpace" : false
    }, {
      "id" : "s12-t30",
      "begin" : 623,
      "end" : 625,
      "text" : "幕末",
      "whiteSpace" : false
    }, {
      "id" : "s12-t31",
      "begin" : 625,
      "end" : 626,
      "text" : "で",
      "whiteSpace" : false
    }, {
      "id" : "s12-t32",
      "begin" : 626,
      "end" : 628,
      "text" : "活躍",
      "whiteSpace" : false
    }, {
      "id" : "s12-t33",
      "begin" : 628,
      "end" : 630,
      "text" : "した",
      "whiteSpace" : false
    }, {
      "id" : "s12-t34",
      "begin" : 630,
      "end" : 632,
      "text" : "その",
      "whiteSpace" : false
    }, {
      "id" : "s12-t35",
      "begin" : 632,
      "end" : 634,
      "text" : "身体",
      "whiteSpace" : false
    }, {
      "id" : "s12-t36",
      "begin" : 634,
      "end" : 635,
      "text" : "を",
      "whiteSpace" : false
    }, {
      "id" : "s12-t37",
      "begin" : 635,
      "end" : 638,
      "text" : "癒した",
      "whiteSpace" : false
    }, {
      "id" : "s12-t38",
      "begin" : 638,
      "end" : 639,
      "text" : "と",
      "whiteSpace" : false
    }, {
      "id" : "s12-t39",
      "begin" : 639,
      "end" : 641,
      "text" : "いわ",
      "whiteSpace" : false
    }, {
      "id" : "s12-t40",
      "begin" : 641,
      "end" : 643,
      "text" : "れて",
      "whiteSpace" : false
    }, {
      "id" : "s12-t41",
      "begin" : 643,
      "end" : 645,
      "text" : "いる",
      "whiteSpace" : false
    }, {
      "id" : "s12-t42",
      "begin" : 645,
      "end" : 646,
      "text" : "。",
      "whiteSpace" : false
    } ]
  }, {
    "id" : "s13",
    "begin" : 646,
    "end" : 708,
    "text" : "毎年３月に｢龍馬ハネムーンウォーク in霧島｣というウォーキングイベントが開催さ、3,000 人以上の参加者で賑わっている。",
    "tokens" : [ {
      "id" : "s13-t0",
      "begin" : 646,
      "end" : 648,
      "text" : "毎年",
      "whiteSpace" : false
    }, {
      "id" : "s13-t1",
      "begin" : 648,
      "end" : 649,
      "text" : "３",
      "whiteSpace" : false
    }, {
      "id" : "s13-t2",
      "begin" : 649,
      "end" : 650,
      "text" : "月",
      "whiteSpace" : false
    }, {
      "id" : "s13-t3",
      "begin" : 650,
      "end" : 651,
      "text" : "に",
      "whiteSpace" : false
    }, {
      "id" : "s13-t4",
      "begin" : 651,
      "end" : 652,
      "text" : "｢",
      "whiteSpace" : false
    }, {
      "id" : "s13-t5",
      "begin" : 652,
      "end" : 654,
      "text" : "龍馬",
      "whiteSpace" : false
    }, {
      "id" : "s13-t6",
      "begin" : 654,
      "end" : 663,
      "text" : "ハネムーンウォーク",
      "whiteSpace" : false
    }, {
      "id" : "s13-t7",
      "begin" : 664,
      "end" : 666,
      "text" : "in",
      "whiteSpace" : false
    }, {
      "id" : "s13-t8",
      "begin" : 666,
      "end" : 668,
      "text" : "霧島",
      "whiteSpace" : false
    }, {
      "id" : "s13-t9",
      "begin" : 668,
      "end" : 669,
      "text" : "｣",
      "whiteSpace" : false
    }, {
      "id" : "s13-t10",
      "begin" : 669,
      "end" : 670,
      "text" : "と",
      "whiteSpace" : false
    }, {
      "id" : "s13-t11",
      "begin" : 670,
      "end" : 672,
      "text" : "いう",
      "whiteSpace" : false
    }, {
      "id" : "s13-t12",
      "begin" : 672,
      "end" : 678,
      "text" : "ウォーキング",
      "whiteSpace" : false
    }, {
      "id" : "s13-t13",
      "begin" : 678,
      "end" : 682,
      "text" : "イベント",
      "whiteSpace" : false
    }, {
      "id" : "s13-t14",
      "begin" : 682,
      "end" : 683,
      "text" : "が",
      "whiteSpace" : false
    }, {
      "id" : "s13-t15",
      "begin" : 683,
      "end" : 685,
      "text" : "開催",
      "whiteSpace" : false
    }, {
      "id" : "s13-t16",
      "begin" : 685,
      "end" : 686,
      "text" : "さ",
      "whiteSpace" : false
    }, {
      "id" : "s13-t17",
      "begin" : 686,
      "end" : 687,
      "text" : "、",
      "whiteSpace" : false
    }, {
      "id" : "s13-t18",
      "begin" : 687,
      "end" : 692,
      "text" : "3,000",
      "whiteSpace" : false
    }, {
      "id" : "s13-t19",
      "begin" : 693,
      "end" : 694,
      "text" : "人",
      "whiteSpace" : false
    }, {
      "id" : "s13-t20",
      "begin" : 694,
      "end" : 696,
      "text" : "以上",
      "whiteSpace" : false
    }, {
      "id" : "s13-t21",
      "begin" : 696,
      "end" : 697,
      "text" : "の",
      "whiteSpace" : false
    }, {
      "id" : "s13-t22",
      "begin" : 697,
      "end" : 699,
      "text" : "参加",
      "whiteSpace" : false
    }, {
      "id" : "s13-t23",
      "begin" : 699,
      "end" : 700,
      "text" : "者",
      "whiteSpace" : false
    }, {
      "id" : "s13-t24",
      "begin" : 700,
      "end" : 701,
      "text" : "で",
      "whiteSpace" : false
    }, {
      "id" : "s13-t25",
      "begin" : 701,
      "end" : 705,
      "text" : "賑わって",
      "whiteSpace" : false
    }, {
      "id" : "s13-t26",
      "begin" : 705,
      "end" : 707,
      "text" : "いる",
      "whiteSpace" : false
    }, {
      "id" : "s13-t27",
      "begin" : 707,
      "end" : 708,
      "text" : "。",
      "whiteSpace" : false
    } ]
  }, {
    "id" : "s14",
    "begin" : 708,
    "end" : 773,
    "text" : "また、鹿児島県で唯一の森林セラピー基地に認定されており、森林の持つ癒し効果が科学的に実証された森林セラピーロードが整備されている。",
    "tokens" : [ {
      "id" : "s14-t0",
      "begin" : 708,
      "end" : 710,
      "text" : "また",
      "whiteSpace" : false
    }, {
      "id" : "s14-t1",
      "begin" : 710,
      "end" : 711,
      "text" : "、",
      "whiteSpace" : false
    }, {
      "id" : "s14-t2",
      "begin" : 711,
      "end" : 714,
      "text" : "鹿児島",
      "whiteSpace" : false
    }, {
      "id" : "s14-t3",
      "begin" : 714,
      "end" : 715,
      "text" : "県",
      "whiteSpace" : false
    }, {
      "id" : "s14-t4",
      "begin" : 715,
      "end" : 716,
      "text" : "で",
      "whiteSpace" : false
    }, {
      "id" : "s14-t5",
      "begin" : 716,
      "end" : 718,
      "text" : "唯一",
      "whiteSpace" : false
    }, {
      "id" : "s14-t6",
      "begin" : 718,
      "end" : 719,
      "text" : "の",
      "whiteSpace" : false
    }, {
      "id" : "s14-t7",
      "begin" : 719,
      "end" : 721,
      "text" : "森林",
      "whiteSpace" : false
    }, {
      "id" : "s14-t8",
      "begin" : 721,
      "end" : 725,
      "text" : "セラピー",
      "whiteSpace" : false
    }, {
      "id" : "s14-t9",
      "begin" : 725,
      "end" : 727,
      "text" : "基地",
      "whiteSpace" : false
    }, {
      "id" : "s14-t10",
      "begin" : 727,
      "end" : 728,
      "text" : "に",
      "whiteSpace" : false
    }, {
      "id" : "s14-t11",
      "begin" : 728,
      "end" : 730,
      "text" : "認定",
      "whiteSpace" : false
    }, {
      "id" : "s14-t12",
      "begin" : 730,
      "end" : 731,
      "text" : "さ",
      "whiteSpace" : false
    }, {
      "id" : "s14-t13",
      "begin" : 731,
      "end" : 733,
      "text" : "れて",
      "whiteSpace" : false
    }, {
      "id" : "s14-t14",
      "begin" : 733,
      "end" : 735,
      "text" : "おり",
      "whiteSpace" : false
    }, {
      "id" : "s14-t15",
      "begin" : 735,
      "end" : 736,
      "text" : "、",
      "whiteSpace" : false
    }, {
      "id" : "s14-t16",
      "begin" : 736,
      "end" : 738,
      "text" : "森林",
      "whiteSpace" : false
    }, {
      "id" : "s14-t17",
      "begin" : 738,
      "end" : 739,
      "text" : "の",
      "whiteSpace" : false
    }, {
      "id" : "s14-t18",
      "begin" : 739,
      "end" : 741,
      "text" : "持つ",
      "whiteSpace" : false
    }, {
      "id" : "s14-t19",
      "begin" : 741,
      "end" : 743,
      "text" : "癒し",
      "whiteSpace" : false
    }, {
      "id" : "s14-t20",
      "begin" : 743,
      "end" : 745,
      "text" : "効果",
      "whiteSpace" : false
    }, {
      "id" : "s14-t21",
      "begin" : 745,
      "end" : 746,
      "text" : "が",
      "whiteSpace" : false
    }, {
      "id" : "s14-t22",
      "begin" : 746,
      "end" : 748,
      "text" : "科学",
      "whiteSpace" : false
    }, {
      "id" : "s14-t23",
      "begin" : 748,
      "end" : 750,
      "text" : "的に",
      "whiteSpace" : false
    }, {
      "id" : "s14-t24",
      "begin" : 750,
      "end" : 752,
      "text" : "実証",
      "whiteSpace" : false
    }, {
      "id" : "s14-t25",
      "begin" : 752,
      "end" : 753,
      "text" : "さ",
      "whiteSpace" : false
    }, {
      "id" : "s14-t26",
      "begin" : 753,
      "end" : 755,
      "text" : "れた",
      "whiteSpace" : false
    }, {
      "id" : "s14-t27",
      "begin" : 755,
      "end" : 757,
      "text" : "森林",
      "whiteSpace" : false
    }, {
      "id" : "s14-t28",
      "begin" : 757,
      "end" : 764,
      "text" : "セラピーロード",
      "whiteSpace" : false
    }, {
      "id" : "s14-t29",
      "begin" : 764,
      "end" : 765,
      "text" : "が",
      "whiteSpace" : false
    }, {
      "id" : "s14-t30",
      "begin" : 765,
      "end" : 767,
      "text" : "整備",
      "whiteSpace" : false
    }, {
      "id" : "s14-t31",
      "begin" : 767,
      "end" : 768,
      "text" : "さ",
      "whiteSpace" : false
    }, {
      "id" : "s14-t32",
      "begin" : 768,
      "end" : 770,
      "text" : "れて",
      "whiteSpace" : false
    }, {
      "id" : "s14-t33",
      "begin" : 770,
      "end" : 772,
      "text" : "いる",
      "whiteSpace" : false
    }, {
      "id" : "s14-t34",
      "begin" : 772,
      "end" : 773,
      "text" : "。",
      "whiteSpace" : false
    } ]
  }, {
    "id" : "s15",
    "begin" : 773,
    "end" : 793,
    "text" : "足湯も多く、多くの観光客で賑わっている。",
    "tokens" : [ {
      "id" : "s15-t0",
      "begin" : 773,
      "end" : 775,
      "text" : "足湯",
      "whiteSpace" : false
    }, {
      "id" : "s15-t1",
      "begin" : 775,
      "end" : 776,
      "text" : "も",
      "whiteSpace" : false
    }, {
      "id" : "s15-t2",
      "begin" : 776,
      "end" : 778,
      "text" : "多く",
      "whiteSpace" : false
    }, {
      "id" : "s15-t3",
      "begin" : 778,
      "end" : 779,
      "text" : "、",
      "whiteSpace" : false
    }, {
      "id" : "s15-t4",
      "begin" : 779,
      "end" : 781,
      "text" : "多く",
      "whiteSpace" : false
    }, {
      "id" : "s15-t5",
      "begin" : 781,
      "end" : 782,
      "text" : "の",
      "whiteSpace" : false
    }, {
      "id" : "s15-t6",
      "begin" : 782,
      "end" : 784,
      "text" : "観光",
      "whiteSpace" : false
    }, {
      "id" : "s15-t7",
      "begin" : 784,
      "end" : 785,
      "text" : "客",
      "whiteSpace" : false
    }, {
      "id" : "s15-t8",
      "begin" : 785,
      "end" : 786,
      "text" : "で",
      "whiteSpace" : false
    }, {
      "id" : "s15-t9",
      "begin" : 786,
      "end" : 790,
      "text" : "賑わって",
      "whiteSpace" : false
    }, {
      "id" : "s15-t10",
      "begin" : 790,
      "end" : 792,
      "text" : "いる",
      "whiteSpace" : false
    }, {
      "id" : "s15-t11",
      "begin" : 792,
      "end" : 793,
      "text" : "。",
      "whiteSpace" : false
    } ]
  } ],
  "mentions" : [ {
    "id" : "s4-m1",
    "properties" : {
      "SIRE_MENTION_ROLE" : "ONSEN",
      "SIRE_ENTITY_SUBTYPE" : "NONE",
      "SIRE_MENTION_TYPE" : "NONE",
      "SIRE_MENTION_CLASS" : "SPC"
    },
    "type" : "ONSEN",
    "begin" : 129,
    "end" : 134,
    "inCoref" : false
  }, {
    "id" : "s4-m2",
    "properties" : {
      "SIRE_MENTION_ROLE" : "ONSEN",
      "SIRE_ENTITY_SUBTYPE" : "NONE",
      "SIRE_MENTION_TYPE" : "NONE",
      "SIRE_MENTION_CLASS" : "SPC"
    },
    "type" : "ONSEN",
    "begin" : 171,
    "end" : 178,
    "inCoref" : false
  }, {
    "id" : "s5-m1",
    "properties" : {
      "SIRE_MENTION_ROLE" : "ONSEN",
      "SIRE_ENTITY_SUBTYPE" : "NONE",
      "SIRE_MENTION_TYPE" : "NONE",
      "SIRE_MENTION_CLASS" : "SPC"
    },
    "type" : "ONSEN",
    "begin" : 190,
    "end" : 194,
    "inCoref" : false
  }, {
    "id" : "s5-m2",
    "properties" : {
      "SIRE_MENTION_ROLE" : "ONSEN",
      "SIRE_ENTITY_SUBTYPE" : "NONE",
      "SIRE_MENTION_TYPE" : "NONE",
      "SIRE_MENTION_CLASS" : "SPC"
    },
    "type" : "ONSEN",
    "begin" : 210,
    "end" : 217,
    "inCoref" : false
  } ],
  "relations" : [ ],
  "corefs" : [ ],
  "typeResolved" : true,
  "userResolved" : false
}