{
  "id" : "5ae7cfb0-d149-11e9-ad4b-c984733d60b0-18",
  "name" : "18_十津川温泉 国民保養温泉地計画書",
  "createdDate" : 0,
  "version" : 3,
  "text" : "十津川温泉は、元禄年間に炭焼き職人が発見したと云われている大字平谷地内の下湯を源泉\nとし、村内で最も多くの宿泊施設や商店が集まる二津野ダム湖畔沿いの温泉。\n十津川温泉の泉質はナトリウム‐炭酸水素塩泉で、９軒の宿泊施設、３軒の公衆浴場、その他医療機関や介護施設等にも給湯しており、全国でも珍しい温泉を活用したプールや、奈良県第１号の飲泉場を有している。\n上湯温泉は、十津川温泉より和歌山県田辺市龍神村に向かう大字出谷地内の上湯川上流に湧出しており、\n享保年間に里人が見つけたと云われる大自然の中に静かに開ける秘湯。\n上湯温泉の泉質は含硫黄‐ナトリウム‐炭酸水素塩泉で、１軒の温泉旅館で利用されており、上湯川の川の流れの中にも温泉が湧き出ている。\n十津川温泉郷では、平成 16 年６月 28 日に全ての温泉施設で循環・加温・加水及び塩素による消毒を行わず、ほんものの温泉のみを提供する「源泉かけ流し宣言」を全国に先駆けて実施。\nまた、“源泉かけ流し”が一般的なステイタスとなりつつある昨今、平成 27 年度には“源泉かけ流し”から更に一歩踏み込み、十津川温泉郷の泉質の優位性を医科学的に証明するために、十津川温泉郷「温泉療養効果実証調査」を実施。\n３泊４日の「プチ湯治モニター」や３ヶ月間の「通い湯治モニター」の実証調査を実施した十津川温泉と湯泉地温泉では、老化・疾病の原因となる“活性酸素”が減少し、身体の酸化を防ぎ、還元力を高める“抗酸化力”が増加することが実証された。",
  "docLength" : 0,
  "language" : "JA",
  "status" : "IN_PROGRESS",
  "modifiedDate" : 1567852969449,
  "documentSet" : [ ],
  "preannotation" : [ "PRE_LW" ],
  "sentences" : [ {
    "id" : "s0",
    "begin" : 0,
    "end" : 77,
    "text" : "十津川温泉は、元禄年間に炭焼き職人が発見したと云われている大字平谷地内の下湯を源泉\nとし、村内で最も多くの宿泊施設や商店が集まる二津野ダム湖畔沿いの温泉。",
    "tokens" : [ {
      "id" : "s0-t0",
      "begin" : 0,
      "end" : 3,
      "text" : "十津川",
      "whiteSpace" : false
    }, {
      "id" : "s0-t1",
      "begin" : 3,
      "end" : 5,
      "text" : "温泉",
      "whiteSpace" : false
    }, {
      "id" : "s0-t2",
      "begin" : 5,
      "end" : 6,
      "text" : "は",
      "whiteSpace" : false
    }, {
      "id" : "s0-t3",
      "begin" : 6,
      "end" : 7,
      "text" : "、",
      "whiteSpace" : false
    }, {
      "id" : "s0-t4",
      "begin" : 7,
      "end" : 9,
      "text" : "元禄",
      "whiteSpace" : false
    }, {
      "id" : "s0-t5",
      "begin" : 9,
      "end" : 11,
      "text" : "年間",
      "whiteSpace" : false
    }, {
      "id" : "s0-t6",
      "begin" : 11,
      "end" : 12,
      "text" : "に",
      "whiteSpace" : false
    }, {
      "id" : "s0-t7",
      "begin" : 12,
      "end" : 15,
      "text" : "炭焼き",
      "whiteSpace" : false
    }, {
      "id" : "s0-t8",
      "begin" : 15,
      "end" : 17,
      "text" : "職人",
      "whiteSpace" : false
    }, {
      "id" : "s0-t9",
      "begin" : 17,
      "end" : 18,
      "text" : "が",
      "whiteSpace" : false
    }, {
      "id" : "s0-t10",
      "begin" : 18,
      "end" : 20,
      "text" : "発見",
      "whiteSpace" : false
    }, {
      "id" : "s0-t11",
      "begin" : 20,
      "end" : 22,
      "text" : "した",
      "whiteSpace" : false
    }, {
      "id" : "s0-t12",
      "begin" : 22,
      "end" : 23,
      "text" : "と",
      "whiteSpace" : false
    }, {
      "id" : "s0-t13",
      "begin" : 23,
      "end" : 25,
      "text" : "云わ",
      "whiteSpace" : false
    }, {
      "id" : "s0-t14",
      "begin" : 25,
      "end" : 27,
      "text" : "れて",
      "whiteSpace" : false
    }, {
      "id" : "s0-t15",
      "begin" : 27,
      "end" : 29,
      "text" : "いる",
      "whiteSpace" : false
    }, {
      "id" : "s0-t16",
      "begin" : 29,
      "end" : 31,
      "text" : "大字",
      "whiteSpace" : false
    }, {
      "id" : "s0-t17",
      "begin" : 31,
      "end" : 33,
      "text" : "平谷",
      "whiteSpace" : false
    }, {
      "id" : "s0-t18",
      "begin" : 33,
      "end" : 34,
      "text" : "地",
      "whiteSpace" : false
    }, {
      "id" : "s0-t19",
      "begin" : 34,
      "end" : 35,
      "text" : "内",
      "whiteSpace" : false
    }, {
      "id" : "s0-t20",
      "begin" : 35,
      "end" : 36,
      "text" : "の",
      "whiteSpace" : false
    }, {
      "id" : "s0-t21",
      "begin" : 36,
      "end" : 38,
      "text" : "下湯",
      "whiteSpace" : false
    }, {
      "id" : "s0-t22",
      "begin" : 38,
      "end" : 39,
      "text" : "を",
      "whiteSpace" : false
    }, {
      "id" : "s0-t23",
      "begin" : 39,
      "end" : 41,
      "text" : "源泉",
      "whiteSpace" : false
    }, {
      "id" : "s0-t24",
      "begin" : 42,
      "end" : 43,
      "text" : "と",
      "whiteSpace" : false
    }, {
      "id" : "s0-t25",
      "begin" : 43,
      "end" : 44,
      "text" : "し",
      "whiteSpace" : false
    }, {
      "id" : "s0-t26",
      "begin" : 44,
      "end" : 45,
      "text" : "、",
      "whiteSpace" : false
    }, {
      "id" : "s0-t27",
      "begin" : 45,
      "end" : 46,
      "text" : "村",
      "whiteSpace" : false
    }, {
      "id" : "s0-t28",
      "begin" : 46,
      "end" : 47,
      "text" : "内",
      "whiteSpace" : false
    }, {
      "id" : "s0-t29",
      "begin" : 47,
      "end" : 48,
      "text" : "で",
      "whiteSpace" : false
    }, {
      "id" : "s0-t30",
      "begin" : 48,
      "end" : 50,
      "text" : "最も",
      "whiteSpace" : false
    }, {
      "id" : "s0-t31",
      "begin" : 50,
      "end" : 52,
      "text" : "多く",
      "whiteSpace" : false
    }, {
      "id" : "s0-t32",
      "begin" : 52,
      "end" : 53,
      "text" : "の",
      "whiteSpace" : false
    }, {
      "id" : "s0-t33",
      "begin" : 53,
      "end" : 55,
      "text" : "宿泊",
      "whiteSpace" : false
    }, {
      "id" : "s0-t34",
      "begin" : 55,
      "end" : 57,
      "text" : "施設",
      "whiteSpace" : false
    }, {
      "id" : "s0-t35",
      "begin" : 57,
      "end" : 58,
      "text" : "や",
      "whiteSpace" : false
    }, {
      "id" : "s0-t36",
      "begin" : 58,
      "end" : 60,
      "text" : "商店",
      "whiteSpace" : false
    }, {
      "id" : "s0-t37",
      "begin" : 60,
      "end" : 61,
      "text" : "が",
      "whiteSpace" : false
    }, {
      "id" : "s0-t38",
      "begin" : 61,
      "end" : 64,
      "text" : "集まる",
      "whiteSpace" : false
    }, {
      "id" : "s0-t39",
      "begin" : 64,
      "end" : 67,
      "text" : "二津野",
      "whiteSpace" : false
    }, {
      "id" : "s0-t40",
      "begin" : 67,
      "end" : 69,
      "text" : "ダム",
      "whiteSpace" : false
    }, {
      "id" : "s0-t41",
      "begin" : 69,
      "end" : 71,
      "text" : "湖畔",
      "whiteSpace" : false
    }, {
      "id" : "s0-t42",
      "begin" : 71,
      "end" : 73,
      "text" : "沿い",
      "whiteSpace" : false
    }, {
      "id" : "s0-t43",
      "begin" : 73,
      "end" : 74,
      "text" : "の",
      "whiteSpace" : false
    }, {
      "id" : "s0-t44",
      "begin" : 74,
      "end" : 76,
      "text" : "温泉",
      "whiteSpace" : false
    }, {
      "id" : "s0-t45",
      "begin" : 76,
      "end" : 77,
      "text" : "。",
      "whiteSpace" : false
    } ]
  }, {
    "id" : "s1",
    "begin" : 78,
    "end" : 175,
    "text" : "十津川温泉の泉質はナトリウム‐炭酸水素塩泉で、９軒の宿泊施設、３軒の公衆浴場、その他医療機関や介護施設等にも給湯しており、全国でも珍しい温泉を活用したプールや、奈良県第１号の飲泉場を有している。",
    "tokens" : [ {
      "id" : "s1-t0",
      "begin" : 78,
      "end" : 81,
      "text" : "十津川",
      "whiteSpace" : false
    }, {
      "id" : "s1-t1",
      "begin" : 81,
      "end" : 83,
      "text" : "温泉",
      "whiteSpace" : false
    }, {
      "id" : "s1-t2",
      "begin" : 83,
      "end" : 84,
      "text" : "の",
      "whiteSpace" : false
    }, {
      "id" : "s1-t3",
      "begin" : 84,
      "end" : 86,
      "text" : "泉質",
      "whiteSpace" : false
    }, {
      "id" : "s1-t4",
      "begin" : 86,
      "end" : 87,
      "text" : "は",
      "whiteSpace" : false
    }, {
      "id" : "s1-t5",
      "begin" : 87,
      "end" : 92,
      "text" : "ナトリウム",
      "whiteSpace" : false
    }, {
      "id" : "s1-t6",
      "begin" : 92,
      "end" : 93,
      "text" : "‐",
      "whiteSpace" : false
    }, {
      "id" : "s1-t7",
      "begin" : 93,
      "end" : 95,
      "text" : "炭酸",
      "whiteSpace" : false
    }, {
      "id" : "s1-t8",
      "begin" : 95,
      "end" : 97,
      "text" : "水素",
      "whiteSpace" : false
    }, {
      "id" : "s1-t9",
      "begin" : 97,
      "end" : 99,
      "text" : "塩泉",
      "whiteSpace" : false
    }, {
      "id" : "s1-t10",
      "begin" : 99,
      "end" : 100,
      "text" : "で",
      "whiteSpace" : false
    }, {
      "id" : "s1-t11",
      "begin" : 100,
      "end" : 101,
      "text" : "、",
      "whiteSpace" : false
    }, {
      "id" : "s1-t12",
      "begin" : 101,
      "end" : 102,
      "text" : "９",
      "whiteSpace" : false
    }, {
      "id" : "s1-t13",
      "begin" : 102,
      "end" : 103,
      "text" : "軒",
      "whiteSpace" : false
    }, {
      "id" : "s1-t14",
      "begin" : 103,
      "end" : 104,
      "text" : "の",
      "whiteSpace" : false
    }, {
      "id" : "s1-t15",
      "begin" : 104,
      "end" : 106,
      "text" : "宿泊",
      "whiteSpace" : false
    }, {
      "id" : "s1-t16",
      "begin" : 106,
      "end" : 108,
      "text" : "施設",
      "whiteSpace" : false
    }, {
      "id" : "s1-t17",
      "begin" : 108,
      "end" : 109,
      "text" : "、",
      "whiteSpace" : false
    }, {
      "id" : "s1-t18",
      "begin" : 109,
      "end" : 110,
      "text" : "３",
      "whiteSpace" : false
    }, {
      "id" : "s1-t19",
      "begin" : 110,
      "end" : 111,
      "text" : "軒",
      "whiteSpace" : false
    }, {
      "id" : "s1-t20",
      "begin" : 111,
      "end" : 112,
      "text" : "の",
      "whiteSpace" : false
    }, {
      "id" : "s1-t21",
      "begin" : 112,
      "end" : 114,
      "text" : "公衆",
      "whiteSpace" : false
    }, {
      "id" : "s1-t22",
      "begin" : 114,
      "end" : 116,
      "text" : "浴場",
      "whiteSpace" : false
    }, {
      "id" : "s1-t23",
      "begin" : 116,
      "end" : 117,
      "text" : "、",
      "whiteSpace" : false
    }, {
      "id" : "s1-t24",
      "begin" : 117,
      "end" : 120,
      "text" : "その他",
      "whiteSpace" : false
    }, {
      "id" : "s1-t25",
      "begin" : 120,
      "end" : 122,
      "text" : "医療",
      "whiteSpace" : false
    }, {
      "id" : "s1-t26",
      "begin" : 122,
      "end" : 124,
      "text" : "機関",
      "whiteSpace" : false
    }, {
      "id" : "s1-t27",
      "begin" : 124,
      "end" : 125,
      "text" : "や",
      "whiteSpace" : false
    }, {
      "id" : "s1-t28",
      "begin" : 125,
      "end" : 127,
      "text" : "介護",
      "whiteSpace" : false
    }, {
      "id" : "s1-t29",
      "begin" : 127,
      "end" : 129,
      "text" : "施設",
      "whiteSpace" : false
    }, {
      "id" : "s1-t30",
      "begin" : 129,
      "end" : 130,
      "text" : "等",
      "whiteSpace" : false
    }, {
      "id" : "s1-t31",
      "begin" : 130,
      "end" : 131,
      "text" : "に",
      "whiteSpace" : false
    }, {
      "id" : "s1-t32",
      "begin" : 131,
      "end" : 132,
      "text" : "も",
      "whiteSpace" : false
    }, {
      "id" : "s1-t33",
      "begin" : 132,
      "end" : 134,
      "text" : "給湯",
      "whiteSpace" : false
    }, {
      "id" : "s1-t34",
      "begin" : 134,
      "end" : 136,
      "text" : "して",
      "whiteSpace" : false
    }, {
      "id" : "s1-t35",
      "begin" : 136,
      "end" : 138,
      "text" : "おり",
      "whiteSpace" : false
    }, {
      "id" : "s1-t36",
      "begin" : 138,
      "end" : 139,
      "text" : "、",
      "whiteSpace" : false
    }, {
      "id" : "s1-t37",
      "begin" : 139,
      "end" : 141,
      "text" : "全国",
      "whiteSpace" : false
    }, {
      "id" : "s1-t38",
      "begin" : 141,
      "end" : 143,
      "text" : "でも",
      "whiteSpace" : false
    }, {
      "id" : "s1-t39",
      "begin" : 143,
      "end" : 146,
      "text" : "珍しい",
      "whiteSpace" : false
    }, {
      "id" : "s1-t40",
      "begin" : 146,
      "end" : 148,
      "text" : "温泉",
      "whiteSpace" : false
    }, {
      "id" : "s1-t41",
      "begin" : 148,
      "end" : 149,
      "text" : "を",
      "whiteSpace" : false
    }, {
      "id" : "s1-t42",
      "begin" : 149,
      "end" : 151,
      "text" : "活用",
      "whiteSpace" : false
    }, {
      "id" : "s1-t43",
      "begin" : 151,
      "end" : 153,
      "text" : "した",
      "whiteSpace" : false
    }, {
      "id" : "s1-t44",
      "begin" : 153,
      "end" : 156,
      "text" : "プール",
      "whiteSpace" : false
    }, {
      "id" : "s1-t45",
      "begin" : 156,
      "end" : 157,
      "text" : "や",
      "whiteSpace" : false
    }, {
      "id" : "s1-t46",
      "begin" : 157,
      "end" : 158,
      "text" : "、",
      "whiteSpace" : false
    }, {
      "id" : "s1-t47",
      "begin" : 158,
      "end" : 160,
      "text" : "奈良",
      "whiteSpace" : false
    }, {
      "id" : "s1-t48",
      "begin" : 160,
      "end" : 161,
      "text" : "県",
      "whiteSpace" : false
    }, {
      "id" : "s1-t49",
      "begin" : 161,
      "end" : 162,
      "text" : "第",
      "whiteSpace" : false
    }, {
      "id" : "s1-t50",
      "begin" : 162,
      "end" : 163,
      "text" : "１",
      "whiteSpace" : false
    }, {
      "id" : "s1-t51",
      "begin" : 163,
      "end" : 164,
      "text" : "号",
      "whiteSpace" : false
    }, {
      "id" : "s1-t52",
      "begin" : 164,
      "end" : 165,
      "text" : "の",
      "whiteSpace" : false
    }, {
      "id" : "s1-t53",
      "begin" : 165,
      "end" : 167,
      "text" : "飲泉",
      "whiteSpace" : false
    }, {
      "id" : "s1-t54",
      "begin" : 167,
      "end" : 168,
      "text" : "場",
      "whiteSpace" : false
    }, {
      "id" : "s1-t55",
      "begin" : 168,
      "end" : 169,
      "text" : "を",
      "whiteSpace" : false
    }, {
      "id" : "s1-t56",
      "begin" : 169,
      "end" : 172,
      "text" : "有して",
      "whiteSpace" : false
    }, {
      "id" : "s1-t57",
      "begin" : 172,
      "end" : 174,
      "text" : "いる",
      "whiteSpace" : false
    }, {
      "id" : "s1-t58",
      "begin" : 174,
      "end" : 175,
      "text" : "。",
      "whiteSpace" : false
    } ]
  }, {
    "id" : "s2",
    "begin" : 176,
    "end" : 256,
    "text" : "上湯温泉は、十津川温泉より和歌山県田辺市龍神村に向かう大字出谷地内の上湯川上流に湧出しており、\n享保年間に里人が見つけたと云われる大自然の中に静かに開ける秘湯。",
    "tokens" : [ {
      "id" : "s2-t0",
      "begin" : 176,
      "end" : 178,
      "text" : "上湯",
      "whiteSpace" : false
    }, {
      "id" : "s2-t1",
      "begin" : 178,
      "end" : 180,
      "text" : "温泉",
      "whiteSpace" : false
    }, {
      "id" : "s2-t2",
      "begin" : 180,
      "end" : 181,
      "text" : "は",
      "whiteSpace" : false
    }, {
      "id" : "s2-t3",
      "begin" : 181,
      "end" : 182,
      "text" : "、",
      "whiteSpace" : false
    }, {
      "id" : "s2-t4",
      "begin" : 182,
      "end" : 185,
      "text" : "十津川",
      "whiteSpace" : false
    }, {
      "id" : "s2-t5",
      "begin" : 185,
      "end" : 187,
      "text" : "温泉",
      "whiteSpace" : false
    }, {
      "id" : "s2-t6",
      "begin" : 187,
      "end" : 189,
      "text" : "より",
      "whiteSpace" : false
    }, {
      "id" : "s2-t7",
      "begin" : 189,
      "end" : 192,
      "text" : "和歌山",
      "whiteSpace" : false
    }, {
      "id" : "s2-t8",
      "begin" : 192,
      "end" : 193,
      "text" : "県",
      "whiteSpace" : false
    }, {
      "id" : "s2-t9",
      "begin" : 193,
      "end" : 195,
      "text" : "田辺",
      "whiteSpace" : false
    }, {
      "id" : "s2-t10",
      "begin" : 195,
      "end" : 196,
      "text" : "市",
      "whiteSpace" : false
    }, {
      "id" : "s2-t11",
      "begin" : 196,
      "end" : 198,
      "text" : "龍神",
      "whiteSpace" : false
    }, {
      "id" : "s2-t12",
      "begin" : 198,
      "end" : 199,
      "text" : "村",
      "whiteSpace" : false
    }, {
      "id" : "s2-t13",
      "begin" : 199,
      "end" : 200,
      "text" : "に",
      "whiteSpace" : false
    }, {
      "id" : "s2-t14",
      "begin" : 200,
      "end" : 203,
      "text" : "向かう",
      "whiteSpace" : false
    }, {
      "id" : "s2-t15",
      "begin" : 203,
      "end" : 205,
      "text" : "大字",
      "whiteSpace" : false
    }, {
      "id" : "s2-t16",
      "begin" : 205,
      "end" : 207,
      "text" : "出谷",
      "whiteSpace" : false
    }, {
      "id" : "s2-t17",
      "begin" : 207,
      "end" : 208,
      "text" : "地",
      "whiteSpace" : false
    }, {
      "id" : "s2-t18",
      "begin" : 208,
      "end" : 209,
      "text" : "内",
      "whiteSpace" : false
    }, {
      "id" : "s2-t19",
      "begin" : 209,
      "end" : 210,
      "text" : "の",
      "whiteSpace" : false
    }, {
      "id" : "s2-t20",
      "begin" : 210,
      "end" : 211,
      "text" : "上",
      "whiteSpace" : false
    }, {
      "id" : "s2-t21",
      "begin" : 211,
      "end" : 213,
      "text" : "湯川",
      "whiteSpace" : false
    }, {
      "id" : "s2-t22",
      "begin" : 213,
      "end" : 215,
      "text" : "上流",
      "whiteSpace" : false
    }, {
      "id" : "s2-t23",
      "begin" : 215,
      "end" : 216,
      "text" : "に",
      "whiteSpace" : false
    }, {
      "id" : "s2-t24",
      "begin" : 216,
      "end" : 218,
      "text" : "湧出",
      "whiteSpace" : false
    }, {
      "id" : "s2-t25",
      "begin" : 218,
      "end" : 220,
      "text" : "して",
      "whiteSpace" : false
    }, {
      "id" : "s2-t26",
      "begin" : 220,
      "end" : 222,
      "text" : "おり",
      "whiteSpace" : false
    }, {
      "id" : "s2-t27",
      "begin" : 222,
      "end" : 223,
      "text" : "、",
      "whiteSpace" : false
    }, {
      "id" : "s2-t28",
      "begin" : 224,
      "end" : 226,
      "text" : "享保",
      "whiteSpace" : false
    }, {
      "id" : "s2-t29",
      "begin" : 226,
      "end" : 228,
      "text" : "年間",
      "whiteSpace" : false
    }, {
      "id" : "s2-t30",
      "begin" : 228,
      "end" : 229,
      "text" : "に",
      "whiteSpace" : false
    }, {
      "id" : "s2-t31",
      "begin" : 229,
      "end" : 231,
      "text" : "里人",
      "whiteSpace" : false
    }, {
      "id" : "s2-t32",
      "begin" : 231,
      "end" : 232,
      "text" : "が",
      "whiteSpace" : false
    }, {
      "id" : "s2-t33",
      "begin" : 232,
      "end" : 236,
      "text" : "見つけた",
      "whiteSpace" : false
    }, {
      "id" : "s2-t34",
      "begin" : 236,
      "end" : 237,
      "text" : "と",
      "whiteSpace" : false
    }, {
      "id" : "s2-t35",
      "begin" : 237,
      "end" : 239,
      "text" : "云わ",
      "whiteSpace" : false
    }, {
      "id" : "s2-t36",
      "begin" : 239,
      "end" : 241,
      "text" : "れる",
      "whiteSpace" : false
    }, {
      "id" : "s2-t37",
      "begin" : 241,
      "end" : 242,
      "text" : "大",
      "whiteSpace" : false
    }, {
      "id" : "s2-t38",
      "begin" : 242,
      "end" : 245,
      "text" : "自然の",
      "whiteSpace" : false
    }, {
      "id" : "s2-t39",
      "begin" : 245,
      "end" : 246,
      "text" : "中",
      "whiteSpace" : false
    }, {
      "id" : "s2-t40",
      "begin" : 246,
      "end" : 247,
      "text" : "に",
      "whiteSpace" : false
    }, {
      "id" : "s2-t41",
      "begin" : 247,
      "end" : 250,
      "text" : "静かに",
      "whiteSpace" : false
    }, {
      "id" : "s2-t42",
      "begin" : 250,
      "end" : 253,
      "text" : "開ける",
      "whiteSpace" : false
    }, {
      "id" : "s2-t43",
      "begin" : 253,
      "end" : 255,
      "text" : "秘湯",
      "whiteSpace" : false
    }, {
      "id" : "s2-t44",
      "begin" : 255,
      "end" : 256,
      "text" : "。",
      "whiteSpace" : false
    } ]
  }, {
    "id" : "s3",
    "begin" : 257,
    "end" : 321,
    "text" : "上湯温泉の泉質は含硫黄‐ナトリウム‐炭酸水素塩泉で、１軒の温泉旅館で利用されており、上湯川の川の流れの中にも温泉が湧き出ている。",
    "tokens" : [ {
      "id" : "s3-t0",
      "begin" : 257,
      "end" : 259,
      "text" : "上湯",
      "whiteSpace" : false
    }, {
      "id" : "s3-t1",
      "begin" : 259,
      "end" : 261,
      "text" : "温泉",
      "whiteSpace" : false
    }, {
      "id" : "s3-t2",
      "begin" : 261,
      "end" : 262,
      "text" : "の",
      "whiteSpace" : false
    }, {
      "id" : "s3-t3",
      "begin" : 262,
      "end" : 264,
      "text" : "泉質",
      "whiteSpace" : false
    }, {
      "id" : "s3-t4",
      "begin" : 264,
      "end" : 265,
      "text" : "は",
      "whiteSpace" : false
    }, {
      "id" : "s3-t5",
      "begin" : 265,
      "end" : 266,
      "text" : "含",
      "whiteSpace" : false
    }, {
      "id" : "s3-t6",
      "begin" : 266,
      "end" : 268,
      "text" : "硫黄",
      "whiteSpace" : false
    }, {
      "id" : "s3-t7",
      "begin" : 268,
      "end" : 269,
      "text" : "‐",
      "whiteSpace" : false
    }, {
      "id" : "s3-t8",
      "begin" : 269,
      "end" : 274,
      "text" : "ナトリウム",
      "whiteSpace" : false
    }, {
      "id" : "s3-t9",
      "begin" : 274,
      "end" : 275,
      "text" : "‐",
      "whiteSpace" : false
    }, {
      "id" : "s3-t10",
      "begin" : 275,
      "end" : 277,
      "text" : "炭酸",
      "whiteSpace" : false
    }, {
      "id" : "s3-t11",
      "begin" : 277,
      "end" : 279,
      "text" : "水素",
      "whiteSpace" : false
    }, {
      "id" : "s3-t12",
      "begin" : 279,
      "end" : 281,
      "text" : "塩泉",
      "whiteSpace" : false
    }, {
      "id" : "s3-t13",
      "begin" : 281,
      "end" : 282,
      "text" : "で",
      "whiteSpace" : false
    }, {
      "id" : "s3-t14",
      "begin" : 282,
      "end" : 283,
      "text" : "、",
      "whiteSpace" : false
    }, {
      "id" : "s3-t15",
      "begin" : 283,
      "end" : 284,
      "text" : "１",
      "whiteSpace" : false
    }, {
      "id" : "s3-t16",
      "begin" : 284,
      "end" : 285,
      "text" : "軒",
      "whiteSpace" : false
    }, {
      "id" : "s3-t17",
      "begin" : 285,
      "end" : 286,
      "text" : "の",
      "whiteSpace" : false
    }, {
      "id" : "s3-t18",
      "begin" : 286,
      "end" : 288,
      "text" : "温泉",
      "whiteSpace" : false
    }, {
      "id" : "s3-t19",
      "begin" : 288,
      "end" : 290,
      "text" : "旅館",
      "whiteSpace" : false
    }, {
      "id" : "s3-t20",
      "begin" : 290,
      "end" : 291,
      "text" : "で",
      "whiteSpace" : false
    }, {
      "id" : "s3-t21",
      "begin" : 291,
      "end" : 293,
      "text" : "利用",
      "whiteSpace" : false
    }, {
      "id" : "s3-t22",
      "begin" : 293,
      "end" : 294,
      "text" : "さ",
      "whiteSpace" : false
    }, {
      "id" : "s3-t23",
      "begin" : 294,
      "end" : 296,
      "text" : "れて",
      "whiteSpace" : false
    }, {
      "id" : "s3-t24",
      "begin" : 296,
      "end" : 298,
      "text" : "おり",
      "whiteSpace" : false
    }, {
      "id" : "s3-t25",
      "begin" : 298,
      "end" : 299,
      "text" : "、",
      "whiteSpace" : false
    }, {
      "id" : "s3-t26",
      "begin" : 299,
      "end" : 300,
      "text" : "上",
      "whiteSpace" : false
    }, {
      "id" : "s3-t27",
      "begin" : 300,
      "end" : 302,
      "text" : "湯川",
      "whiteSpace" : false
    }, {
      "id" : "s3-t28",
      "begin" : 302,
      "end" : 303,
      "text" : "の",
      "whiteSpace" : false
    }, {
      "id" : "s3-t29",
      "begin" : 303,
      "end" : 304,
      "text" : "川",
      "whiteSpace" : false
    }, {
      "id" : "s3-t30",
      "begin" : 304,
      "end" : 305,
      "text" : "の",
      "whiteSpace" : false
    }, {
      "id" : "s3-t31",
      "begin" : 305,
      "end" : 307,
      "text" : "流れ",
      "whiteSpace" : false
    }, {
      "id" : "s3-t32",
      "begin" : 307,
      "end" : 308,
      "text" : "の",
      "whiteSpace" : false
    }, {
      "id" : "s3-t33",
      "begin" : 308,
      "end" : 309,
      "text" : "中",
      "whiteSpace" : false
    }, {
      "id" : "s3-t34",
      "begin" : 309,
      "end" : 310,
      "text" : "に",
      "whiteSpace" : false
    }, {
      "id" : "s3-t35",
      "begin" : 310,
      "end" : 311,
      "text" : "も",
      "whiteSpace" : false
    }, {
      "id" : "s3-t36",
      "begin" : 311,
      "end" : 313,
      "text" : "温泉",
      "whiteSpace" : false
    }, {
      "id" : "s3-t37",
      "begin" : 313,
      "end" : 314,
      "text" : "が",
      "whiteSpace" : false
    }, {
      "id" : "s3-t38",
      "begin" : 314,
      "end" : 318,
      "text" : "湧き出て",
      "whiteSpace" : false
    }, {
      "id" : "s3-t39",
      "begin" : 318,
      "end" : 320,
      "text" : "いる",
      "whiteSpace" : false
    }, {
      "id" : "s3-t40",
      "begin" : 320,
      "end" : 321,
      "text" : "。",
      "whiteSpace" : false
    } ]
  }, {
    "id" : "s4",
    "begin" : 322,
    "end" : 411,
    "text" : "十津川温泉郷では、平成 16 年６月 28 日に全ての温泉施設で循環・加温・加水及び塩素による消毒を行わず、ほんものの温泉のみを提供する「源泉かけ流し宣言」を全国に先駆けて実施。",
    "tokens" : [ {
      "id" : "s4-t0",
      "begin" : 322,
      "end" : 325,
      "text" : "十津川",
      "whiteSpace" : false
    }, {
      "id" : "s4-t1",
      "begin" : 325,
      "end" : 328,
      "text" : "温泉郷",
      "whiteSpace" : false
    }, {
      "id" : "s4-t2",
      "begin" : 328,
      "end" : 329,
      "text" : "で",
      "whiteSpace" : false
    }, {
      "id" : "s4-t3",
      "begin" : 329,
      "end" : 330,
      "text" : "は",
      "whiteSpace" : false
    }, {
      "id" : "s4-t4",
      "begin" : 330,
      "end" : 331,
      "text" : "、",
      "whiteSpace" : false
    }, {
      "id" : "s4-t5",
      "begin" : 331,
      "end" : 333,
      "text" : "平成",
      "whiteSpace" : false
    }, {
      "id" : "s4-t6",
      "begin" : 334,
      "end" : 336,
      "text" : "16",
      "whiteSpace" : false
    }, {
      "id" : "s4-t7",
      "begin" : 337,
      "end" : 338,
      "text" : "年",
      "whiteSpace" : false
    }, {
      "id" : "s4-t8",
      "begin" : 338,
      "end" : 339,
      "text" : "６",
      "whiteSpace" : false
    }, {
      "id" : "s4-t9",
      "begin" : 339,
      "end" : 340,
      "text" : "月",
      "whiteSpace" : false
    }, {
      "id" : "s4-t10",
      "begin" : 341,
      "end" : 343,
      "text" : "28",
      "whiteSpace" : false
    }, {
      "id" : "s4-t11",
      "begin" : 344,
      "end" : 345,
      "text" : "日",
      "whiteSpace" : false
    }, {
      "id" : "s4-t12",
      "begin" : 345,
      "end" : 346,
      "text" : "に",
      "whiteSpace" : false
    }, {
      "id" : "s4-t13",
      "begin" : 346,
      "end" : 348,
      "text" : "全て",
      "whiteSpace" : false
    }, {
      "id" : "s4-t14",
      "begin" : 348,
      "end" : 349,
      "text" : "の",
      "whiteSpace" : false
    }, {
      "id" : "s4-t15",
      "begin" : 349,
      "end" : 351,
      "text" : "温泉",
      "whiteSpace" : false
    }, {
      "id" : "s4-t16",
      "begin" : 351,
      "end" : 353,
      "text" : "施設",
      "whiteSpace" : false
    }, {
      "id" : "s4-t17",
      "begin" : 353,
      "end" : 354,
      "text" : "で",
      "whiteSpace" : false
    }, {
      "id" : "s4-t18",
      "begin" : 354,
      "end" : 356,
      "text" : "循環",
      "whiteSpace" : false
    }, {
      "id" : "s4-t19",
      "begin" : 356,
      "end" : 357,
      "text" : "・",
      "whiteSpace" : false
    }, {
      "id" : "s4-t20",
      "begin" : 357,
      "end" : 359,
      "text" : "加温",
      "whiteSpace" : false
    }, {
      "id" : "s4-t21",
      "begin" : 359,
      "end" : 360,
      "text" : "・",
      "whiteSpace" : false
    }, {
      "id" : "s4-t22",
      "begin" : 360,
      "end" : 362,
      "text" : "加水",
      "whiteSpace" : false
    }, {
      "id" : "s4-t23",
      "begin" : 362,
      "end" : 364,
      "text" : "及び",
      "whiteSpace" : false
    }, {
      "id" : "s4-t24",
      "begin" : 364,
      "end" : 366,
      "text" : "塩素",
      "whiteSpace" : false
    }, {
      "id" : "s4-t25",
      "begin" : 366,
      "end" : 367,
      "text" : "に",
      "whiteSpace" : false
    }, {
      "id" : "s4-t26",
      "begin" : 367,
      "end" : 369,
      "text" : "よる",
      "whiteSpace" : false
    }, {
      "id" : "s4-t27",
      "begin" : 369,
      "end" : 371,
      "text" : "消毒",
      "whiteSpace" : false
    }, {
      "id" : "s4-t28",
      "begin" : 371,
      "end" : 372,
      "text" : "を",
      "whiteSpace" : false
    }, {
      "id" : "s4-t29",
      "begin" : 372,
      "end" : 374,
      "text" : "行わ",
      "whiteSpace" : false
    }, {
      "id" : "s4-t30",
      "begin" : 374,
      "end" : 375,
      "text" : "ず",
      "whiteSpace" : false
    }, {
      "id" : "s4-t31",
      "begin" : 375,
      "end" : 376,
      "text" : "、",
      "whiteSpace" : false
    }, {
      "id" : "s4-t32",
      "begin" : 376,
      "end" : 378,
      "text" : "ほん",
      "whiteSpace" : false
    }, {
      "id" : "s4-t33",
      "begin" : 378,
      "end" : 380,
      "text" : "もの",
      "whiteSpace" : false
    }, {
      "id" : "s4-t34",
      "begin" : 380,
      "end" : 381,
      "text" : "の",
      "whiteSpace" : false
    }, {
      "id" : "s4-t35",
      "begin" : 381,
      "end" : 383,
      "text" : "温泉",
      "whiteSpace" : false
    }, {
      "id" : "s4-t36",
      "begin" : 383,
      "end" : 385,
      "text" : "のみ",
      "whiteSpace" : false
    }, {
      "id" : "s4-t37",
      "begin" : 385,
      "end" : 386,
      "text" : "を",
      "whiteSpace" : false
    }, {
      "id" : "s4-t38",
      "begin" : 386,
      "end" : 388,
      "text" : "提供",
      "whiteSpace" : false
    }, {
      "id" : "s4-t39",
      "begin" : 388,
      "end" : 390,
      "text" : "する",
      "whiteSpace" : false
    }, {
      "id" : "s4-t40",
      "begin" : 390,
      "end" : 391,
      "text" : "「",
      "whiteSpace" : false
    }, {
      "id" : "s4-t41",
      "begin" : 391,
      "end" : 393,
      "text" : "源泉",
      "whiteSpace" : false
    }, {
      "id" : "s4-t42",
      "begin" : 393,
      "end" : 395,
      "text" : "かけ",
      "whiteSpace" : false
    }, {
      "id" : "s4-t43",
      "begin" : 395,
      "end" : 397,
      "text" : "流し",
      "whiteSpace" : false
    }, {
      "id" : "s4-t44",
      "begin" : 397,
      "end" : 399,
      "text" : "宣言",
      "whiteSpace" : false
    }, {
      "id" : "s4-t45",
      "begin" : 399,
      "end" : 400,
      "text" : "」",
      "whiteSpace" : false
    }, {
      "id" : "s4-t46",
      "begin" : 400,
      "end" : 401,
      "text" : "を",
      "whiteSpace" : false
    }, {
      "id" : "s4-t47",
      "begin" : 401,
      "end" : 403,
      "text" : "全国",
      "whiteSpace" : false
    }, {
      "id" : "s4-t48",
      "begin" : 403,
      "end" : 404,
      "text" : "に",
      "whiteSpace" : false
    }, {
      "id" : "s4-t49",
      "begin" : 404,
      "end" : 408,
      "text" : "先駆けて",
      "whiteSpace" : false
    }, {
      "id" : "s4-t50",
      "begin" : 408,
      "end" : 410,
      "text" : "実施",
      "whiteSpace" : false
    }, {
      "id" : "s4-t51",
      "begin" : 410,
      "end" : 411,
      "text" : "。",
      "whiteSpace" : false
    } ]
  }, {
    "id" : "s5",
    "begin" : 412,
    "end" : 521,
    "text" : "また、“源泉かけ流し”が一般的なステイタスとなりつつある昨今、平成 27 年度には“源泉かけ流し”から更に一歩踏み込み、十津川温泉郷の泉質の優位性を医科学的に証明するために、十津川温泉郷「温泉療養効果実証調査」を実施。",
    "tokens" : [ {
      "id" : "s5-t0",
      "begin" : 412,
      "end" : 414,
      "text" : "また",
      "whiteSpace" : false
    }, {
      "id" : "s5-t1",
      "begin" : 414,
      "end" : 415,
      "text" : "、",
      "whiteSpace" : false
    }, {
      "id" : "s5-t2",
      "begin" : 415,
      "end" : 416,
      "text" : "“",
      "whiteSpace" : false
    }, {
      "id" : "s5-t3",
      "begin" : 416,
      "end" : 418,
      "text" : "源泉",
      "whiteSpace" : false
    }, {
      "id" : "s5-t4",
      "begin" : 418,
      "end" : 420,
      "text" : "かけ",
      "whiteSpace" : false
    }, {
      "id" : "s5-t5",
      "begin" : 420,
      "end" : 422,
      "text" : "流し",
      "whiteSpace" : false
    }, {
      "id" : "s5-t6",
      "begin" : 422,
      "end" : 423,
      "text" : "”",
      "whiteSpace" : false
    }, {
      "id" : "s5-t7",
      "begin" : 423,
      "end" : 424,
      "text" : "が",
      "whiteSpace" : false
    }, {
      "id" : "s5-t8",
      "begin" : 424,
      "end" : 426,
      "text" : "一般",
      "whiteSpace" : false
    }, {
      "id" : "s5-t9",
      "begin" : 426,
      "end" : 428,
      "text" : "的な",
      "whiteSpace" : false
    }, {
      "id" : "s5-t10",
      "begin" : 428,
      "end" : 433,
      "text" : "ステイタス",
      "whiteSpace" : false
    }, {
      "id" : "s5-t11",
      "begin" : 433,
      "end" : 434,
      "text" : "と",
      "whiteSpace" : false
    }, {
      "id" : "s5-t12",
      "begin" : 434,
      "end" : 436,
      "text" : "なり",
      "whiteSpace" : false
    }, {
      "id" : "s5-t13",
      "begin" : 436,
      "end" : 438,
      "text" : "つつ",
      "whiteSpace" : false
    }, {
      "id" : "s5-t14",
      "begin" : 438,
      "end" : 440,
      "text" : "ある",
      "whiteSpace" : false
    }, {
      "id" : "s5-t15",
      "begin" : 440,
      "end" : 442,
      "text" : "昨今",
      "whiteSpace" : false
    }, {
      "id" : "s5-t16",
      "begin" : 442,
      "end" : 443,
      "text" : "、",
      "whiteSpace" : false
    }, {
      "id" : "s5-t17",
      "begin" : 443,
      "end" : 445,
      "text" : "平成",
      "whiteSpace" : false
    }, {
      "id" : "s5-t18",
      "begin" : 446,
      "end" : 448,
      "text" : "27",
      "whiteSpace" : false
    }, {
      "id" : "s5-t19",
      "begin" : 449,
      "end" : 451,
      "text" : "年度",
      "whiteSpace" : false
    }, {
      "id" : "s5-t20",
      "begin" : 451,
      "end" : 452,
      "text" : "に",
      "whiteSpace" : false
    }, {
      "id" : "s5-t21",
      "begin" : 452,
      "end" : 453,
      "text" : "は",
      "whiteSpace" : false
    }, {
      "id" : "s5-t22",
      "begin" : 453,
      "end" : 454,
      "text" : "“",
      "whiteSpace" : false
    }, {
      "id" : "s5-t23",
      "begin" : 454,
      "end" : 456,
      "text" : "源泉",
      "whiteSpace" : false
    }, {
      "id" : "s5-t24",
      "begin" : 456,
      "end" : 458,
      "text" : "かけ",
      "whiteSpace" : false
    }, {
      "id" : "s5-t25",
      "begin" : 458,
      "end" : 460,
      "text" : "流し",
      "whiteSpace" : false
    }, {
      "id" : "s5-t26",
      "begin" : 460,
      "end" : 461,
      "text" : "”",
      "whiteSpace" : false
    }, {
      "id" : "s5-t27",
      "begin" : 461,
      "end" : 463,
      "text" : "から",
      "whiteSpace" : false
    }, {
      "id" : "s5-t28",
      "begin" : 463,
      "end" : 465,
      "text" : "更に",
      "whiteSpace" : false
    }, {
      "id" : "s5-t29",
      "begin" : 465,
      "end" : 466,
      "text" : "一",
      "whiteSpace" : false
    }, {
      "id" : "s5-t30",
      "begin" : 466,
      "end" : 467,
      "text" : "歩",
      "whiteSpace" : false
    }, {
      "id" : "s5-t31",
      "begin" : 467,
      "end" : 471,
      "text" : "踏み込み",
      "whiteSpace" : false
    }, {
      "id" : "s5-t32",
      "begin" : 471,
      "end" : 472,
      "text" : "、",
      "whiteSpace" : false
    }, {
      "id" : "s5-t33",
      "begin" : 472,
      "end" : 475,
      "text" : "十津川",
      "whiteSpace" : false
    }, {
      "id" : "s5-t34",
      "begin" : 475,
      "end" : 478,
      "text" : "温泉郷",
      "whiteSpace" : false
    }, {
      "id" : "s5-t35",
      "begin" : 478,
      "end" : 479,
      "text" : "の",
      "whiteSpace" : false
    }, {
      "id" : "s5-t36",
      "begin" : 479,
      "end" : 481,
      "text" : "泉質",
      "whiteSpace" : false
    }, {
      "id" : "s5-t37",
      "begin" : 481,
      "end" : 482,
      "text" : "の",
      "whiteSpace" : false
    }, {
      "id" : "s5-t38",
      "begin" : 482,
      "end" : 484,
      "text" : "優位",
      "whiteSpace" : false
    }, {
      "id" : "s5-t39",
      "begin" : 484,
      "end" : 485,
      "text" : "性",
      "whiteSpace" : false
    }, {
      "id" : "s5-t40",
      "begin" : 485,
      "end" : 486,
      "text" : "を",
      "whiteSpace" : false
    }, {
      "id" : "s5-t41",
      "begin" : 486,
      "end" : 487,
      "text" : "医",
      "whiteSpace" : false
    }, {
      "id" : "s5-t42",
      "begin" : 487,
      "end" : 489,
      "text" : "科学",
      "whiteSpace" : false
    }, {
      "id" : "s5-t43",
      "begin" : 489,
      "end" : 491,
      "text" : "的に",
      "whiteSpace" : false
    }, {
      "id" : "s5-t44",
      "begin" : 491,
      "end" : 493,
      "text" : "証明",
      "whiteSpace" : false
    }, {
      "id" : "s5-t45",
      "begin" : 493,
      "end" : 495,
      "text" : "する",
      "whiteSpace" : false
    }, {
      "id" : "s5-t46",
      "begin" : 495,
      "end" : 497,
      "text" : "ため",
      "whiteSpace" : false
    }, {
      "id" : "s5-t47",
      "begin" : 497,
      "end" : 498,
      "text" : "に",
      "whiteSpace" : false
    }, {
      "id" : "s5-t48",
      "begin" : 498,
      "end" : 499,
      "text" : "、",
      "whiteSpace" : false
    }, {
      "id" : "s5-t49",
      "begin" : 499,
      "end" : 502,
      "text" : "十津川",
      "whiteSpace" : false
    }, {
      "id" : "s5-t50",
      "begin" : 502,
      "end" : 505,
      "text" : "温泉郷",
      "whiteSpace" : false
    }, {
      "id" : "s5-t51",
      "begin" : 505,
      "end" : 506,
      "text" : "「",
      "whiteSpace" : false
    }, {
      "id" : "s5-t52",
      "begin" : 506,
      "end" : 508,
      "text" : "温泉",
      "whiteSpace" : false
    }, {
      "id" : "s5-t53",
      "begin" : 508,
      "end" : 510,
      "text" : "療養",
      "whiteSpace" : false
    }, {
      "id" : "s5-t54",
      "begin" : 510,
      "end" : 512,
      "text" : "効果",
      "whiteSpace" : false
    }, {
      "id" : "s5-t55",
      "begin" : 512,
      "end" : 514,
      "text" : "実証",
      "whiteSpace" : false
    }, {
      "id" : "s5-t56",
      "begin" : 514,
      "end" : 516,
      "text" : "調査",
      "whiteSpace" : false
    }, {
      "id" : "s5-t57",
      "begin" : 516,
      "end" : 517,
      "text" : "」",
      "whiteSpace" : false
    }, {
      "id" : "s5-t58",
      "begin" : 517,
      "end" : 518,
      "text" : "を",
      "whiteSpace" : false
    }, {
      "id" : "s5-t59",
      "begin" : 518,
      "end" : 520,
      "text" : "実施",
      "whiteSpace" : false
    }, {
      "id" : "s5-t60",
      "begin" : 520,
      "end" : 521,
      "text" : "。",
      "whiteSpace" : false
    } ]
  }, {
    "id" : "s6",
    "begin" : 522,
    "end" : 635,
    "text" : "３泊４日の「プチ湯治モニター」や３ヶ月間の「通い湯治モニター」の実証調査を実施した十津川温泉と湯泉地温泉では、老化・疾病の原因となる“活性酸素”が減少し、身体の酸化を防ぎ、還元力を高める“抗酸化力”が増加することが実証された。",
    "tokens" : [ {
      "id" : "s6-t0",
      "begin" : 522,
      "end" : 523,
      "text" : "３",
      "whiteSpace" : false
    }, {
      "id" : "s6-t1",
      "begin" : 523,
      "end" : 524,
      "text" : "泊",
      "whiteSpace" : false
    }, {
      "id" : "s6-t2",
      "begin" : 524,
      "end" : 525,
      "text" : "４",
      "whiteSpace" : false
    }, {
      "id" : "s6-t3",
      "begin" : 525,
      "end" : 526,
      "text" : "日",
      "whiteSpace" : false
    }, {
      "id" : "s6-t4",
      "begin" : 526,
      "end" : 527,
      "text" : "の",
      "whiteSpace" : false
    }, {
      "id" : "s6-t5",
      "begin" : 527,
      "end" : 528,
      "text" : "「",
      "whiteSpace" : false
    }, {
      "id" : "s6-t6",
      "begin" : 528,
      "end" : 530,
      "text" : "プチ",
      "whiteSpace" : false
    }, {
      "id" : "s6-t7",
      "begin" : 530,
      "end" : 532,
      "text" : "湯治",
      "whiteSpace" : false
    }, {
      "id" : "s6-t8",
      "begin" : 532,
      "end" : 536,
      "text" : "モニター",
      "whiteSpace" : false
    }, {
      "id" : "s6-t9",
      "begin" : 536,
      "end" : 537,
      "text" : "」",
      "whiteSpace" : false
    }, {
      "id" : "s6-t10",
      "begin" : 537,
      "end" : 538,
      "text" : "や",
      "whiteSpace" : false
    }, {
      "id" : "s6-t11",
      "begin" : 538,
      "end" : 539,
      "text" : "３",
      "whiteSpace" : false
    }, {
      "id" : "s6-t12",
      "begin" : 539,
      "end" : 541,
      "text" : "ヶ月",
      "whiteSpace" : false
    }, {
      "id" : "s6-t13",
      "begin" : 541,
      "end" : 542,
      "text" : "間",
      "whiteSpace" : false
    }, {
      "id" : "s6-t14",
      "begin" : 542,
      "end" : 543,
      "text" : "の",
      "whiteSpace" : false
    }, {
      "id" : "s6-t15",
      "begin" : 543,
      "end" : 544,
      "text" : "「",
      "whiteSpace" : false
    }, {
      "id" : "s6-t16",
      "begin" : 544,
      "end" : 546,
      "text" : "通い",
      "whiteSpace" : false
    }, {
      "id" : "s6-t17",
      "begin" : 546,
      "end" : 548,
      "text" : "湯治",
      "whiteSpace" : false
    }, {
      "id" : "s6-t18",
      "begin" : 548,
      "end" : 552,
      "text" : "モニター",
      "whiteSpace" : false
    }, {
      "id" : "s6-t19",
      "begin" : 552,
      "end" : 553,
      "text" : "」",
      "whiteSpace" : false
    }, {
      "id" : "s6-t20",
      "begin" : 553,
      "end" : 554,
      "text" : "の",
      "whiteSpace" : false
    }, {
      "id" : "s6-t21",
      "begin" : 554,
      "end" : 556,
      "text" : "実証",
      "whiteSpace" : false
    }, {
      "id" : "s6-t22",
      "begin" : 556,
      "end" : 558,
      "text" : "調査",
      "whiteSpace" : false
    }, {
      "id" : "s6-t23",
      "begin" : 558,
      "end" : 559,
      "text" : "を",
      "whiteSpace" : false
    }, {
      "id" : "s6-t24",
      "begin" : 559,
      "end" : 561,
      "text" : "実施",
      "whiteSpace" : false
    }, {
      "id" : "s6-t25",
      "begin" : 561,
      "end" : 563,
      "text" : "した",
      "whiteSpace" : false
    }, {
      "id" : "s6-t26",
      "begin" : 563,
      "end" : 566,
      "text" : "十津川",
      "whiteSpace" : false
    }, {
      "id" : "s6-t27",
      "begin" : 566,
      "end" : 568,
      "text" : "温泉",
      "whiteSpace" : false
    }, {
      "id" : "s6-t28",
      "begin" : 568,
      "end" : 569,
      "text" : "と",
      "whiteSpace" : false
    }, {
      "id" : "s6-t29",
      "begin" : 569,
      "end" : 571,
      "text" : "湯泉",
      "whiteSpace" : false
    }, {
      "id" : "s6-t30",
      "begin" : 571,
      "end" : 572,
      "text" : "地",
      "whiteSpace" : false
    }, {
      "id" : "s6-t31",
      "begin" : 572,
      "end" : 574,
      "text" : "温泉",
      "whiteSpace" : false
    }, {
      "id" : "s6-t32",
      "begin" : 574,
      "end" : 575,
      "text" : "で",
      "whiteSpace" : false
    }, {
      "id" : "s6-t33",
      "begin" : 575,
      "end" : 576,
      "text" : "は",
      "whiteSpace" : false
    }, {
      "id" : "s6-t34",
      "begin" : 576,
      "end" : 577,
      "text" : "、",
      "whiteSpace" : false
    }, {
      "id" : "s6-t35",
      "begin" : 577,
      "end" : 579,
      "text" : "老化",
      "whiteSpace" : false
    }, {
      "id" : "s6-t36",
      "begin" : 579,
      "end" : 580,
      "text" : "・",
      "whiteSpace" : false
    }, {
      "id" : "s6-t37",
      "begin" : 580,
      "end" : 582,
      "text" : "疾病",
      "whiteSpace" : false
    }, {
      "id" : "s6-t38",
      "begin" : 582,
      "end" : 583,
      "text" : "の",
      "whiteSpace" : false
    }, {
      "id" : "s6-t39",
      "begin" : 583,
      "end" : 585,
      "text" : "原因",
      "whiteSpace" : false
    }, {
      "id" : "s6-t40",
      "begin" : 585,
      "end" : 586,
      "text" : "と",
      "whiteSpace" : false
    }, {
      "id" : "s6-t41",
      "begin" : 586,
      "end" : 588,
      "text" : "なる",
      "whiteSpace" : false
    }, {
      "id" : "s6-t42",
      "begin" : 588,
      "end" : 589,
      "text" : "“",
      "whiteSpace" : false
    }, {
      "id" : "s6-t43",
      "begin" : 589,
      "end" : 591,
      "text" : "活性",
      "whiteSpace" : false
    }, {
      "id" : "s6-t44",
      "begin" : 591,
      "end" : 593,
      "text" : "酸素",
      "whiteSpace" : false
    }, {
      "id" : "s6-t45",
      "begin" : 593,
      "end" : 594,
      "text" : "”",
      "whiteSpace" : false
    }, {
      "id" : "s6-t46",
      "begin" : 594,
      "end" : 595,
      "text" : "が",
      "whiteSpace" : false
    }, {
      "id" : "s6-t47",
      "begin" : 595,
      "end" : 597,
      "text" : "減少",
      "whiteSpace" : false
    }, {
      "id" : "s6-t48",
      "begin" : 597,
      "end" : 598,
      "text" : "し",
      "whiteSpace" : false
    }, {
      "id" : "s6-t49",
      "begin" : 598,
      "end" : 599,
      "text" : "、",
      "whiteSpace" : false
    }, {
      "id" : "s6-t50",
      "begin" : 599,
      "end" : 601,
      "text" : "身体",
      "whiteSpace" : false
    }, {
      "id" : "s6-t51",
      "begin" : 601,
      "end" : 602,
      "text" : "の",
      "whiteSpace" : false
    }, {
      "id" : "s6-t52",
      "begin" : 602,
      "end" : 604,
      "text" : "酸化",
      "whiteSpace" : false
    }, {
      "id" : "s6-t53",
      "begin" : 604,
      "end" : 605,
      "text" : "を",
      "whiteSpace" : false
    }, {
      "id" : "s6-t54",
      "begin" : 605,
      "end" : 607,
      "text" : "防ぎ",
      "whiteSpace" : false
    }, {
      "id" : "s6-t55",
      "begin" : 607,
      "end" : 608,
      "text" : "、",
      "whiteSpace" : false
    }, {
      "id" : "s6-t56",
      "begin" : 608,
      "end" : 610,
      "text" : "還元",
      "whiteSpace" : false
    }, {
      "id" : "s6-t57",
      "begin" : 610,
      "end" : 611,
      "text" : "力",
      "whiteSpace" : false
    }, {
      "id" : "s6-t58",
      "begin" : 611,
      "end" : 612,
      "text" : "を",
      "whiteSpace" : false
    }, {
      "id" : "s6-t59",
      "begin" : 612,
      "end" : 615,
      "text" : "高める",
      "whiteSpace" : false
    }, {
      "id" : "s6-t60",
      "begin" : 615,
      "end" : 616,
      "text" : "“",
      "whiteSpace" : false
    }, {
      "id" : "s6-t61",
      "begin" : 616,
      "end" : 617,
      "text" : "抗",
      "whiteSpace" : false
    }, {
      "id" : "s6-t62",
      "begin" : 617,
      "end" : 619,
      "text" : "酸化",
      "whiteSpace" : false
    }, {
      "id" : "s6-t63",
      "begin" : 619,
      "end" : 620,
      "text" : "力",
      "whiteSpace" : false
    }, {
      "id" : "s6-t64",
      "begin" : 620,
      "end" : 621,
      "text" : "”",
      "whiteSpace" : false
    }, {
      "id" : "s6-t65",
      "begin" : 621,
      "end" : 622,
      "text" : "が",
      "whiteSpace" : false
    }, {
      "id" : "s6-t66",
      "begin" : 622,
      "end" : 624,
      "text" : "増加",
      "whiteSpace" : false
    }, {
      "id" : "s6-t67",
      "begin" : 624,
      "end" : 626,
      "text" : "する",
      "whiteSpace" : false
    }, {
      "id" : "s6-t68",
      "begin" : 626,
      "end" : 628,
      "text" : "こと",
      "whiteSpace" : false
    }, {
      "id" : "s6-t69",
      "begin" : 628,
      "end" : 629,
      "text" : "が",
      "whiteSpace" : false
    }, {
      "id" : "s6-t70",
      "begin" : 629,
      "end" : 631,
      "text" : "実証",
      "whiteSpace" : false
    }, {
      "id" : "s6-t71",
      "begin" : 631,
      "end" : 632,
      "text" : "さ",
      "whiteSpace" : false
    }, {
      "id" : "s6-t72",
      "begin" : 632,
      "end" : 634,
      "text" : "れた",
      "whiteSpace" : false
    }, {
      "id" : "s6-t73",
      "begin" : 634,
      "end" : 635,
      "text" : "。",
      "whiteSpace" : false
    } ]
  } ],
  "mentions" : [ {
    "id" : "s0-m1",
    "properties" : {
      "SIRE_MENTION_ROLE" : "ONSEN",
      "SIRE_ENTITY_SUBTYPE" : "NONE",
      "SIRE_MENTION_TYPE" : "NONE",
      "SIRE_MENTION_CLASS" : "SPC"
    },
    "type" : "ONSEN",
    "begin" : 0,
    "end" : 5,
    "inCoref" : true
  }, {
    "id" : "s1-m2",
    "properties" : {
      "SIRE_MENTION_ROLE" : "ONSEN",
      "SIRE_ENTITY_SUBTYPE" : "NONE",
      "SIRE_MENTION_TYPE" : "NONE",
      "SIRE_MENTION_CLASS" : "SPC"
    },
    "type" : "ONSEN",
    "begin" : 78,
    "end" : 83,
    "inCoref" : true
  }, {
    "id" : "s1-m3",
    "properties" : {
      "SIRE_MENTION_ROLE" : "Sensitsu",
      "SIRE_ENTITY_SUBTYPE" : "NONE",
      "SIRE_MENTION_TYPE" : "NONE",
      "SIRE_MENTION_CLASS" : "SPC"
    },
    "type" : "Sensitsu",
    "begin" : 87,
    "end" : 99,
    "inCoref" : false
  }, {
    "id" : "s2-m1",
    "properties" : {
      "SIRE_MENTION_ROLE" : "ONSEN",
      "SIRE_ENTITY_SUBTYPE" : "NONE",
      "SIRE_MENTION_TYPE" : "NONE",
      "SIRE_MENTION_CLASS" : "SPC"
    },
    "type" : "ONSEN",
    "begin" : 176,
    "end" : 180,
    "inCoref" : true
  }, {
    "id" : "s2-m2",
    "properties" : {
      "SIRE_MENTION_ROLE" : "ONSEN",
      "SIRE_ENTITY_SUBTYPE" : "NONE",
      "SIRE_MENTION_TYPE" : "NONE",
      "SIRE_MENTION_CLASS" : "SPC"
    },
    "type" : "ONSEN",
    "begin" : 182,
    "end" : 187,
    "inCoref" : true
  }, {
    "id" : "s3-m3",
    "properties" : {
      "SIRE_MENTION_ROLE" : "ONSEN",
      "SIRE_ENTITY_SUBTYPE" : "NONE",
      "SIRE_MENTION_TYPE" : "NONE",
      "SIRE_MENTION_CLASS" : "SPC"
    },
    "type" : "ONSEN",
    "begin" : 257,
    "end" : 261,
    "inCoref" : true
  }, {
    "id" : "s3-m2",
    "properties" : {
      "SIRE_MENTION_ROLE" : "Sensitsu",
      "SIRE_ENTITY_SUBTYPE" : "NONE",
      "SIRE_MENTION_TYPE" : "NONE",
      "SIRE_MENTION_CLASS" : "SPC"
    },
    "type" : "Sensitsu",
    "begin" : 265,
    "end" : 281,
    "inCoref" : false
  }, {
    "id" : "s4-m1",
    "properties" : {
      "SIRE_MENTION_ROLE" : "ONSEN",
      "SIRE_ENTITY_SUBTYPE" : "NONE",
      "SIRE_MENTION_TYPE" : "NONE",
      "SIRE_MENTION_CLASS" : "SPC"
    },
    "type" : "ONSEN",
    "begin" : 322,
    "end" : 328,
    "inCoref" : false
  }, {
    "id" : "s5-m1",
    "properties" : {
      "SIRE_MENTION_ROLE" : "ONSEN",
      "SIRE_ENTITY_SUBTYPE" : "NONE",
      "SIRE_MENTION_TYPE" : "NONE",
      "SIRE_MENTION_CLASS" : "SPC"
    },
    "type" : "ONSEN",
    "begin" : 472,
    "end" : 478,
    "inCoref" : true
  }, {
    "id" : "s5-m2",
    "properties" : {
      "SIRE_MENTION_ROLE" : "ONSEN",
      "SIRE_ENTITY_SUBTYPE" : "NONE",
      "SIRE_MENTION_TYPE" : "NONE",
      "SIRE_MENTION_CLASS" : "SPC"
    },
    "type" : "ONSEN",
    "begin" : 499,
    "end" : 505,
    "inCoref" : true
  }, {
    "id" : "s6-m1",
    "properties" : {
      "SIRE_MENTION_ROLE" : "ONSEN",
      "SIRE_ENTITY_SUBTYPE" : "NONE",
      "SIRE_MENTION_TYPE" : "NONE",
      "SIRE_MENTION_CLASS" : "SPC"
    },
    "type" : "ONSEN",
    "begin" : 563,
    "end" : 568,
    "inCoref" : true
  }, {
    "id" : "s6-m2",
    "properties" : {
      "SIRE_MENTION_ROLE" : "ONSEN",
      "SIRE_ENTITY_SUBTYPE" : "NONE",
      "SIRE_MENTION_TYPE" : "NONE",
      "SIRE_MENTION_CLASS" : "SPC"
    },
    "type" : "ONSEN",
    "begin" : 569,
    "end" : 574,
    "inCoref" : false
  } ],
  "relations" : [ {
    "id" : "s1-r1",
    "properties" : { },
    "type" : "hasAttribute",
    "args" : [ "s1-m2", "s1-m3" ]
  }, {
    "id" : "s3-r1",
    "properties" : { },
    "type" : "hasAttribute",
    "args" : [ "s3-m3", "s3-m2" ]
  } ],
  "corefs" : [ {
    "id" : "c2",
    "properties" : { },
    "mentions" : [ "s2-m1", "s3-m3" ]
  }, {
    "id" : "c3",
    "properties" : { },
    "mentions" : [ "s5-m1", "s5-m2", "s0-m1", "s1-m2", "s2-m2", "s6-m1" ]
  } ],
  "typeResolved" : true,
  "userResolved" : false
}