{
  "id" : "5ae7cfb0-d149-11e9-ad4b-c984733d60b0-13",
  "name" : "13_国民保養温泉地の概要",
  "createdDate" : 0,
  "version" : 3,
  "text" : "梅ヶ島温泉郷 （静岡県静岡市）の概要\n○概要\n静岡市北部、安倍川の最上流域に位置し、周囲を八紘嶺、大谷嶺、山伏、安倍峠、十枚山などの2,000ｍ級の山々に囲まれ、緑豊かな優れた自然環境が保全されている山深い温泉郷である。市営温泉浴場やテニスコート、キャンプ場、ハイキングコース等が整備されている。\n○特徴\n戦国時代、「信玄公の隠し湯」として合戦で傷ついた侍の療養所の役割を担うなど、古くから湯治場として栄え、\n第二次世界大戦時には、帝国陸軍病院の分院として接収され、傷病兵の湯治に使われた。農業は、梅ケ島地区の自然\n環境を活かし、お茶、ワサビ、しいたけが特産品となっており、内水面漁業も盛んで、鮎、山女魚等の川魚は名物として提供されている。\n○泉質等\n主な泉質：ナトリウム－炭酸水素塩温泉・単純硫黄泉\n○今後の方針\n自然環境の保全、環境配慮に努めながら、良好な景観を創設し、湯治場としての療養機能に加え、スポーツや食による健康の促進、それらを統合した温泉地としてヘルスツーリズムの推進を目指し、周辺の自然と調和しつつ地域の歴史と文+B18化を活用し、観光、保養・休養を中心とした健康増進及び生涯学習の場として、来訪者にとってより魅力のある短期から中期の滞在型温泉郷を目指していくこととする。",
  "docLength" : 0,
  "language" : "JA",
  "status" : "IN_PROGRESS",
  "modifiedDate" : 1567845679094,
  "documentSet" : [ ],
  "preannotation" : [ "PRE_LW" ],
  "sentences" : [ {
    "id" : "s0",
    "begin" : 0,
    "end" : 110,
    "text" : "梅ヶ島温泉郷 （静岡県静岡市）の概要\n○概要\n静岡市北部、安倍川の最上流域に位置し、周囲を八紘嶺、大谷嶺、山伏、安倍峠、十枚山などの2,000ｍ級の山々に囲まれ、緑豊かな優れた自然環境が保全されている山深い温泉郷である。",
    "tokens" : [ {
      "id" : "s0-t0",
      "begin" : 0,
      "end" : 1,
      "text" : "梅",
      "whiteSpace" : false
    }, {
      "id" : "s0-t1",
      "begin" : 1,
      "end" : 3,
      "text" : "ヶ島",
      "whiteSpace" : false
    }, {
      "id" : "s0-t2",
      "begin" : 3,
      "end" : 6,
      "text" : "温泉郷",
      "whiteSpace" : false
    }, {
      "id" : "s0-t3",
      "begin" : 7,
      "end" : 8,
      "text" : "（",
      "whiteSpace" : false
    }, {
      "id" : "s0-t4",
      "begin" : 8,
      "end" : 10,
      "text" : "静岡",
      "whiteSpace" : false
    }, {
      "id" : "s0-t5",
      "begin" : 10,
      "end" : 11,
      "text" : "県",
      "whiteSpace" : false
    }, {
      "id" : "s0-t6",
      "begin" : 11,
      "end" : 13,
      "text" : "静岡",
      "whiteSpace" : false
    }, {
      "id" : "s0-t7",
      "begin" : 13,
      "end" : 14,
      "text" : "市",
      "whiteSpace" : false
    }, {
      "id" : "s0-t8",
      "begin" : 14,
      "end" : 15,
      "text" : "）",
      "whiteSpace" : false
    }, {
      "id" : "s0-t9",
      "begin" : 15,
      "end" : 16,
      "text" : "の",
      "whiteSpace" : false
    }, {
      "id" : "s0-t10",
      "begin" : 16,
      "end" : 18,
      "text" : "概要",
      "whiteSpace" : false
    }, {
      "id" : "s0-t11",
      "begin" : 19,
      "end" : 20,
      "text" : "○",
      "whiteSpace" : false
    }, {
      "id" : "s0-t12",
      "begin" : 20,
      "end" : 22,
      "text" : "概要",
      "whiteSpace" : false
    }, {
      "id" : "s0-t13",
      "begin" : 23,
      "end" : 25,
      "text" : "静岡",
      "whiteSpace" : false
    }, {
      "id" : "s0-t14",
      "begin" : 25,
      "end" : 26,
      "text" : "市",
      "whiteSpace" : false
    }, {
      "id" : "s0-t15",
      "begin" : 26,
      "end" : 28,
      "text" : "北部",
      "whiteSpace" : false
    }, {
      "id" : "s0-t16",
      "begin" : 28,
      "end" : 29,
      "text" : "、",
      "whiteSpace" : false
    }, {
      "id" : "s0-t17",
      "begin" : 29,
      "end" : 30,
      "text" : "安",
      "whiteSpace" : false
    }, {
      "id" : "s0-t18",
      "begin" : 30,
      "end" : 32,
      "text" : "倍川",
      "whiteSpace" : false
    }, {
      "id" : "s0-t19",
      "begin" : 32,
      "end" : 33,
      "text" : "の",
      "whiteSpace" : false
    }, {
      "id" : "s0-t20",
      "begin" : 33,
      "end" : 34,
      "text" : "最",
      "whiteSpace" : false
    }, {
      "id" : "s0-t21",
      "begin" : 34,
      "end" : 36,
      "text" : "上流",
      "whiteSpace" : false
    }, {
      "id" : "s0-t22",
      "begin" : 36,
      "end" : 37,
      "text" : "域",
      "whiteSpace" : false
    }, {
      "id" : "s0-t23",
      "begin" : 37,
      "end" : 38,
      "text" : "に",
      "whiteSpace" : false
    }, {
      "id" : "s0-t24",
      "begin" : 38,
      "end" : 40,
      "text" : "位置",
      "whiteSpace" : false
    }, {
      "id" : "s0-t25",
      "begin" : 40,
      "end" : 41,
      "text" : "し",
      "whiteSpace" : false
    }, {
      "id" : "s0-t26",
      "begin" : 41,
      "end" : 42,
      "text" : "、",
      "whiteSpace" : false
    }, {
      "id" : "s0-t27",
      "begin" : 42,
      "end" : 44,
      "text" : "周囲",
      "whiteSpace" : false
    }, {
      "id" : "s0-t28",
      "begin" : 44,
      "end" : 45,
      "text" : "を",
      "whiteSpace" : false
    }, {
      "id" : "s0-t29",
      "begin" : 45,
      "end" : 46,
      "text" : "八",
      "whiteSpace" : false
    }, {
      "id" : "s0-t30",
      "begin" : 46,
      "end" : 48,
      "text" : "紘嶺",
      "whiteSpace" : false
    }, {
      "id" : "s0-t31",
      "begin" : 48,
      "end" : 49,
      "text" : "、",
      "whiteSpace" : false
    }, {
      "id" : "s0-t32",
      "begin" : 49,
      "end" : 52,
      "text" : "大谷嶺",
      "whiteSpace" : false
    }, {
      "id" : "s0-t33",
      "begin" : 52,
      "end" : 53,
      "text" : "、",
      "whiteSpace" : false
    }, {
      "id" : "s0-t34",
      "begin" : 53,
      "end" : 55,
      "text" : "山伏",
      "whiteSpace" : false
    }, {
      "id" : "s0-t35",
      "begin" : 55,
      "end" : 56,
      "text" : "、",
      "whiteSpace" : false
    }, {
      "id" : "s0-t36",
      "begin" : 56,
      "end" : 57,
      "text" : "安",
      "whiteSpace" : false
    }, {
      "id" : "s0-t37",
      "begin" : 57,
      "end" : 59,
      "text" : "倍峠",
      "whiteSpace" : false
    }, {
      "id" : "s0-t38",
      "begin" : 59,
      "end" : 60,
      "text" : "、",
      "whiteSpace" : false
    }, {
      "id" : "s0-t39",
      "begin" : 60,
      "end" : 61,
      "text" : "十",
      "whiteSpace" : false
    }, {
      "id" : "s0-t40",
      "begin" : 61,
      "end" : 63,
      "text" : "枚山",
      "whiteSpace" : false
    }, {
      "id" : "s0-t41",
      "begin" : 63,
      "end" : 65,
      "text" : "など",
      "whiteSpace" : false
    }, {
      "id" : "s0-t42",
      "begin" : 65,
      "end" : 66,
      "text" : "の",
      "whiteSpace" : false
    }, {
      "id" : "s0-t43",
      "begin" : 66,
      "end" : 72,
      "text" : "2,000ｍ",
      "whiteSpace" : false
    }, {
      "id" : "s0-t44",
      "begin" : 72,
      "end" : 73,
      "text" : "級",
      "whiteSpace" : false
    }, {
      "id" : "s0-t45",
      "begin" : 73,
      "end" : 74,
      "text" : "の",
      "whiteSpace" : false
    }, {
      "id" : "s0-t46",
      "begin" : 74,
      "end" : 76,
      "text" : "山々",
      "whiteSpace" : false
    }, {
      "id" : "s0-t47",
      "begin" : 76,
      "end" : 77,
      "text" : "に",
      "whiteSpace" : false
    }, {
      "id" : "s0-t48",
      "begin" : 77,
      "end" : 79,
      "text" : "囲ま",
      "whiteSpace" : false
    }, {
      "id" : "s0-t49",
      "begin" : 79,
      "end" : 80,
      "text" : "れ",
      "whiteSpace" : false
    }, {
      "id" : "s0-t50",
      "begin" : 80,
      "end" : 81,
      "text" : "、",
      "whiteSpace" : false
    }, {
      "id" : "s0-t51",
      "begin" : 81,
      "end" : 82,
      "text" : "緑",
      "whiteSpace" : false
    }, {
      "id" : "s0-t52",
      "begin" : 82,
      "end" : 85,
      "text" : "豊かな",
      "whiteSpace" : false
    }, {
      "id" : "s0-t53",
      "begin" : 85,
      "end" : 88,
      "text" : "優れた",
      "whiteSpace" : false
    }, {
      "id" : "s0-t54",
      "begin" : 88,
      "end" : 90,
      "text" : "自然",
      "whiteSpace" : false
    }, {
      "id" : "s0-t55",
      "begin" : 90,
      "end" : 92,
      "text" : "環境",
      "whiteSpace" : false
    }, {
      "id" : "s0-t56",
      "begin" : 92,
      "end" : 93,
      "text" : "が",
      "whiteSpace" : false
    }, {
      "id" : "s0-t57",
      "begin" : 93,
      "end" : 95,
      "text" : "保全",
      "whiteSpace" : false
    }, {
      "id" : "s0-t58",
      "begin" : 95,
      "end" : 96,
      "text" : "さ",
      "whiteSpace" : false
    }, {
      "id" : "s0-t59",
      "begin" : 96,
      "end" : 98,
      "text" : "れて",
      "whiteSpace" : false
    }, {
      "id" : "s0-t60",
      "begin" : 98,
      "end" : 100,
      "text" : "いる",
      "whiteSpace" : false
    }, {
      "id" : "s0-t61",
      "begin" : 100,
      "end" : 103,
      "text" : "山深い",
      "whiteSpace" : false
    }, {
      "id" : "s0-t62",
      "begin" : 103,
      "end" : 106,
      "text" : "温泉郷",
      "whiteSpace" : false
    }, {
      "id" : "s0-t63",
      "begin" : 106,
      "end" : 109,
      "text" : "である",
      "whiteSpace" : false
    }, {
      "id" : "s0-t64",
      "begin" : 109,
      "end" : 110,
      "text" : "。",
      "whiteSpace" : false
    } ]
  }, {
    "id" : "s1",
    "begin" : 110,
    "end" : 148,
    "text" : "市営温泉浴場やテニスコート、キャンプ場、ハイキングコース等が整備されている。",
    "tokens" : [ {
      "id" : "s1-t0",
      "begin" : 110,
      "end" : 112,
      "text" : "市営",
      "whiteSpace" : false
    }, {
      "id" : "s1-t1",
      "begin" : 112,
      "end" : 114,
      "text" : "温泉",
      "whiteSpace" : false
    }, {
      "id" : "s1-t2",
      "begin" : 114,
      "end" : 116,
      "text" : "浴場",
      "whiteSpace" : false
    }, {
      "id" : "s1-t3",
      "begin" : 116,
      "end" : 117,
      "text" : "や",
      "whiteSpace" : false
    }, {
      "id" : "s1-t4",
      "begin" : 117,
      "end" : 123,
      "text" : "テニスコート",
      "whiteSpace" : false
    }, {
      "id" : "s1-t5",
      "begin" : 123,
      "end" : 124,
      "text" : "、",
      "whiteSpace" : false
    }, {
      "id" : "s1-t6",
      "begin" : 124,
      "end" : 128,
      "text" : "キャンプ",
      "whiteSpace" : false
    }, {
      "id" : "s1-t7",
      "begin" : 128,
      "end" : 129,
      "text" : "場",
      "whiteSpace" : false
    }, {
      "id" : "s1-t8",
      "begin" : 129,
      "end" : 130,
      "text" : "、",
      "whiteSpace" : false
    }, {
      "id" : "s1-t9",
      "begin" : 130,
      "end" : 135,
      "text" : "ハイキング",
      "whiteSpace" : false
    }, {
      "id" : "s1-t10",
      "begin" : 135,
      "end" : 138,
      "text" : "コース",
      "whiteSpace" : false
    }, {
      "id" : "s1-t11",
      "begin" : 138,
      "end" : 139,
      "text" : "等",
      "whiteSpace" : false
    }, {
      "id" : "s1-t12",
      "begin" : 139,
      "end" : 140,
      "text" : "が",
      "whiteSpace" : false
    }, {
      "id" : "s1-t13",
      "begin" : 140,
      "end" : 142,
      "text" : "整備",
      "whiteSpace" : false
    }, {
      "id" : "s1-t14",
      "begin" : 142,
      "end" : 143,
      "text" : "さ",
      "whiteSpace" : false
    }, {
      "id" : "s1-t15",
      "begin" : 143,
      "end" : 145,
      "text" : "れて",
      "whiteSpace" : false
    }, {
      "id" : "s1-t16",
      "begin" : 145,
      "end" : 147,
      "text" : "いる",
      "whiteSpace" : false
    }, {
      "id" : "s1-t17",
      "begin" : 147,
      "end" : 148,
      "text" : "。",
      "whiteSpace" : false
    } ]
  }, {
    "id" : "s2",
    "begin" : 149,
    "end" : 245,
    "text" : "○特徴\n戦国時代、「信玄公の隠し湯」として合戦で傷ついた侍の療養所の役割を担うなど、古くから湯治場として栄え、\n第二次世界大戦時には、帝国陸軍病院の分院として接収され、傷病兵の湯治に使われた。",
    "tokens" : [ {
      "id" : "s2-t0",
      "begin" : 149,
      "end" : 150,
      "text" : "○",
      "whiteSpace" : false
    }, {
      "id" : "s2-t1",
      "begin" : 150,
      "end" : 152,
      "text" : "特徴",
      "whiteSpace" : false
    }, {
      "id" : "s2-t2",
      "begin" : 153,
      "end" : 155,
      "text" : "戦国",
      "whiteSpace" : false
    }, {
      "id" : "s2-t3",
      "begin" : 155,
      "end" : 157,
      "text" : "時代",
      "whiteSpace" : false
    }, {
      "id" : "s2-t4",
      "begin" : 157,
      "end" : 158,
      "text" : "、",
      "whiteSpace" : false
    }, {
      "id" : "s2-t5",
      "begin" : 158,
      "end" : 159,
      "text" : "「",
      "whiteSpace" : false
    }, {
      "id" : "s2-t6",
      "begin" : 159,
      "end" : 161,
      "text" : "信玄",
      "whiteSpace" : false
    }, {
      "id" : "s2-t7",
      "begin" : 161,
      "end" : 162,
      "text" : "公",
      "whiteSpace" : false
    }, {
      "id" : "s2-t8",
      "begin" : 162,
      "end" : 163,
      "text" : "の",
      "whiteSpace" : false
    }, {
      "id" : "s2-t9",
      "begin" : 163,
      "end" : 165,
      "text" : "隠し",
      "whiteSpace" : false
    }, {
      "id" : "s2-t10",
      "begin" : 165,
      "end" : 166,
      "text" : "湯",
      "whiteSpace" : false
    }, {
      "id" : "s2-t11",
      "begin" : 166,
      "end" : 167,
      "text" : "」",
      "whiteSpace" : false
    }, {
      "id" : "s2-t12",
      "begin" : 167,
      "end" : 168,
      "text" : "と",
      "whiteSpace" : false
    }, {
      "id" : "s2-t13",
      "begin" : 168,
      "end" : 170,
      "text" : "して",
      "whiteSpace" : false
    }, {
      "id" : "s2-t14",
      "begin" : 170,
      "end" : 172,
      "text" : "合戦",
      "whiteSpace" : false
    }, {
      "id" : "s2-t15",
      "begin" : 172,
      "end" : 173,
      "text" : "で",
      "whiteSpace" : false
    }, {
      "id" : "s2-t16",
      "begin" : 173,
      "end" : 177,
      "text" : "傷ついた",
      "whiteSpace" : false
    }, {
      "id" : "s2-t17",
      "begin" : 177,
      "end" : 178,
      "text" : "侍",
      "whiteSpace" : false
    }, {
      "id" : "s2-t18",
      "begin" : 178,
      "end" : 179,
      "text" : "の",
      "whiteSpace" : false
    }, {
      "id" : "s2-t19",
      "begin" : 179,
      "end" : 181,
      "text" : "療養",
      "whiteSpace" : false
    }, {
      "id" : "s2-t20",
      "begin" : 181,
      "end" : 182,
      "text" : "所",
      "whiteSpace" : false
    }, {
      "id" : "s2-t21",
      "begin" : 182,
      "end" : 183,
      "text" : "の",
      "whiteSpace" : false
    }, {
      "id" : "s2-t22",
      "begin" : 183,
      "end" : 185,
      "text" : "役割",
      "whiteSpace" : false
    }, {
      "id" : "s2-t23",
      "begin" : 185,
      "end" : 186,
      "text" : "を",
      "whiteSpace" : false
    }, {
      "id" : "s2-t24",
      "begin" : 186,
      "end" : 188,
      "text" : "担う",
      "whiteSpace" : false
    }, {
      "id" : "s2-t25",
      "begin" : 188,
      "end" : 190,
      "text" : "など",
      "whiteSpace" : false
    }, {
      "id" : "s2-t26",
      "begin" : 190,
      "end" : 191,
      "text" : "、",
      "whiteSpace" : false
    }, {
      "id" : "s2-t27",
      "begin" : 191,
      "end" : 195,
      "text" : "古くから",
      "whiteSpace" : false
    }, {
      "id" : "s2-t28",
      "begin" : 195,
      "end" : 197,
      "text" : "湯治",
      "whiteSpace" : false
    }, {
      "id" : "s2-t29",
      "begin" : 197,
      "end" : 198,
      "text" : "場",
      "whiteSpace" : false
    }, {
      "id" : "s2-t30",
      "begin" : 198,
      "end" : 199,
      "text" : "と",
      "whiteSpace" : false
    }, {
      "id" : "s2-t31",
      "begin" : 199,
      "end" : 201,
      "text" : "して",
      "whiteSpace" : false
    }, {
      "id" : "s2-t32",
      "begin" : 201,
      "end" : 203,
      "text" : "栄え",
      "whiteSpace" : false
    }, {
      "id" : "s2-t33",
      "begin" : 203,
      "end" : 204,
      "text" : "、",
      "whiteSpace" : false
    }, {
      "id" : "s2-t34",
      "begin" : 205,
      "end" : 206,
      "text" : "第",
      "whiteSpace" : false
    }, {
      "id" : "s2-t35",
      "begin" : 206,
      "end" : 207,
      "text" : "二",
      "whiteSpace" : false
    }, {
      "id" : "s2-t36",
      "begin" : 207,
      "end" : 208,
      "text" : "次",
      "whiteSpace" : false
    }, {
      "id" : "s2-t37",
      "begin" : 208,
      "end" : 210,
      "text" : "世界",
      "whiteSpace" : false
    }, {
      "id" : "s2-t38",
      "begin" : 210,
      "end" : 212,
      "text" : "大戦",
      "whiteSpace" : false
    }, {
      "id" : "s2-t39",
      "begin" : 212,
      "end" : 213,
      "text" : "時",
      "whiteSpace" : false
    }, {
      "id" : "s2-t40",
      "begin" : 213,
      "end" : 214,
      "text" : "に",
      "whiteSpace" : false
    }, {
      "id" : "s2-t41",
      "begin" : 214,
      "end" : 215,
      "text" : "は",
      "whiteSpace" : false
    }, {
      "id" : "s2-t42",
      "begin" : 215,
      "end" : 216,
      "text" : "、",
      "whiteSpace" : false
    }, {
      "id" : "s2-t43",
      "begin" : 216,
      "end" : 218,
      "text" : "帝国",
      "whiteSpace" : false
    }, {
      "id" : "s2-t44",
      "begin" : 218,
      "end" : 220,
      "text" : "陸軍",
      "whiteSpace" : false
    }, {
      "id" : "s2-t45",
      "begin" : 220,
      "end" : 222,
      "text" : "病院",
      "whiteSpace" : false
    }, {
      "id" : "s2-t46",
      "begin" : 222,
      "end" : 223,
      "text" : "の",
      "whiteSpace" : false
    }, {
      "id" : "s2-t47",
      "begin" : 223,
      "end" : 225,
      "text" : "分院",
      "whiteSpace" : false
    }, {
      "id" : "s2-t48",
      "begin" : 225,
      "end" : 226,
      "text" : "と",
      "whiteSpace" : false
    }, {
      "id" : "s2-t49",
      "begin" : 226,
      "end" : 228,
      "text" : "して",
      "whiteSpace" : false
    }, {
      "id" : "s2-t50",
      "begin" : 228,
      "end" : 230,
      "text" : "接収",
      "whiteSpace" : false
    }, {
      "id" : "s2-t51",
      "begin" : 230,
      "end" : 231,
      "text" : "さ",
      "whiteSpace" : false
    }, {
      "id" : "s2-t52",
      "begin" : 231,
      "end" : 232,
      "text" : "れ",
      "whiteSpace" : false
    }, {
      "id" : "s2-t53",
      "begin" : 232,
      "end" : 233,
      "text" : "、",
      "whiteSpace" : false
    }, {
      "id" : "s2-t54",
      "begin" : 233,
      "end" : 235,
      "text" : "傷病",
      "whiteSpace" : false
    }, {
      "id" : "s2-t55",
      "begin" : 235,
      "end" : 236,
      "text" : "兵",
      "whiteSpace" : false
    }, {
      "id" : "s2-t56",
      "begin" : 236,
      "end" : 237,
      "text" : "の",
      "whiteSpace" : false
    }, {
      "id" : "s2-t57",
      "begin" : 237,
      "end" : 239,
      "text" : "湯治",
      "whiteSpace" : false
    }, {
      "id" : "s2-t58",
      "begin" : 239,
      "end" : 240,
      "text" : "に",
      "whiteSpace" : false
    }, {
      "id" : "s2-t59",
      "begin" : 240,
      "end" : 242,
      "text" : "使わ",
      "whiteSpace" : false
    }, {
      "id" : "s2-t60",
      "begin" : 242,
      "end" : 244,
      "text" : "れた",
      "whiteSpace" : false
    }, {
      "id" : "s2-t61",
      "begin" : 244,
      "end" : 245,
      "text" : "。",
      "whiteSpace" : false
    } ]
  }, {
    "id" : "s3",
    "begin" : 245,
    "end" : 320,
    "text" : "農業は、梅ケ島地区の自然\n環境を活かし、お茶、ワサビ、しいたけが特産品となっており、内水面漁業も盛んで、鮎、山女魚等の川魚は名物として提供されている。",
    "tokens" : [ {
      "id" : "s3-t0",
      "begin" : 245,
      "end" : 247,
      "text" : "農業",
      "whiteSpace" : false
    }, {
      "id" : "s3-t1",
      "begin" : 247,
      "end" : 248,
      "text" : "は",
      "whiteSpace" : false
    }, {
      "id" : "s3-t2",
      "begin" : 248,
      "end" : 249,
      "text" : "、",
      "whiteSpace" : false
    }, {
      "id" : "s3-t3",
      "begin" : 249,
      "end" : 252,
      "text" : "梅ケ島",
      "whiteSpace" : false
    }, {
      "id" : "s3-t4",
      "begin" : 252,
      "end" : 254,
      "text" : "地区",
      "whiteSpace" : false
    }, {
      "id" : "s3-t5",
      "begin" : 254,
      "end" : 255,
      "text" : "の",
      "whiteSpace" : false
    }, {
      "id" : "s3-t6",
      "begin" : 255,
      "end" : 257,
      "text" : "自然",
      "whiteSpace" : false
    }, {
      "id" : "s3-t7",
      "begin" : 258,
      "end" : 260,
      "text" : "環境",
      "whiteSpace" : false
    }, {
      "id" : "s3-t8",
      "begin" : 260,
      "end" : 261,
      "text" : "を",
      "whiteSpace" : false
    }, {
      "id" : "s3-t9",
      "begin" : 261,
      "end" : 264,
      "text" : "活かし",
      "whiteSpace" : false
    }, {
      "id" : "s3-t10",
      "begin" : 264,
      "end" : 265,
      "text" : "、",
      "whiteSpace" : false
    }, {
      "id" : "s3-t11",
      "begin" : 265,
      "end" : 266,
      "text" : "お",
      "whiteSpace" : false
    }, {
      "id" : "s3-t12",
      "begin" : 266,
      "end" : 267,
      "text" : "茶",
      "whiteSpace" : false
    }, {
      "id" : "s3-t13",
      "begin" : 267,
      "end" : 268,
      "text" : "、",
      "whiteSpace" : false
    }, {
      "id" : "s3-t14",
      "begin" : 268,
      "end" : 271,
      "text" : "ワサビ",
      "whiteSpace" : false
    }, {
      "id" : "s3-t15",
      "begin" : 271,
      "end" : 272,
      "text" : "、",
      "whiteSpace" : false
    }, {
      "id" : "s3-t16",
      "begin" : 272,
      "end" : 276,
      "text" : "しいたけ",
      "whiteSpace" : false
    }, {
      "id" : "s3-t17",
      "begin" : 276,
      "end" : 277,
      "text" : "が",
      "whiteSpace" : false
    }, {
      "id" : "s3-t18",
      "begin" : 277,
      "end" : 279,
      "text" : "特産",
      "whiteSpace" : false
    }, {
      "id" : "s3-t19",
      "begin" : 279,
      "end" : 280,
      "text" : "品",
      "whiteSpace" : false
    }, {
      "id" : "s3-t20",
      "begin" : 280,
      "end" : 281,
      "text" : "と",
      "whiteSpace" : false
    }, {
      "id" : "s3-t21",
      "begin" : 281,
      "end" : 284,
      "text" : "なって",
      "whiteSpace" : false
    }, {
      "id" : "s3-t22",
      "begin" : 284,
      "end" : 286,
      "text" : "おり",
      "whiteSpace" : false
    }, {
      "id" : "s3-t23",
      "begin" : 286,
      "end" : 287,
      "text" : "、",
      "whiteSpace" : false
    }, {
      "id" : "s3-t24",
      "begin" : 287,
      "end" : 288,
      "text" : "内",
      "whiteSpace" : false
    }, {
      "id" : "s3-t25",
      "begin" : 288,
      "end" : 290,
      "text" : "水面",
      "whiteSpace" : false
    }, {
      "id" : "s3-t26",
      "begin" : 290,
      "end" : 292,
      "text" : "漁業",
      "whiteSpace" : false
    }, {
      "id" : "s3-t27",
      "begin" : 292,
      "end" : 293,
      "text" : "も",
      "whiteSpace" : false
    }, {
      "id" : "s3-t28",
      "begin" : 293,
      "end" : 296,
      "text" : "盛んで",
      "whiteSpace" : false
    }, {
      "id" : "s3-t29",
      "begin" : 296,
      "end" : 297,
      "text" : "、",
      "whiteSpace" : false
    }, {
      "id" : "s3-t30",
      "begin" : 297,
      "end" : 298,
      "text" : "鮎",
      "whiteSpace" : false
    }, {
      "id" : "s3-t31",
      "begin" : 298,
      "end" : 299,
      "text" : "、",
      "whiteSpace" : false
    }, {
      "id" : "s3-t32",
      "begin" : 299,
      "end" : 301,
      "text" : "山女",
      "whiteSpace" : false
    }, {
      "id" : "s3-t33",
      "begin" : 301,
      "end" : 302,
      "text" : "魚",
      "whiteSpace" : false
    }, {
      "id" : "s3-t34",
      "begin" : 302,
      "end" : 303,
      "text" : "等",
      "whiteSpace" : false
    }, {
      "id" : "s3-t35",
      "begin" : 303,
      "end" : 304,
      "text" : "の",
      "whiteSpace" : false
    }, {
      "id" : "s3-t36",
      "begin" : 304,
      "end" : 306,
      "text" : "川魚",
      "whiteSpace" : false
    }, {
      "id" : "s3-t37",
      "begin" : 306,
      "end" : 307,
      "text" : "は",
      "whiteSpace" : false
    }, {
      "id" : "s3-t38",
      "begin" : 307,
      "end" : 309,
      "text" : "名物",
      "whiteSpace" : false
    }, {
      "id" : "s3-t39",
      "begin" : 309,
      "end" : 310,
      "text" : "と",
      "whiteSpace" : false
    }, {
      "id" : "s3-t40",
      "begin" : 310,
      "end" : 312,
      "text" : "して",
      "whiteSpace" : false
    }, {
      "id" : "s3-t41",
      "begin" : 312,
      "end" : 314,
      "text" : "提供",
      "whiteSpace" : false
    }, {
      "id" : "s3-t42",
      "begin" : 314,
      "end" : 315,
      "text" : "さ",
      "whiteSpace" : false
    }, {
      "id" : "s3-t43",
      "begin" : 315,
      "end" : 317,
      "text" : "れて",
      "whiteSpace" : false
    }, {
      "id" : "s3-t44",
      "begin" : 317,
      "end" : 319,
      "text" : "いる",
      "whiteSpace" : false
    }, {
      "id" : "s3-t45",
      "begin" : 319,
      "end" : 320,
      "text" : "。",
      "whiteSpace" : false
    } ]
  }, {
    "id" : "s4",
    "begin" : 321,
    "end" : 545,
    "text" : "○泉質等\n主な泉質：ナトリウム－炭酸水素塩温泉・単純硫黄泉\n○今後の方針\n自然環境の保全、環境配慮に努めながら、良好な景観を創設し、湯治場としての療養機能に加え、スポーツや食による健康の促進、それらを統合した温泉地としてヘルスツーリズムの推進を目指し、周辺の自然と調和しつつ地域の歴史と文+B18化を活用し、観光、保養・休養を中心とした健康増進及び生涯学習の場として、来訪者にとってより魅力のある短期から中期の滞在型温泉郷を目指していくこととする。",
    "tokens" : [ {
      "id" : "s4-t0",
      "begin" : 321,
      "end" : 322,
      "text" : "○",
      "whiteSpace" : false
    }, {
      "id" : "s4-t1",
      "begin" : 322,
      "end" : 324,
      "text" : "泉質",
      "whiteSpace" : false
    }, {
      "id" : "s4-t2",
      "begin" : 324,
      "end" : 325,
      "text" : "等",
      "whiteSpace" : false
    }, {
      "id" : "s4-t3",
      "begin" : 326,
      "end" : 328,
      "text" : "主な",
      "whiteSpace" : false
    }, {
      "id" : "s4-t4",
      "begin" : 328,
      "end" : 330,
      "text" : "泉質",
      "whiteSpace" : false
    }, {
      "id" : "s4-t5",
      "begin" : 330,
      "end" : 331,
      "text" : "：",
      "whiteSpace" : false
    }, {
      "id" : "s4-t6",
      "begin" : 331,
      "end" : 336,
      "text" : "ナトリウム",
      "whiteSpace" : false
    }, {
      "id" : "s4-t7",
      "begin" : 336,
      "end" : 337,
      "text" : "－",
      "whiteSpace" : false
    }, {
      "id" : "s4-t8",
      "begin" : 337,
      "end" : 339,
      "text" : "炭酸",
      "whiteSpace" : false
    }, {
      "id" : "s4-t9",
      "begin" : 339,
      "end" : 341,
      "text" : "水素",
      "whiteSpace" : false
    }, {
      "id" : "s4-t10",
      "begin" : 341,
      "end" : 342,
      "text" : "塩",
      "whiteSpace" : false
    }, {
      "id" : "s4-t11",
      "begin" : 342,
      "end" : 344,
      "text" : "温泉",
      "whiteSpace" : false
    }, {
      "id" : "s4-t12",
      "begin" : 344,
      "end" : 345,
      "text" : "・",
      "whiteSpace" : false
    }, {
      "id" : "s4-t13",
      "begin" : 345,
      "end" : 348,
      "text" : "単純硫",
      "whiteSpace" : false
    }, {
      "id" : "s4-t14",
      "begin" : 348,
      "end" : 350,
      "text" : "黄泉",
      "whiteSpace" : false
    }, {
      "id" : "s4-t15",
      "begin" : 351,
      "end" : 352,
      "text" : "○",
      "whiteSpace" : false
    }, {
      "id" : "s4-t16",
      "begin" : 352,
      "end" : 354,
      "text" : "今後",
      "whiteSpace" : false
    }, {
      "id" : "s4-t17",
      "begin" : 354,
      "end" : 355,
      "text" : "の",
      "whiteSpace" : false
    }, {
      "id" : "s4-t18",
      "begin" : 355,
      "end" : 357,
      "text" : "方針",
      "whiteSpace" : false
    }, {
      "id" : "s4-t19",
      "begin" : 358,
      "end" : 360,
      "text" : "自然",
      "whiteSpace" : false
    }, {
      "id" : "s4-t20",
      "begin" : 360,
      "end" : 362,
      "text" : "環境",
      "whiteSpace" : false
    }, {
      "id" : "s4-t21",
      "begin" : 362,
      "end" : 363,
      "text" : "の",
      "whiteSpace" : false
    }, {
      "id" : "s4-t22",
      "begin" : 363,
      "end" : 365,
      "text" : "保全",
      "whiteSpace" : false
    }, {
      "id" : "s4-t23",
      "begin" : 365,
      "end" : 366,
      "text" : "、",
      "whiteSpace" : false
    }, {
      "id" : "s4-t24",
      "begin" : 366,
      "end" : 368,
      "text" : "環境",
      "whiteSpace" : false
    }, {
      "id" : "s4-t25",
      "begin" : 368,
      "end" : 370,
      "text" : "配慮",
      "whiteSpace" : false
    }, {
      "id" : "s4-t26",
      "begin" : 370,
      "end" : 371,
      "text" : "に",
      "whiteSpace" : false
    }, {
      "id" : "s4-t27",
      "begin" : 371,
      "end" : 373,
      "text" : "努め",
      "whiteSpace" : false
    }, {
      "id" : "s4-t28",
      "begin" : 373,
      "end" : 376,
      "text" : "ながら",
      "whiteSpace" : false
    }, {
      "id" : "s4-t29",
      "begin" : 376,
      "end" : 377,
      "text" : "、",
      "whiteSpace" : false
    }, {
      "id" : "s4-t30",
      "begin" : 377,
      "end" : 380,
      "text" : "良好な",
      "whiteSpace" : false
    }, {
      "id" : "s4-t31",
      "begin" : 380,
      "end" : 382,
      "text" : "景観",
      "whiteSpace" : false
    }, {
      "id" : "s4-t32",
      "begin" : 382,
      "end" : 383,
      "text" : "を",
      "whiteSpace" : false
    }, {
      "id" : "s4-t33",
      "begin" : 383,
      "end" : 385,
      "text" : "創設",
      "whiteSpace" : false
    }, {
      "id" : "s4-t34",
      "begin" : 385,
      "end" : 386,
      "text" : "し",
      "whiteSpace" : false
    }, {
      "id" : "s4-t35",
      "begin" : 386,
      "end" : 387,
      "text" : "、",
      "whiteSpace" : false
    }, {
      "id" : "s4-t36",
      "begin" : 387,
      "end" : 389,
      "text" : "湯治",
      "whiteSpace" : false
    }, {
      "id" : "s4-t37",
      "begin" : 389,
      "end" : 390,
      "text" : "場",
      "whiteSpace" : false
    }, {
      "id" : "s4-t38",
      "begin" : 390,
      "end" : 391,
      "text" : "と",
      "whiteSpace" : false
    }, {
      "id" : "s4-t39",
      "begin" : 391,
      "end" : 393,
      "text" : "して",
      "whiteSpace" : false
    }, {
      "id" : "s4-t40",
      "begin" : 393,
      "end" : 394,
      "text" : "の",
      "whiteSpace" : false
    }, {
      "id" : "s4-t41",
      "begin" : 394,
      "end" : 396,
      "text" : "療養",
      "whiteSpace" : false
    }, {
      "id" : "s4-t42",
      "begin" : 396,
      "end" : 398,
      "text" : "機能",
      "whiteSpace" : false
    }, {
      "id" : "s4-t43",
      "begin" : 398,
      "end" : 399,
      "text" : "に",
      "whiteSpace" : false
    }, {
      "id" : "s4-t44",
      "begin" : 399,
      "end" : 401,
      "text" : "加え",
      "whiteSpace" : false
    }, {
      "id" : "s4-t45",
      "begin" : 401,
      "end" : 402,
      "text" : "、",
      "whiteSpace" : false
    }, {
      "id" : "s4-t46",
      "begin" : 402,
      "end" : 406,
      "text" : "スポーツ",
      "whiteSpace" : false
    }, {
      "id" : "s4-t47",
      "begin" : 406,
      "end" : 407,
      "text" : "や",
      "whiteSpace" : false
    }, {
      "id" : "s4-t48",
      "begin" : 407,
      "end" : 408,
      "text" : "食",
      "whiteSpace" : false
    }, {
      "id" : "s4-t49",
      "begin" : 408,
      "end" : 409,
      "text" : "に",
      "whiteSpace" : false
    }, {
      "id" : "s4-t50",
      "begin" : 409,
      "end" : 411,
      "text" : "よる",
      "whiteSpace" : false
    }, {
      "id" : "s4-t51",
      "begin" : 411,
      "end" : 413,
      "text" : "健康",
      "whiteSpace" : false
    }, {
      "id" : "s4-t52",
      "begin" : 413,
      "end" : 414,
      "text" : "の",
      "whiteSpace" : false
    }, {
      "id" : "s4-t53",
      "begin" : 414,
      "end" : 416,
      "text" : "促進",
      "whiteSpace" : false
    }, {
      "id" : "s4-t54",
      "begin" : 416,
      "end" : 417,
      "text" : "、",
      "whiteSpace" : false
    }, {
      "id" : "s4-t55",
      "begin" : 417,
      "end" : 419,
      "text" : "それ",
      "whiteSpace" : false
    }, {
      "id" : "s4-t56",
      "begin" : 419,
      "end" : 420,
      "text" : "ら",
      "whiteSpace" : false
    }, {
      "id" : "s4-t57",
      "begin" : 420,
      "end" : 421,
      "text" : "を",
      "whiteSpace" : false
    }, {
      "id" : "s4-t58",
      "begin" : 421,
      "end" : 423,
      "text" : "統合",
      "whiteSpace" : false
    }, {
      "id" : "s4-t59",
      "begin" : 423,
      "end" : 425,
      "text" : "した",
      "whiteSpace" : false
    }, {
      "id" : "s4-t60",
      "begin" : 425,
      "end" : 427,
      "text" : "温泉",
      "whiteSpace" : false
    }, {
      "id" : "s4-t61",
      "begin" : 427,
      "end" : 428,
      "text" : "地",
      "whiteSpace" : false
    }, {
      "id" : "s4-t62",
      "begin" : 428,
      "end" : 429,
      "text" : "と",
      "whiteSpace" : false
    }, {
      "id" : "s4-t63",
      "begin" : 429,
      "end" : 431,
      "text" : "して",
      "whiteSpace" : false
    }, {
      "id" : "s4-t64",
      "begin" : 431,
      "end" : 434,
      "text" : "ヘルス",
      "whiteSpace" : false
    }, {
      "id" : "s4-t65",
      "begin" : 434,
      "end" : 439,
      "text" : "ツーリズム",
      "whiteSpace" : false
    }, {
      "id" : "s4-t66",
      "begin" : 439,
      "end" : 440,
      "text" : "の",
      "whiteSpace" : false
    }, {
      "id" : "s4-t67",
      "begin" : 440,
      "end" : 442,
      "text" : "推進",
      "whiteSpace" : false
    }, {
      "id" : "s4-t68",
      "begin" : 442,
      "end" : 443,
      "text" : "を",
      "whiteSpace" : false
    }, {
      "id" : "s4-t69",
      "begin" : 443,
      "end" : 446,
      "text" : "目指し",
      "whiteSpace" : false
    }, {
      "id" : "s4-t70",
      "begin" : 446,
      "end" : 447,
      "text" : "、",
      "whiteSpace" : false
    }, {
      "id" : "s4-t71",
      "begin" : 447,
      "end" : 449,
      "text" : "周辺",
      "whiteSpace" : false
    }, {
      "id" : "s4-t72",
      "begin" : 449,
      "end" : 450,
      "text" : "の",
      "whiteSpace" : false
    }, {
      "id" : "s4-t73",
      "begin" : 450,
      "end" : 452,
      "text" : "自然",
      "whiteSpace" : false
    }, {
      "id" : "s4-t74",
      "begin" : 452,
      "end" : 453,
      "text" : "と",
      "whiteSpace" : false
    }, {
      "id" : "s4-t75",
      "begin" : 453,
      "end" : 455,
      "text" : "調和",
      "whiteSpace" : false
    }, {
      "id" : "s4-t76",
      "begin" : 455,
      "end" : 456,
      "text" : "し",
      "whiteSpace" : false
    }, {
      "id" : "s4-t77",
      "begin" : 456,
      "end" : 458,
      "text" : "つつ",
      "whiteSpace" : false
    }, {
      "id" : "s4-t78",
      "begin" : 458,
      "end" : 460,
      "text" : "地域",
      "whiteSpace" : false
    }, {
      "id" : "s4-t79",
      "begin" : 460,
      "end" : 461,
      "text" : "の",
      "whiteSpace" : false
    }, {
      "id" : "s4-t80",
      "begin" : 461,
      "end" : 463,
      "text" : "歴史",
      "whiteSpace" : false
    }, {
      "id" : "s4-t81",
      "begin" : 463,
      "end" : 464,
      "text" : "と",
      "whiteSpace" : false
    }, {
      "id" : "s4-t82",
      "begin" : 464,
      "end" : 465,
      "text" : "文",
      "whiteSpace" : false
    }, {
      "id" : "s4-t83",
      "begin" : 465,
      "end" : 466,
      "text" : "+",
      "whiteSpace" : false
    }, {
      "id" : "s4-t84",
      "begin" : 466,
      "end" : 469,
      "text" : "B18",
      "whiteSpace" : false
    }, {
      "id" : "s4-t85",
      "begin" : 469,
      "end" : 470,
      "text" : "化",
      "whiteSpace" : false
    }, {
      "id" : "s4-t86",
      "begin" : 470,
      "end" : 471,
      "text" : "を",
      "whiteSpace" : false
    }, {
      "id" : "s4-t87",
      "begin" : 471,
      "end" : 473,
      "text" : "活用",
      "whiteSpace" : false
    }, {
      "id" : "s4-t88",
      "begin" : 473,
      "end" : 474,
      "text" : "し",
      "whiteSpace" : false
    }, {
      "id" : "s4-t89",
      "begin" : 474,
      "end" : 475,
      "text" : "、",
      "whiteSpace" : false
    }, {
      "id" : "s4-t90",
      "begin" : 475,
      "end" : 477,
      "text" : "観光",
      "whiteSpace" : false
    }, {
      "id" : "s4-t91",
      "begin" : 477,
      "end" : 478,
      "text" : "、",
      "whiteSpace" : false
    }, {
      "id" : "s4-t92",
      "begin" : 478,
      "end" : 480,
      "text" : "保養",
      "whiteSpace" : false
    }, {
      "id" : "s4-t93",
      "begin" : 480,
      "end" : 481,
      "text" : "・",
      "whiteSpace" : false
    }, {
      "id" : "s4-t94",
      "begin" : 481,
      "end" : 483,
      "text" : "休養",
      "whiteSpace" : false
    }, {
      "id" : "s4-t95",
      "begin" : 483,
      "end" : 484,
      "text" : "を",
      "whiteSpace" : false
    }, {
      "id" : "s4-t96",
      "begin" : 484,
      "end" : 486,
      "text" : "中心",
      "whiteSpace" : false
    }, {
      "id" : "s4-t97",
      "begin" : 486,
      "end" : 487,
      "text" : "と",
      "whiteSpace" : false
    }, {
      "id" : "s4-t98",
      "begin" : 487,
      "end" : 489,
      "text" : "した",
      "whiteSpace" : false
    }, {
      "id" : "s4-t99",
      "begin" : 489,
      "end" : 491,
      "text" : "健康",
      "whiteSpace" : false
    }, {
      "id" : "s4-t100",
      "begin" : 491,
      "end" : 493,
      "text" : "増進",
      "whiteSpace" : false
    }, {
      "id" : "s4-t101",
      "begin" : 493,
      "end" : 495,
      "text" : "及び",
      "whiteSpace" : false
    }, {
      "id" : "s4-t102",
      "begin" : 495,
      "end" : 497,
      "text" : "生涯",
      "whiteSpace" : false
    }, {
      "id" : "s4-t103",
      "begin" : 497,
      "end" : 499,
      "text" : "学習",
      "whiteSpace" : false
    }, {
      "id" : "s4-t104",
      "begin" : 499,
      "end" : 500,
      "text" : "の",
      "whiteSpace" : false
    }, {
      "id" : "s4-t105",
      "begin" : 500,
      "end" : 501,
      "text" : "場",
      "whiteSpace" : false
    }, {
      "id" : "s4-t106",
      "begin" : 501,
      "end" : 502,
      "text" : "と",
      "whiteSpace" : false
    }, {
      "id" : "s4-t107",
      "begin" : 502,
      "end" : 504,
      "text" : "して",
      "whiteSpace" : false
    }, {
      "id" : "s4-t108",
      "begin" : 504,
      "end" : 505,
      "text" : "、",
      "whiteSpace" : false
    }, {
      "id" : "s4-t109",
      "begin" : 505,
      "end" : 507,
      "text" : "来訪",
      "whiteSpace" : false
    }, {
      "id" : "s4-t110",
      "begin" : 507,
      "end" : 508,
      "text" : "者",
      "whiteSpace" : false
    }, {
      "id" : "s4-t111",
      "begin" : 508,
      "end" : 509,
      "text" : "に",
      "whiteSpace" : false
    }, {
      "id" : "s4-t112",
      "begin" : 509,
      "end" : 512,
      "text" : "とって",
      "whiteSpace" : false
    }, {
      "id" : "s4-t113",
      "begin" : 512,
      "end" : 514,
      "text" : "より",
      "whiteSpace" : false
    }, {
      "id" : "s4-t114",
      "begin" : 514,
      "end" : 516,
      "text" : "魅力",
      "whiteSpace" : false
    }, {
      "id" : "s4-t115",
      "begin" : 516,
      "end" : 517,
      "text" : "の",
      "whiteSpace" : false
    }, {
      "id" : "s4-t116",
      "begin" : 517,
      "end" : 519,
      "text" : "ある",
      "whiteSpace" : false
    }, {
      "id" : "s4-t117",
      "begin" : 519,
      "end" : 521,
      "text" : "短期",
      "whiteSpace" : false
    }, {
      "id" : "s4-t118",
      "begin" : 521,
      "end" : 523,
      "text" : "から",
      "whiteSpace" : false
    }, {
      "id" : "s4-t119",
      "begin" : 523,
      "end" : 525,
      "text" : "中期",
      "whiteSpace" : false
    }, {
      "id" : "s4-t120",
      "begin" : 525,
      "end" : 526,
      "text" : "の",
      "whiteSpace" : false
    }, {
      "id" : "s4-t121",
      "begin" : 526,
      "end" : 528,
      "text" : "滞在",
      "whiteSpace" : false
    }, {
      "id" : "s4-t122",
      "begin" : 528,
      "end" : 529,
      "text" : "型",
      "whiteSpace" : false
    }, {
      "id" : "s4-t123",
      "begin" : 529,
      "end" : 532,
      "text" : "温泉郷",
      "whiteSpace" : false
    }, {
      "id" : "s4-t124",
      "begin" : 532,
      "end" : 533,
      "text" : "を",
      "whiteSpace" : false
    }, {
      "id" : "s4-t125",
      "begin" : 533,
      "end" : 537,
      "text" : "目指して",
      "whiteSpace" : false
    }, {
      "id" : "s4-t126",
      "begin" : 537,
      "end" : 539,
      "text" : "いく",
      "whiteSpace" : false
    }, {
      "id" : "s4-t127",
      "begin" : 539,
      "end" : 541,
      "text" : "こと",
      "whiteSpace" : false
    }, {
      "id" : "s4-t128",
      "begin" : 541,
      "end" : 542,
      "text" : "と",
      "whiteSpace" : false
    }, {
      "id" : "s4-t129",
      "begin" : 542,
      "end" : 544,
      "text" : "する",
      "whiteSpace" : false
    }, {
      "id" : "s4-t130",
      "begin" : 544,
      "end" : 545,
      "text" : "。",
      "whiteSpace" : false
    } ]
  } ],
  "mentions" : [ {
    "id" : "s0-m1",
    "properties" : {
      "SIRE_MENTION_ROLE" : "ONSEN",
      "SIRE_ENTITY_SUBTYPE" : "NONE",
      "SIRE_MENTION_TYPE" : "NONE",
      "SIRE_MENTION_CLASS" : "SPC"
    },
    "type" : "ONSEN",
    "begin" : 0,
    "end" : 6,
    "inCoref" : false
  }, {
    "id" : "s4-m2",
    "properties" : {
      "SIRE_MENTION_ROLE" : "Sensitsu",
      "SIRE_ENTITY_SUBTYPE" : "NONE",
      "SIRE_MENTION_TYPE" : "NONE",
      "SIRE_MENTION_CLASS" : "SPC"
    },
    "type" : "Sensitsu",
    "begin" : 331,
    "end" : 344,
    "inCoref" : false
  }, {
    "id" : "s4-m3",
    "properties" : {
      "SIRE_MENTION_ROLE" : "Sensitsu",
      "SIRE_ENTITY_SUBTYPE" : "NONE",
      "SIRE_MENTION_TYPE" : "NONE",
      "SIRE_MENTION_CLASS" : "SPC"
    },
    "type" : "Sensitsu",
    "begin" : 345,
    "end" : 350,
    "inCoref" : false
  } ],
  "relations" : [ ],
  "corefs" : [ ],
  "typeResolved" : true,
  "userResolved" : false
}