{
  "id" : "5ae7cfb0-d149-11e9-ad4b-c984733d60b0-3",
  "name" : "3_田沢湖高原温泉郷 国民保養温泉地計画書",
  "createdDate" : 0,
  "version" : 3,
  "text" : "大釜温泉 86.0 80.6含鉄‐単純酸化泉\n鶴の湯 39.4 80.0 ナトリウム ‐塩化物・ 炭酸水素塩 泉 自然湧出",
  "docLength" : 0,
  "language" : "JA",
  "status" : "IN_PROGRESS",
  "modifiedDate" : 1567849223246,
  "documentSet" : [ ],
  "preannotation" : [ "PRE_LW" ],
  "sentences" : [ {
    "id" : "s0",
    "begin" : 0,
    "end" : 61,
    "text" : "大釜温泉 86.0 80.6含鉄‐単純酸化泉\n鶴の湯 39.4 80.0 ナトリウム ‐塩化物・ 炭酸水素塩 泉 自然湧出",
    "tokens" : [ {
      "id" : "s0-t0",
      "begin" : 0,
      "end" : 2,
      "text" : "大釜",
      "whiteSpace" : false
    }, {
      "id" : "s0-t1",
      "begin" : 2,
      "end" : 4,
      "text" : "温泉",
      "whiteSpace" : false
    }, {
      "id" : "s0-t2",
      "begin" : 5,
      "end" : 9,
      "text" : "86.0",
      "whiteSpace" : false
    }, {
      "id" : "s0-t3",
      "begin" : 10,
      "end" : 14,
      "text" : "80.6",
      "whiteSpace" : false
    }, {
      "id" : "s0-t4",
      "begin" : 14,
      "end" : 16,
      "text" : "含鉄",
      "whiteSpace" : false
    }, {
      "id" : "s0-t5",
      "begin" : 16,
      "end" : 17,
      "text" : "‐",
      "whiteSpace" : false
    }, {
      "id" : "s0-t6",
      "begin" : 17,
      "end" : 19,
      "text" : "単純",
      "whiteSpace" : false
    }, {
      "id" : "s0-t7",
      "begin" : 19,
      "end" : 21,
      "text" : "酸化",
      "whiteSpace" : false
    }, {
      "id" : "s0-t8",
      "begin" : 21,
      "end" : 22,
      "text" : "泉",
      "whiteSpace" : false
    }, {
      "id" : "s0-t9",
      "begin" : 23,
      "end" : 24,
      "text" : "鶴",
      "whiteSpace" : false
    }, {
      "id" : "s0-t10",
      "begin" : 24,
      "end" : 25,
      "text" : "の",
      "whiteSpace" : false
    }, {
      "id" : "s0-t11",
      "begin" : 25,
      "end" : 26,
      "text" : "湯",
      "whiteSpace" : false
    }, {
      "id" : "s0-t12",
      "begin" : 27,
      "end" : 31,
      "text" : "39.4",
      "whiteSpace" : false
    }, {
      "id" : "s0-t13",
      "begin" : 32,
      "end" : 36,
      "text" : "80.0",
      "whiteSpace" : false
    }, {
      "id" : "s0-t14",
      "begin" : 37,
      "end" : 42,
      "text" : "ナトリウム",
      "whiteSpace" : false
    }, {
      "id" : "s0-t15",
      "begin" : 43,
      "end" : 44,
      "text" : "‐",
      "whiteSpace" : false
    }, {
      "id" : "s0-t16",
      "begin" : 44,
      "end" : 46,
      "text" : "塩化",
      "whiteSpace" : false
    }, {
      "id" : "s0-t17",
      "begin" : 46,
      "end" : 47,
      "text" : "物",
      "whiteSpace" : false
    }, {
      "id" : "s0-t18",
      "begin" : 47,
      "end" : 48,
      "text" : "・",
      "whiteSpace" : false
    }, {
      "id" : "s0-t19",
      "begin" : 49,
      "end" : 51,
      "text" : "炭酸",
      "whiteSpace" : false
    }, {
      "id" : "s0-t20",
      "begin" : 51,
      "end" : 53,
      "text" : "水素",
      "whiteSpace" : false
    }, {
      "id" : "s0-t21",
      "begin" : 53,
      "end" : 54,
      "text" : "塩",
      "whiteSpace" : false
    }, {
      "id" : "s0-t22",
      "begin" : 55,
      "end" : 56,
      "text" : "泉",
      "whiteSpace" : false
    }, {
      "id" : "s0-t23",
      "begin" : 57,
      "end" : 59,
      "text" : "自然",
      "whiteSpace" : false
    }, {
      "id" : "s0-t24",
      "begin" : 59,
      "end" : 61,
      "text" : "湧出",
      "whiteSpace" : false
    } ]
  } ],
  "mentions" : [ {
    "id" : "s0-m1",
    "properties" : {
      "SIRE_MENTION_ROLE" : "ONSEN",
      "SIRE_ENTITY_SUBTYPE" : "NONE",
      "SIRE_MENTION_TYPE" : "NONE",
      "SIRE_MENTION_CLASS" : "SPC"
    },
    "type" : "ONSEN",
    "begin" : 0,
    "end" : 4,
    "inCoref" : false
  }, {
    "id" : "s0-m3",
    "properties" : {
      "SIRE_MENTION_ROLE" : "Sensitsu",
      "SIRE_ENTITY_SUBTYPE" : "NONE",
      "SIRE_MENTION_TYPE" : "NONE",
      "SIRE_MENTION_CLASS" : "SPC"
    },
    "type" : "Sensitsu",
    "begin" : 14,
    "end" : 22,
    "inCoref" : false
  }, {
    "id" : "s0-m2",
    "properties" : {
      "SIRE_MENTION_ROLE" : "ONSEN",
      "SIRE_ENTITY_SUBTYPE" : "NONE",
      "SIRE_MENTION_TYPE" : "NONE",
      "SIRE_MENTION_CLASS" : "SPC"
    },
    "type" : "ONSEN",
    "begin" : 23,
    "end" : 26,
    "inCoref" : false
  }, {
    "id" : "s0-m4",
    "properties" : {
      "SIRE_MENTION_ROLE" : "Sensitsu",
      "SIRE_ENTITY_SUBTYPE" : "NONE",
      "SIRE_MENTION_TYPE" : "NONE",
      "SIRE_MENTION_CLASS" : "SPC"
    },
    "type" : "Sensitsu",
    "begin" : 37,
    "end" : 56,
    "inCoref" : false
  } ],
  "relations" : [ {
    "id" : "s0-r1",
    "properties" : { },
    "type" : "hasAttribute",
    "args" : [ "s0-m1", "s0-m3" ]
  }, {
    "id" : "s0-r2",
    "properties" : { },
    "type" : "hasAttribute",
    "args" : [ "s0-m2", "s0-m4" ]
  } ],
  "corefs" : [ ],
  "typeResolved" : true,
  "userResolved" : false
}