{
  "id" : "5ae7cfb0-d149-11e9-ad4b-c984733d60b0-1",
  "name" : "1_田沢湖高原温泉郷 国民保養温泉地計画書",
  "createdDate" : 0,
  "version" : 3,
  "text" : "乳頭温泉は、黒湯、孫六、大釜、妙乃湯、蟹場、鶴の湯、休暇村が点在し、古くから湯治客主体の温泉郷として知られている。昭和３６年に国民体育大会秋季大会登山部門が乳頭山及び秋田駒ヶ岳を会場に開催されたのを契機に、湯治客専用の客室のほか旅館部を設けるなど一般観光客の受入体制の充実を図り、「国民休暇村」の誘致により全国１２番目の国民休暇村として指定された。その後、宿泊施設及び\n園地等の整備が行われ「乳頭山麓国民休暇村」として開業し、これと平行して各温泉においても施設整備が図られ、現在は自然豊かな温泉保養地として人気を博し全国から多くの湯治客が訪れている。",
  "docLength" : 0,
  "language" : "JA",
  "status" : "IN_PROGRESS",
  "modifiedDate" : 1567845072464,
  "documentSet" : [ ],
  "preannotation" : [ "PRE_LW" ],
  "sentences" : [ {
    "id" : "s0",
    "begin" : 0,
    "end" : 57,
    "text" : "乳頭温泉は、黒湯、孫六、大釜、妙乃湯、蟹場、鶴の湯、休暇村が点在し、古くから湯治客主体の温泉郷として知られている。",
    "tokens" : [ {
      "id" : "s0-t0",
      "begin" : 0,
      "end" : 2,
      "text" : "乳頭",
      "whiteSpace" : false
    }, {
      "id" : "s0-t1",
      "begin" : 2,
      "end" : 4,
      "text" : "温泉",
      "whiteSpace" : false
    }, {
      "id" : "s0-t2",
      "begin" : 4,
      "end" : 5,
      "text" : "は",
      "whiteSpace" : false
    }, {
      "id" : "s0-t3",
      "begin" : 5,
      "end" : 6,
      "text" : "、",
      "whiteSpace" : false
    }, {
      "id" : "s0-t4",
      "begin" : 6,
      "end" : 8,
      "text" : "黒湯",
      "whiteSpace" : false
    }, {
      "id" : "s0-t5",
      "begin" : 8,
      "end" : 9,
      "text" : "、",
      "whiteSpace" : false
    }, {
      "id" : "s0-t6",
      "begin" : 9,
      "end" : 11,
      "text" : "孫六",
      "whiteSpace" : false
    }, {
      "id" : "s0-t7",
      "begin" : 11,
      "end" : 12,
      "text" : "、",
      "whiteSpace" : false
    }, {
      "id" : "s0-t8",
      "begin" : 12,
      "end" : 14,
      "text" : "大釜",
      "whiteSpace" : false
    }, {
      "id" : "s0-t9",
      "begin" : 14,
      "end" : 15,
      "text" : "、",
      "whiteSpace" : false
    }, {
      "id" : "s0-t10",
      "begin" : 15,
      "end" : 18,
      "text" : "妙乃湯",
      "whiteSpace" : false
    }, {
      "id" : "s0-t11",
      "begin" : 18,
      "end" : 19,
      "text" : "、",
      "whiteSpace" : false
    }, {
      "id" : "s0-t12",
      "begin" : 19,
      "end" : 21,
      "text" : "蟹場",
      "whiteSpace" : false
    }, {
      "id" : "s0-t13",
      "begin" : 21,
      "end" : 22,
      "text" : "、",
      "whiteSpace" : false
    }, {
      "id" : "s0-t14",
      "begin" : 22,
      "end" : 23,
      "text" : "鶴",
      "whiteSpace" : false
    }, {
      "id" : "s0-t15",
      "begin" : 23,
      "end" : 24,
      "text" : "の",
      "whiteSpace" : false
    }, {
      "id" : "s0-t16",
      "begin" : 24,
      "end" : 25,
      "text" : "湯",
      "whiteSpace" : false
    }, {
      "id" : "s0-t17",
      "begin" : 25,
      "end" : 26,
      "text" : "、",
      "whiteSpace" : false
    }, {
      "id" : "s0-t18",
      "begin" : 26,
      "end" : 28,
      "text" : "休暇",
      "whiteSpace" : false
    }, {
      "id" : "s0-t19",
      "begin" : 28,
      "end" : 29,
      "text" : "村",
      "whiteSpace" : false
    }, {
      "id" : "s0-t20",
      "begin" : 29,
      "end" : 30,
      "text" : "が",
      "whiteSpace" : false
    }, {
      "id" : "s0-t21",
      "begin" : 30,
      "end" : 32,
      "text" : "点在",
      "whiteSpace" : false
    }, {
      "id" : "s0-t22",
      "begin" : 32,
      "end" : 33,
      "text" : "し",
      "whiteSpace" : false
    }, {
      "id" : "s0-t23",
      "begin" : 33,
      "end" : 34,
      "text" : "、",
      "whiteSpace" : false
    }, {
      "id" : "s0-t24",
      "begin" : 34,
      "end" : 38,
      "text" : "古くから",
      "whiteSpace" : false
    }, {
      "id" : "s0-t25",
      "begin" : 38,
      "end" : 40,
      "text" : "湯治",
      "whiteSpace" : false
    }, {
      "id" : "s0-t26",
      "begin" : 40,
      "end" : 41,
      "text" : "客",
      "whiteSpace" : false
    }, {
      "id" : "s0-t27",
      "begin" : 41,
      "end" : 43,
      "text" : "主体",
      "whiteSpace" : false
    }, {
      "id" : "s0-t28",
      "begin" : 43,
      "end" : 44,
      "text" : "の",
      "whiteSpace" : false
    }, {
      "id" : "s0-t29",
      "begin" : 44,
      "end" : 47,
      "text" : "温泉郷",
      "whiteSpace" : false
    }, {
      "id" : "s0-t30",
      "begin" : 47,
      "end" : 48,
      "text" : "と",
      "whiteSpace" : false
    }, {
      "id" : "s0-t31",
      "begin" : 48,
      "end" : 50,
      "text" : "して",
      "whiteSpace" : false
    }, {
      "id" : "s0-t32",
      "begin" : 50,
      "end" : 52,
      "text" : "知ら",
      "whiteSpace" : false
    }, {
      "id" : "s0-t33",
      "begin" : 52,
      "end" : 54,
      "text" : "れて",
      "whiteSpace" : false
    }, {
      "id" : "s0-t34",
      "begin" : 54,
      "end" : 56,
      "text" : "いる",
      "whiteSpace" : false
    }, {
      "id" : "s0-t35",
      "begin" : 56,
      "end" : 57,
      "text" : "。",
      "whiteSpace" : false
    } ]
  }, {
    "id" : "s1",
    "begin" : 57,
    "end" : 174,
    "text" : "昭和３６年に国民体育大会秋季大会登山部門が乳頭山及び秋田駒ヶ岳を会場に開催されたのを契機に、湯治客専用の客室のほか旅館部を設けるなど一般観光客の受入体制の充実を図り、「国民休暇村」の誘致により全国１２番目の国民休暇村として指定された。",
    "tokens" : [ {
      "id" : "s1-t0",
      "begin" : 57,
      "end" : 59,
      "text" : "昭和",
      "whiteSpace" : false
    }, {
      "id" : "s1-t1",
      "begin" : 59,
      "end" : 61,
      "text" : "３６",
      "whiteSpace" : false
    }, {
      "id" : "s1-t2",
      "begin" : 61,
      "end" : 62,
      "text" : "年",
      "whiteSpace" : false
    }, {
      "id" : "s1-t3",
      "begin" : 62,
      "end" : 63,
      "text" : "に",
      "whiteSpace" : false
    }, {
      "id" : "s1-t4",
      "begin" : 63,
      "end" : 65,
      "text" : "国民",
      "whiteSpace" : false
    }, {
      "id" : "s1-t5",
      "begin" : 65,
      "end" : 67,
      "text" : "体育",
      "whiteSpace" : false
    }, {
      "id" : "s1-t6",
      "begin" : 67,
      "end" : 69,
      "text" : "大会",
      "whiteSpace" : false
    }, {
      "id" : "s1-t7",
      "begin" : 69,
      "end" : 71,
      "text" : "秋季",
      "whiteSpace" : false
    }, {
      "id" : "s1-t8",
      "begin" : 71,
      "end" : 73,
      "text" : "大会",
      "whiteSpace" : false
    }, {
      "id" : "s1-t9",
      "begin" : 73,
      "end" : 75,
      "text" : "登山",
      "whiteSpace" : false
    }, {
      "id" : "s1-t10",
      "begin" : 75,
      "end" : 77,
      "text" : "部門",
      "whiteSpace" : false
    }, {
      "id" : "s1-t11",
      "begin" : 77,
      "end" : 78,
      "text" : "が",
      "whiteSpace" : false
    }, {
      "id" : "s1-t12",
      "begin" : 78,
      "end" : 81,
      "text" : "乳頭山",
      "whiteSpace" : false
    }, {
      "id" : "s1-t13",
      "begin" : 81,
      "end" : 83,
      "text" : "及び",
      "whiteSpace" : false
    }, {
      "id" : "s1-t14",
      "begin" : 83,
      "end" : 85,
      "text" : "秋田",
      "whiteSpace" : false
    }, {
      "id" : "s1-t15",
      "begin" : 85,
      "end" : 86,
      "text" : "駒",
      "whiteSpace" : false
    }, {
      "id" : "s1-t16",
      "begin" : 86,
      "end" : 88,
      "text" : "ヶ岳",
      "whiteSpace" : false
    }, {
      "id" : "s1-t17",
      "begin" : 88,
      "end" : 89,
      "text" : "を",
      "whiteSpace" : false
    }, {
      "id" : "s1-t18",
      "begin" : 89,
      "end" : 91,
      "text" : "会場",
      "whiteSpace" : false
    }, {
      "id" : "s1-t19",
      "begin" : 91,
      "end" : 92,
      "text" : "に",
      "whiteSpace" : false
    }, {
      "id" : "s1-t20",
      "begin" : 92,
      "end" : 94,
      "text" : "開催",
      "whiteSpace" : false
    }, {
      "id" : "s1-t21",
      "begin" : 94,
      "end" : 95,
      "text" : "さ",
      "whiteSpace" : false
    }, {
      "id" : "s1-t22",
      "begin" : 95,
      "end" : 97,
      "text" : "れた",
      "whiteSpace" : false
    }, {
      "id" : "s1-t23",
      "begin" : 97,
      "end" : 98,
      "text" : "の",
      "whiteSpace" : false
    }, {
      "id" : "s1-t24",
      "begin" : 98,
      "end" : 99,
      "text" : "を",
      "whiteSpace" : false
    }, {
      "id" : "s1-t25",
      "begin" : 99,
      "end" : 101,
      "text" : "契機",
      "whiteSpace" : false
    }, {
      "id" : "s1-t26",
      "begin" : 101,
      "end" : 102,
      "text" : "に",
      "whiteSpace" : false
    }, {
      "id" : "s1-t27",
      "begin" : 102,
      "end" : 103,
      "text" : "、",
      "whiteSpace" : false
    }, {
      "id" : "s1-t28",
      "begin" : 103,
      "end" : 105,
      "text" : "湯治",
      "whiteSpace" : false
    }, {
      "id" : "s1-t29",
      "begin" : 105,
      "end" : 106,
      "text" : "客",
      "whiteSpace" : false
    }, {
      "id" : "s1-t30",
      "begin" : 106,
      "end" : 108,
      "text" : "専用",
      "whiteSpace" : false
    }, {
      "id" : "s1-t31",
      "begin" : 108,
      "end" : 109,
      "text" : "の",
      "whiteSpace" : false
    }, {
      "id" : "s1-t32",
      "begin" : 109,
      "end" : 111,
      "text" : "客室",
      "whiteSpace" : false
    }, {
      "id" : "s1-t33",
      "begin" : 111,
      "end" : 112,
      "text" : "の",
      "whiteSpace" : false
    }, {
      "id" : "s1-t34",
      "begin" : 112,
      "end" : 114,
      "text" : "ほか",
      "whiteSpace" : false
    }, {
      "id" : "s1-t35",
      "begin" : 114,
      "end" : 116,
      "text" : "旅館",
      "whiteSpace" : false
    }, {
      "id" : "s1-t36",
      "begin" : 116,
      "end" : 117,
      "text" : "部",
      "whiteSpace" : false
    }, {
      "id" : "s1-t37",
      "begin" : 117,
      "end" : 118,
      "text" : "を",
      "whiteSpace" : false
    }, {
      "id" : "s1-t38",
      "begin" : 118,
      "end" : 121,
      "text" : "設ける",
      "whiteSpace" : false
    }, {
      "id" : "s1-t39",
      "begin" : 121,
      "end" : 123,
      "text" : "など",
      "whiteSpace" : false
    }, {
      "id" : "s1-t40",
      "begin" : 123,
      "end" : 125,
      "text" : "一般",
      "whiteSpace" : false
    }, {
      "id" : "s1-t41",
      "begin" : 125,
      "end" : 127,
      "text" : "観光",
      "whiteSpace" : false
    }, {
      "id" : "s1-t42",
      "begin" : 127,
      "end" : 128,
      "text" : "客",
      "whiteSpace" : false
    }, {
      "id" : "s1-t43",
      "begin" : 128,
      "end" : 129,
      "text" : "の",
      "whiteSpace" : false
    }, {
      "id" : "s1-t44",
      "begin" : 129,
      "end" : 131,
      "text" : "受入",
      "whiteSpace" : false
    }, {
      "id" : "s1-t45",
      "begin" : 131,
      "end" : 133,
      "text" : "体制",
      "whiteSpace" : false
    }, {
      "id" : "s1-t46",
      "begin" : 133,
      "end" : 134,
      "text" : "の",
      "whiteSpace" : false
    }, {
      "id" : "s1-t47",
      "begin" : 134,
      "end" : 136,
      "text" : "充実",
      "whiteSpace" : false
    }, {
      "id" : "s1-t48",
      "begin" : 136,
      "end" : 137,
      "text" : "を",
      "whiteSpace" : false
    }, {
      "id" : "s1-t49",
      "begin" : 137,
      "end" : 139,
      "text" : "図り",
      "whiteSpace" : false
    }, {
      "id" : "s1-t50",
      "begin" : 139,
      "end" : 140,
      "text" : "、",
      "whiteSpace" : false
    }, {
      "id" : "s1-t51",
      "begin" : 140,
      "end" : 141,
      "text" : "「",
      "whiteSpace" : false
    }, {
      "id" : "s1-t52",
      "begin" : 141,
      "end" : 143,
      "text" : "国民",
      "whiteSpace" : false
    }, {
      "id" : "s1-t53",
      "begin" : 143,
      "end" : 145,
      "text" : "休暇",
      "whiteSpace" : false
    }, {
      "id" : "s1-t54",
      "begin" : 145,
      "end" : 146,
      "text" : "村",
      "whiteSpace" : false
    }, {
      "id" : "s1-t55",
      "begin" : 146,
      "end" : 147,
      "text" : "」",
      "whiteSpace" : false
    }, {
      "id" : "s1-t56",
      "begin" : 147,
      "end" : 148,
      "text" : "の",
      "whiteSpace" : false
    }, {
      "id" : "s1-t57",
      "begin" : 148,
      "end" : 150,
      "text" : "誘致",
      "whiteSpace" : false
    }, {
      "id" : "s1-t58",
      "begin" : 150,
      "end" : 151,
      "text" : "に",
      "whiteSpace" : false
    }, {
      "id" : "s1-t59",
      "begin" : 151,
      "end" : 153,
      "text" : "より",
      "whiteSpace" : false
    }, {
      "id" : "s1-t60",
      "begin" : 153,
      "end" : 155,
      "text" : "全国",
      "whiteSpace" : false
    }, {
      "id" : "s1-t61",
      "begin" : 155,
      "end" : 157,
      "text" : "１２",
      "whiteSpace" : false
    }, {
      "id" : "s1-t62",
      "begin" : 157,
      "end" : 158,
      "text" : "番",
      "whiteSpace" : false
    }, {
      "id" : "s1-t63",
      "begin" : 158,
      "end" : 159,
      "text" : "目",
      "whiteSpace" : false
    }, {
      "id" : "s1-t64",
      "begin" : 159,
      "end" : 160,
      "text" : "の",
      "whiteSpace" : false
    }, {
      "id" : "s1-t65",
      "begin" : 160,
      "end" : 162,
      "text" : "国民",
      "whiteSpace" : false
    }, {
      "id" : "s1-t66",
      "begin" : 162,
      "end" : 164,
      "text" : "休暇",
      "whiteSpace" : false
    }, {
      "id" : "s1-t67",
      "begin" : 164,
      "end" : 165,
      "text" : "村",
      "whiteSpace" : false
    }, {
      "id" : "s1-t68",
      "begin" : 165,
      "end" : 166,
      "text" : "と",
      "whiteSpace" : false
    }, {
      "id" : "s1-t69",
      "begin" : 166,
      "end" : 168,
      "text" : "して",
      "whiteSpace" : false
    }, {
      "id" : "s1-t70",
      "begin" : 168,
      "end" : 170,
      "text" : "指定",
      "whiteSpace" : false
    }, {
      "id" : "s1-t71",
      "begin" : 170,
      "end" : 171,
      "text" : "さ",
      "whiteSpace" : false
    }, {
      "id" : "s1-t72",
      "begin" : 171,
      "end" : 173,
      "text" : "れた",
      "whiteSpace" : false
    }, {
      "id" : "s1-t73",
      "begin" : 173,
      "end" : 174,
      "text" : "。",
      "whiteSpace" : false
    } ]
  }, {
    "id" : "s2",
    "begin" : 174,
    "end" : 275,
    "text" : "その後、宿泊施設及び\n園地等の整備が行われ「乳頭山麓国民休暇村」として開業し、これと平行して各温泉においても施設整備が図られ、現在は自然豊かな温泉保養地として人気を博し全国から多くの湯治客が訪れている。",
    "tokens" : [ {
      "id" : "s2-t0",
      "begin" : 174,
      "end" : 177,
      "text" : "その後",
      "whiteSpace" : false
    }, {
      "id" : "s2-t1",
      "begin" : 177,
      "end" : 178,
      "text" : "、",
      "whiteSpace" : false
    }, {
      "id" : "s2-t2",
      "begin" : 178,
      "end" : 180,
      "text" : "宿泊",
      "whiteSpace" : false
    }, {
      "id" : "s2-t3",
      "begin" : 180,
      "end" : 182,
      "text" : "施設",
      "whiteSpace" : false
    }, {
      "id" : "s2-t4",
      "begin" : 182,
      "end" : 184,
      "text" : "及び",
      "whiteSpace" : false
    }, {
      "id" : "s2-t5",
      "begin" : 185,
      "end" : 187,
      "text" : "園地",
      "whiteSpace" : false
    }, {
      "id" : "s2-t6",
      "begin" : 187,
      "end" : 188,
      "text" : "等",
      "whiteSpace" : false
    }, {
      "id" : "s2-t7",
      "begin" : 188,
      "end" : 189,
      "text" : "の",
      "whiteSpace" : false
    }, {
      "id" : "s2-t8",
      "begin" : 189,
      "end" : 191,
      "text" : "整備",
      "whiteSpace" : false
    }, {
      "id" : "s2-t9",
      "begin" : 191,
      "end" : 192,
      "text" : "が",
      "whiteSpace" : false
    }, {
      "id" : "s2-t10",
      "begin" : 192,
      "end" : 194,
      "text" : "行わ",
      "whiteSpace" : false
    }, {
      "id" : "s2-t11",
      "begin" : 194,
      "end" : 195,
      "text" : "れ",
      "whiteSpace" : false
    }, {
      "id" : "s2-t12",
      "begin" : 195,
      "end" : 196,
      "text" : "「",
      "whiteSpace" : false
    }, {
      "id" : "s2-t13",
      "begin" : 196,
      "end" : 198,
      "text" : "乳頭",
      "whiteSpace" : false
    }, {
      "id" : "s2-t14",
      "begin" : 198,
      "end" : 200,
      "text" : "山麓",
      "whiteSpace" : false
    }, {
      "id" : "s2-t15",
      "begin" : 200,
      "end" : 202,
      "text" : "国民",
      "whiteSpace" : false
    }, {
      "id" : "s2-t16",
      "begin" : 202,
      "end" : 204,
      "text" : "休暇",
      "whiteSpace" : false
    }, {
      "id" : "s2-t17",
      "begin" : 204,
      "end" : 205,
      "text" : "村",
      "whiteSpace" : false
    }, {
      "id" : "s2-t18",
      "begin" : 205,
      "end" : 206,
      "text" : "」",
      "whiteSpace" : false
    }, {
      "id" : "s2-t19",
      "begin" : 206,
      "end" : 207,
      "text" : "と",
      "whiteSpace" : false
    }, {
      "id" : "s2-t20",
      "begin" : 207,
      "end" : 209,
      "text" : "して",
      "whiteSpace" : false
    }, {
      "id" : "s2-t21",
      "begin" : 209,
      "end" : 211,
      "text" : "開業",
      "whiteSpace" : false
    }, {
      "id" : "s2-t22",
      "begin" : 211,
      "end" : 212,
      "text" : "し",
      "whiteSpace" : false
    }, {
      "id" : "s2-t23",
      "begin" : 212,
      "end" : 213,
      "text" : "、",
      "whiteSpace" : false
    }, {
      "id" : "s2-t24",
      "begin" : 213,
      "end" : 215,
      "text" : "これ",
      "whiteSpace" : false
    }, {
      "id" : "s2-t25",
      "begin" : 215,
      "end" : 216,
      "text" : "と",
      "whiteSpace" : false
    }, {
      "id" : "s2-t26",
      "begin" : 216,
      "end" : 218,
      "text" : "平行",
      "whiteSpace" : false
    }, {
      "id" : "s2-t27",
      "begin" : 218,
      "end" : 220,
      "text" : "して",
      "whiteSpace" : false
    }, {
      "id" : "s2-t28",
      "begin" : 220,
      "end" : 221,
      "text" : "各",
      "whiteSpace" : false
    }, {
      "id" : "s2-t29",
      "begin" : 221,
      "end" : 223,
      "text" : "温泉",
      "whiteSpace" : false
    }, {
      "id" : "s2-t30",
      "begin" : 223,
      "end" : 224,
      "text" : "に",
      "whiteSpace" : false
    }, {
      "id" : "s2-t31",
      "begin" : 224,
      "end" : 227,
      "text" : "おいて",
      "whiteSpace" : false
    }, {
      "id" : "s2-t32",
      "begin" : 227,
      "end" : 228,
      "text" : "も",
      "whiteSpace" : false
    }, {
      "id" : "s2-t33",
      "begin" : 228,
      "end" : 230,
      "text" : "施設",
      "whiteSpace" : false
    }, {
      "id" : "s2-t34",
      "begin" : 230,
      "end" : 232,
      "text" : "整備",
      "whiteSpace" : false
    }, {
      "id" : "s2-t35",
      "begin" : 232,
      "end" : 233,
      "text" : "が",
      "whiteSpace" : false
    }, {
      "id" : "s2-t36",
      "begin" : 233,
      "end" : 235,
      "text" : "図ら",
      "whiteSpace" : false
    }, {
      "id" : "s2-t37",
      "begin" : 235,
      "end" : 236,
      "text" : "れ",
      "whiteSpace" : false
    }, {
      "id" : "s2-t38",
      "begin" : 236,
      "end" : 237,
      "text" : "、",
      "whiteSpace" : false
    }, {
      "id" : "s2-t39",
      "begin" : 237,
      "end" : 239,
      "text" : "現在",
      "whiteSpace" : false
    }, {
      "id" : "s2-t40",
      "begin" : 239,
      "end" : 240,
      "text" : "は",
      "whiteSpace" : false
    }, {
      "id" : "s2-t41",
      "begin" : 240,
      "end" : 242,
      "text" : "自然",
      "whiteSpace" : false
    }, {
      "id" : "s2-t42",
      "begin" : 242,
      "end" : 245,
      "text" : "豊かな",
      "whiteSpace" : false
    }, {
      "id" : "s2-t43",
      "begin" : 245,
      "end" : 247,
      "text" : "温泉",
      "whiteSpace" : false
    }, {
      "id" : "s2-t44",
      "begin" : 247,
      "end" : 249,
      "text" : "保養",
      "whiteSpace" : false
    }, {
      "id" : "s2-t45",
      "begin" : 249,
      "end" : 250,
      "text" : "地",
      "whiteSpace" : false
    }, {
      "id" : "s2-t46",
      "begin" : 250,
      "end" : 251,
      "text" : "と",
      "whiteSpace" : false
    }, {
      "id" : "s2-t47",
      "begin" : 251,
      "end" : 253,
      "text" : "して",
      "whiteSpace" : false
    }, {
      "id" : "s2-t48",
      "begin" : 253,
      "end" : 255,
      "text" : "人気",
      "whiteSpace" : false
    }, {
      "id" : "s2-t49",
      "begin" : 255,
      "end" : 256,
      "text" : "を",
      "whiteSpace" : false
    }, {
      "id" : "s2-t50",
      "begin" : 256,
      "end" : 258,
      "text" : "博し",
      "whiteSpace" : false
    }, {
      "id" : "s2-t51",
      "begin" : 258,
      "end" : 260,
      "text" : "全国",
      "whiteSpace" : false
    }, {
      "id" : "s2-t52",
      "begin" : 260,
      "end" : 262,
      "text" : "から",
      "whiteSpace" : false
    }, {
      "id" : "s2-t53",
      "begin" : 262,
      "end" : 264,
      "text" : "多く",
      "whiteSpace" : false
    }, {
      "id" : "s2-t54",
      "begin" : 264,
      "end" : 265,
      "text" : "の",
      "whiteSpace" : false
    }, {
      "id" : "s2-t55",
      "begin" : 265,
      "end" : 267,
      "text" : "湯治",
      "whiteSpace" : false
    }, {
      "id" : "s2-t56",
      "begin" : 267,
      "end" : 268,
      "text" : "客",
      "whiteSpace" : false
    }, {
      "id" : "s2-t57",
      "begin" : 268,
      "end" : 269,
      "text" : "が",
      "whiteSpace" : false
    }, {
      "id" : "s2-t58",
      "begin" : 269,
      "end" : 272,
      "text" : "訪れて",
      "whiteSpace" : false
    }, {
      "id" : "s2-t59",
      "begin" : 272,
      "end" : 274,
      "text" : "いる",
      "whiteSpace" : false
    }, {
      "id" : "s2-t60",
      "begin" : 274,
      "end" : 275,
      "text" : "。",
      "whiteSpace" : false
    } ]
  } ],
  "mentions" : [ {
    "id" : "s0-m1",
    "properties" : {
      "SIRE_MENTION_ROLE" : "ONSEN",
      "SIRE_ENTITY_SUBTYPE" : "NONE",
      "SIRE_MENTION_TYPE" : "NONE",
      "SIRE_MENTION_CLASS" : "SPC"
    },
    "type" : "ONSEN",
    "begin" : 0,
    "end" : 4,
    "inCoref" : false
  } ],
  "relations" : [ ],
  "corefs" : [ ],
  "typeResolved" : true,
  "userResolved" : false
}