{
  "id" : "5ae7cfb0-d149-11e9-ad4b-c984733d60b0-11",
  "name" : "11_湯郷温泉 国民保養温泉地 計画書",
  "createdDate" : 0,
  "version" : 3,
  "text" : "5. 温泉資源の保護に関する取組方策\n（1）温泉資源の状況\n湯郷温泉は、体温よりもやや高い程度の泉温を有する温泉で、窒素ガスを主とする揮発性ガスを多量に含有する特質をもっている。\nガスは、泉水に比べ熱伝導率が低く、その伝導率は水の５分の１である。従って、ガスが繊細な気泡を作って入浴中の人体に付着する際は、泉温が低いにもかかわらず、入浴者は冷感を覚えないのが湯郷温泉の特質である。\nなお、低温なため長時間入浴しても疲労を感じず、この間にガスは体内に浸透し、医学的効能があるといわれており、特に筋肉、関節の慢性的痛み、冷え症、胃腸機能の低下の緩和、切り傷、皮膚乾燥等の治療に効能があるといわれている。\n 源泉は第一源泉、第三源泉、平成源泉が有り、第一源泉（陸上ポンプ）は主に療養、村湯風呂に配湯をしており、療養風呂はかけ流し温泉として一般客が利用可能である。 ",
  "docLength" : 0,
  "language" : "JA",
  "status" : "IN_PROGRESS",
  "modifiedDate" : 1567852191862,
  "documentSet" : [ ],
  "preannotation" : [ "PRE_LW" ],
  "sentences" : [ {
    "id" : "s0",
    "begin" : 0,
    "end" : 2,
    "text" : "5.",
    "tokens" : [ {
      "id" : "s0-t0",
      "begin" : 0,
      "end" : 1,
      "text" : "5",
      "whiteSpace" : false
    }, {
      "id" : "s0-t1",
      "begin" : 1,
      "end" : 2,
      "text" : ".",
      "whiteSpace" : false
    } ]
  }, {
    "id" : "s1",
    "begin" : 3,
    "end" : 89,
    "text" : "温泉資源の保護に関する取組方策\n（1）温泉資源の状況\n湯郷温泉は、体温よりもやや高い程度の泉温を有する温泉で、窒素ガスを主とする揮発性ガスを多量に含有する特質をもっている。",
    "tokens" : [ {
      "id" : "s1-t0",
      "begin" : 3,
      "end" : 5,
      "text" : "温泉",
      "whiteSpace" : false
    }, {
      "id" : "s1-t1",
      "begin" : 5,
      "end" : 7,
      "text" : "資源",
      "whiteSpace" : false
    }, {
      "id" : "s1-t2",
      "begin" : 7,
      "end" : 8,
      "text" : "の",
      "whiteSpace" : false
    }, {
      "id" : "s1-t3",
      "begin" : 8,
      "end" : 10,
      "text" : "保護",
      "whiteSpace" : false
    }, {
      "id" : "s1-t4",
      "begin" : 10,
      "end" : 11,
      "text" : "に",
      "whiteSpace" : false
    }, {
      "id" : "s1-t5",
      "begin" : 11,
      "end" : 14,
      "text" : "関する",
      "whiteSpace" : false
    }, {
      "id" : "s1-t6",
      "begin" : 14,
      "end" : 16,
      "text" : "取組",
      "whiteSpace" : false
    }, {
      "id" : "s1-t7",
      "begin" : 16,
      "end" : 18,
      "text" : "方策",
      "whiteSpace" : false
    }, {
      "id" : "s1-t8",
      "begin" : 19,
      "end" : 20,
      "text" : "（",
      "whiteSpace" : false
    }, {
      "id" : "s1-t9",
      "begin" : 20,
      "end" : 21,
      "text" : "1",
      "whiteSpace" : false
    }, {
      "id" : "s1-t10",
      "begin" : 21,
      "end" : 22,
      "text" : "）",
      "whiteSpace" : false
    }, {
      "id" : "s1-t11",
      "begin" : 22,
      "end" : 24,
      "text" : "温泉",
      "whiteSpace" : false
    }, {
      "id" : "s1-t12",
      "begin" : 24,
      "end" : 26,
      "text" : "資源",
      "whiteSpace" : false
    }, {
      "id" : "s1-t13",
      "begin" : 26,
      "end" : 27,
      "text" : "の",
      "whiteSpace" : false
    }, {
      "id" : "s1-t14",
      "begin" : 27,
      "end" : 29,
      "text" : "状況",
      "whiteSpace" : false
    }, {
      "id" : "s1-t15",
      "begin" : 30,
      "end" : 32,
      "text" : "湯郷",
      "whiteSpace" : false
    }, {
      "id" : "s1-t16",
      "begin" : 32,
      "end" : 34,
      "text" : "温泉",
      "whiteSpace" : false
    }, {
      "id" : "s1-t17",
      "begin" : 34,
      "end" : 35,
      "text" : "は",
      "whiteSpace" : false
    }, {
      "id" : "s1-t18",
      "begin" : 35,
      "end" : 36,
      "text" : "、",
      "whiteSpace" : false
    }, {
      "id" : "s1-t19",
      "begin" : 36,
      "end" : 38,
      "text" : "体温",
      "whiteSpace" : false
    }, {
      "id" : "s1-t20",
      "begin" : 38,
      "end" : 40,
      "text" : "より",
      "whiteSpace" : false
    }, {
      "id" : "s1-t21",
      "begin" : 40,
      "end" : 41,
      "text" : "も",
      "whiteSpace" : false
    }, {
      "id" : "s1-t22",
      "begin" : 41,
      "end" : 43,
      "text" : "やや",
      "whiteSpace" : false
    }, {
      "id" : "s1-t23",
      "begin" : 43,
      "end" : 45,
      "text" : "高い",
      "whiteSpace" : false
    }, {
      "id" : "s1-t24",
      "begin" : 45,
      "end" : 47,
      "text" : "程度",
      "whiteSpace" : false
    }, {
      "id" : "s1-t25",
      "begin" : 47,
      "end" : 48,
      "text" : "の",
      "whiteSpace" : false
    }, {
      "id" : "s1-t26",
      "begin" : 48,
      "end" : 50,
      "text" : "泉温",
      "whiteSpace" : false
    }, {
      "id" : "s1-t27",
      "begin" : 50,
      "end" : 51,
      "text" : "を",
      "whiteSpace" : false
    }, {
      "id" : "s1-t28",
      "begin" : 51,
      "end" : 54,
      "text" : "有する",
      "whiteSpace" : false
    }, {
      "id" : "s1-t29",
      "begin" : 54,
      "end" : 56,
      "text" : "温泉",
      "whiteSpace" : false
    }, {
      "id" : "s1-t30",
      "begin" : 56,
      "end" : 57,
      "text" : "で",
      "whiteSpace" : false
    }, {
      "id" : "s1-t31",
      "begin" : 57,
      "end" : 58,
      "text" : "、",
      "whiteSpace" : false
    }, {
      "id" : "s1-t32",
      "begin" : 58,
      "end" : 60,
      "text" : "窒素",
      "whiteSpace" : false
    }, {
      "id" : "s1-t33",
      "begin" : 60,
      "end" : 62,
      "text" : "ガス",
      "whiteSpace" : false
    }, {
      "id" : "s1-t34",
      "begin" : 62,
      "end" : 63,
      "text" : "を",
      "whiteSpace" : false
    }, {
      "id" : "s1-t35",
      "begin" : 63,
      "end" : 64,
      "text" : "主",
      "whiteSpace" : false
    }, {
      "id" : "s1-t36",
      "begin" : 64,
      "end" : 65,
      "text" : "と",
      "whiteSpace" : false
    }, {
      "id" : "s1-t37",
      "begin" : 65,
      "end" : 67,
      "text" : "する",
      "whiteSpace" : false
    }, {
      "id" : "s1-t38",
      "begin" : 67,
      "end" : 69,
      "text" : "揮発",
      "whiteSpace" : false
    }, {
      "id" : "s1-t39",
      "begin" : 69,
      "end" : 70,
      "text" : "性",
      "whiteSpace" : false
    }, {
      "id" : "s1-t40",
      "begin" : 70,
      "end" : 72,
      "text" : "ガス",
      "whiteSpace" : false
    }, {
      "id" : "s1-t41",
      "begin" : 72,
      "end" : 73,
      "text" : "を",
      "whiteSpace" : false
    }, {
      "id" : "s1-t42",
      "begin" : 73,
      "end" : 75,
      "text" : "多量",
      "whiteSpace" : false
    }, {
      "id" : "s1-t43",
      "begin" : 75,
      "end" : 76,
      "text" : "に",
      "whiteSpace" : false
    }, {
      "id" : "s1-t44",
      "begin" : 76,
      "end" : 78,
      "text" : "含有",
      "whiteSpace" : false
    }, {
      "id" : "s1-t45",
      "begin" : 78,
      "end" : 80,
      "text" : "する",
      "whiteSpace" : false
    }, {
      "id" : "s1-t46",
      "begin" : 80,
      "end" : 82,
      "text" : "特質",
      "whiteSpace" : false
    }, {
      "id" : "s1-t47",
      "begin" : 82,
      "end" : 83,
      "text" : "を",
      "whiteSpace" : false
    }, {
      "id" : "s1-t48",
      "begin" : 83,
      "end" : 86,
      "text" : "もって",
      "whiteSpace" : false
    }, {
      "id" : "s1-t49",
      "begin" : 86,
      "end" : 88,
      "text" : "いる",
      "whiteSpace" : false
    }, {
      "id" : "s1-t50",
      "begin" : 88,
      "end" : 89,
      "text" : "。",
      "whiteSpace" : false
    } ]
  }, {
    "id" : "s2",
    "begin" : 90,
    "end" : 123,
    "text" : "ガスは、泉水に比べ熱伝導率が低く、その伝導率は水の５分の１である。",
    "tokens" : [ {
      "id" : "s2-t0",
      "begin" : 90,
      "end" : 92,
      "text" : "ガス",
      "whiteSpace" : false
    }, {
      "id" : "s2-t1",
      "begin" : 92,
      "end" : 93,
      "text" : "は",
      "whiteSpace" : false
    }, {
      "id" : "s2-t2",
      "begin" : 93,
      "end" : 94,
      "text" : "、",
      "whiteSpace" : false
    }, {
      "id" : "s2-t3",
      "begin" : 94,
      "end" : 96,
      "text" : "泉水",
      "whiteSpace" : false
    }, {
      "id" : "s2-t4",
      "begin" : 96,
      "end" : 97,
      "text" : "に",
      "whiteSpace" : false
    }, {
      "id" : "s2-t5",
      "begin" : 97,
      "end" : 99,
      "text" : "比べ",
      "whiteSpace" : false
    }, {
      "id" : "s2-t6",
      "begin" : 99,
      "end" : 100,
      "text" : "熱",
      "whiteSpace" : false
    }, {
      "id" : "s2-t7",
      "begin" : 100,
      "end" : 102,
      "text" : "伝導",
      "whiteSpace" : false
    }, {
      "id" : "s2-t8",
      "begin" : 102,
      "end" : 103,
      "text" : "率",
      "whiteSpace" : false
    }, {
      "id" : "s2-t9",
      "begin" : 103,
      "end" : 104,
      "text" : "が",
      "whiteSpace" : false
    }, {
      "id" : "s2-t10",
      "begin" : 104,
      "end" : 106,
      "text" : "低く",
      "whiteSpace" : false
    }, {
      "id" : "s2-t11",
      "begin" : 106,
      "end" : 107,
      "text" : "、",
      "whiteSpace" : false
    }, {
      "id" : "s2-t12",
      "begin" : 107,
      "end" : 109,
      "text" : "その",
      "whiteSpace" : false
    }, {
      "id" : "s2-t13",
      "begin" : 109,
      "end" : 111,
      "text" : "伝導",
      "whiteSpace" : false
    }, {
      "id" : "s2-t14",
      "begin" : 111,
      "end" : 112,
      "text" : "率",
      "whiteSpace" : false
    }, {
      "id" : "s2-t15",
      "begin" : 112,
      "end" : 113,
      "text" : "は",
      "whiteSpace" : false
    }, {
      "id" : "s2-t16",
      "begin" : 113,
      "end" : 114,
      "text" : "水",
      "whiteSpace" : false
    }, {
      "id" : "s2-t17",
      "begin" : 114,
      "end" : 115,
      "text" : "の",
      "whiteSpace" : false
    }, {
      "id" : "s2-t18",
      "begin" : 115,
      "end" : 116,
      "text" : "５",
      "whiteSpace" : false
    }, {
      "id" : "s2-t19",
      "begin" : 116,
      "end" : 117,
      "text" : "分",
      "whiteSpace" : false
    }, {
      "id" : "s2-t20",
      "begin" : 117,
      "end" : 118,
      "text" : "の",
      "whiteSpace" : false
    }, {
      "id" : "s2-t21",
      "begin" : 118,
      "end" : 119,
      "text" : "１",
      "whiteSpace" : false
    }, {
      "id" : "s2-t22",
      "begin" : 119,
      "end" : 122,
      "text" : "である",
      "whiteSpace" : false
    }, {
      "id" : "s2-t23",
      "begin" : 122,
      "end" : 123,
      "text" : "。",
      "whiteSpace" : false
    } ]
  }, {
    "id" : "s3",
    "begin" : 123,
    "end" : 190,
    "text" : "従って、ガスが繊細な気泡を作って入浴中の人体に付着する際は、泉温が低いにもかかわらず、入浴者は冷感を覚えないのが湯郷温泉の特質である。",
    "tokens" : [ {
      "id" : "s3-t0",
      "begin" : 123,
      "end" : 126,
      "text" : "従って",
      "whiteSpace" : false
    }, {
      "id" : "s3-t1",
      "begin" : 126,
      "end" : 127,
      "text" : "、",
      "whiteSpace" : false
    }, {
      "id" : "s3-t2",
      "begin" : 127,
      "end" : 129,
      "text" : "ガス",
      "whiteSpace" : false
    }, {
      "id" : "s3-t3",
      "begin" : 129,
      "end" : 130,
      "text" : "が",
      "whiteSpace" : false
    }, {
      "id" : "s3-t4",
      "begin" : 130,
      "end" : 133,
      "text" : "繊細な",
      "whiteSpace" : false
    }, {
      "id" : "s3-t5",
      "begin" : 133,
      "end" : 135,
      "text" : "気泡",
      "whiteSpace" : false
    }, {
      "id" : "s3-t6",
      "begin" : 135,
      "end" : 136,
      "text" : "を",
      "whiteSpace" : false
    }, {
      "id" : "s3-t7",
      "begin" : 136,
      "end" : 139,
      "text" : "作って",
      "whiteSpace" : false
    }, {
      "id" : "s3-t8",
      "begin" : 139,
      "end" : 141,
      "text" : "入浴",
      "whiteSpace" : false
    }, {
      "id" : "s3-t9",
      "begin" : 141,
      "end" : 142,
      "text" : "中",
      "whiteSpace" : false
    }, {
      "id" : "s3-t10",
      "begin" : 142,
      "end" : 143,
      "text" : "の",
      "whiteSpace" : false
    }, {
      "id" : "s3-t11",
      "begin" : 143,
      "end" : 145,
      "text" : "人体",
      "whiteSpace" : false
    }, {
      "id" : "s3-t12",
      "begin" : 145,
      "end" : 146,
      "text" : "に",
      "whiteSpace" : false
    }, {
      "id" : "s3-t13",
      "begin" : 146,
      "end" : 148,
      "text" : "付着",
      "whiteSpace" : false
    }, {
      "id" : "s3-t14",
      "begin" : 148,
      "end" : 150,
      "text" : "する",
      "whiteSpace" : false
    }, {
      "id" : "s3-t15",
      "begin" : 150,
      "end" : 151,
      "text" : "際",
      "whiteSpace" : false
    }, {
      "id" : "s3-t16",
      "begin" : 151,
      "end" : 152,
      "text" : "は",
      "whiteSpace" : false
    }, {
      "id" : "s3-t17",
      "begin" : 152,
      "end" : 153,
      "text" : "、",
      "whiteSpace" : false
    }, {
      "id" : "s3-t18",
      "begin" : 153,
      "end" : 154,
      "text" : "泉",
      "whiteSpace" : false
    }, {
      "id" : "s3-t19",
      "begin" : 154,
      "end" : 155,
      "text" : "温",
      "whiteSpace" : false
    }, {
      "id" : "s3-t20",
      "begin" : 155,
      "end" : 156,
      "text" : "が",
      "whiteSpace" : false
    }, {
      "id" : "s3-t21",
      "begin" : 156,
      "end" : 158,
      "text" : "低い",
      "whiteSpace" : false
    }, {
      "id" : "s3-t22",
      "begin" : 158,
      "end" : 159,
      "text" : "に",
      "whiteSpace" : false
    }, {
      "id" : "s3-t23",
      "begin" : 159,
      "end" : 160,
      "text" : "も",
      "whiteSpace" : false
    }, {
      "id" : "s3-t24",
      "begin" : 160,
      "end" : 164,
      "text" : "かかわら",
      "whiteSpace" : false
    }, {
      "id" : "s3-t25",
      "begin" : 164,
      "end" : 165,
      "text" : "ず",
      "whiteSpace" : false
    }, {
      "id" : "s3-t26",
      "begin" : 165,
      "end" : 166,
      "text" : "、",
      "whiteSpace" : false
    }, {
      "id" : "s3-t27",
      "begin" : 166,
      "end" : 168,
      "text" : "入浴",
      "whiteSpace" : false
    }, {
      "id" : "s3-t28",
      "begin" : 168,
      "end" : 169,
      "text" : "者",
      "whiteSpace" : false
    }, {
      "id" : "s3-t29",
      "begin" : 169,
      "end" : 170,
      "text" : "は",
      "whiteSpace" : false
    }, {
      "id" : "s3-t30",
      "begin" : 170,
      "end" : 172,
      "text" : "冷感",
      "whiteSpace" : false
    }, {
      "id" : "s3-t31",
      "begin" : 172,
      "end" : 173,
      "text" : "を",
      "whiteSpace" : false
    }, {
      "id" : "s3-t32",
      "begin" : 173,
      "end" : 175,
      "text" : "覚え",
      "whiteSpace" : false
    }, {
      "id" : "s3-t33",
      "begin" : 175,
      "end" : 177,
      "text" : "ない",
      "whiteSpace" : false
    }, {
      "id" : "s3-t34",
      "begin" : 177,
      "end" : 178,
      "text" : "の",
      "whiteSpace" : false
    }, {
      "id" : "s3-t35",
      "begin" : 178,
      "end" : 179,
      "text" : "が",
      "whiteSpace" : false
    }, {
      "id" : "s3-t36",
      "begin" : 179,
      "end" : 181,
      "text" : "湯郷",
      "whiteSpace" : false
    }, {
      "id" : "s3-t37",
      "begin" : 181,
      "end" : 183,
      "text" : "温泉",
      "whiteSpace" : false
    }, {
      "id" : "s3-t38",
      "begin" : 183,
      "end" : 184,
      "text" : "の",
      "whiteSpace" : false
    }, {
      "id" : "s3-t39",
      "begin" : 184,
      "end" : 186,
      "text" : "特質",
      "whiteSpace" : false
    }, {
      "id" : "s3-t40",
      "begin" : 186,
      "end" : 189,
      "text" : "である",
      "whiteSpace" : false
    }, {
      "id" : "s3-t41",
      "begin" : 189,
      "end" : 190,
      "text" : "。",
      "whiteSpace" : false
    } ]
  }, {
    "id" : "s4",
    "begin" : 191,
    "end" : 299,
    "text" : "なお、低温なため長時間入浴しても疲労を感じず、この間にガスは体内に浸透し、医学的効能があるといわれており、特に筋肉、関節の慢性的痛み、冷え症、胃腸機能の低下の緩和、切り傷、皮膚乾燥等の治療に効能があるといわれている。",
    "tokens" : [ {
      "id" : "s4-t0",
      "begin" : 191,
      "end" : 193,
      "text" : "なお",
      "whiteSpace" : false
    }, {
      "id" : "s4-t1",
      "begin" : 193,
      "end" : 194,
      "text" : "、",
      "whiteSpace" : false
    }, {
      "id" : "s4-t2",
      "begin" : 194,
      "end" : 197,
      "text" : "低温な",
      "whiteSpace" : false
    }, {
      "id" : "s4-t3",
      "begin" : 197,
      "end" : 199,
      "text" : "ため",
      "whiteSpace" : false
    }, {
      "id" : "s4-t4",
      "begin" : 199,
      "end" : 200,
      "text" : "長",
      "whiteSpace" : false
    }, {
      "id" : "s4-t5",
      "begin" : 200,
      "end" : 202,
      "text" : "時間",
      "whiteSpace" : false
    }, {
      "id" : "s4-t6",
      "begin" : 202,
      "end" : 204,
      "text" : "入浴",
      "whiteSpace" : false
    }, {
      "id" : "s4-t7",
      "begin" : 204,
      "end" : 206,
      "text" : "して",
      "whiteSpace" : false
    }, {
      "id" : "s4-t8",
      "begin" : 206,
      "end" : 207,
      "text" : "も",
      "whiteSpace" : false
    }, {
      "id" : "s4-t9",
      "begin" : 207,
      "end" : 209,
      "text" : "疲労",
      "whiteSpace" : false
    }, {
      "id" : "s4-t10",
      "begin" : 209,
      "end" : 210,
      "text" : "を",
      "whiteSpace" : false
    }, {
      "id" : "s4-t11",
      "begin" : 210,
      "end" : 212,
      "text" : "感じ",
      "whiteSpace" : false
    }, {
      "id" : "s4-t12",
      "begin" : 212,
      "end" : 213,
      "text" : "ず",
      "whiteSpace" : false
    }, {
      "id" : "s4-t13",
      "begin" : 213,
      "end" : 214,
      "text" : "、",
      "whiteSpace" : false
    }, {
      "id" : "s4-t14",
      "begin" : 214,
      "end" : 216,
      "text" : "この",
      "whiteSpace" : false
    }, {
      "id" : "s4-t15",
      "begin" : 216,
      "end" : 217,
      "text" : "間",
      "whiteSpace" : false
    }, {
      "id" : "s4-t16",
      "begin" : 217,
      "end" : 218,
      "text" : "に",
      "whiteSpace" : false
    }, {
      "id" : "s4-t17",
      "begin" : 218,
      "end" : 220,
      "text" : "ガス",
      "whiteSpace" : false
    }, {
      "id" : "s4-t18",
      "begin" : 220,
      "end" : 221,
      "text" : "は",
      "whiteSpace" : false
    }, {
      "id" : "s4-t19",
      "begin" : 221,
      "end" : 222,
      "text" : "体",
      "whiteSpace" : false
    }, {
      "id" : "s4-t20",
      "begin" : 222,
      "end" : 223,
      "text" : "内",
      "whiteSpace" : false
    }, {
      "id" : "s4-t21",
      "begin" : 223,
      "end" : 224,
      "text" : "に",
      "whiteSpace" : false
    }, {
      "id" : "s4-t22",
      "begin" : 224,
      "end" : 226,
      "text" : "浸透",
      "whiteSpace" : false
    }, {
      "id" : "s4-t23",
      "begin" : 226,
      "end" : 227,
      "text" : "し",
      "whiteSpace" : false
    }, {
      "id" : "s4-t24",
      "begin" : 227,
      "end" : 228,
      "text" : "、",
      "whiteSpace" : false
    }, {
      "id" : "s4-t25",
      "begin" : 228,
      "end" : 230,
      "text" : "医学",
      "whiteSpace" : false
    }, {
      "id" : "s4-t26",
      "begin" : 230,
      "end" : 231,
      "text" : "的",
      "whiteSpace" : false
    }, {
      "id" : "s4-t27",
      "begin" : 231,
      "end" : 233,
      "text" : "効能",
      "whiteSpace" : false
    }, {
      "id" : "s4-t28",
      "begin" : 233,
      "end" : 234,
      "text" : "が",
      "whiteSpace" : false
    }, {
      "id" : "s4-t29",
      "begin" : 234,
      "end" : 236,
      "text" : "ある",
      "whiteSpace" : false
    }, {
      "id" : "s4-t30",
      "begin" : 236,
      "end" : 237,
      "text" : "と",
      "whiteSpace" : false
    }, {
      "id" : "s4-t31",
      "begin" : 237,
      "end" : 239,
      "text" : "いわ",
      "whiteSpace" : false
    }, {
      "id" : "s4-t32",
      "begin" : 239,
      "end" : 241,
      "text" : "れて",
      "whiteSpace" : false
    }, {
      "id" : "s4-t33",
      "begin" : 241,
      "end" : 243,
      "text" : "おり",
      "whiteSpace" : false
    }, {
      "id" : "s4-t34",
      "begin" : 243,
      "end" : 244,
      "text" : "、",
      "whiteSpace" : false
    }, {
      "id" : "s4-t35",
      "begin" : 244,
      "end" : 246,
      "text" : "特に",
      "whiteSpace" : false
    }, {
      "id" : "s4-t36",
      "begin" : 246,
      "end" : 248,
      "text" : "筋肉",
      "whiteSpace" : false
    }, {
      "id" : "s4-t37",
      "begin" : 248,
      "end" : 249,
      "text" : "、",
      "whiteSpace" : false
    }, {
      "id" : "s4-t38",
      "begin" : 249,
      "end" : 251,
      "text" : "関節",
      "whiteSpace" : false
    }, {
      "id" : "s4-t39",
      "begin" : 251,
      "end" : 252,
      "text" : "の",
      "whiteSpace" : false
    }, {
      "id" : "s4-t40",
      "begin" : 252,
      "end" : 254,
      "text" : "慢性",
      "whiteSpace" : false
    }, {
      "id" : "s4-t41",
      "begin" : 254,
      "end" : 255,
      "text" : "的",
      "whiteSpace" : false
    }, {
      "id" : "s4-t42",
      "begin" : 255,
      "end" : 257,
      "text" : "痛み",
      "whiteSpace" : false
    }, {
      "id" : "s4-t43",
      "begin" : 257,
      "end" : 258,
      "text" : "、",
      "whiteSpace" : false
    }, {
      "id" : "s4-t44",
      "begin" : 258,
      "end" : 261,
      "text" : "冷え症",
      "whiteSpace" : false
    }, {
      "id" : "s4-t45",
      "begin" : 261,
      "end" : 262,
      "text" : "、",
      "whiteSpace" : false
    }, {
      "id" : "s4-t46",
      "begin" : 262,
      "end" : 264,
      "text" : "胃腸",
      "whiteSpace" : false
    }, {
      "id" : "s4-t47",
      "begin" : 264,
      "end" : 266,
      "text" : "機能",
      "whiteSpace" : false
    }, {
      "id" : "s4-t48",
      "begin" : 266,
      "end" : 267,
      "text" : "の",
      "whiteSpace" : false
    }, {
      "id" : "s4-t49",
      "begin" : 267,
      "end" : 269,
      "text" : "低下",
      "whiteSpace" : false
    }, {
      "id" : "s4-t50",
      "begin" : 269,
      "end" : 270,
      "text" : "の",
      "whiteSpace" : false
    }, {
      "id" : "s4-t51",
      "begin" : 270,
      "end" : 272,
      "text" : "緩和",
      "whiteSpace" : false
    }, {
      "id" : "s4-t52",
      "begin" : 272,
      "end" : 273,
      "text" : "、",
      "whiteSpace" : false
    }, {
      "id" : "s4-t53",
      "begin" : 273,
      "end" : 275,
      "text" : "切り",
      "whiteSpace" : false
    }, {
      "id" : "s4-t54",
      "begin" : 275,
      "end" : 276,
      "text" : "傷",
      "whiteSpace" : false
    }, {
      "id" : "s4-t55",
      "begin" : 276,
      "end" : 277,
      "text" : "、",
      "whiteSpace" : false
    }, {
      "id" : "s4-t56",
      "begin" : 277,
      "end" : 279,
      "text" : "皮膚",
      "whiteSpace" : false
    }, {
      "id" : "s4-t57",
      "begin" : 279,
      "end" : 281,
      "text" : "乾燥",
      "whiteSpace" : false
    }, {
      "id" : "s4-t58",
      "begin" : 281,
      "end" : 282,
      "text" : "等",
      "whiteSpace" : false
    }, {
      "id" : "s4-t59",
      "begin" : 282,
      "end" : 283,
      "text" : "の",
      "whiteSpace" : false
    }, {
      "id" : "s4-t60",
      "begin" : 283,
      "end" : 285,
      "text" : "治療",
      "whiteSpace" : false
    }, {
      "id" : "s4-t61",
      "begin" : 285,
      "end" : 286,
      "text" : "に",
      "whiteSpace" : false
    }, {
      "id" : "s4-t62",
      "begin" : 286,
      "end" : 288,
      "text" : "効能",
      "whiteSpace" : false
    }, {
      "id" : "s4-t63",
      "begin" : 288,
      "end" : 289,
      "text" : "が",
      "whiteSpace" : false
    }, {
      "id" : "s4-t64",
      "begin" : 289,
      "end" : 291,
      "text" : "ある",
      "whiteSpace" : false
    }, {
      "id" : "s4-t65",
      "begin" : 291,
      "end" : 292,
      "text" : "と",
      "whiteSpace" : false
    }, {
      "id" : "s4-t66",
      "begin" : 292,
      "end" : 294,
      "text" : "いわ",
      "whiteSpace" : false
    }, {
      "id" : "s4-t67",
      "begin" : 294,
      "end" : 296,
      "text" : "れて",
      "whiteSpace" : false
    }, {
      "id" : "s4-t68",
      "begin" : 296,
      "end" : 298,
      "text" : "いる",
      "whiteSpace" : false
    }, {
      "id" : "s4-t69",
      "begin" : 298,
      "end" : 299,
      "text" : "。",
      "whiteSpace" : false
    } ]
  }, {
    "id" : "s5",
    "begin" : 301,
    "end" : 378,
    "text" : "源泉は第一源泉、第三源泉、平成源泉が有り、第一源泉（陸上ポンプ）は主に療養、村湯風呂に配湯をしており、療養風呂はかけ流し温泉として一般客が利用可能である。",
    "tokens" : [ {
      "id" : "s5-t0",
      "begin" : 301,
      "end" : 303,
      "text" : "源泉",
      "whiteSpace" : false
    }, {
      "id" : "s5-t1",
      "begin" : 303,
      "end" : 304,
      "text" : "は",
      "whiteSpace" : false
    }, {
      "id" : "s5-t2",
      "begin" : 304,
      "end" : 305,
      "text" : "第",
      "whiteSpace" : false
    }, {
      "id" : "s5-t3",
      "begin" : 305,
      "end" : 306,
      "text" : "一",
      "whiteSpace" : false
    }, {
      "id" : "s5-t4",
      "begin" : 306,
      "end" : 308,
      "text" : "源泉",
      "whiteSpace" : false
    }, {
      "id" : "s5-t5",
      "begin" : 308,
      "end" : 309,
      "text" : "、",
      "whiteSpace" : false
    }, {
      "id" : "s5-t6",
      "begin" : 309,
      "end" : 310,
      "text" : "第",
      "whiteSpace" : false
    }, {
      "id" : "s5-t7",
      "begin" : 310,
      "end" : 311,
      "text" : "三",
      "whiteSpace" : false
    }, {
      "id" : "s5-t8",
      "begin" : 311,
      "end" : 313,
      "text" : "源泉",
      "whiteSpace" : false
    }, {
      "id" : "s5-t9",
      "begin" : 313,
      "end" : 314,
      "text" : "、",
      "whiteSpace" : false
    }, {
      "id" : "s5-t10",
      "begin" : 314,
      "end" : 316,
      "text" : "平成",
      "whiteSpace" : false
    }, {
      "id" : "s5-t11",
      "begin" : 316,
      "end" : 318,
      "text" : "源泉",
      "whiteSpace" : false
    }, {
      "id" : "s5-t12",
      "begin" : 318,
      "end" : 319,
      "text" : "が",
      "whiteSpace" : false
    }, {
      "id" : "s5-t13",
      "begin" : 319,
      "end" : 321,
      "text" : "有り",
      "whiteSpace" : false
    }, {
      "id" : "s5-t14",
      "begin" : 321,
      "end" : 322,
      "text" : "、",
      "whiteSpace" : false
    }, {
      "id" : "s5-t15",
      "begin" : 322,
      "end" : 323,
      "text" : "第",
      "whiteSpace" : false
    }, {
      "id" : "s5-t16",
      "begin" : 323,
      "end" : 324,
      "text" : "一",
      "whiteSpace" : false
    }, {
      "id" : "s5-t17",
      "begin" : 324,
      "end" : 326,
      "text" : "源泉",
      "whiteSpace" : false
    }, {
      "id" : "s5-t18",
      "begin" : 326,
      "end" : 327,
      "text" : "（",
      "whiteSpace" : false
    }, {
      "id" : "s5-t19",
      "begin" : 327,
      "end" : 329,
      "text" : "陸上",
      "whiteSpace" : false
    }, {
      "id" : "s5-t20",
      "begin" : 329,
      "end" : 332,
      "text" : "ポンプ",
      "whiteSpace" : false
    }, {
      "id" : "s5-t21",
      "begin" : 332,
      "end" : 333,
      "text" : "）",
      "whiteSpace" : false
    }, {
      "id" : "s5-t22",
      "begin" : 333,
      "end" : 334,
      "text" : "は",
      "whiteSpace" : false
    }, {
      "id" : "s5-t23",
      "begin" : 334,
      "end" : 336,
      "text" : "主に",
      "whiteSpace" : false
    }, {
      "id" : "s5-t24",
      "begin" : 336,
      "end" : 338,
      "text" : "療養",
      "whiteSpace" : false
    }, {
      "id" : "s5-t25",
      "begin" : 338,
      "end" : 339,
      "text" : "、",
      "whiteSpace" : false
    }, {
      "id" : "s5-t26",
      "begin" : 339,
      "end" : 341,
      "text" : "村湯",
      "whiteSpace" : false
    }, {
      "id" : "s5-t27",
      "begin" : 341,
      "end" : 343,
      "text" : "風呂",
      "whiteSpace" : false
    }, {
      "id" : "s5-t28",
      "begin" : 343,
      "end" : 344,
      "text" : "に",
      "whiteSpace" : false
    }, {
      "id" : "s5-t29",
      "begin" : 344,
      "end" : 346,
      "text" : "配湯",
      "whiteSpace" : false
    }, {
      "id" : "s5-t30",
      "begin" : 346,
      "end" : 347,
      "text" : "を",
      "whiteSpace" : false
    }, {
      "id" : "s5-t31",
      "begin" : 347,
      "end" : 349,
      "text" : "して",
      "whiteSpace" : false
    }, {
      "id" : "s5-t32",
      "begin" : 349,
      "end" : 351,
      "text" : "おり",
      "whiteSpace" : false
    }, {
      "id" : "s5-t33",
      "begin" : 351,
      "end" : 352,
      "text" : "、",
      "whiteSpace" : false
    }, {
      "id" : "s5-t34",
      "begin" : 352,
      "end" : 354,
      "text" : "療養",
      "whiteSpace" : false
    }, {
      "id" : "s5-t35",
      "begin" : 354,
      "end" : 356,
      "text" : "風呂",
      "whiteSpace" : false
    }, {
      "id" : "s5-t36",
      "begin" : 356,
      "end" : 357,
      "text" : "は",
      "whiteSpace" : false
    }, {
      "id" : "s5-t37",
      "begin" : 357,
      "end" : 359,
      "text" : "かけ",
      "whiteSpace" : false
    }, {
      "id" : "s5-t38",
      "begin" : 359,
      "end" : 361,
      "text" : "流し",
      "whiteSpace" : false
    }, {
      "id" : "s5-t39",
      "begin" : 361,
      "end" : 363,
      "text" : "温泉",
      "whiteSpace" : false
    }, {
      "id" : "s5-t40",
      "begin" : 363,
      "end" : 364,
      "text" : "と",
      "whiteSpace" : false
    }, {
      "id" : "s5-t41",
      "begin" : 364,
      "end" : 366,
      "text" : "して",
      "whiteSpace" : false
    }, {
      "id" : "s5-t42",
      "begin" : 366,
      "end" : 368,
      "text" : "一般",
      "whiteSpace" : false
    }, {
      "id" : "s5-t43",
      "begin" : 368,
      "end" : 369,
      "text" : "客",
      "whiteSpace" : false
    }, {
      "id" : "s5-t44",
      "begin" : 369,
      "end" : 370,
      "text" : "が",
      "whiteSpace" : false
    }, {
      "id" : "s5-t45",
      "begin" : 370,
      "end" : 372,
      "text" : "利用",
      "whiteSpace" : false
    }, {
      "id" : "s5-t46",
      "begin" : 372,
      "end" : 377,
      "text" : "可能である",
      "whiteSpace" : false
    }, {
      "id" : "s5-t47",
      "begin" : 377,
      "end" : 378,
      "text" : "。",
      "whiteSpace" : false
    } ]
  } ],
  "mentions" : [ {
    "id" : "s1-m1",
    "properties" : {
      "SIRE_MENTION_ROLE" : "ONSEN",
      "SIRE_ENTITY_SUBTYPE" : "NONE",
      "SIRE_MENTION_TYPE" : "NONE",
      "SIRE_MENTION_CLASS" : "SPC"
    },
    "type" : "ONSEN",
    "begin" : 30,
    "end" : 34,
    "inCoref" : true
  }, {
    "id" : "s3-m1",
    "properties" : {
      "SIRE_MENTION_ROLE" : "ONSEN",
      "SIRE_ENTITY_SUBTYPE" : "NONE",
      "SIRE_MENTION_TYPE" : "NONE",
      "SIRE_MENTION_CLASS" : "SPC"
    },
    "type" : "ONSEN",
    "begin" : 179,
    "end" : 183,
    "inCoref" : true
  }, {
    "id" : "s4-m1",
    "properties" : {
      "SIRE_MENTION_ROLE" : "Tekiou",
      "SIRE_ENTITY_SUBTYPE" : "NONE",
      "SIRE_MENTION_TYPE" : "NONE",
      "SIRE_MENTION_CLASS" : "SPC"
    },
    "type" : "Tekiou",
    "begin" : 258,
    "end" : 261,
    "inCoref" : false
  }, {
    "id" : "s4-m2",
    "properties" : {
      "SIRE_MENTION_ROLE" : "Tekiou",
      "SIRE_ENTITY_SUBTYPE" : "NONE",
      "SIRE_MENTION_TYPE" : "NONE",
      "SIRE_MENTION_CLASS" : "SPC"
    },
    "type" : "Tekiou",
    "begin" : 262,
    "end" : 272,
    "inCoref" : false
  }, {
    "id" : "s4-m3",
    "properties" : {
      "SIRE_MENTION_ROLE" : "Tekiou",
      "SIRE_ENTITY_SUBTYPE" : "NONE",
      "SIRE_MENTION_TYPE" : "NONE",
      "SIRE_MENTION_CLASS" : "SPC"
    },
    "type" : "Tekiou",
    "begin" : 273,
    "end" : 276,
    "inCoref" : false
  }, {
    "id" : "s4-m4",
    "properties" : {
      "SIRE_MENTION_ROLE" : "Tekiou",
      "SIRE_ENTITY_SUBTYPE" : "NONE",
      "SIRE_MENTION_TYPE" : "NONE",
      "SIRE_MENTION_CLASS" : "SPC"
    },
    "type" : "Tekiou",
    "begin" : 277,
    "end" : 281,
    "inCoref" : false
  } ],
  "relations" : [ ],
  "corefs" : [ {
    "id" : "c1",
    "properties" : { },
    "mentions" : [ "s1-m1", "s3-m1" ]
  } ],
  "typeResolved" : true,
  "userResolved" : false
}