{
  "id" : "5ae7cfb0-d149-11e9-ad4b-c984733d60b0-9",
  "name" : "9_国民保養温泉地の新規指定等について",
  "createdDate" : 0,
  "version" : 3,
  "text" : "（１）二岐・岩瀬湯本・天栄温泉（福島県岩瀬郡天栄村）の特徴\n　　＜概要＞\n　福島県天栄村の二岐山（標高1、544ｍ）の麓、標高約800ｍに位置し、福島県南西部のブナの原生林に囲まれた山深い温泉地である二岐温泉をはじめ、開湯当時より湯治客が絶えない温泉地です。\n　　＜温泉の状況＞\n　　主な泉質：カルシウム－硫酸塩泉、ナトリウム・カルシウム－塩化物温泉、カルシウム・マグネシウム・アルミニウム－硫酸塩泉\n　　効用：婦人病、消化器病、糖尿病、神経痛、切り傷、火傷、動脈硬化症、慢性皮膚病　等\n（２）五頭温泉郷（新潟県阿賀野市）\n　　＜概要＞\n　五つの峰を持つ五頭山の山懐にある出湯・今板・村杉の三つの温泉地からなり、1、200年以上の歴史があり、新潟県最古の温泉地といわれています。\n　　＜泉質等＞\n　　主な泉質：ラジウム温泉（単純放射能泉、単純放射能冷鉱泉、ラドン温泉）　\n　　効用：一般的適応症、通風、高血圧症、動脈硬化症、慢性皮膚病・婦人病・胆嚢炎、胆石症など\n（３）鳴子温泉郷（宮城県大崎市）\n　　＜概要＞\n　最も古い温泉では開湯千年の歴史を有し、全体では約370本の源泉数を誇り、掲示用泉質名の10種類のうち、二酸化炭素泉と放射能泉、含よう素泉以外の7種類が存在します。松尾芭蕉の歩いた「おくのほそ道」でも知られ、芭蕉の句碑や尿前の関跡など史跡も多く、歴史を感じることができます。\n　　＜泉質等＞\n　　主な泉質：単純温泉、硫黄泉、炭酸水素塩泉、硫酸塩泉、塩化物泉　など　\n　　効用：きりきず、冷え症、筋肉痛、胃腸機能の低下 など",
  "docLength" : 0,
  "language" : "JA",
  "status" : "IN_PROGRESS",
  "modifiedDate" : 1567850243296,
  "documentSet" : [ ],
  "preannotation" : [ "PRE_LW" ],
  "sentences" : [ {
    "id" : "s0",
    "begin" : 0,
    "end" : 129,
    "text" : "（１）二岐・岩瀬湯本・天栄温泉（福島県岩瀬郡天栄村）の特徴\n　　＜概要＞\n　福島県天栄村の二岐山（標高1、544ｍ）の麓、標高約800ｍに位置し、福島県南西部のブナの原生林に囲まれた山深い温泉地である二岐温泉をはじめ、開湯当時より湯治客が絶えない温泉地です。",
    "tokens" : [ {
      "id" : "s0-t0",
      "begin" : 0,
      "end" : 1,
      "text" : "（",
      "whiteSpace" : false
    }, {
      "id" : "s0-t1",
      "begin" : 1,
      "end" : 2,
      "text" : "１",
      "whiteSpace" : false
    }, {
      "id" : "s0-t2",
      "begin" : 2,
      "end" : 3,
      "text" : "）",
      "whiteSpace" : false
    }, {
      "id" : "s0-t3",
      "begin" : 3,
      "end" : 4,
      "text" : "二",
      "whiteSpace" : false
    }, {
      "id" : "s0-t4",
      "begin" : 4,
      "end" : 5,
      "text" : "岐",
      "whiteSpace" : false
    }, {
      "id" : "s0-t5",
      "begin" : 5,
      "end" : 6,
      "text" : "・",
      "whiteSpace" : false
    }, {
      "id" : "s0-t6",
      "begin" : 6,
      "end" : 8,
      "text" : "岩瀬",
      "whiteSpace" : false
    }, {
      "id" : "s0-t7",
      "begin" : 8,
      "end" : 10,
      "text" : "湯本",
      "whiteSpace" : false
    }, {
      "id" : "s0-t8",
      "begin" : 10,
      "end" : 11,
      "text" : "・",
      "whiteSpace" : false
    }, {
      "id" : "s0-t9",
      "begin" : 11,
      "end" : 13,
      "text" : "天栄",
      "whiteSpace" : false
    }, {
      "id" : "s0-t10",
      "begin" : 13,
      "end" : 15,
      "text" : "温泉",
      "whiteSpace" : false
    }, {
      "id" : "s0-t11",
      "begin" : 15,
      "end" : 16,
      "text" : "（",
      "whiteSpace" : false
    }, {
      "id" : "s0-t12",
      "begin" : 16,
      "end" : 18,
      "text" : "福島",
      "whiteSpace" : false
    }, {
      "id" : "s0-t13",
      "begin" : 18,
      "end" : 19,
      "text" : "県",
      "whiteSpace" : false
    }, {
      "id" : "s0-t14",
      "begin" : 19,
      "end" : 21,
      "text" : "岩瀬",
      "whiteSpace" : false
    }, {
      "id" : "s0-t15",
      "begin" : 21,
      "end" : 22,
      "text" : "郡",
      "whiteSpace" : false
    }, {
      "id" : "s0-t16",
      "begin" : 22,
      "end" : 24,
      "text" : "天栄",
      "whiteSpace" : false
    }, {
      "id" : "s0-t17",
      "begin" : 24,
      "end" : 25,
      "text" : "村",
      "whiteSpace" : false
    }, {
      "id" : "s0-t18",
      "begin" : 25,
      "end" : 26,
      "text" : "）",
      "whiteSpace" : false
    }, {
      "id" : "s0-t19",
      "begin" : 26,
      "end" : 27,
      "text" : "の",
      "whiteSpace" : false
    }, {
      "id" : "s0-t20",
      "begin" : 27,
      "end" : 29,
      "text" : "特徴",
      "whiteSpace" : false
    }, {
      "id" : "s0-t21",
      "begin" : 32,
      "end" : 33,
      "text" : "＜",
      "whiteSpace" : false
    }, {
      "id" : "s0-t22",
      "begin" : 33,
      "end" : 35,
      "text" : "概要",
      "whiteSpace" : false
    }, {
      "id" : "s0-t23",
      "begin" : 35,
      "end" : 36,
      "text" : "＞",
      "whiteSpace" : false
    }, {
      "id" : "s0-t24",
      "begin" : 38,
      "end" : 40,
      "text" : "福島",
      "whiteSpace" : false
    }, {
      "id" : "s0-t25",
      "begin" : 40,
      "end" : 41,
      "text" : "県",
      "whiteSpace" : false
    }, {
      "id" : "s0-t26",
      "begin" : 41,
      "end" : 43,
      "text" : "天栄",
      "whiteSpace" : false
    }, {
      "id" : "s0-t27",
      "begin" : 43,
      "end" : 44,
      "text" : "村",
      "whiteSpace" : false
    }, {
      "id" : "s0-t28",
      "begin" : 44,
      "end" : 45,
      "text" : "の",
      "whiteSpace" : false
    }, {
      "id" : "s0-t29",
      "begin" : 45,
      "end" : 46,
      "text" : "二",
      "whiteSpace" : false
    }, {
      "id" : "s0-t30",
      "begin" : 46,
      "end" : 48,
      "text" : "岐山",
      "whiteSpace" : false
    }, {
      "id" : "s0-t31",
      "begin" : 48,
      "end" : 49,
      "text" : "（",
      "whiteSpace" : false
    }, {
      "id" : "s0-t32",
      "begin" : 49,
      "end" : 51,
      "text" : "標高",
      "whiteSpace" : false
    }, {
      "id" : "s0-t33",
      "begin" : 51,
      "end" : 52,
      "text" : "1",
      "whiteSpace" : false
    }, {
      "id" : "s0-t34",
      "begin" : 52,
      "end" : 53,
      "text" : "、",
      "whiteSpace" : false
    }, {
      "id" : "s0-t35",
      "begin" : 53,
      "end" : 57,
      "text" : "544ｍ",
      "whiteSpace" : false
    }, {
      "id" : "s0-t36",
      "begin" : 57,
      "end" : 58,
      "text" : "）",
      "whiteSpace" : false
    }, {
      "id" : "s0-t37",
      "begin" : 58,
      "end" : 59,
      "text" : "の",
      "whiteSpace" : false
    }, {
      "id" : "s0-t38",
      "begin" : 59,
      "end" : 60,
      "text" : "麓",
      "whiteSpace" : false
    }, {
      "id" : "s0-t39",
      "begin" : 60,
      "end" : 61,
      "text" : "、",
      "whiteSpace" : false
    }, {
      "id" : "s0-t40",
      "begin" : 61,
      "end" : 63,
      "text" : "標高",
      "whiteSpace" : false
    }, {
      "id" : "s0-t41",
      "begin" : 63,
      "end" : 64,
      "text" : "約",
      "whiteSpace" : false
    }, {
      "id" : "s0-t42",
      "begin" : 64,
      "end" : 68,
      "text" : "800ｍ",
      "whiteSpace" : false
    }, {
      "id" : "s0-t43",
      "begin" : 68,
      "end" : 69,
      "text" : "に",
      "whiteSpace" : false
    }, {
      "id" : "s0-t44",
      "begin" : 69,
      "end" : 71,
      "text" : "位置",
      "whiteSpace" : false
    }, {
      "id" : "s0-t45",
      "begin" : 71,
      "end" : 72,
      "text" : "し",
      "whiteSpace" : false
    }, {
      "id" : "s0-t46",
      "begin" : 72,
      "end" : 73,
      "text" : "、",
      "whiteSpace" : false
    }, {
      "id" : "s0-t47",
      "begin" : 73,
      "end" : 75,
      "text" : "福島",
      "whiteSpace" : false
    }, {
      "id" : "s0-t48",
      "begin" : 75,
      "end" : 76,
      "text" : "県",
      "whiteSpace" : false
    }, {
      "id" : "s0-t49",
      "begin" : 76,
      "end" : 78,
      "text" : "南西",
      "whiteSpace" : false
    }, {
      "id" : "s0-t50",
      "begin" : 78,
      "end" : 79,
      "text" : "部",
      "whiteSpace" : false
    }, {
      "id" : "s0-t51",
      "begin" : 79,
      "end" : 80,
      "text" : "の",
      "whiteSpace" : false
    }, {
      "id" : "s0-t52",
      "begin" : 80,
      "end" : 82,
      "text" : "ブナ",
      "whiteSpace" : false
    }, {
      "id" : "s0-t53",
      "begin" : 82,
      "end" : 83,
      "text" : "の",
      "whiteSpace" : false
    }, {
      "id" : "s0-t54",
      "begin" : 83,
      "end" : 85,
      "text" : "原生",
      "whiteSpace" : false
    }, {
      "id" : "s0-t55",
      "begin" : 85,
      "end" : 86,
      "text" : "林",
      "whiteSpace" : false
    }, {
      "id" : "s0-t56",
      "begin" : 86,
      "end" : 87,
      "text" : "に",
      "whiteSpace" : false
    }, {
      "id" : "s0-t57",
      "begin" : 87,
      "end" : 89,
      "text" : "囲ま",
      "whiteSpace" : false
    }, {
      "id" : "s0-t58",
      "begin" : 89,
      "end" : 91,
      "text" : "れた",
      "whiteSpace" : false
    }, {
      "id" : "s0-t59",
      "begin" : 91,
      "end" : 94,
      "text" : "山深い",
      "whiteSpace" : false
    }, {
      "id" : "s0-t60",
      "begin" : 94,
      "end" : 96,
      "text" : "温泉",
      "whiteSpace" : false
    }, {
      "id" : "s0-t61",
      "begin" : 96,
      "end" : 97,
      "text" : "地",
      "whiteSpace" : false
    }, {
      "id" : "s0-t62",
      "begin" : 97,
      "end" : 100,
      "text" : "である",
      "whiteSpace" : false
    }, {
      "id" : "s0-t63",
      "begin" : 100,
      "end" : 102,
      "text" : "二岐",
      "whiteSpace" : false
    }, {
      "id" : "s0-t64",
      "begin" : 102,
      "end" : 104,
      "text" : "温泉",
      "whiteSpace" : false
    }, {
      "id" : "s0-t65",
      "begin" : 104,
      "end" : 105,
      "text" : "を",
      "whiteSpace" : false
    }, {
      "id" : "s0-t66",
      "begin" : 105,
      "end" : 108,
      "text" : "はじめ",
      "whiteSpace" : false
    }, {
      "id" : "s0-t67",
      "begin" : 108,
      "end" : 109,
      "text" : "、",
      "whiteSpace" : false
    }, {
      "id" : "s0-t68",
      "begin" : 109,
      "end" : 111,
      "text" : "開湯",
      "whiteSpace" : false
    }, {
      "id" : "s0-t69",
      "begin" : 111,
      "end" : 113,
      "text" : "当時",
      "whiteSpace" : false
    }, {
      "id" : "s0-t70",
      "begin" : 113,
      "end" : 115,
      "text" : "より",
      "whiteSpace" : false
    }, {
      "id" : "s0-t71",
      "begin" : 115,
      "end" : 117,
      "text" : "湯治",
      "whiteSpace" : false
    }, {
      "id" : "s0-t72",
      "begin" : 117,
      "end" : 118,
      "text" : "客",
      "whiteSpace" : false
    }, {
      "id" : "s0-t73",
      "begin" : 118,
      "end" : 119,
      "text" : "が",
      "whiteSpace" : false
    }, {
      "id" : "s0-t74",
      "begin" : 119,
      "end" : 121,
      "text" : "絶え",
      "whiteSpace" : false
    }, {
      "id" : "s0-t75",
      "begin" : 121,
      "end" : 123,
      "text" : "ない",
      "whiteSpace" : false
    }, {
      "id" : "s0-t76",
      "begin" : 123,
      "end" : 125,
      "text" : "温泉",
      "whiteSpace" : false
    }, {
      "id" : "s0-t77",
      "begin" : 125,
      "end" : 126,
      "text" : "地",
      "whiteSpace" : false
    }, {
      "id" : "s0-t78",
      "begin" : 126,
      "end" : 128,
      "text" : "です",
      "whiteSpace" : false
    }, {
      "id" : "s0-t79",
      "begin" : 128,
      "end" : 129,
      "text" : "。",
      "whiteSpace" : false
    } ]
  }, {
    "id" : "s1",
    "begin" : 132,
    "end" : 339,
    "text" : "＜温泉の状況＞\n　　主な泉質：カルシウム－硫酸塩泉、ナトリウム・カルシウム－塩化物温泉、カルシウム・マグネシウム・アルミニウム－硫酸塩泉\n　　効用：婦人病、消化器病、糖尿病、神経痛、切り傷、火傷、動脈硬化症、慢性皮膚病　等\n（２）五頭温泉郷（新潟県阿賀野市）\n　　＜概要＞\n　五つの峰を持つ五頭山の山懐にある出湯・今板・村杉の三つの温泉地からなり、1、200年以上の歴史があり、新潟県最古の温泉地といわれています。",
    "tokens" : [ {
      "id" : "s1-t0",
      "begin" : 132,
      "end" : 133,
      "text" : "＜",
      "whiteSpace" : false
    }, {
      "id" : "s1-t1",
      "begin" : 133,
      "end" : 135,
      "text" : "温泉",
      "whiteSpace" : false
    }, {
      "id" : "s1-t2",
      "begin" : 135,
      "end" : 136,
      "text" : "の",
      "whiteSpace" : false
    }, {
      "id" : "s1-t3",
      "begin" : 136,
      "end" : 138,
      "text" : "状況",
      "whiteSpace" : false
    }, {
      "id" : "s1-t4",
      "begin" : 138,
      "end" : 139,
      "text" : "＞",
      "whiteSpace" : false
    }, {
      "id" : "s1-t5",
      "begin" : 142,
      "end" : 144,
      "text" : "主な",
      "whiteSpace" : false
    }, {
      "id" : "s1-t6",
      "begin" : 144,
      "end" : 146,
      "text" : "泉質",
      "whiteSpace" : false
    }, {
      "id" : "s1-t7",
      "begin" : 146,
      "end" : 147,
      "text" : "：",
      "whiteSpace" : false
    }, {
      "id" : "s1-t8",
      "begin" : 147,
      "end" : 152,
      "text" : "カルシウム",
      "whiteSpace" : false
    }, {
      "id" : "s1-t9",
      "begin" : 152,
      "end" : 153,
      "text" : "－",
      "whiteSpace" : false
    }, {
      "id" : "s1-t10",
      "begin" : 153,
      "end" : 155,
      "text" : "硫酸",
      "whiteSpace" : false
    }, {
      "id" : "s1-t11",
      "begin" : 155,
      "end" : 157,
      "text" : "塩泉",
      "whiteSpace" : false
    }, {
      "id" : "s1-t12",
      "begin" : 157,
      "end" : 158,
      "text" : "、",
      "whiteSpace" : false
    }, {
      "id" : "s1-t13",
      "begin" : 158,
      "end" : 163,
      "text" : "ナトリウム",
      "whiteSpace" : false
    }, {
      "id" : "s1-t14",
      "begin" : 163,
      "end" : 164,
      "text" : "・",
      "whiteSpace" : false
    }, {
      "id" : "s1-t15",
      "begin" : 164,
      "end" : 169,
      "text" : "カルシウム",
      "whiteSpace" : false
    }, {
      "id" : "s1-t16",
      "begin" : 169,
      "end" : 170,
      "text" : "－",
      "whiteSpace" : false
    }, {
      "id" : "s1-t17",
      "begin" : 170,
      "end" : 173,
      "text" : "塩化物",
      "whiteSpace" : false
    }, {
      "id" : "s1-t18",
      "begin" : 173,
      "end" : 175,
      "text" : "温泉",
      "whiteSpace" : false
    }, {
      "id" : "s1-t19",
      "begin" : 175,
      "end" : 176,
      "text" : "、",
      "whiteSpace" : false
    }, {
      "id" : "s1-t20",
      "begin" : 176,
      "end" : 181,
      "text" : "カルシウム",
      "whiteSpace" : false
    }, {
      "id" : "s1-t21",
      "begin" : 181,
      "end" : 182,
      "text" : "・",
      "whiteSpace" : false
    }, {
      "id" : "s1-t22",
      "begin" : 182,
      "end" : 188,
      "text" : "マグネシウム",
      "whiteSpace" : false
    }, {
      "id" : "s1-t23",
      "begin" : 188,
      "end" : 189,
      "text" : "・",
      "whiteSpace" : false
    }, {
      "id" : "s1-t24",
      "begin" : 189,
      "end" : 195,
      "text" : "アルミニウム",
      "whiteSpace" : false
    }, {
      "id" : "s1-t25",
      "begin" : 195,
      "end" : 196,
      "text" : "－",
      "whiteSpace" : false
    }, {
      "id" : "s1-t26",
      "begin" : 196,
      "end" : 198,
      "text" : "硫酸",
      "whiteSpace" : false
    }, {
      "id" : "s1-t27",
      "begin" : 198,
      "end" : 200,
      "text" : "塩泉",
      "whiteSpace" : false
    }, {
      "id" : "s1-t28",
      "begin" : 203,
      "end" : 205,
      "text" : "効用",
      "whiteSpace" : false
    }, {
      "id" : "s1-t29",
      "begin" : 205,
      "end" : 206,
      "text" : "：",
      "whiteSpace" : false
    }, {
      "id" : "s1-t30",
      "begin" : 206,
      "end" : 208,
      "text" : "婦人",
      "whiteSpace" : false
    }, {
      "id" : "s1-t31",
      "begin" : 208,
      "end" : 209,
      "text" : "病",
      "whiteSpace" : false
    }, {
      "id" : "s1-t32",
      "begin" : 209,
      "end" : 210,
      "text" : "、",
      "whiteSpace" : false
    }, {
      "id" : "s1-t33",
      "begin" : 210,
      "end" : 212,
      "text" : "消化",
      "whiteSpace" : false
    }, {
      "id" : "s1-t34",
      "begin" : 212,
      "end" : 213,
      "text" : "器",
      "whiteSpace" : false
    }, {
      "id" : "s1-t35",
      "begin" : 213,
      "end" : 214,
      "text" : "病",
      "whiteSpace" : false
    }, {
      "id" : "s1-t36",
      "begin" : 214,
      "end" : 215,
      "text" : "、",
      "whiteSpace" : false
    }, {
      "id" : "s1-t37",
      "begin" : 215,
      "end" : 217,
      "text" : "糖尿",
      "whiteSpace" : false
    }, {
      "id" : "s1-t38",
      "begin" : 217,
      "end" : 218,
      "text" : "病",
      "whiteSpace" : false
    }, {
      "id" : "s1-t39",
      "begin" : 218,
      "end" : 219,
      "text" : "、",
      "whiteSpace" : false
    }, {
      "id" : "s1-t40",
      "begin" : 219,
      "end" : 221,
      "text" : "神経",
      "whiteSpace" : false
    }, {
      "id" : "s1-t41",
      "begin" : 221,
      "end" : 222,
      "text" : "痛",
      "whiteSpace" : false
    }, {
      "id" : "s1-t42",
      "begin" : 222,
      "end" : 223,
      "text" : "、",
      "whiteSpace" : false
    }, {
      "id" : "s1-t43",
      "begin" : 223,
      "end" : 225,
      "text" : "切り",
      "whiteSpace" : false
    }, {
      "id" : "s1-t44",
      "begin" : 225,
      "end" : 226,
      "text" : "傷",
      "whiteSpace" : false
    }, {
      "id" : "s1-t45",
      "begin" : 226,
      "end" : 227,
      "text" : "、",
      "whiteSpace" : false
    }, {
      "id" : "s1-t46",
      "begin" : 227,
      "end" : 229,
      "text" : "火傷",
      "whiteSpace" : false
    }, {
      "id" : "s1-t47",
      "begin" : 229,
      "end" : 230,
      "text" : "、",
      "whiteSpace" : false
    }, {
      "id" : "s1-t48",
      "begin" : 230,
      "end" : 232,
      "text" : "動脈",
      "whiteSpace" : false
    }, {
      "id" : "s1-t49",
      "begin" : 232,
      "end" : 234,
      "text" : "硬化",
      "whiteSpace" : false
    }, {
      "id" : "s1-t50",
      "begin" : 234,
      "end" : 235,
      "text" : "症",
      "whiteSpace" : false
    }, {
      "id" : "s1-t51",
      "begin" : 235,
      "end" : 236,
      "text" : "、",
      "whiteSpace" : false
    }, {
      "id" : "s1-t52",
      "begin" : 236,
      "end" : 240,
      "text" : "慢性皮膚",
      "whiteSpace" : false
    }, {
      "id" : "s1-t53",
      "begin" : 240,
      "end" : 241,
      "text" : "病",
      "whiteSpace" : false
    }, {
      "id" : "s1-t54",
      "begin" : 242,
      "end" : 243,
      "text" : "等",
      "whiteSpace" : false
    }, {
      "id" : "s1-t55",
      "begin" : 244,
      "end" : 245,
      "text" : "（",
      "whiteSpace" : false
    }, {
      "id" : "s1-t56",
      "begin" : 245,
      "end" : 246,
      "text" : "２",
      "whiteSpace" : false
    }, {
      "id" : "s1-t57",
      "begin" : 246,
      "end" : 247,
      "text" : "）",
      "whiteSpace" : false
    }, {
      "id" : "s1-t58",
      "begin" : 247,
      "end" : 249,
      "text" : "五頭",
      "whiteSpace" : false
    }, {
      "id" : "s1-t59",
      "begin" : 249,
      "end" : 252,
      "text" : "温泉郷",
      "whiteSpace" : false
    }, {
      "id" : "s1-t60",
      "begin" : 252,
      "end" : 253,
      "text" : "（",
      "whiteSpace" : false
    }, {
      "id" : "s1-t61",
      "begin" : 253,
      "end" : 255,
      "text" : "新潟",
      "whiteSpace" : false
    }, {
      "id" : "s1-t62",
      "begin" : 255,
      "end" : 256,
      "text" : "県",
      "whiteSpace" : false
    }, {
      "id" : "s1-t63",
      "begin" : 256,
      "end" : 259,
      "text" : "阿賀野",
      "whiteSpace" : false
    }, {
      "id" : "s1-t64",
      "begin" : 259,
      "end" : 260,
      "text" : "市",
      "whiteSpace" : false
    }, {
      "id" : "s1-t65",
      "begin" : 260,
      "end" : 261,
      "text" : "）",
      "whiteSpace" : false
    }, {
      "id" : "s1-t66",
      "begin" : 264,
      "end" : 265,
      "text" : "＜",
      "whiteSpace" : false
    }, {
      "id" : "s1-t67",
      "begin" : 265,
      "end" : 267,
      "text" : "概要",
      "whiteSpace" : false
    }, {
      "id" : "s1-t68",
      "begin" : 267,
      "end" : 268,
      "text" : "＞",
      "whiteSpace" : false
    }, {
      "id" : "s1-t69",
      "begin" : 270,
      "end" : 271,
      "text" : "五",
      "whiteSpace" : false
    }, {
      "id" : "s1-t70",
      "begin" : 271,
      "end" : 272,
      "text" : "つ",
      "whiteSpace" : false
    }, {
      "id" : "s1-t71",
      "begin" : 272,
      "end" : 273,
      "text" : "の",
      "whiteSpace" : false
    }, {
      "id" : "s1-t72",
      "begin" : 273,
      "end" : 274,
      "text" : "峰",
      "whiteSpace" : false
    }, {
      "id" : "s1-t73",
      "begin" : 274,
      "end" : 275,
      "text" : "を",
      "whiteSpace" : false
    }, {
      "id" : "s1-t74",
      "begin" : 275,
      "end" : 277,
      "text" : "持つ",
      "whiteSpace" : false
    }, {
      "id" : "s1-t75",
      "begin" : 277,
      "end" : 280,
      "text" : "五頭山",
      "whiteSpace" : false
    }, {
      "id" : "s1-t76",
      "begin" : 280,
      "end" : 281,
      "text" : "の",
      "whiteSpace" : false
    }, {
      "id" : "s1-t77",
      "begin" : 281,
      "end" : 283,
      "text" : "山懐",
      "whiteSpace" : false
    }, {
      "id" : "s1-t78",
      "begin" : 283,
      "end" : 284,
      "text" : "に",
      "whiteSpace" : false
    }, {
      "id" : "s1-t79",
      "begin" : 284,
      "end" : 286,
      "text" : "ある",
      "whiteSpace" : false
    }, {
      "id" : "s1-t80",
      "begin" : 286,
      "end" : 288,
      "text" : "出湯",
      "whiteSpace" : false
    }, {
      "id" : "s1-t81",
      "begin" : 288,
      "end" : 289,
      "text" : "・",
      "whiteSpace" : false
    }, {
      "id" : "s1-t82",
      "begin" : 289,
      "end" : 291,
      "text" : "今板",
      "whiteSpace" : false
    }, {
      "id" : "s1-t83",
      "begin" : 291,
      "end" : 292,
      "text" : "・",
      "whiteSpace" : false
    }, {
      "id" : "s1-t84",
      "begin" : 292,
      "end" : 294,
      "text" : "村杉",
      "whiteSpace" : false
    }, {
      "id" : "s1-t85",
      "begin" : 294,
      "end" : 295,
      "text" : "の",
      "whiteSpace" : false
    }, {
      "id" : "s1-t86",
      "begin" : 295,
      "end" : 296,
      "text" : "三",
      "whiteSpace" : false
    }, {
      "id" : "s1-t87",
      "begin" : 296,
      "end" : 297,
      "text" : "つ",
      "whiteSpace" : false
    }, {
      "id" : "s1-t88",
      "begin" : 297,
      "end" : 298,
      "text" : "の",
      "whiteSpace" : false
    }, {
      "id" : "s1-t89",
      "begin" : 298,
      "end" : 300,
      "text" : "温泉",
      "whiteSpace" : false
    }, {
      "id" : "s1-t90",
      "begin" : 300,
      "end" : 301,
      "text" : "地",
      "whiteSpace" : false
    }, {
      "id" : "s1-t91",
      "begin" : 301,
      "end" : 303,
      "text" : "から",
      "whiteSpace" : false
    }, {
      "id" : "s1-t92",
      "begin" : 303,
      "end" : 305,
      "text" : "なり",
      "whiteSpace" : false
    }, {
      "id" : "s1-t93",
      "begin" : 305,
      "end" : 306,
      "text" : "、",
      "whiteSpace" : false
    }, {
      "id" : "s1-t94",
      "begin" : 306,
      "end" : 307,
      "text" : "1",
      "whiteSpace" : false
    }, {
      "id" : "s1-t95",
      "begin" : 307,
      "end" : 308,
      "text" : "、",
      "whiteSpace" : false
    }, {
      "id" : "s1-t96",
      "begin" : 308,
      "end" : 311,
      "text" : "200",
      "whiteSpace" : false
    }, {
      "id" : "s1-t97",
      "begin" : 311,
      "end" : 312,
      "text" : "年",
      "whiteSpace" : false
    }, {
      "id" : "s1-t98",
      "begin" : 312,
      "end" : 314,
      "text" : "以上",
      "whiteSpace" : false
    }, {
      "id" : "s1-t99",
      "begin" : 314,
      "end" : 315,
      "text" : "の",
      "whiteSpace" : false
    }, {
      "id" : "s1-t100",
      "begin" : 315,
      "end" : 317,
      "text" : "歴史",
      "whiteSpace" : false
    }, {
      "id" : "s1-t101",
      "begin" : 317,
      "end" : 318,
      "text" : "が",
      "whiteSpace" : false
    }, {
      "id" : "s1-t102",
      "begin" : 318,
      "end" : 320,
      "text" : "あり",
      "whiteSpace" : false
    }, {
      "id" : "s1-t103",
      "begin" : 320,
      "end" : 321,
      "text" : "、",
      "whiteSpace" : false
    }, {
      "id" : "s1-t104",
      "begin" : 321,
      "end" : 323,
      "text" : "新潟",
      "whiteSpace" : false
    }, {
      "id" : "s1-t105",
      "begin" : 323,
      "end" : 324,
      "text" : "県",
      "whiteSpace" : false
    }, {
      "id" : "s1-t106",
      "begin" : 324,
      "end" : 326,
      "text" : "最古",
      "whiteSpace" : false
    }, {
      "id" : "s1-t107",
      "begin" : 326,
      "end" : 327,
      "text" : "の",
      "whiteSpace" : false
    }, {
      "id" : "s1-t108",
      "begin" : 327,
      "end" : 329,
      "text" : "温泉",
      "whiteSpace" : false
    }, {
      "id" : "s1-t109",
      "begin" : 329,
      "end" : 330,
      "text" : "地",
      "whiteSpace" : false
    }, {
      "id" : "s1-t110",
      "begin" : 330,
      "end" : 331,
      "text" : "と",
      "whiteSpace" : false
    }, {
      "id" : "s1-t111",
      "begin" : 331,
      "end" : 333,
      "text" : "いわ",
      "whiteSpace" : false
    }, {
      "id" : "s1-t112",
      "begin" : 333,
      "end" : 335,
      "text" : "れて",
      "whiteSpace" : false
    }, {
      "id" : "s1-t113",
      "begin" : 335,
      "end" : 336,
      "text" : "い",
      "whiteSpace" : false
    }, {
      "id" : "s1-t114",
      "begin" : 336,
      "end" : 338,
      "text" : "ます",
      "whiteSpace" : false
    }, {
      "id" : "s1-t115",
      "begin" : 338,
      "end" : 339,
      "text" : "。",
      "whiteSpace" : false
    } ]
  }, {
    "id" : "s2",
    "begin" : 342,
    "end" : 538,
    "text" : "＜泉質等＞\n　　主な泉質：ラジウム温泉（単純放射能泉、単純放射能冷鉱泉、ラドン温泉）　\n　　効用：一般的適応症、通風、高血圧症、動脈硬化症、慢性皮膚病・婦人病・胆嚢炎、胆石症など\n（３）鳴子温泉郷（宮城県大崎市）\n　　＜概要＞\n　最も古い温泉では開湯千年の歴史を有し、全体では約370本の源泉数を誇り、掲示用泉質名の10種類のうち、二酸化炭素泉と放射能泉、含よう素泉以外の7種類が存在します。",
    "tokens" : [ {
      "id" : "s2-t0",
      "begin" : 342,
      "end" : 343,
      "text" : "＜",
      "whiteSpace" : false
    }, {
      "id" : "s2-t1",
      "begin" : 343,
      "end" : 345,
      "text" : "泉質",
      "whiteSpace" : false
    }, {
      "id" : "s2-t2",
      "begin" : 345,
      "end" : 346,
      "text" : "等",
      "whiteSpace" : false
    }, {
      "id" : "s2-t3",
      "begin" : 346,
      "end" : 347,
      "text" : "＞",
      "whiteSpace" : false
    }, {
      "id" : "s2-t4",
      "begin" : 350,
      "end" : 352,
      "text" : "主な",
      "whiteSpace" : false
    }, {
      "id" : "s2-t5",
      "begin" : 352,
      "end" : 354,
      "text" : "泉質",
      "whiteSpace" : false
    }, {
      "id" : "s2-t6",
      "begin" : 354,
      "end" : 355,
      "text" : "：",
      "whiteSpace" : false
    }, {
      "id" : "s2-t7",
      "begin" : 355,
      "end" : 359,
      "text" : "ラジウム",
      "whiteSpace" : false
    }, {
      "id" : "s2-t8",
      "begin" : 359,
      "end" : 361,
      "text" : "温泉",
      "whiteSpace" : false
    }, {
      "id" : "s2-t9",
      "begin" : 361,
      "end" : 362,
      "text" : "（",
      "whiteSpace" : false
    }, {
      "id" : "s2-t10",
      "begin" : 362,
      "end" : 364,
      "text" : "単純",
      "whiteSpace" : false
    }, {
      "id" : "s2-t11",
      "begin" : 364,
      "end" : 367,
      "text" : "放射能",
      "whiteSpace" : false
    }, {
      "id" : "s2-t12",
      "begin" : 367,
      "end" : 368,
      "text" : "泉",
      "whiteSpace" : false
    }, {
      "id" : "s2-t13",
      "begin" : 368,
      "end" : 369,
      "text" : "、",
      "whiteSpace" : false
    }, {
      "id" : "s2-t14",
      "begin" : 369,
      "end" : 371,
      "text" : "単純",
      "whiteSpace" : false
    }, {
      "id" : "s2-t15",
      "begin" : 371,
      "end" : 374,
      "text" : "放射能",
      "whiteSpace" : false
    }, {
      "id" : "s2-t16",
      "begin" : 374,
      "end" : 376,
      "text" : "冷鉱",
      "whiteSpace" : false
    }, {
      "id" : "s2-t17",
      "begin" : 376,
      "end" : 377,
      "text" : "泉",
      "whiteSpace" : false
    }, {
      "id" : "s2-t18",
      "begin" : 377,
      "end" : 378,
      "text" : "、",
      "whiteSpace" : false
    }, {
      "id" : "s2-t19",
      "begin" : 378,
      "end" : 381,
      "text" : "ラドン",
      "whiteSpace" : false
    }, {
      "id" : "s2-t20",
      "begin" : 381,
      "end" : 383,
      "text" : "温泉",
      "whiteSpace" : false
    }, {
      "id" : "s2-t21",
      "begin" : 383,
      "end" : 384,
      "text" : "）",
      "whiteSpace" : false
    }, {
      "id" : "s2-t22",
      "begin" : 388,
      "end" : 390,
      "text" : "効用",
      "whiteSpace" : false
    }, {
      "id" : "s2-t23",
      "begin" : 390,
      "end" : 391,
      "text" : "：",
      "whiteSpace" : false
    }, {
      "id" : "s2-t24",
      "begin" : 391,
      "end" : 393,
      "text" : "一般",
      "whiteSpace" : false
    }, {
      "id" : "s2-t25",
      "begin" : 393,
      "end" : 394,
      "text" : "的",
      "whiteSpace" : false
    }, {
      "id" : "s2-t26",
      "begin" : 394,
      "end" : 396,
      "text" : "適応",
      "whiteSpace" : false
    }, {
      "id" : "s2-t27",
      "begin" : 396,
      "end" : 397,
      "text" : "症",
      "whiteSpace" : false
    }, {
      "id" : "s2-t28",
      "begin" : 397,
      "end" : 398,
      "text" : "、",
      "whiteSpace" : false
    }, {
      "id" : "s2-t29",
      "begin" : 398,
      "end" : 400,
      "text" : "通風",
      "whiteSpace" : false
    }, {
      "id" : "s2-t30",
      "begin" : 400,
      "end" : 401,
      "text" : "、",
      "whiteSpace" : false
    }, {
      "id" : "s2-t31",
      "begin" : 401,
      "end" : 402,
      "text" : "高",
      "whiteSpace" : false
    }, {
      "id" : "s2-t32",
      "begin" : 402,
      "end" : 404,
      "text" : "血圧",
      "whiteSpace" : false
    }, {
      "id" : "s2-t33",
      "begin" : 404,
      "end" : 405,
      "text" : "症",
      "whiteSpace" : false
    }, {
      "id" : "s2-t34",
      "begin" : 405,
      "end" : 406,
      "text" : "、",
      "whiteSpace" : false
    }, {
      "id" : "s2-t35",
      "begin" : 406,
      "end" : 408,
      "text" : "動脈",
      "whiteSpace" : false
    }, {
      "id" : "s2-t36",
      "begin" : 408,
      "end" : 410,
      "text" : "硬化",
      "whiteSpace" : false
    }, {
      "id" : "s2-t37",
      "begin" : 410,
      "end" : 411,
      "text" : "症",
      "whiteSpace" : false
    }, {
      "id" : "s2-t38",
      "begin" : 411,
      "end" : 412,
      "text" : "、",
      "whiteSpace" : false
    }, {
      "id" : "s2-t39",
      "begin" : 412,
      "end" : 417,
      "text" : "慢性皮膚病",
      "whiteSpace" : false
    }, {
      "id" : "s2-t40",
      "begin" : 417,
      "end" : 418,
      "text" : "・",
      "whiteSpace" : false
    }, {
      "id" : "s2-t41",
      "begin" : 418,
      "end" : 420,
      "text" : "婦人",
      "whiteSpace" : false
    }, {
      "id" : "s2-t42",
      "begin" : 420,
      "end" : 421,
      "text" : "病",
      "whiteSpace" : false
    }, {
      "id" : "s2-t43",
      "begin" : 421,
      "end" : 422,
      "text" : "・",
      "whiteSpace" : false
    }, {
      "id" : "s2-t44",
      "begin" : 422,
      "end" : 424,
      "text" : "胆嚢",
      "whiteSpace" : false
    }, {
      "id" : "s2-t45",
      "begin" : 424,
      "end" : 425,
      "text" : "炎",
      "whiteSpace" : false
    }, {
      "id" : "s2-t46",
      "begin" : 425,
      "end" : 426,
      "text" : "、",
      "whiteSpace" : false
    }, {
      "id" : "s2-t47",
      "begin" : 426,
      "end" : 428,
      "text" : "胆石",
      "whiteSpace" : false
    }, {
      "id" : "s2-t48",
      "begin" : 428,
      "end" : 429,
      "text" : "症",
      "whiteSpace" : false
    }, {
      "id" : "s2-t49",
      "begin" : 429,
      "end" : 431,
      "text" : "など",
      "whiteSpace" : false
    }, {
      "id" : "s2-t50",
      "begin" : 432,
      "end" : 433,
      "text" : "（",
      "whiteSpace" : false
    }, {
      "id" : "s2-t51",
      "begin" : 433,
      "end" : 434,
      "text" : "３",
      "whiteSpace" : false
    }, {
      "id" : "s2-t52",
      "begin" : 434,
      "end" : 435,
      "text" : "）",
      "whiteSpace" : false
    }, {
      "id" : "s2-t53",
      "begin" : 435,
      "end" : 437,
      "text" : "鳴子",
      "whiteSpace" : false
    }, {
      "id" : "s2-t54",
      "begin" : 437,
      "end" : 440,
      "text" : "温泉郷",
      "whiteSpace" : false
    }, {
      "id" : "s2-t55",
      "begin" : 440,
      "end" : 441,
      "text" : "（",
      "whiteSpace" : false
    }, {
      "id" : "s2-t56",
      "begin" : 441,
      "end" : 443,
      "text" : "宮城",
      "whiteSpace" : false
    }, {
      "id" : "s2-t57",
      "begin" : 443,
      "end" : 444,
      "text" : "県",
      "whiteSpace" : false
    }, {
      "id" : "s2-t58",
      "begin" : 444,
      "end" : 446,
      "text" : "大崎",
      "whiteSpace" : false
    }, {
      "id" : "s2-t59",
      "begin" : 446,
      "end" : 447,
      "text" : "市",
      "whiteSpace" : false
    }, {
      "id" : "s2-t60",
      "begin" : 447,
      "end" : 448,
      "text" : "）",
      "whiteSpace" : false
    }, {
      "id" : "s2-t61",
      "begin" : 451,
      "end" : 452,
      "text" : "＜",
      "whiteSpace" : false
    }, {
      "id" : "s2-t62",
      "begin" : 452,
      "end" : 454,
      "text" : "概要",
      "whiteSpace" : false
    }, {
      "id" : "s2-t63",
      "begin" : 454,
      "end" : 455,
      "text" : "＞",
      "whiteSpace" : false
    }, {
      "id" : "s2-t64",
      "begin" : 457,
      "end" : 459,
      "text" : "最も",
      "whiteSpace" : false
    }, {
      "id" : "s2-t65",
      "begin" : 459,
      "end" : 461,
      "text" : "古い",
      "whiteSpace" : false
    }, {
      "id" : "s2-t66",
      "begin" : 461,
      "end" : 463,
      "text" : "温泉",
      "whiteSpace" : false
    }, {
      "id" : "s2-t67",
      "begin" : 463,
      "end" : 464,
      "text" : "で",
      "whiteSpace" : false
    }, {
      "id" : "s2-t68",
      "begin" : 464,
      "end" : 465,
      "text" : "は",
      "whiteSpace" : false
    }, {
      "id" : "s2-t69",
      "begin" : 465,
      "end" : 467,
      "text" : "開湯",
      "whiteSpace" : false
    }, {
      "id" : "s2-t70",
      "begin" : 467,
      "end" : 468,
      "text" : "千",
      "whiteSpace" : false
    }, {
      "id" : "s2-t71",
      "begin" : 468,
      "end" : 469,
      "text" : "年",
      "whiteSpace" : false
    }, {
      "id" : "s2-t72",
      "begin" : 469,
      "end" : 470,
      "text" : "の",
      "whiteSpace" : false
    }, {
      "id" : "s2-t73",
      "begin" : 470,
      "end" : 472,
      "text" : "歴史",
      "whiteSpace" : false
    }, {
      "id" : "s2-t74",
      "begin" : 472,
      "end" : 473,
      "text" : "を",
      "whiteSpace" : false
    }, {
      "id" : "s2-t75",
      "begin" : 473,
      "end" : 475,
      "text" : "有し",
      "whiteSpace" : false
    }, {
      "id" : "s2-t76",
      "begin" : 475,
      "end" : 476,
      "text" : "、",
      "whiteSpace" : false
    }, {
      "id" : "s2-t77",
      "begin" : 476,
      "end" : 478,
      "text" : "全体",
      "whiteSpace" : false
    }, {
      "id" : "s2-t78",
      "begin" : 478,
      "end" : 479,
      "text" : "で",
      "whiteSpace" : false
    }, {
      "id" : "s2-t79",
      "begin" : 479,
      "end" : 480,
      "text" : "は",
      "whiteSpace" : false
    }, {
      "id" : "s2-t80",
      "begin" : 480,
      "end" : 481,
      "text" : "約",
      "whiteSpace" : false
    }, {
      "id" : "s2-t81",
      "begin" : 481,
      "end" : 484,
      "text" : "370",
      "whiteSpace" : false
    }, {
      "id" : "s2-t82",
      "begin" : 484,
      "end" : 485,
      "text" : "本",
      "whiteSpace" : false
    }, {
      "id" : "s2-t83",
      "begin" : 485,
      "end" : 486,
      "text" : "の",
      "whiteSpace" : false
    }, {
      "id" : "s2-t84",
      "begin" : 486,
      "end" : 488,
      "text" : "源泉",
      "whiteSpace" : false
    }, {
      "id" : "s2-t85",
      "begin" : 488,
      "end" : 489,
      "text" : "数",
      "whiteSpace" : false
    }, {
      "id" : "s2-t86",
      "begin" : 489,
      "end" : 490,
      "text" : "を",
      "whiteSpace" : false
    }, {
      "id" : "s2-t87",
      "begin" : 490,
      "end" : 492,
      "text" : "誇り",
      "whiteSpace" : false
    }, {
      "id" : "s2-t88",
      "begin" : 492,
      "end" : 493,
      "text" : "、",
      "whiteSpace" : false
    }, {
      "id" : "s2-t89",
      "begin" : 493,
      "end" : 495,
      "text" : "掲示",
      "whiteSpace" : false
    }, {
      "id" : "s2-t90",
      "begin" : 495,
      "end" : 496,
      "text" : "用",
      "whiteSpace" : false
    }, {
      "id" : "s2-t91",
      "begin" : 496,
      "end" : 498,
      "text" : "泉質",
      "whiteSpace" : false
    }, {
      "id" : "s2-t92",
      "begin" : 498,
      "end" : 499,
      "text" : "名",
      "whiteSpace" : false
    }, {
      "id" : "s2-t93",
      "begin" : 499,
      "end" : 500,
      "text" : "の",
      "whiteSpace" : false
    }, {
      "id" : "s2-t94",
      "begin" : 500,
      "end" : 502,
      "text" : "10",
      "whiteSpace" : false
    }, {
      "id" : "s2-t95",
      "begin" : 502,
      "end" : 504,
      "text" : "種類",
      "whiteSpace" : false
    }, {
      "id" : "s2-t96",
      "begin" : 504,
      "end" : 505,
      "text" : "の",
      "whiteSpace" : false
    }, {
      "id" : "s2-t97",
      "begin" : 505,
      "end" : 507,
      "text" : "うち",
      "whiteSpace" : false
    }, {
      "id" : "s2-t98",
      "begin" : 507,
      "end" : 508,
      "text" : "、",
      "whiteSpace" : false
    }, {
      "id" : "s2-t99",
      "begin" : 508,
      "end" : 509,
      "text" : "二",
      "whiteSpace" : false
    }, {
      "id" : "s2-t100",
      "begin" : 509,
      "end" : 511,
      "text" : "酸化",
      "whiteSpace" : false
    }, {
      "id" : "s2-t101",
      "begin" : 511,
      "end" : 513,
      "text" : "炭素",
      "whiteSpace" : false
    }, {
      "id" : "s2-t102",
      "begin" : 513,
      "end" : 514,
      "text" : "泉",
      "whiteSpace" : false
    }, {
      "id" : "s2-t103",
      "begin" : 514,
      "end" : 515,
      "text" : "と",
      "whiteSpace" : false
    }, {
      "id" : "s2-t104",
      "begin" : 515,
      "end" : 518,
      "text" : "放射能",
      "whiteSpace" : false
    }, {
      "id" : "s2-t105",
      "begin" : 518,
      "end" : 519,
      "text" : "泉",
      "whiteSpace" : false
    }, {
      "id" : "s2-t106",
      "begin" : 519,
      "end" : 520,
      "text" : "、",
      "whiteSpace" : false
    }, {
      "id" : "s2-t107",
      "begin" : 520,
      "end" : 523,
      "text" : "含よう",
      "whiteSpace" : false
    }, {
      "id" : "s2-t108",
      "begin" : 523,
      "end" : 525,
      "text" : "素泉",
      "whiteSpace" : false
    }, {
      "id" : "s2-t109",
      "begin" : 525,
      "end" : 527,
      "text" : "以外",
      "whiteSpace" : false
    }, {
      "id" : "s2-t110",
      "begin" : 527,
      "end" : 528,
      "text" : "の",
      "whiteSpace" : false
    }, {
      "id" : "s2-t111",
      "begin" : 528,
      "end" : 529,
      "text" : "7",
      "whiteSpace" : false
    }, {
      "id" : "s2-t112",
      "begin" : 529,
      "end" : 531,
      "text" : "種類",
      "whiteSpace" : false
    }, {
      "id" : "s2-t113",
      "begin" : 531,
      "end" : 532,
      "text" : "が",
      "whiteSpace" : false
    }, {
      "id" : "s2-t114",
      "begin" : 532,
      "end" : 534,
      "text" : "存在",
      "whiteSpace" : false
    }, {
      "id" : "s2-t115",
      "begin" : 534,
      "end" : 535,
      "text" : "し",
      "whiteSpace" : false
    }, {
      "id" : "s2-t116",
      "begin" : 535,
      "end" : 537,
      "text" : "ます",
      "whiteSpace" : false
    }, {
      "id" : "s2-t117",
      "begin" : 537,
      "end" : 538,
      "text" : "。",
      "whiteSpace" : false
    } ]
  }, {
    "id" : "s3",
    "begin" : 538,
    "end" : 593,
    "text" : "松尾芭蕉の歩いた「おくのほそ道」でも知られ、芭蕉の句碑や尿前の関跡など史跡も多く、歴史を感じることができます。",
    "tokens" : [ {
      "id" : "s3-t0",
      "begin" : 538,
      "end" : 540,
      "text" : "松尾",
      "whiteSpace" : false
    }, {
      "id" : "s3-t1",
      "begin" : 540,
      "end" : 542,
      "text" : "芭蕉",
      "whiteSpace" : false
    }, {
      "id" : "s3-t2",
      "begin" : 542,
      "end" : 543,
      "text" : "の",
      "whiteSpace" : false
    }, {
      "id" : "s3-t3",
      "begin" : 543,
      "end" : 546,
      "text" : "歩いた",
      "whiteSpace" : false
    }, {
      "id" : "s3-t4",
      "begin" : 546,
      "end" : 547,
      "text" : "「",
      "whiteSpace" : false
    }, {
      "id" : "s3-t5",
      "begin" : 547,
      "end" : 549,
      "text" : "おく",
      "whiteSpace" : false
    }, {
      "id" : "s3-t6",
      "begin" : 549,
      "end" : 550,
      "text" : "の",
      "whiteSpace" : false
    }, {
      "id" : "s3-t7",
      "begin" : 550,
      "end" : 552,
      "text" : "ほそ",
      "whiteSpace" : false
    }, {
      "id" : "s3-t8",
      "begin" : 552,
      "end" : 553,
      "text" : "道",
      "whiteSpace" : false
    }, {
      "id" : "s3-t9",
      "begin" : 553,
      "end" : 554,
      "text" : "」",
      "whiteSpace" : false
    }, {
      "id" : "s3-t10",
      "begin" : 554,
      "end" : 556,
      "text" : "でも",
      "whiteSpace" : false
    }, {
      "id" : "s3-t11",
      "begin" : 556,
      "end" : 558,
      "text" : "知ら",
      "whiteSpace" : false
    }, {
      "id" : "s3-t12",
      "begin" : 558,
      "end" : 559,
      "text" : "れ",
      "whiteSpace" : false
    }, {
      "id" : "s3-t13",
      "begin" : 559,
      "end" : 560,
      "text" : "、",
      "whiteSpace" : false
    }, {
      "id" : "s3-t14",
      "begin" : 560,
      "end" : 562,
      "text" : "芭蕉",
      "whiteSpace" : false
    }, {
      "id" : "s3-t15",
      "begin" : 562,
      "end" : 563,
      "text" : "の",
      "whiteSpace" : false
    }, {
      "id" : "s3-t16",
      "begin" : 563,
      "end" : 565,
      "text" : "句碑",
      "whiteSpace" : false
    }, {
      "id" : "s3-t17",
      "begin" : 565,
      "end" : 566,
      "text" : "や",
      "whiteSpace" : false
    }, {
      "id" : "s3-t18",
      "begin" : 566,
      "end" : 567,
      "text" : "尿",
      "whiteSpace" : false
    }, {
      "id" : "s3-t19",
      "begin" : 567,
      "end" : 568,
      "text" : "前",
      "whiteSpace" : false
    }, {
      "id" : "s3-t20",
      "begin" : 568,
      "end" : 569,
      "text" : "の",
      "whiteSpace" : false
    }, {
      "id" : "s3-t21",
      "begin" : 569,
      "end" : 571,
      "text" : "関跡",
      "whiteSpace" : false
    }, {
      "id" : "s3-t22",
      "begin" : 571,
      "end" : 573,
      "text" : "など",
      "whiteSpace" : false
    }, {
      "id" : "s3-t23",
      "begin" : 573,
      "end" : 575,
      "text" : "史跡",
      "whiteSpace" : false
    }, {
      "id" : "s3-t24",
      "begin" : 575,
      "end" : 576,
      "text" : "も",
      "whiteSpace" : false
    }, {
      "id" : "s3-t25",
      "begin" : 576,
      "end" : 578,
      "text" : "多く",
      "whiteSpace" : false
    }, {
      "id" : "s3-t26",
      "begin" : 578,
      "end" : 579,
      "text" : "、",
      "whiteSpace" : false
    }, {
      "id" : "s3-t27",
      "begin" : 579,
      "end" : 581,
      "text" : "歴史",
      "whiteSpace" : false
    }, {
      "id" : "s3-t28",
      "begin" : 581,
      "end" : 582,
      "text" : "を",
      "whiteSpace" : false
    }, {
      "id" : "s3-t29",
      "begin" : 582,
      "end" : 585,
      "text" : "感じる",
      "whiteSpace" : false
    }, {
      "id" : "s3-t30",
      "begin" : 585,
      "end" : 587,
      "text" : "こと",
      "whiteSpace" : false
    }, {
      "id" : "s3-t31",
      "begin" : 587,
      "end" : 588,
      "text" : "が",
      "whiteSpace" : false
    }, {
      "id" : "s3-t32",
      "begin" : 588,
      "end" : 590,
      "text" : "でき",
      "whiteSpace" : false
    }, {
      "id" : "s3-t33",
      "begin" : 590,
      "end" : 592,
      "text" : "ます",
      "whiteSpace" : false
    }, {
      "id" : "s3-t34",
      "begin" : 592,
      "end" : 593,
      "text" : "。",
      "whiteSpace" : false
    } ]
  }, {
    "id" : "s4",
    "begin" : 596,
    "end" : 667,
    "text" : "＜泉質等＞\n　　主な泉質：単純温泉、硫黄泉、炭酸水素塩泉、硫酸塩泉、塩化物泉　など　\n　　効用：きりきず、冷え症、筋肉痛、胃腸機能の低下 など",
    "tokens" : [ {
      "id" : "s4-t0",
      "begin" : 596,
      "end" : 597,
      "text" : "＜",
      "whiteSpace" : false
    }, {
      "id" : "s4-t1",
      "begin" : 597,
      "end" : 599,
      "text" : "泉質",
      "whiteSpace" : false
    }, {
      "id" : "s4-t2",
      "begin" : 599,
      "end" : 600,
      "text" : "等",
      "whiteSpace" : false
    }, {
      "id" : "s4-t3",
      "begin" : 600,
      "end" : 601,
      "text" : "＞",
      "whiteSpace" : false
    }, {
      "id" : "s4-t4",
      "begin" : 604,
      "end" : 606,
      "text" : "主な",
      "whiteSpace" : false
    }, {
      "id" : "s4-t5",
      "begin" : 606,
      "end" : 608,
      "text" : "泉質",
      "whiteSpace" : false
    }, {
      "id" : "s4-t6",
      "begin" : 608,
      "end" : 609,
      "text" : "：",
      "whiteSpace" : false
    }, {
      "id" : "s4-t7",
      "begin" : 609,
      "end" : 611,
      "text" : "単純",
      "whiteSpace" : false
    }, {
      "id" : "s4-t8",
      "begin" : 611,
      "end" : 613,
      "text" : "温泉",
      "whiteSpace" : false
    }, {
      "id" : "s4-t9",
      "begin" : 613,
      "end" : 614,
      "text" : "、",
      "whiteSpace" : false
    }, {
      "id" : "s4-t10",
      "begin" : 614,
      "end" : 616,
      "text" : "硫黄",
      "whiteSpace" : false
    }, {
      "id" : "s4-t11",
      "begin" : 616,
      "end" : 617,
      "text" : "泉",
      "whiteSpace" : false
    }, {
      "id" : "s4-t12",
      "begin" : 617,
      "end" : 618,
      "text" : "、",
      "whiteSpace" : false
    }, {
      "id" : "s4-t13",
      "begin" : 618,
      "end" : 620,
      "text" : "炭酸",
      "whiteSpace" : false
    }, {
      "id" : "s4-t14",
      "begin" : 620,
      "end" : 622,
      "text" : "水素",
      "whiteSpace" : false
    }, {
      "id" : "s4-t15",
      "begin" : 622,
      "end" : 624,
      "text" : "塩泉",
      "whiteSpace" : false
    }, {
      "id" : "s4-t16",
      "begin" : 624,
      "end" : 625,
      "text" : "、",
      "whiteSpace" : false
    }, {
      "id" : "s4-t17",
      "begin" : 625,
      "end" : 627,
      "text" : "硫酸",
      "whiteSpace" : false
    }, {
      "id" : "s4-t18",
      "begin" : 627,
      "end" : 629,
      "text" : "塩泉",
      "whiteSpace" : false
    }, {
      "id" : "s4-t19",
      "begin" : 629,
      "end" : 630,
      "text" : "、",
      "whiteSpace" : false
    }, {
      "id" : "s4-t20",
      "begin" : 630,
      "end" : 632,
      "text" : "塩化",
      "whiteSpace" : false
    }, {
      "id" : "s4-t21",
      "begin" : 632,
      "end" : 634,
      "text" : "物泉",
      "whiteSpace" : false
    }, {
      "id" : "s4-t22",
      "begin" : 635,
      "end" : 637,
      "text" : "など",
      "whiteSpace" : false
    }, {
      "id" : "s4-t23",
      "begin" : 641,
      "end" : 643,
      "text" : "効用",
      "whiteSpace" : false
    }, {
      "id" : "s4-t24",
      "begin" : 643,
      "end" : 644,
      "text" : "：",
      "whiteSpace" : false
    }, {
      "id" : "s4-t25",
      "begin" : 644,
      "end" : 647,
      "text" : "きりき",
      "whiteSpace" : false
    }, {
      "id" : "s4-t26",
      "begin" : 647,
      "end" : 648,
      "text" : "ず",
      "whiteSpace" : false
    }, {
      "id" : "s4-t27",
      "begin" : 648,
      "end" : 649,
      "text" : "、",
      "whiteSpace" : false
    }, {
      "id" : "s4-t28",
      "begin" : 649,
      "end" : 652,
      "text" : "冷え症",
      "whiteSpace" : false
    }, {
      "id" : "s4-t29",
      "begin" : 652,
      "end" : 653,
      "text" : "、",
      "whiteSpace" : false
    }, {
      "id" : "s4-t30",
      "begin" : 653,
      "end" : 655,
      "text" : "筋肉",
      "whiteSpace" : false
    }, {
      "id" : "s4-t31",
      "begin" : 655,
      "end" : 656,
      "text" : "痛",
      "whiteSpace" : false
    }, {
      "id" : "s4-t32",
      "begin" : 656,
      "end" : 657,
      "text" : "、",
      "whiteSpace" : false
    }, {
      "id" : "s4-t33",
      "begin" : 657,
      "end" : 659,
      "text" : "胃腸",
      "whiteSpace" : false
    }, {
      "id" : "s4-t34",
      "begin" : 659,
      "end" : 661,
      "text" : "機能",
      "whiteSpace" : false
    }, {
      "id" : "s4-t35",
      "begin" : 661,
      "end" : 662,
      "text" : "の",
      "whiteSpace" : false
    }, {
      "id" : "s4-t36",
      "begin" : 662,
      "end" : 664,
      "text" : "低下",
      "whiteSpace" : false
    }, {
      "id" : "s4-t37",
      "begin" : 665,
      "end" : 667,
      "text" : "など",
      "whiteSpace" : false
    } ]
  } ],
  "mentions" : [ {
    "id" : "s0-m1",
    "properties" : {
      "SIRE_MENTION_ROLE" : "ONSEN",
      "SIRE_ENTITY_SUBTYPE" : "NONE",
      "SIRE_MENTION_TYPE" : "NONE",
      "SIRE_MENTION_CLASS" : "SPC"
    },
    "type" : "ONSEN",
    "begin" : 3,
    "end" : 5,
    "inCoref" : false
  }, {
    "id" : "s0-m2",
    "properties" : {
      "SIRE_MENTION_ROLE" : "ONSEN",
      "SIRE_ENTITY_SUBTYPE" : "NONE",
      "SIRE_MENTION_TYPE" : "NONE",
      "SIRE_MENTION_CLASS" : "SPC"
    },
    "type" : "ONSEN",
    "begin" : 6,
    "end" : 10,
    "inCoref" : false
  }, {
    "id" : "s0-m3",
    "properties" : {
      "SIRE_MENTION_ROLE" : "ONSEN",
      "SIRE_ENTITY_SUBTYPE" : "NONE",
      "SIRE_MENTION_TYPE" : "NONE",
      "SIRE_MENTION_CLASS" : "SPC"
    },
    "type" : "ONSEN",
    "begin" : 11,
    "end" : 15,
    "inCoref" : false
  }, {
    "id" : "s0-m4",
    "properties" : {
      "SIRE_MENTION_ROLE" : "ONSEN",
      "SIRE_ENTITY_SUBTYPE" : "NONE",
      "SIRE_MENTION_TYPE" : "NONE",
      "SIRE_MENTION_CLASS" : "SPC"
    },
    "type" : "ONSEN",
    "begin" : 100,
    "end" : 104,
    "inCoref" : false
  }, {
    "id" : "s1-m0",
    "properties" : {
      "SIRE_MENTION_CLASS" : "SPC",
      "SIRE_MENTION_ROLE" : "Sensitsu",
      "SIRE_MENTION_TYPE" : "NONE",
      "SIRE_ENTITY_SUBTYPE" : "NONE"
    },
    "type" : "Sensitsu",
    "begin" : 147,
    "end" : 157,
    "inCoref" : false
  }, {
    "id" : "s1-m3",
    "properties" : {
      "SIRE_MENTION_ROLE" : "Sensitsu",
      "SIRE_ENTITY_SUBTYPE" : "NONE",
      "SIRE_MENTION_TYPE" : "NONE",
      "SIRE_MENTION_CLASS" : "SPC"
    },
    "type" : "Sensitsu",
    "begin" : 158,
    "end" : 175,
    "inCoref" : false
  }, {
    "id" : "s1-m4",
    "properties" : {
      "SIRE_MENTION_ROLE" : "Sensitsu",
      "SIRE_ENTITY_SUBTYPE" : "NONE",
      "SIRE_MENTION_TYPE" : "NONE",
      "SIRE_MENTION_CLASS" : "SPC"
    },
    "type" : "Sensitsu",
    "begin" : 176,
    "end" : 200,
    "inCoref" : false
  }, {
    "id" : "s1-m5",
    "properties" : {
      "SIRE_MENTION_ROLE" : "Tekiou",
      "SIRE_ENTITY_SUBTYPE" : "NONE",
      "SIRE_MENTION_TYPE" : "NONE",
      "SIRE_MENTION_CLASS" : "SPC"
    },
    "type" : "Tekiou",
    "begin" : 206,
    "end" : 209,
    "inCoref" : false
  }, {
    "id" : "s1-m6",
    "properties" : {
      "SIRE_MENTION_ROLE" : "Tekiou",
      "SIRE_ENTITY_SUBTYPE" : "NONE",
      "SIRE_MENTION_TYPE" : "NONE",
      "SIRE_MENTION_CLASS" : "SPC"
    },
    "type" : "Tekiou",
    "begin" : 210,
    "end" : 214,
    "inCoref" : false
  }, {
    "id" : "s1-m7",
    "properties" : {
      "SIRE_MENTION_ROLE" : "Tekiou",
      "SIRE_ENTITY_SUBTYPE" : "NONE",
      "SIRE_MENTION_TYPE" : "NONE",
      "SIRE_MENTION_CLASS" : "SPC"
    },
    "type" : "Tekiou",
    "begin" : 215,
    "end" : 218,
    "inCoref" : false
  }, {
    "id" : "s1-m8",
    "properties" : {
      "SIRE_MENTION_ROLE" : "Tekiou",
      "SIRE_ENTITY_SUBTYPE" : "NONE",
      "SIRE_MENTION_TYPE" : "NONE",
      "SIRE_MENTION_CLASS" : "SPC"
    },
    "type" : "Tekiou",
    "begin" : 219,
    "end" : 222,
    "inCoref" : false
  }, {
    "id" : "s1-m9",
    "properties" : {
      "SIRE_MENTION_ROLE" : "Tekiou",
      "SIRE_ENTITY_SUBTYPE" : "NONE",
      "SIRE_MENTION_TYPE" : "NONE",
      "SIRE_MENTION_CLASS" : "SPC"
    },
    "type" : "Tekiou",
    "begin" : 223,
    "end" : 226,
    "inCoref" : false
  }, {
    "id" : "s1-m10",
    "properties" : {
      "SIRE_MENTION_ROLE" : "Tekiou",
      "SIRE_ENTITY_SUBTYPE" : "NONE",
      "SIRE_MENTION_TYPE" : "NONE",
      "SIRE_MENTION_CLASS" : "SPC"
    },
    "type" : "Tekiou",
    "begin" : 227,
    "end" : 229,
    "inCoref" : false
  }, {
    "id" : "s1-m11",
    "properties" : {
      "SIRE_MENTION_ROLE" : "Tekiou",
      "SIRE_ENTITY_SUBTYPE" : "NONE",
      "SIRE_MENTION_TYPE" : "NONE",
      "SIRE_MENTION_CLASS" : "SPC"
    },
    "type" : "Tekiou",
    "begin" : 230,
    "end" : 235,
    "inCoref" : false
  }, {
    "id" : "s1-m12",
    "properties" : {
      "SIRE_MENTION_ROLE" : "Tekiou",
      "SIRE_ENTITY_SUBTYPE" : "NONE",
      "SIRE_MENTION_TYPE" : "NONE",
      "SIRE_MENTION_CLASS" : "SPC"
    },
    "type" : "Tekiou",
    "begin" : 236,
    "end" : 241,
    "inCoref" : false
  }, {
    "id" : "s1-m13",
    "properties" : {
      "SIRE_MENTION_ROLE" : "ONSEN",
      "SIRE_ENTITY_SUBTYPE" : "NONE",
      "SIRE_MENTION_TYPE" : "NONE",
      "SIRE_MENTION_CLASS" : "SPC"
    },
    "type" : "ONSEN",
    "begin" : 247,
    "end" : 252,
    "inCoref" : false
  }, {
    "id" : "s1-m14",
    "properties" : {
      "SIRE_MENTION_ROLE" : "ONSEN",
      "SIRE_ENTITY_SUBTYPE" : "NONE",
      "SIRE_MENTION_TYPE" : "NONE",
      "SIRE_MENTION_CLASS" : "SPC"
    },
    "type" : "ONSEN",
    "begin" : 286,
    "end" : 288,
    "inCoref" : false
  }, {
    "id" : "s1-m15",
    "properties" : {
      "SIRE_MENTION_ROLE" : "ONSEN",
      "SIRE_ENTITY_SUBTYPE" : "NONE",
      "SIRE_MENTION_TYPE" : "NONE",
      "SIRE_MENTION_CLASS" : "SPC"
    },
    "type" : "ONSEN",
    "begin" : 289,
    "end" : 291,
    "inCoref" : false
  }, {
    "id" : "s1-m16",
    "properties" : {
      "SIRE_MENTION_ROLE" : "ONSEN",
      "SIRE_ENTITY_SUBTYPE" : "NONE",
      "SIRE_MENTION_TYPE" : "NONE",
      "SIRE_MENTION_CLASS" : "SPC"
    },
    "type" : "ONSEN",
    "begin" : 292,
    "end" : 294,
    "inCoref" : false
  }, {
    "id" : "s2-m4",
    "properties" : {
      "SIRE_MENTION_ROLE" : "Sensitsu",
      "SIRE_ENTITY_SUBTYPE" : "NONE",
      "SIRE_MENTION_TYPE" : "NONE",
      "SIRE_MENTION_CLASS" : "SPC"
    },
    "type" : "Sensitsu",
    "begin" : 355,
    "end" : 361,
    "inCoref" : false
  }, {
    "id" : "s2-m0",
    "properties" : {
      "SIRE_MENTION_CLASS" : "SPC",
      "SIRE_MENTION_ROLE" : "Sensitsu",
      "SIRE_MENTION_TYPE" : "NONE",
      "SIRE_ENTITY_SUBTYPE" : "NONE"
    },
    "type" : "Sensitsu",
    "begin" : 362,
    "end" : 368,
    "inCoref" : false
  }, {
    "id" : "s2-m5",
    "properties" : {
      "SIRE_MENTION_ROLE" : "Sensitsu",
      "SIRE_ENTITY_SUBTYPE" : "NONE",
      "SIRE_MENTION_TYPE" : "NONE",
      "SIRE_MENTION_CLASS" : "SPC"
    },
    "type" : "Sensitsu",
    "begin" : 369,
    "end" : 377,
    "inCoref" : false
  }, {
    "id" : "s2-m6",
    "properties" : {
      "SIRE_MENTION_ROLE" : "Sensitsu",
      "SIRE_ENTITY_SUBTYPE" : "NONE",
      "SIRE_MENTION_TYPE" : "NONE",
      "SIRE_MENTION_CLASS" : "SPC"
    },
    "type" : "Sensitsu",
    "begin" : 378,
    "end" : 383,
    "inCoref" : false
  }, {
    "id" : "s2-m7",
    "properties" : {
      "SIRE_MENTION_ROLE" : "Tekiou",
      "SIRE_ENTITY_SUBTYPE" : "NONE",
      "SIRE_MENTION_TYPE" : "NONE",
      "SIRE_MENTION_CLASS" : "SPC"
    },
    "type" : "Tekiou",
    "begin" : 398,
    "end" : 400,
    "inCoref" : false
  }, {
    "id" : "s2-m8",
    "properties" : {
      "SIRE_MENTION_ROLE" : "Tekiou",
      "SIRE_ENTITY_SUBTYPE" : "NONE",
      "SIRE_MENTION_TYPE" : "NONE",
      "SIRE_MENTION_CLASS" : "SPC"
    },
    "type" : "Tekiou",
    "begin" : 401,
    "end" : 405,
    "inCoref" : false
  }, {
    "id" : "s2-m9",
    "properties" : {
      "SIRE_MENTION_ROLE" : "Tekiou",
      "SIRE_ENTITY_SUBTYPE" : "NONE",
      "SIRE_MENTION_TYPE" : "NONE",
      "SIRE_MENTION_CLASS" : "SPC"
    },
    "type" : "Tekiou",
    "begin" : 406,
    "end" : 411,
    "inCoref" : false
  }, {
    "id" : "s2-m10",
    "properties" : {
      "SIRE_MENTION_ROLE" : "Tekiou",
      "SIRE_ENTITY_SUBTYPE" : "NONE",
      "SIRE_MENTION_TYPE" : "NONE",
      "SIRE_MENTION_CLASS" : "SPC"
    },
    "type" : "Tekiou",
    "begin" : 412,
    "end" : 417,
    "inCoref" : false
  }, {
    "id" : "s2-m11",
    "properties" : {
      "SIRE_MENTION_ROLE" : "Tekiou",
      "SIRE_ENTITY_SUBTYPE" : "NONE",
      "SIRE_MENTION_TYPE" : "NONE",
      "SIRE_MENTION_CLASS" : "SPC"
    },
    "type" : "Tekiou",
    "begin" : 418,
    "end" : 421,
    "inCoref" : false
  }, {
    "id" : "s2-m12",
    "properties" : {
      "SIRE_MENTION_ROLE" : "Tekiou",
      "SIRE_ENTITY_SUBTYPE" : "NONE",
      "SIRE_MENTION_TYPE" : "NONE",
      "SIRE_MENTION_CLASS" : "SPC"
    },
    "type" : "Tekiou",
    "begin" : 422,
    "end" : 425,
    "inCoref" : false
  }, {
    "id" : "s2-m13",
    "properties" : {
      "SIRE_MENTION_ROLE" : "Tekiou",
      "SIRE_ENTITY_SUBTYPE" : "NONE",
      "SIRE_MENTION_TYPE" : "NONE",
      "SIRE_MENTION_CLASS" : "SPC"
    },
    "type" : "Tekiou",
    "begin" : 426,
    "end" : 429,
    "inCoref" : false
  }, {
    "id" : "s2-m14",
    "properties" : {
      "SIRE_MENTION_ROLE" : "ONSEN",
      "SIRE_ENTITY_SUBTYPE" : "NONE",
      "SIRE_MENTION_TYPE" : "NONE",
      "SIRE_MENTION_CLASS" : "SPC"
    },
    "type" : "ONSEN",
    "begin" : 435,
    "end" : 440,
    "inCoref" : false
  }, {
    "id" : "s2-m1",
    "properties" : {
      "SIRE_MENTION_CLASS" : "SPC",
      "SIRE_MENTION_ROLE" : "Sensitsu",
      "SIRE_MENTION_TYPE" : "NONE",
      "SIRE_ENTITY_SUBTYPE" : "NONE"
    },
    "type" : "Sensitsu",
    "begin" : 508,
    "end" : 514,
    "inCoref" : false
  }, {
    "id" : "s2-m2",
    "properties" : {
      "SIRE_MENTION_CLASS" : "SPC",
      "SIRE_MENTION_ROLE" : "Sensitsu",
      "SIRE_MENTION_TYPE" : "NONE",
      "SIRE_ENTITY_SUBTYPE" : "NONE"
    },
    "type" : "Sensitsu",
    "begin" : 515,
    "end" : 519,
    "inCoref" : false
  }, {
    "id" : "s2-m15",
    "properties" : {
      "SIRE_MENTION_ROLE" : "Sensitsu",
      "SIRE_ENTITY_SUBTYPE" : "NONE",
      "SIRE_MENTION_TYPE" : "NONE",
      "SIRE_MENTION_CLASS" : "SPC"
    },
    "type" : "Sensitsu",
    "begin" : 520,
    "end" : 525,
    "inCoref" : false
  }, {
    "id" : "s4-m0",
    "properties" : {
      "SIRE_MENTION_CLASS" : "SPC",
      "SIRE_MENTION_ROLE" : "Sensitsu",
      "SIRE_MENTION_TYPE" : "NONE",
      "SIRE_ENTITY_SUBTYPE" : "NONE"
    },
    "type" : "Sensitsu",
    "begin" : 609,
    "end" : 613,
    "inCoref" : false
  }, {
    "id" : "s4-m1",
    "properties" : {
      "SIRE_MENTION_CLASS" : "SPC",
      "SIRE_MENTION_ROLE" : "Sensitsu",
      "SIRE_MENTION_TYPE" : "NONE",
      "SIRE_ENTITY_SUBTYPE" : "NONE"
    },
    "type" : "Sensitsu",
    "begin" : 614,
    "end" : 617,
    "inCoref" : false
  }, {
    "id" : "s4-m2",
    "properties" : {
      "SIRE_MENTION_CLASS" : "SPC",
      "SIRE_MENTION_ROLE" : "Sensitsu",
      "SIRE_MENTION_TYPE" : "NONE",
      "SIRE_ENTITY_SUBTYPE" : "NONE"
    },
    "type" : "Sensitsu",
    "begin" : 618,
    "end" : 624,
    "inCoref" : false
  }, {
    "id" : "s4-m3",
    "properties" : {
      "SIRE_MENTION_CLASS" : "SPC",
      "SIRE_MENTION_ROLE" : "Sensitsu",
      "SIRE_MENTION_TYPE" : "NONE",
      "SIRE_ENTITY_SUBTYPE" : "NONE"
    },
    "type" : "Sensitsu",
    "begin" : 625,
    "end" : 629,
    "inCoref" : false
  }, {
    "id" : "s4-m4",
    "properties" : {
      "SIRE_MENTION_CLASS" : "SPC",
      "SIRE_MENTION_ROLE" : "Sensitsu",
      "SIRE_MENTION_TYPE" : "NONE",
      "SIRE_ENTITY_SUBTYPE" : "NONE"
    },
    "type" : "Sensitsu",
    "begin" : 630,
    "end" : 634,
    "inCoref" : false
  }, {
    "id" : "s4-m6",
    "properties" : {
      "SIRE_MENTION_ROLE" : "Tekiou",
      "SIRE_ENTITY_SUBTYPE" : "NONE",
      "SIRE_MENTION_TYPE" : "NONE",
      "SIRE_MENTION_CLASS" : "SPC"
    },
    "type" : "Tekiou",
    "begin" : 644,
    "end" : 648,
    "inCoref" : false
  }, {
    "id" : "s4-m7",
    "properties" : {
      "SIRE_MENTION_ROLE" : "Tekiou",
      "SIRE_ENTITY_SUBTYPE" : "NONE",
      "SIRE_MENTION_TYPE" : "NONE",
      "SIRE_MENTION_CLASS" : "SPC"
    },
    "type" : "Tekiou",
    "begin" : 649,
    "end" : 652,
    "inCoref" : false
  }, {
    "id" : "s4-m8",
    "properties" : {
      "SIRE_MENTION_ROLE" : "Tekiou",
      "SIRE_ENTITY_SUBTYPE" : "NONE",
      "SIRE_MENTION_TYPE" : "NONE",
      "SIRE_MENTION_CLASS" : "SPC"
    },
    "type" : "Tekiou",
    "begin" : 653,
    "end" : 656,
    "inCoref" : false
  }, {
    "id" : "s4-m10",
    "properties" : {
      "SIRE_MENTION_ROLE" : "Tekiou",
      "SIRE_ENTITY_SUBTYPE" : "NONE",
      "SIRE_MENTION_TYPE" : "NONE",
      "SIRE_MENTION_CLASS" : "SPC"
    },
    "type" : "Tekiou",
    "begin" : 657,
    "end" : 664,
    "inCoref" : false
  } ],
  "relations" : [ ],
  "corefs" : [ ],
  "typeResolved" : true,
  "userResolved" : false
}