{
  "id" : "5ae7cfb0-d149-11e9-ad4b-c984733d60b0-21",
  "name" : "21_畑毛温泉 国民保養温泉地計画書",
  "createdDate" : 0,
  "version" : 3,
  "text" : "畑毛温泉は、全国的に著名な伊豆半島温泉群の北端入口に位置しており、静岡県伊豆の国市及び田方郡函南町の両市町に跨る既存集落地内の約28ha の温泉地である。\n温泉地の東側には、多賀火山の一支脈をなし、平成 25 年 6 月に「富士山－信仰の対象と芸術の源泉」として世界文化遺産に登録された富士山への眺望に優れた大仙山（標高 167.2m）がそびえ、西側には、一級河川狩野川の支川である一級河川【畑毛温泉入口】 柿沢川が流れている。また、南側には狩野川沖積平野が広がり、柿沢川沿いなどから富士山への良好な眺望景観が得られる。\n本温泉地は古くから開けており、伝承では、後に鎌倉幕府を開くこととなる源頼朝が軍馬の療養を行ったとされているほか、江戸時代には「湯塚の湯」という名前で、腫れ物に対する温泉の効能が広く知られ、寛延年間には湯治が行われたとの記録も残っている。\n近代に入ると著名な文人も多く本温泉地を訪れており、与謝野晶子は「湯口より遠く引かれて温泉は 女の熱を失ひしかな」の句を、また、若山牧水は「長湯して飽かぬこの湯のぬるき湯に ひたりて安きこころなりけり」の句を残し、柿沢川河畔には若山牧水の歌碑が建てられている。さらに、モラロジー（道徳科学：「道徳」を表すモラル（moral）と「学」を表すロジー（logy）からなる学術語）の提唱者である廣池千九郎は、本温泉地をたびたび訪れ、静養を兼ねて「道徳科学の論文」の執筆編集を行っている。現在、温泉地内には、廣池千九郎の功績を称え、「廣池千九郎畑毛記念館」が建てられている。\nこのように、畑毛温泉は古来より良質の湯治場として親しまれており、若山牧水の句に残されているように、「ぬるい湯にゆったりと長時間浸かれる」ことが本温泉地の最大の特徴である。この特徴が、湯治を目的とする利用客に愛され続けている所以となっており、今日では、近隣住民はもちろんのこと、首都圏等遠方からも多くの利用客が幾度も訪れており、利用客数は年々増加傾向にある。",
  "docLength" : 0,
  "language" : "JA",
  "status" : "IN_PROGRESS",
  "modifiedDate" : 1567847758816,
  "documentSet" : [ ],
  "preannotation" : [ "PRE_LW" ],
  "sentences" : [ {
    "id" : "s0",
    "begin" : 0,
    "end" : 77,
    "text" : "畑毛温泉は、全国的に著名な伊豆半島温泉群の北端入口に位置しており、静岡県伊豆の国市及び田方郡函南町の両市町に跨る既存集落地内の約28ha の温泉地である。",
    "tokens" : [ {
      "id" : "s0-t0",
      "begin" : 0,
      "end" : 2,
      "text" : "畑毛",
      "whiteSpace" : false
    }, {
      "id" : "s0-t1",
      "begin" : 2,
      "end" : 4,
      "text" : "温泉",
      "whiteSpace" : false
    }, {
      "id" : "s0-t2",
      "begin" : 4,
      "end" : 5,
      "text" : "は",
      "whiteSpace" : false
    }, {
      "id" : "s0-t3",
      "begin" : 5,
      "end" : 6,
      "text" : "、",
      "whiteSpace" : false
    }, {
      "id" : "s0-t4",
      "begin" : 6,
      "end" : 8,
      "text" : "全国",
      "whiteSpace" : false
    }, {
      "id" : "s0-t5",
      "begin" : 8,
      "end" : 10,
      "text" : "的に",
      "whiteSpace" : false
    }, {
      "id" : "s0-t6",
      "begin" : 10,
      "end" : 13,
      "text" : "著名な",
      "whiteSpace" : false
    }, {
      "id" : "s0-t7",
      "begin" : 13,
      "end" : 15,
      "text" : "伊豆",
      "whiteSpace" : false
    }, {
      "id" : "s0-t8",
      "begin" : 15,
      "end" : 17,
      "text" : "半島",
      "whiteSpace" : false
    }, {
      "id" : "s0-t9",
      "begin" : 17,
      "end" : 19,
      "text" : "温泉",
      "whiteSpace" : false
    }, {
      "id" : "s0-t10",
      "begin" : 19,
      "end" : 20,
      "text" : "群",
      "whiteSpace" : false
    }, {
      "id" : "s0-t11",
      "begin" : 20,
      "end" : 21,
      "text" : "の",
      "whiteSpace" : false
    }, {
      "id" : "s0-t12",
      "begin" : 21,
      "end" : 23,
      "text" : "北端",
      "whiteSpace" : false
    }, {
      "id" : "s0-t13",
      "begin" : 23,
      "end" : 25,
      "text" : "入口",
      "whiteSpace" : false
    }, {
      "id" : "s0-t14",
      "begin" : 25,
      "end" : 26,
      "text" : "に",
      "whiteSpace" : false
    }, {
      "id" : "s0-t15",
      "begin" : 26,
      "end" : 28,
      "text" : "位置",
      "whiteSpace" : false
    }, {
      "id" : "s0-t16",
      "begin" : 28,
      "end" : 30,
      "text" : "して",
      "whiteSpace" : false
    }, {
      "id" : "s0-t17",
      "begin" : 30,
      "end" : 32,
      "text" : "おり",
      "whiteSpace" : false
    }, {
      "id" : "s0-t18",
      "begin" : 32,
      "end" : 33,
      "text" : "、",
      "whiteSpace" : false
    }, {
      "id" : "s0-t19",
      "begin" : 33,
      "end" : 35,
      "text" : "静岡",
      "whiteSpace" : false
    }, {
      "id" : "s0-t20",
      "begin" : 35,
      "end" : 36,
      "text" : "県",
      "whiteSpace" : false
    }, {
      "id" : "s0-t21",
      "begin" : 36,
      "end" : 38,
      "text" : "伊豆",
      "whiteSpace" : false
    }, {
      "id" : "s0-t22",
      "begin" : 38,
      "end" : 39,
      "text" : "の",
      "whiteSpace" : false
    }, {
      "id" : "s0-t23",
      "begin" : 39,
      "end" : 41,
      "text" : "国市",
      "whiteSpace" : false
    }, {
      "id" : "s0-t24",
      "begin" : 41,
      "end" : 43,
      "text" : "及び",
      "whiteSpace" : false
    }, {
      "id" : "s0-t25",
      "begin" : 43,
      "end" : 45,
      "text" : "田方",
      "whiteSpace" : false
    }, {
      "id" : "s0-t26",
      "begin" : 45,
      "end" : 46,
      "text" : "郡",
      "whiteSpace" : false
    }, {
      "id" : "s0-t27",
      "begin" : 46,
      "end" : 48,
      "text" : "函南",
      "whiteSpace" : false
    }, {
      "id" : "s0-t28",
      "begin" : 48,
      "end" : 49,
      "text" : "町",
      "whiteSpace" : false
    }, {
      "id" : "s0-t29",
      "begin" : 49,
      "end" : 50,
      "text" : "の",
      "whiteSpace" : false
    }, {
      "id" : "s0-t30",
      "begin" : 50,
      "end" : 51,
      "text" : "両",
      "whiteSpace" : false
    }, {
      "id" : "s0-t31",
      "begin" : 51,
      "end" : 53,
      "text" : "市町",
      "whiteSpace" : false
    }, {
      "id" : "s0-t32",
      "begin" : 53,
      "end" : 54,
      "text" : "に",
      "whiteSpace" : false
    }, {
      "id" : "s0-t33",
      "begin" : 54,
      "end" : 56,
      "text" : "跨る",
      "whiteSpace" : false
    }, {
      "id" : "s0-t34",
      "begin" : 56,
      "end" : 58,
      "text" : "既存",
      "whiteSpace" : false
    }, {
      "id" : "s0-t35",
      "begin" : 58,
      "end" : 60,
      "text" : "集落",
      "whiteSpace" : false
    }, {
      "id" : "s0-t36",
      "begin" : 60,
      "end" : 61,
      "text" : "地",
      "whiteSpace" : false
    }, {
      "id" : "s0-t37",
      "begin" : 61,
      "end" : 62,
      "text" : "内",
      "whiteSpace" : false
    }, {
      "id" : "s0-t38",
      "begin" : 62,
      "end" : 63,
      "text" : "の",
      "whiteSpace" : false
    }, {
      "id" : "s0-t39",
      "begin" : 63,
      "end" : 64,
      "text" : "約",
      "whiteSpace" : false
    }, {
      "id" : "s0-t40",
      "begin" : 64,
      "end" : 68,
      "text" : "28ha",
      "whiteSpace" : false
    }, {
      "id" : "s0-t41",
      "begin" : 69,
      "end" : 70,
      "text" : "の",
      "whiteSpace" : false
    }, {
      "id" : "s0-t42",
      "begin" : 70,
      "end" : 72,
      "text" : "温泉",
      "whiteSpace" : false
    }, {
      "id" : "s0-t43",
      "begin" : 72,
      "end" : 73,
      "text" : "地",
      "whiteSpace" : false
    }, {
      "id" : "s0-t44",
      "begin" : 73,
      "end" : 76,
      "text" : "である",
      "whiteSpace" : false
    }, {
      "id" : "s0-t45",
      "begin" : 76,
      "end" : 77,
      "text" : "。",
      "whiteSpace" : false
    } ]
  }, {
    "id" : "s1",
    "begin" : 78,
    "end" : 214,
    "text" : "温泉地の東側には、多賀火山の一支脈をなし、平成 25 年 6 月に「富士山－信仰の対象と芸術の源泉」として世界文化遺産に登録された富士山への眺望に優れた大仙山（標高 167.2m）がそびえ、西側には、一級河川狩野川の支川である一級河川【畑毛温泉入口】 柿沢川が流れている。",
    "tokens" : [ {
      "id" : "s1-t0",
      "begin" : 78,
      "end" : 80,
      "text" : "温泉",
      "whiteSpace" : false
    }, {
      "id" : "s1-t1",
      "begin" : 80,
      "end" : 81,
      "text" : "地",
      "whiteSpace" : false
    }, {
      "id" : "s1-t2",
      "begin" : 81,
      "end" : 82,
      "text" : "の",
      "whiteSpace" : false
    }, {
      "id" : "s1-t3",
      "begin" : 82,
      "end" : 83,
      "text" : "東",
      "whiteSpace" : false
    }, {
      "id" : "s1-t4",
      "begin" : 83,
      "end" : 84,
      "text" : "側",
      "whiteSpace" : false
    }, {
      "id" : "s1-t5",
      "begin" : 84,
      "end" : 85,
      "text" : "に",
      "whiteSpace" : false
    }, {
      "id" : "s1-t6",
      "begin" : 85,
      "end" : 86,
      "text" : "は",
      "whiteSpace" : false
    }, {
      "id" : "s1-t7",
      "begin" : 86,
      "end" : 87,
      "text" : "、",
      "whiteSpace" : false
    }, {
      "id" : "s1-t8",
      "begin" : 87,
      "end" : 89,
      "text" : "多賀",
      "whiteSpace" : false
    }, {
      "id" : "s1-t9",
      "begin" : 89,
      "end" : 91,
      "text" : "火山",
      "whiteSpace" : false
    }, {
      "id" : "s1-t10",
      "begin" : 91,
      "end" : 92,
      "text" : "の",
      "whiteSpace" : false
    }, {
      "id" : "s1-t11",
      "begin" : 92,
      "end" : 93,
      "text" : "一",
      "whiteSpace" : false
    }, {
      "id" : "s1-t12",
      "begin" : 93,
      "end" : 95,
      "text" : "支脈",
      "whiteSpace" : false
    }, {
      "id" : "s1-t13",
      "begin" : 95,
      "end" : 96,
      "text" : "を",
      "whiteSpace" : false
    }, {
      "id" : "s1-t14",
      "begin" : 96,
      "end" : 98,
      "text" : "なし",
      "whiteSpace" : false
    }, {
      "id" : "s1-t15",
      "begin" : 98,
      "end" : 99,
      "text" : "、",
      "whiteSpace" : false
    }, {
      "id" : "s1-t16",
      "begin" : 99,
      "end" : 101,
      "text" : "平成",
      "whiteSpace" : false
    }, {
      "id" : "s1-t17",
      "begin" : 102,
      "end" : 104,
      "text" : "25",
      "whiteSpace" : false
    }, {
      "id" : "s1-t18",
      "begin" : 105,
      "end" : 106,
      "text" : "年",
      "whiteSpace" : false
    }, {
      "id" : "s1-t19",
      "begin" : 107,
      "end" : 108,
      "text" : "6",
      "whiteSpace" : false
    }, {
      "id" : "s1-t20",
      "begin" : 109,
      "end" : 110,
      "text" : "月",
      "whiteSpace" : false
    }, {
      "id" : "s1-t21",
      "begin" : 110,
      "end" : 111,
      "text" : "に",
      "whiteSpace" : false
    }, {
      "id" : "s1-t22",
      "begin" : 111,
      "end" : 112,
      "text" : "「",
      "whiteSpace" : false
    }, {
      "id" : "s1-t23",
      "begin" : 112,
      "end" : 115,
      "text" : "富士山",
      "whiteSpace" : false
    }, {
      "id" : "s1-t24",
      "begin" : 115,
      "end" : 116,
      "text" : "－",
      "whiteSpace" : false
    }, {
      "id" : "s1-t25",
      "begin" : 116,
      "end" : 118,
      "text" : "信仰",
      "whiteSpace" : false
    }, {
      "id" : "s1-t26",
      "begin" : 118,
      "end" : 119,
      "text" : "の",
      "whiteSpace" : false
    }, {
      "id" : "s1-t27",
      "begin" : 119,
      "end" : 121,
      "text" : "対象",
      "whiteSpace" : false
    }, {
      "id" : "s1-t28",
      "begin" : 121,
      "end" : 122,
      "text" : "と",
      "whiteSpace" : false
    }, {
      "id" : "s1-t29",
      "begin" : 122,
      "end" : 124,
      "text" : "芸術",
      "whiteSpace" : false
    }, {
      "id" : "s1-t30",
      "begin" : 124,
      "end" : 125,
      "text" : "の",
      "whiteSpace" : false
    }, {
      "id" : "s1-t31",
      "begin" : 125,
      "end" : 127,
      "text" : "源泉",
      "whiteSpace" : false
    }, {
      "id" : "s1-t32",
      "begin" : 127,
      "end" : 128,
      "text" : "」",
      "whiteSpace" : false
    }, {
      "id" : "s1-t33",
      "begin" : 128,
      "end" : 129,
      "text" : "と",
      "whiteSpace" : false
    }, {
      "id" : "s1-t34",
      "begin" : 129,
      "end" : 131,
      "text" : "して",
      "whiteSpace" : false
    }, {
      "id" : "s1-t35",
      "begin" : 131,
      "end" : 133,
      "text" : "世界",
      "whiteSpace" : false
    }, {
      "id" : "s1-t36",
      "begin" : 133,
      "end" : 135,
      "text" : "文化",
      "whiteSpace" : false
    }, {
      "id" : "s1-t37",
      "begin" : 135,
      "end" : 137,
      "text" : "遺産",
      "whiteSpace" : false
    }, {
      "id" : "s1-t38",
      "begin" : 137,
      "end" : 138,
      "text" : "に",
      "whiteSpace" : false
    }, {
      "id" : "s1-t39",
      "begin" : 138,
      "end" : 140,
      "text" : "登録",
      "whiteSpace" : false
    }, {
      "id" : "s1-t40",
      "begin" : 140,
      "end" : 141,
      "text" : "さ",
      "whiteSpace" : false
    }, {
      "id" : "s1-t41",
      "begin" : 141,
      "end" : 143,
      "text" : "れた",
      "whiteSpace" : false
    }, {
      "id" : "s1-t42",
      "begin" : 143,
      "end" : 146,
      "text" : "富士山",
      "whiteSpace" : false
    }, {
      "id" : "s1-t43",
      "begin" : 146,
      "end" : 147,
      "text" : "へ",
      "whiteSpace" : false
    }, {
      "id" : "s1-t44",
      "begin" : 147,
      "end" : 148,
      "text" : "の",
      "whiteSpace" : false
    }, {
      "id" : "s1-t45",
      "begin" : 148,
      "end" : 150,
      "text" : "眺望",
      "whiteSpace" : false
    }, {
      "id" : "s1-t46",
      "begin" : 150,
      "end" : 151,
      "text" : "に",
      "whiteSpace" : false
    }, {
      "id" : "s1-t47",
      "begin" : 151,
      "end" : 154,
      "text" : "優れた",
      "whiteSpace" : false
    }, {
      "id" : "s1-t48",
      "begin" : 154,
      "end" : 157,
      "text" : "大仙山",
      "whiteSpace" : false
    }, {
      "id" : "s1-t49",
      "begin" : 157,
      "end" : 158,
      "text" : "（",
      "whiteSpace" : false
    }, {
      "id" : "s1-t50",
      "begin" : 158,
      "end" : 160,
      "text" : "標高",
      "whiteSpace" : false
    }, {
      "id" : "s1-t51",
      "begin" : 161,
      "end" : 167,
      "text" : "167.2m",
      "whiteSpace" : false
    }, {
      "id" : "s1-t52",
      "begin" : 167,
      "end" : 168,
      "text" : "）",
      "whiteSpace" : false
    }, {
      "id" : "s1-t53",
      "begin" : 168,
      "end" : 169,
      "text" : "が",
      "whiteSpace" : false
    }, {
      "id" : "s1-t54",
      "begin" : 169,
      "end" : 172,
      "text" : "そびえ",
      "whiteSpace" : false
    }, {
      "id" : "s1-t55",
      "begin" : 172,
      "end" : 173,
      "text" : "、",
      "whiteSpace" : false
    }, {
      "id" : "s1-t56",
      "begin" : 173,
      "end" : 174,
      "text" : "西",
      "whiteSpace" : false
    }, {
      "id" : "s1-t57",
      "begin" : 174,
      "end" : 175,
      "text" : "側",
      "whiteSpace" : false
    }, {
      "id" : "s1-t58",
      "begin" : 175,
      "end" : 176,
      "text" : "に",
      "whiteSpace" : false
    }, {
      "id" : "s1-t59",
      "begin" : 176,
      "end" : 177,
      "text" : "は",
      "whiteSpace" : false
    }, {
      "id" : "s1-t60",
      "begin" : 177,
      "end" : 178,
      "text" : "、",
      "whiteSpace" : false
    }, {
      "id" : "s1-t61",
      "begin" : 178,
      "end" : 179,
      "text" : "一",
      "whiteSpace" : false
    }, {
      "id" : "s1-t62",
      "begin" : 179,
      "end" : 180,
      "text" : "級",
      "whiteSpace" : false
    }, {
      "id" : "s1-t63",
      "begin" : 180,
      "end" : 182,
      "text" : "河川",
      "whiteSpace" : false
    }, {
      "id" : "s1-t64",
      "begin" : 182,
      "end" : 184,
      "text" : "狩野",
      "whiteSpace" : false
    }, {
      "id" : "s1-t65",
      "begin" : 184,
      "end" : 185,
      "text" : "川",
      "whiteSpace" : false
    }, {
      "id" : "s1-t66",
      "begin" : 185,
      "end" : 186,
      "text" : "の",
      "whiteSpace" : false
    }, {
      "id" : "s1-t67",
      "begin" : 186,
      "end" : 188,
      "text" : "支川",
      "whiteSpace" : false
    }, {
      "id" : "s1-t68",
      "begin" : 188,
      "end" : 191,
      "text" : "である",
      "whiteSpace" : false
    }, {
      "id" : "s1-t69",
      "begin" : 191,
      "end" : 192,
      "text" : "一",
      "whiteSpace" : false
    }, {
      "id" : "s1-t70",
      "begin" : 192,
      "end" : 193,
      "text" : "級",
      "whiteSpace" : false
    }, {
      "id" : "s1-t71",
      "begin" : 193,
      "end" : 195,
      "text" : "河川",
      "whiteSpace" : false
    }, {
      "id" : "s1-t72",
      "begin" : 195,
      "end" : 196,
      "text" : "【",
      "whiteSpace" : false
    }, {
      "id" : "s1-t73",
      "begin" : 196,
      "end" : 198,
      "text" : "畑毛",
      "whiteSpace" : false
    }, {
      "id" : "s1-t74",
      "begin" : 198,
      "end" : 200,
      "text" : "温泉",
      "whiteSpace" : false
    }, {
      "id" : "s1-t75",
      "begin" : 200,
      "end" : 202,
      "text" : "入口",
      "whiteSpace" : false
    }, {
      "id" : "s1-t76",
      "begin" : 202,
      "end" : 203,
      "text" : "】",
      "whiteSpace" : false
    }, {
      "id" : "s1-t77",
      "begin" : 204,
      "end" : 206,
      "text" : "柿沢",
      "whiteSpace" : false
    }, {
      "id" : "s1-t78",
      "begin" : 206,
      "end" : 207,
      "text" : "川",
      "whiteSpace" : false
    }, {
      "id" : "s1-t79",
      "begin" : 207,
      "end" : 208,
      "text" : "が",
      "whiteSpace" : false
    }, {
      "id" : "s1-t80",
      "begin" : 208,
      "end" : 211,
      "text" : "流れて",
      "whiteSpace" : false
    }, {
      "id" : "s1-t81",
      "begin" : 211,
      "end" : 213,
      "text" : "いる",
      "whiteSpace" : false
    }, {
      "id" : "s1-t82",
      "begin" : 213,
      "end" : 214,
      "text" : "。",
      "whiteSpace" : false
    } ]
  }, {
    "id" : "s2",
    "begin" : 214,
    "end" : 260,
    "text" : "また、南側には狩野川沖積平野が広がり、柿沢川沿いなどから富士山への良好な眺望景観が得られる。",
    "tokens" : [ {
      "id" : "s2-t0",
      "begin" : 214,
      "end" : 216,
      "text" : "また",
      "whiteSpace" : false
    }, {
      "id" : "s2-t1",
      "begin" : 216,
      "end" : 217,
      "text" : "、",
      "whiteSpace" : false
    }, {
      "id" : "s2-t2",
      "begin" : 217,
      "end" : 218,
      "text" : "南",
      "whiteSpace" : false
    }, {
      "id" : "s2-t3",
      "begin" : 218,
      "end" : 219,
      "text" : "側",
      "whiteSpace" : false
    }, {
      "id" : "s2-t4",
      "begin" : 219,
      "end" : 220,
      "text" : "に",
      "whiteSpace" : false
    }, {
      "id" : "s2-t5",
      "begin" : 220,
      "end" : 221,
      "text" : "は",
      "whiteSpace" : false
    }, {
      "id" : "s2-t6",
      "begin" : 221,
      "end" : 224,
      "text" : "狩野川",
      "whiteSpace" : false
    }, {
      "id" : "s2-t7",
      "begin" : 224,
      "end" : 226,
      "text" : "沖積",
      "whiteSpace" : false
    }, {
      "id" : "s2-t8",
      "begin" : 226,
      "end" : 228,
      "text" : "平野",
      "whiteSpace" : false
    }, {
      "id" : "s2-t9",
      "begin" : 228,
      "end" : 229,
      "text" : "が",
      "whiteSpace" : false
    }, {
      "id" : "s2-t10",
      "begin" : 229,
      "end" : 232,
      "text" : "広がり",
      "whiteSpace" : false
    }, {
      "id" : "s2-t11",
      "begin" : 232,
      "end" : 233,
      "text" : "、",
      "whiteSpace" : false
    }, {
      "id" : "s2-t12",
      "begin" : 233,
      "end" : 235,
      "text" : "柿沢",
      "whiteSpace" : false
    }, {
      "id" : "s2-t13",
      "begin" : 235,
      "end" : 236,
      "text" : "川",
      "whiteSpace" : false
    }, {
      "id" : "s2-t14",
      "begin" : 236,
      "end" : 238,
      "text" : "沿い",
      "whiteSpace" : false
    }, {
      "id" : "s2-t15",
      "begin" : 238,
      "end" : 240,
      "text" : "など",
      "whiteSpace" : false
    }, {
      "id" : "s2-t16",
      "begin" : 240,
      "end" : 242,
      "text" : "から",
      "whiteSpace" : false
    }, {
      "id" : "s2-t17",
      "begin" : 242,
      "end" : 245,
      "text" : "富士山",
      "whiteSpace" : false
    }, {
      "id" : "s2-t18",
      "begin" : 245,
      "end" : 246,
      "text" : "へ",
      "whiteSpace" : false
    }, {
      "id" : "s2-t19",
      "begin" : 246,
      "end" : 247,
      "text" : "の",
      "whiteSpace" : false
    }, {
      "id" : "s2-t20",
      "begin" : 247,
      "end" : 250,
      "text" : "良好な",
      "whiteSpace" : false
    }, {
      "id" : "s2-t21",
      "begin" : 250,
      "end" : 252,
      "text" : "眺望",
      "whiteSpace" : false
    }, {
      "id" : "s2-t22",
      "begin" : 252,
      "end" : 254,
      "text" : "景観",
      "whiteSpace" : false
    }, {
      "id" : "s2-t23",
      "begin" : 254,
      "end" : 255,
      "text" : "が",
      "whiteSpace" : false
    }, {
      "id" : "s2-t24",
      "begin" : 255,
      "end" : 256,
      "text" : "得",
      "whiteSpace" : false
    }, {
      "id" : "s2-t25",
      "begin" : 256,
      "end" : 259,
      "text" : "られる",
      "whiteSpace" : false
    }, {
      "id" : "s2-t26",
      "begin" : 259,
      "end" : 260,
      "text" : "。",
      "whiteSpace" : false
    } ]
  }, {
    "id" : "s3",
    "begin" : 261,
    "end" : 379,
    "text" : "本温泉地は古くから開けており、伝承では、後に鎌倉幕府を開くこととなる源頼朝が軍馬の療養を行ったとされているほか、江戸時代には「湯塚の湯」という名前で、腫れ物に対する温泉の効能が広く知られ、寛延年間には湯治が行われたとの記録も残っている。",
    "tokens" : [ {
      "id" : "s3-t0",
      "begin" : 261,
      "end" : 262,
      "text" : "本",
      "whiteSpace" : false
    }, {
      "id" : "s3-t1",
      "begin" : 262,
      "end" : 264,
      "text" : "温泉",
      "whiteSpace" : false
    }, {
      "id" : "s3-t2",
      "begin" : 264,
      "end" : 265,
      "text" : "地",
      "whiteSpace" : false
    }, {
      "id" : "s3-t3",
      "begin" : 265,
      "end" : 266,
      "text" : "は",
      "whiteSpace" : false
    }, {
      "id" : "s3-t4",
      "begin" : 266,
      "end" : 268,
      "text" : "古く",
      "whiteSpace" : false
    }, {
      "id" : "s3-t5",
      "begin" : 268,
      "end" : 270,
      "text" : "から",
      "whiteSpace" : false
    }, {
      "id" : "s3-t6",
      "begin" : 270,
      "end" : 273,
      "text" : "開けて",
      "whiteSpace" : false
    }, {
      "id" : "s3-t7",
      "begin" : 273,
      "end" : 275,
      "text" : "おり",
      "whiteSpace" : false
    }, {
      "id" : "s3-t8",
      "begin" : 275,
      "end" : 276,
      "text" : "、",
      "whiteSpace" : false
    }, {
      "id" : "s3-t9",
      "begin" : 276,
      "end" : 278,
      "text" : "伝承",
      "whiteSpace" : false
    }, {
      "id" : "s3-t10",
      "begin" : 278,
      "end" : 279,
      "text" : "で",
      "whiteSpace" : false
    }, {
      "id" : "s3-t11",
      "begin" : 279,
      "end" : 280,
      "text" : "は",
      "whiteSpace" : false
    }, {
      "id" : "s3-t12",
      "begin" : 280,
      "end" : 281,
      "text" : "、",
      "whiteSpace" : false
    }, {
      "id" : "s3-t13",
      "begin" : 281,
      "end" : 282,
      "text" : "後",
      "whiteSpace" : false
    }, {
      "id" : "s3-t14",
      "begin" : 282,
      "end" : 283,
      "text" : "に",
      "whiteSpace" : false
    }, {
      "id" : "s3-t15",
      "begin" : 283,
      "end" : 285,
      "text" : "鎌倉",
      "whiteSpace" : false
    }, {
      "id" : "s3-t16",
      "begin" : 285,
      "end" : 287,
      "text" : "幕府",
      "whiteSpace" : false
    }, {
      "id" : "s3-t17",
      "begin" : 287,
      "end" : 288,
      "text" : "を",
      "whiteSpace" : false
    }, {
      "id" : "s3-t18",
      "begin" : 288,
      "end" : 290,
      "text" : "開く",
      "whiteSpace" : false
    }, {
      "id" : "s3-t19",
      "begin" : 290,
      "end" : 292,
      "text" : "こと",
      "whiteSpace" : false
    }, {
      "id" : "s3-t20",
      "begin" : 292,
      "end" : 293,
      "text" : "と",
      "whiteSpace" : false
    }, {
      "id" : "s3-t21",
      "begin" : 293,
      "end" : 295,
      "text" : "なる",
      "whiteSpace" : false
    }, {
      "id" : "s3-t22",
      "begin" : 295,
      "end" : 297,
      "text" : "源頼",
      "whiteSpace" : false
    }, {
      "id" : "s3-t23",
      "begin" : 297,
      "end" : 298,
      "text" : "朝",
      "whiteSpace" : false
    }, {
      "id" : "s3-t24",
      "begin" : 298,
      "end" : 299,
      "text" : "が",
      "whiteSpace" : false
    }, {
      "id" : "s3-t25",
      "begin" : 299,
      "end" : 301,
      "text" : "軍馬",
      "whiteSpace" : false
    }, {
      "id" : "s3-t26",
      "begin" : 301,
      "end" : 302,
      "text" : "の",
      "whiteSpace" : false
    }, {
      "id" : "s3-t27",
      "begin" : 302,
      "end" : 304,
      "text" : "療養",
      "whiteSpace" : false
    }, {
      "id" : "s3-t28",
      "begin" : 304,
      "end" : 305,
      "text" : "を",
      "whiteSpace" : false
    }, {
      "id" : "s3-t29",
      "begin" : 305,
      "end" : 308,
      "text" : "行った",
      "whiteSpace" : false
    }, {
      "id" : "s3-t30",
      "begin" : 308,
      "end" : 309,
      "text" : "と",
      "whiteSpace" : false
    }, {
      "id" : "s3-t31",
      "begin" : 309,
      "end" : 310,
      "text" : "さ",
      "whiteSpace" : false
    }, {
      "id" : "s3-t32",
      "begin" : 310,
      "end" : 312,
      "text" : "れて",
      "whiteSpace" : false
    }, {
      "id" : "s3-t33",
      "begin" : 312,
      "end" : 314,
      "text" : "いる",
      "whiteSpace" : false
    }, {
      "id" : "s3-t34",
      "begin" : 314,
      "end" : 316,
      "text" : "ほか",
      "whiteSpace" : false
    }, {
      "id" : "s3-t35",
      "begin" : 316,
      "end" : 317,
      "text" : "、",
      "whiteSpace" : false
    }, {
      "id" : "s3-t36",
      "begin" : 317,
      "end" : 319,
      "text" : "江戸",
      "whiteSpace" : false
    }, {
      "id" : "s3-t37",
      "begin" : 319,
      "end" : 321,
      "text" : "時代",
      "whiteSpace" : false
    }, {
      "id" : "s3-t38",
      "begin" : 321,
      "end" : 322,
      "text" : "に",
      "whiteSpace" : false
    }, {
      "id" : "s3-t39",
      "begin" : 322,
      "end" : 323,
      "text" : "は",
      "whiteSpace" : false
    }, {
      "id" : "s3-t40",
      "begin" : 323,
      "end" : 324,
      "text" : "「",
      "whiteSpace" : false
    }, {
      "id" : "s3-t41",
      "begin" : 324,
      "end" : 326,
      "text" : "湯塚",
      "whiteSpace" : false
    }, {
      "id" : "s3-t42",
      "begin" : 326,
      "end" : 327,
      "text" : "の",
      "whiteSpace" : false
    }, {
      "id" : "s3-t43",
      "begin" : 327,
      "end" : 328,
      "text" : "湯",
      "whiteSpace" : false
    }, {
      "id" : "s3-t44",
      "begin" : 328,
      "end" : 329,
      "text" : "」",
      "whiteSpace" : false
    }, {
      "id" : "s3-t45",
      "begin" : 329,
      "end" : 330,
      "text" : "と",
      "whiteSpace" : false
    }, {
      "id" : "s3-t46",
      "begin" : 330,
      "end" : 332,
      "text" : "いう",
      "whiteSpace" : false
    }, {
      "id" : "s3-t47",
      "begin" : 332,
      "end" : 334,
      "text" : "名前",
      "whiteSpace" : false
    }, {
      "id" : "s3-t48",
      "begin" : 334,
      "end" : 335,
      "text" : "で",
      "whiteSpace" : false
    }, {
      "id" : "s3-t49",
      "begin" : 335,
      "end" : 336,
      "text" : "、",
      "whiteSpace" : false
    }, {
      "id" : "s3-t50",
      "begin" : 336,
      "end" : 339,
      "text" : "腫れ物",
      "whiteSpace" : false
    }, {
      "id" : "s3-t51",
      "begin" : 339,
      "end" : 340,
      "text" : "に",
      "whiteSpace" : false
    }, {
      "id" : "s3-t52",
      "begin" : 340,
      "end" : 343,
      "text" : "対する",
      "whiteSpace" : false
    }, {
      "id" : "s3-t53",
      "begin" : 343,
      "end" : 345,
      "text" : "温泉",
      "whiteSpace" : false
    }, {
      "id" : "s3-t54",
      "begin" : 345,
      "end" : 346,
      "text" : "の",
      "whiteSpace" : false
    }, {
      "id" : "s3-t55",
      "begin" : 346,
      "end" : 348,
      "text" : "効能",
      "whiteSpace" : false
    }, {
      "id" : "s3-t56",
      "begin" : 348,
      "end" : 349,
      "text" : "が",
      "whiteSpace" : false
    }, {
      "id" : "s3-t57",
      "begin" : 349,
      "end" : 351,
      "text" : "広く",
      "whiteSpace" : false
    }, {
      "id" : "s3-t58",
      "begin" : 351,
      "end" : 353,
      "text" : "知ら",
      "whiteSpace" : false
    }, {
      "id" : "s3-t59",
      "begin" : 353,
      "end" : 354,
      "text" : "れ",
      "whiteSpace" : false
    }, {
      "id" : "s3-t60",
      "begin" : 354,
      "end" : 355,
      "text" : "、",
      "whiteSpace" : false
    }, {
      "id" : "s3-t61",
      "begin" : 355,
      "end" : 357,
      "text" : "寛延",
      "whiteSpace" : false
    }, {
      "id" : "s3-t62",
      "begin" : 357,
      "end" : 359,
      "text" : "年間",
      "whiteSpace" : false
    }, {
      "id" : "s3-t63",
      "begin" : 359,
      "end" : 360,
      "text" : "に",
      "whiteSpace" : false
    }, {
      "id" : "s3-t64",
      "begin" : 360,
      "end" : 361,
      "text" : "は",
      "whiteSpace" : false
    }, {
      "id" : "s3-t65",
      "begin" : 361,
      "end" : 363,
      "text" : "湯治",
      "whiteSpace" : false
    }, {
      "id" : "s3-t66",
      "begin" : 363,
      "end" : 364,
      "text" : "が",
      "whiteSpace" : false
    }, {
      "id" : "s3-t67",
      "begin" : 364,
      "end" : 366,
      "text" : "行わ",
      "whiteSpace" : false
    }, {
      "id" : "s3-t68",
      "begin" : 366,
      "end" : 368,
      "text" : "れた",
      "whiteSpace" : false
    }, {
      "id" : "s3-t69",
      "begin" : 368,
      "end" : 369,
      "text" : "と",
      "whiteSpace" : false
    }, {
      "id" : "s3-t70",
      "begin" : 369,
      "end" : 370,
      "text" : "の",
      "whiteSpace" : false
    }, {
      "id" : "s3-t71",
      "begin" : 370,
      "end" : 372,
      "text" : "記録",
      "whiteSpace" : false
    }, {
      "id" : "s3-t72",
      "begin" : 372,
      "end" : 373,
      "text" : "も",
      "whiteSpace" : false
    }, {
      "id" : "s3-t73",
      "begin" : 373,
      "end" : 376,
      "text" : "残って",
      "whiteSpace" : false
    }, {
      "id" : "s3-t74",
      "begin" : 376,
      "end" : 378,
      "text" : "いる",
      "whiteSpace" : false
    }, {
      "id" : "s3-t75",
      "begin" : 378,
      "end" : 379,
      "text" : "。",
      "whiteSpace" : false
    } ]
  }, {
    "id" : "s4",
    "begin" : 380,
    "end" : 509,
    "text" : "近代に入ると著名な文人も多く本温泉地を訪れており、与謝野晶子は「湯口より遠く引かれて温泉は 女の熱を失ひしかな」の句を、また、若山牧水は「長湯して飽かぬこの湯のぬるき湯に ひたりて安きこころなりけり」の句を残し、柿沢川河畔には若山牧水の歌碑が建てられている。",
    "tokens" : [ {
      "id" : "s4-t0",
      "begin" : 380,
      "end" : 382,
      "text" : "近代",
      "whiteSpace" : false
    }, {
      "id" : "s4-t1",
      "begin" : 382,
      "end" : 383,
      "text" : "に",
      "whiteSpace" : false
    }, {
      "id" : "s4-t2",
      "begin" : 383,
      "end" : 385,
      "text" : "入る",
      "whiteSpace" : false
    }, {
      "id" : "s4-t3",
      "begin" : 385,
      "end" : 386,
      "text" : "と",
      "whiteSpace" : false
    }, {
      "id" : "s4-t4",
      "begin" : 386,
      "end" : 389,
      "text" : "著名な",
      "whiteSpace" : false
    }, {
      "id" : "s4-t5",
      "begin" : 389,
      "end" : 391,
      "text" : "文人",
      "whiteSpace" : false
    }, {
      "id" : "s4-t6",
      "begin" : 391,
      "end" : 392,
      "text" : "も",
      "whiteSpace" : false
    }, {
      "id" : "s4-t7",
      "begin" : 392,
      "end" : 394,
      "text" : "多く",
      "whiteSpace" : false
    }, {
      "id" : "s4-t8",
      "begin" : 394,
      "end" : 395,
      "text" : "本",
      "whiteSpace" : false
    }, {
      "id" : "s4-t9",
      "begin" : 395,
      "end" : 397,
      "text" : "温泉",
      "whiteSpace" : false
    }, {
      "id" : "s4-t10",
      "begin" : 397,
      "end" : 398,
      "text" : "地",
      "whiteSpace" : false
    }, {
      "id" : "s4-t11",
      "begin" : 398,
      "end" : 399,
      "text" : "を",
      "whiteSpace" : false
    }, {
      "id" : "s4-t12",
      "begin" : 399,
      "end" : 402,
      "text" : "訪れて",
      "whiteSpace" : false
    }, {
      "id" : "s4-t13",
      "begin" : 402,
      "end" : 404,
      "text" : "おり",
      "whiteSpace" : false
    }, {
      "id" : "s4-t14",
      "begin" : 404,
      "end" : 405,
      "text" : "、",
      "whiteSpace" : false
    }, {
      "id" : "s4-t15",
      "begin" : 405,
      "end" : 408,
      "text" : "与謝野",
      "whiteSpace" : false
    }, {
      "id" : "s4-t16",
      "begin" : 408,
      "end" : 410,
      "text" : "晶子",
      "whiteSpace" : false
    }, {
      "id" : "s4-t17",
      "begin" : 410,
      "end" : 411,
      "text" : "は",
      "whiteSpace" : false
    }, {
      "id" : "s4-t18",
      "begin" : 411,
      "end" : 412,
      "text" : "「",
      "whiteSpace" : false
    }, {
      "id" : "s4-t19",
      "begin" : 412,
      "end" : 414,
      "text" : "湯口",
      "whiteSpace" : false
    }, {
      "id" : "s4-t20",
      "begin" : 414,
      "end" : 416,
      "text" : "より",
      "whiteSpace" : false
    }, {
      "id" : "s4-t21",
      "begin" : 416,
      "end" : 418,
      "text" : "遠く",
      "whiteSpace" : false
    }, {
      "id" : "s4-t22",
      "begin" : 418,
      "end" : 420,
      "text" : "引か",
      "whiteSpace" : false
    }, {
      "id" : "s4-t23",
      "begin" : 420,
      "end" : 422,
      "text" : "れて",
      "whiteSpace" : false
    }, {
      "id" : "s4-t24",
      "begin" : 422,
      "end" : 424,
      "text" : "温泉",
      "whiteSpace" : false
    }, {
      "id" : "s4-t25",
      "begin" : 424,
      "end" : 425,
      "text" : "は",
      "whiteSpace" : false
    }, {
      "id" : "s4-t26",
      "begin" : 426,
      "end" : 427,
      "text" : "女",
      "whiteSpace" : false
    }, {
      "id" : "s4-t27",
      "begin" : 427,
      "end" : 428,
      "text" : "の",
      "whiteSpace" : false
    }, {
      "id" : "s4-t28",
      "begin" : 428,
      "end" : 429,
      "text" : "熱",
      "whiteSpace" : false
    }, {
      "id" : "s4-t29",
      "begin" : 429,
      "end" : 430,
      "text" : "を",
      "whiteSpace" : false
    }, {
      "id" : "s4-t30",
      "begin" : 430,
      "end" : 432,
      "text" : "失ひ",
      "whiteSpace" : false
    }, {
      "id" : "s4-t31",
      "begin" : 432,
      "end" : 435,
      "text" : "しかな",
      "whiteSpace" : false
    }, {
      "id" : "s4-t32",
      "begin" : 435,
      "end" : 436,
      "text" : "」",
      "whiteSpace" : false
    }, {
      "id" : "s4-t33",
      "begin" : 436,
      "end" : 437,
      "text" : "の",
      "whiteSpace" : false
    }, {
      "id" : "s4-t34",
      "begin" : 437,
      "end" : 438,
      "text" : "句",
      "whiteSpace" : false
    }, {
      "id" : "s4-t35",
      "begin" : 438,
      "end" : 439,
      "text" : "を",
      "whiteSpace" : false
    }, {
      "id" : "s4-t36",
      "begin" : 439,
      "end" : 440,
      "text" : "、",
      "whiteSpace" : false
    }, {
      "id" : "s4-t37",
      "begin" : 440,
      "end" : 442,
      "text" : "また",
      "whiteSpace" : false
    }, {
      "id" : "s4-t38",
      "begin" : 442,
      "end" : 443,
      "text" : "、",
      "whiteSpace" : false
    }, {
      "id" : "s4-t39",
      "begin" : 443,
      "end" : 445,
      "text" : "若山",
      "whiteSpace" : false
    }, {
      "id" : "s4-t40",
      "begin" : 445,
      "end" : 447,
      "text" : "牧水",
      "whiteSpace" : false
    }, {
      "id" : "s4-t41",
      "begin" : 447,
      "end" : 448,
      "text" : "は",
      "whiteSpace" : false
    }, {
      "id" : "s4-t42",
      "begin" : 448,
      "end" : 449,
      "text" : "「",
      "whiteSpace" : false
    }, {
      "id" : "s4-t43",
      "begin" : 449,
      "end" : 451,
      "text" : "長湯",
      "whiteSpace" : false
    }, {
      "id" : "s4-t44",
      "begin" : 451,
      "end" : 453,
      "text" : "して",
      "whiteSpace" : false
    }, {
      "id" : "s4-t45",
      "begin" : 453,
      "end" : 455,
      "text" : "飽か",
      "whiteSpace" : false
    }, {
      "id" : "s4-t46",
      "begin" : 455,
      "end" : 456,
      "text" : "ぬ",
      "whiteSpace" : false
    }, {
      "id" : "s4-t47",
      "begin" : 456,
      "end" : 458,
      "text" : "この",
      "whiteSpace" : false
    }, {
      "id" : "s4-t48",
      "begin" : 458,
      "end" : 459,
      "text" : "湯",
      "whiteSpace" : false
    }, {
      "id" : "s4-t49",
      "begin" : 459,
      "end" : 460,
      "text" : "の",
      "whiteSpace" : false
    }, {
      "id" : "s4-t50",
      "begin" : 460,
      "end" : 463,
      "text" : "ぬるき",
      "whiteSpace" : false
    }, {
      "id" : "s4-t51",
      "begin" : 463,
      "end" : 464,
      "text" : "湯",
      "whiteSpace" : false
    }, {
      "id" : "s4-t52",
      "begin" : 464,
      "end" : 465,
      "text" : "に",
      "whiteSpace" : false
    }, {
      "id" : "s4-t53",
      "begin" : 466,
      "end" : 470,
      "text" : "ひたりて",
      "whiteSpace" : false
    }, {
      "id" : "s4-t54",
      "begin" : 470,
      "end" : 472,
      "text" : "安き",
      "whiteSpace" : false
    }, {
      "id" : "s4-t55",
      "begin" : 472,
      "end" : 475,
      "text" : "こころ",
      "whiteSpace" : false
    }, {
      "id" : "s4-t56",
      "begin" : 475,
      "end" : 477,
      "text" : "なり",
      "whiteSpace" : false
    }, {
      "id" : "s4-t57",
      "begin" : 477,
      "end" : 479,
      "text" : "けり",
      "whiteSpace" : false
    }, {
      "id" : "s4-t58",
      "begin" : 479,
      "end" : 480,
      "text" : "」",
      "whiteSpace" : false
    }, {
      "id" : "s4-t59",
      "begin" : 480,
      "end" : 481,
      "text" : "の",
      "whiteSpace" : false
    }, {
      "id" : "s4-t60",
      "begin" : 481,
      "end" : 482,
      "text" : "句",
      "whiteSpace" : false
    }, {
      "id" : "s4-t61",
      "begin" : 482,
      "end" : 483,
      "text" : "を",
      "whiteSpace" : false
    }, {
      "id" : "s4-t62",
      "begin" : 483,
      "end" : 485,
      "text" : "残し",
      "whiteSpace" : false
    }, {
      "id" : "s4-t63",
      "begin" : 485,
      "end" : 486,
      "text" : "、",
      "whiteSpace" : false
    }, {
      "id" : "s4-t64",
      "begin" : 486,
      "end" : 488,
      "text" : "柿沢",
      "whiteSpace" : false
    }, {
      "id" : "s4-t65",
      "begin" : 488,
      "end" : 489,
      "text" : "川",
      "whiteSpace" : false
    }, {
      "id" : "s4-t66",
      "begin" : 489,
      "end" : 491,
      "text" : "河畔",
      "whiteSpace" : false
    }, {
      "id" : "s4-t67",
      "begin" : 491,
      "end" : 492,
      "text" : "に",
      "whiteSpace" : false
    }, {
      "id" : "s4-t68",
      "begin" : 492,
      "end" : 493,
      "text" : "は",
      "whiteSpace" : false
    }, {
      "id" : "s4-t69",
      "begin" : 493,
      "end" : 495,
      "text" : "若山",
      "whiteSpace" : false
    }, {
      "id" : "s4-t70",
      "begin" : 495,
      "end" : 497,
      "text" : "牧水",
      "whiteSpace" : false
    }, {
      "id" : "s4-t71",
      "begin" : 497,
      "end" : 498,
      "text" : "の",
      "whiteSpace" : false
    }, {
      "id" : "s4-t72",
      "begin" : 498,
      "end" : 500,
      "text" : "歌碑",
      "whiteSpace" : false
    }, {
      "id" : "s4-t73",
      "begin" : 500,
      "end" : 501,
      "text" : "が",
      "whiteSpace" : false
    }, {
      "id" : "s4-t74",
      "begin" : 501,
      "end" : 503,
      "text" : "建て",
      "whiteSpace" : false
    }, {
      "id" : "s4-t75",
      "begin" : 503,
      "end" : 506,
      "text" : "られて",
      "whiteSpace" : false
    }, {
      "id" : "s4-t76",
      "begin" : 506,
      "end" : 508,
      "text" : "いる",
      "whiteSpace" : false
    }, {
      "id" : "s4-t77",
      "begin" : 508,
      "end" : 509,
      "text" : "。",
      "whiteSpace" : false
    } ]
  }, {
    "id" : "s5",
    "begin" : 509,
    "end" : 618,
    "text" : "さらに、モラロジー（道徳科学：「道徳」を表すモラル（moral）と「学」を表すロジー（logy）からなる学術語）の提唱者である廣池千九郎は、本温泉地をたびたび訪れ、静養を兼ねて「道徳科学の論文」の執筆編集を行っている。",
    "tokens" : [ {
      "id" : "s5-t0",
      "begin" : 509,
      "end" : 512,
      "text" : "さらに",
      "whiteSpace" : false
    }, {
      "id" : "s5-t1",
      "begin" : 512,
      "end" : 513,
      "text" : "、",
      "whiteSpace" : false
    }, {
      "id" : "s5-t2",
      "begin" : 513,
      "end" : 518,
      "text" : "モラロジー",
      "whiteSpace" : false
    }, {
      "id" : "s5-t3",
      "begin" : 518,
      "end" : 519,
      "text" : "（",
      "whiteSpace" : false
    }, {
      "id" : "s5-t4",
      "begin" : 519,
      "end" : 521,
      "text" : "道徳",
      "whiteSpace" : false
    }, {
      "id" : "s5-t5",
      "begin" : 521,
      "end" : 523,
      "text" : "科学",
      "whiteSpace" : false
    }, {
      "id" : "s5-t6",
      "begin" : 523,
      "end" : 524,
      "text" : "：",
      "whiteSpace" : false
    }, {
      "id" : "s5-t7",
      "begin" : 524,
      "end" : 525,
      "text" : "「",
      "whiteSpace" : false
    }, {
      "id" : "s5-t8",
      "begin" : 525,
      "end" : 527,
      "text" : "道徳",
      "whiteSpace" : false
    }, {
      "id" : "s5-t9",
      "begin" : 527,
      "end" : 528,
      "text" : "」",
      "whiteSpace" : false
    }, {
      "id" : "s5-t10",
      "begin" : 528,
      "end" : 529,
      "text" : "を",
      "whiteSpace" : false
    }, {
      "id" : "s5-t11",
      "begin" : 529,
      "end" : 531,
      "text" : "表す",
      "whiteSpace" : false
    }, {
      "id" : "s5-t12",
      "begin" : 531,
      "end" : 534,
      "text" : "モラル",
      "whiteSpace" : false
    }, {
      "id" : "s5-t13",
      "begin" : 534,
      "end" : 535,
      "text" : "（",
      "whiteSpace" : false
    }, {
      "id" : "s5-t14",
      "begin" : 535,
      "end" : 540,
      "text" : "moral",
      "whiteSpace" : false
    }, {
      "id" : "s5-t15",
      "begin" : 540,
      "end" : 541,
      "text" : "）",
      "whiteSpace" : false
    }, {
      "id" : "s5-t16",
      "begin" : 541,
      "end" : 542,
      "text" : "と",
      "whiteSpace" : false
    }, {
      "id" : "s5-t17",
      "begin" : 542,
      "end" : 543,
      "text" : "「",
      "whiteSpace" : false
    }, {
      "id" : "s5-t18",
      "begin" : 543,
      "end" : 544,
      "text" : "学",
      "whiteSpace" : false
    }, {
      "id" : "s5-t19",
      "begin" : 544,
      "end" : 545,
      "text" : "」",
      "whiteSpace" : false
    }, {
      "id" : "s5-t20",
      "begin" : 545,
      "end" : 546,
      "text" : "を",
      "whiteSpace" : false
    }, {
      "id" : "s5-t21",
      "begin" : 546,
      "end" : 548,
      "text" : "表す",
      "whiteSpace" : false
    }, {
      "id" : "s5-t22",
      "begin" : 548,
      "end" : 551,
      "text" : "ロジー",
      "whiteSpace" : false
    }, {
      "id" : "s5-t23",
      "begin" : 551,
      "end" : 552,
      "text" : "（",
      "whiteSpace" : false
    }, {
      "id" : "s5-t24",
      "begin" : 552,
      "end" : 556,
      "text" : "logy",
      "whiteSpace" : false
    }, {
      "id" : "s5-t25",
      "begin" : 556,
      "end" : 557,
      "text" : "）",
      "whiteSpace" : false
    }, {
      "id" : "s5-t26",
      "begin" : 557,
      "end" : 559,
      "text" : "から",
      "whiteSpace" : false
    }, {
      "id" : "s5-t27",
      "begin" : 559,
      "end" : 561,
      "text" : "なる",
      "whiteSpace" : false
    }, {
      "id" : "s5-t28",
      "begin" : 561,
      "end" : 563,
      "text" : "学術",
      "whiteSpace" : false
    }, {
      "id" : "s5-t29",
      "begin" : 563,
      "end" : 564,
      "text" : "語",
      "whiteSpace" : false
    }, {
      "id" : "s5-t30",
      "begin" : 564,
      "end" : 565,
      "text" : "）",
      "whiteSpace" : false
    }, {
      "id" : "s5-t31",
      "begin" : 565,
      "end" : 566,
      "text" : "の",
      "whiteSpace" : false
    }, {
      "id" : "s5-t32",
      "begin" : 566,
      "end" : 568,
      "text" : "提唱",
      "whiteSpace" : false
    }, {
      "id" : "s5-t33",
      "begin" : 568,
      "end" : 569,
      "text" : "者",
      "whiteSpace" : false
    }, {
      "id" : "s5-t34",
      "begin" : 569,
      "end" : 572,
      "text" : "である",
      "whiteSpace" : false
    }, {
      "id" : "s5-t35",
      "begin" : 572,
      "end" : 574,
      "text" : "廣池",
      "whiteSpace" : false
    }, {
      "id" : "s5-t36",
      "begin" : 574,
      "end" : 577,
      "text" : "千九郎",
      "whiteSpace" : false
    }, {
      "id" : "s5-t37",
      "begin" : 577,
      "end" : 578,
      "text" : "は",
      "whiteSpace" : false
    }, {
      "id" : "s5-t38",
      "begin" : 578,
      "end" : 579,
      "text" : "、",
      "whiteSpace" : false
    }, {
      "id" : "s5-t39",
      "begin" : 579,
      "end" : 580,
      "text" : "本",
      "whiteSpace" : false
    }, {
      "id" : "s5-t40",
      "begin" : 580,
      "end" : 582,
      "text" : "温泉",
      "whiteSpace" : false
    }, {
      "id" : "s5-t41",
      "begin" : 582,
      "end" : 583,
      "text" : "地",
      "whiteSpace" : false
    }, {
      "id" : "s5-t42",
      "begin" : 583,
      "end" : 584,
      "text" : "を",
      "whiteSpace" : false
    }, {
      "id" : "s5-t43",
      "begin" : 584,
      "end" : 588,
      "text" : "たびたび",
      "whiteSpace" : false
    }, {
      "id" : "s5-t44",
      "begin" : 588,
      "end" : 590,
      "text" : "訪れ",
      "whiteSpace" : false
    }, {
      "id" : "s5-t45",
      "begin" : 590,
      "end" : 591,
      "text" : "、",
      "whiteSpace" : false
    }, {
      "id" : "s5-t46",
      "begin" : 591,
      "end" : 593,
      "text" : "静養",
      "whiteSpace" : false
    }, {
      "id" : "s5-t47",
      "begin" : 593,
      "end" : 594,
      "text" : "を",
      "whiteSpace" : false
    }, {
      "id" : "s5-t48",
      "begin" : 594,
      "end" : 597,
      "text" : "兼ねて",
      "whiteSpace" : false
    }, {
      "id" : "s5-t49",
      "begin" : 597,
      "end" : 598,
      "text" : "「",
      "whiteSpace" : false
    }, {
      "id" : "s5-t50",
      "begin" : 598,
      "end" : 600,
      "text" : "道徳",
      "whiteSpace" : false
    }, {
      "id" : "s5-t51",
      "begin" : 600,
      "end" : 602,
      "text" : "科学",
      "whiteSpace" : false
    }, {
      "id" : "s5-t52",
      "begin" : 602,
      "end" : 603,
      "text" : "の",
      "whiteSpace" : false
    }, {
      "id" : "s5-t53",
      "begin" : 603,
      "end" : 605,
      "text" : "論文",
      "whiteSpace" : false
    }, {
      "id" : "s5-t54",
      "begin" : 605,
      "end" : 606,
      "text" : "」",
      "whiteSpace" : false
    }, {
      "id" : "s5-t55",
      "begin" : 606,
      "end" : 607,
      "text" : "の",
      "whiteSpace" : false
    }, {
      "id" : "s5-t56",
      "begin" : 607,
      "end" : 609,
      "text" : "執筆",
      "whiteSpace" : false
    }, {
      "id" : "s5-t57",
      "begin" : 609,
      "end" : 611,
      "text" : "編集",
      "whiteSpace" : false
    }, {
      "id" : "s5-t58",
      "begin" : 611,
      "end" : 612,
      "text" : "を",
      "whiteSpace" : false
    }, {
      "id" : "s5-t59",
      "begin" : 612,
      "end" : 615,
      "text" : "行って",
      "whiteSpace" : false
    }, {
      "id" : "s5-t60",
      "begin" : 615,
      "end" : 617,
      "text" : "いる",
      "whiteSpace" : false
    }, {
      "id" : "s5-t61",
      "begin" : 617,
      "end" : 618,
      "text" : "。",
      "whiteSpace" : false
    } ]
  }, {
    "id" : "s6",
    "begin" : 618,
    "end" : 661,
    "text" : "現在、温泉地内には、廣池千九郎の功績を称え、「廣池千九郎畑毛記念館」が建てられている。",
    "tokens" : [ {
      "id" : "s6-t0",
      "begin" : 618,
      "end" : 620,
      "text" : "現在",
      "whiteSpace" : false
    }, {
      "id" : "s6-t1",
      "begin" : 620,
      "end" : 621,
      "text" : "、",
      "whiteSpace" : false
    }, {
      "id" : "s6-t2",
      "begin" : 621,
      "end" : 623,
      "text" : "温泉",
      "whiteSpace" : false
    }, {
      "id" : "s6-t3",
      "begin" : 623,
      "end" : 624,
      "text" : "地",
      "whiteSpace" : false
    }, {
      "id" : "s6-t4",
      "begin" : 624,
      "end" : 625,
      "text" : "内",
      "whiteSpace" : false
    }, {
      "id" : "s6-t5",
      "begin" : 625,
      "end" : 626,
      "text" : "に",
      "whiteSpace" : false
    }, {
      "id" : "s6-t6",
      "begin" : 626,
      "end" : 627,
      "text" : "は",
      "whiteSpace" : false
    }, {
      "id" : "s6-t7",
      "begin" : 627,
      "end" : 628,
      "text" : "、",
      "whiteSpace" : false
    }, {
      "id" : "s6-t8",
      "begin" : 628,
      "end" : 630,
      "text" : "廣池",
      "whiteSpace" : false
    }, {
      "id" : "s6-t9",
      "begin" : 630,
      "end" : 633,
      "text" : "千九郎",
      "whiteSpace" : false
    }, {
      "id" : "s6-t10",
      "begin" : 633,
      "end" : 634,
      "text" : "の",
      "whiteSpace" : false
    }, {
      "id" : "s6-t11",
      "begin" : 634,
      "end" : 636,
      "text" : "功績",
      "whiteSpace" : false
    }, {
      "id" : "s6-t12",
      "begin" : 636,
      "end" : 637,
      "text" : "を",
      "whiteSpace" : false
    }, {
      "id" : "s6-t13",
      "begin" : 637,
      "end" : 639,
      "text" : "称え",
      "whiteSpace" : false
    }, {
      "id" : "s6-t14",
      "begin" : 639,
      "end" : 640,
      "text" : "、",
      "whiteSpace" : false
    }, {
      "id" : "s6-t15",
      "begin" : 640,
      "end" : 641,
      "text" : "「",
      "whiteSpace" : false
    }, {
      "id" : "s6-t16",
      "begin" : 641,
      "end" : 643,
      "text" : "廣池",
      "whiteSpace" : false
    }, {
      "id" : "s6-t17",
      "begin" : 643,
      "end" : 646,
      "text" : "千九郎",
      "whiteSpace" : false
    }, {
      "id" : "s6-t18",
      "begin" : 646,
      "end" : 648,
      "text" : "畑毛",
      "whiteSpace" : false
    }, {
      "id" : "s6-t19",
      "begin" : 648,
      "end" : 650,
      "text" : "記念",
      "whiteSpace" : false
    }, {
      "id" : "s6-t20",
      "begin" : 650,
      "end" : 651,
      "text" : "館",
      "whiteSpace" : false
    }, {
      "id" : "s6-t21",
      "begin" : 651,
      "end" : 652,
      "text" : "」",
      "whiteSpace" : false
    }, {
      "id" : "s6-t22",
      "begin" : 652,
      "end" : 653,
      "text" : "が",
      "whiteSpace" : false
    }, {
      "id" : "s6-t23",
      "begin" : 653,
      "end" : 655,
      "text" : "建て",
      "whiteSpace" : false
    }, {
      "id" : "s6-t24",
      "begin" : 655,
      "end" : 658,
      "text" : "られて",
      "whiteSpace" : false
    }, {
      "id" : "s6-t25",
      "begin" : 658,
      "end" : 660,
      "text" : "いる",
      "whiteSpace" : false
    }, {
      "id" : "s6-t26",
      "begin" : 660,
      "end" : 661,
      "text" : "。",
      "whiteSpace" : false
    } ]
  }, {
    "id" : "s7",
    "begin" : 662,
    "end" : 747,
    "text" : "このように、畑毛温泉は古来より良質の湯治場として親しまれており、若山牧水の句に残されているように、「ぬるい湯にゆったりと長時間浸かれる」ことが本温泉地の最大の特徴である。",
    "tokens" : [ {
      "id" : "s7-t0",
      "begin" : 662,
      "end" : 667,
      "text" : "このように",
      "whiteSpace" : false
    }, {
      "id" : "s7-t1",
      "begin" : 667,
      "end" : 668,
      "text" : "、",
      "whiteSpace" : false
    }, {
      "id" : "s7-t2",
      "begin" : 668,
      "end" : 670,
      "text" : "畑毛",
      "whiteSpace" : false
    }, {
      "id" : "s7-t3",
      "begin" : 670,
      "end" : 672,
      "text" : "温泉",
      "whiteSpace" : false
    }, {
      "id" : "s7-t4",
      "begin" : 672,
      "end" : 673,
      "text" : "は",
      "whiteSpace" : false
    }, {
      "id" : "s7-t5",
      "begin" : 673,
      "end" : 675,
      "text" : "古来",
      "whiteSpace" : false
    }, {
      "id" : "s7-t6",
      "begin" : 675,
      "end" : 677,
      "text" : "より",
      "whiteSpace" : false
    }, {
      "id" : "s7-t7",
      "begin" : 677,
      "end" : 680,
      "text" : "良質の",
      "whiteSpace" : false
    }, {
      "id" : "s7-t8",
      "begin" : 680,
      "end" : 682,
      "text" : "湯治",
      "whiteSpace" : false
    }, {
      "id" : "s7-t9",
      "begin" : 682,
      "end" : 683,
      "text" : "場",
      "whiteSpace" : false
    }, {
      "id" : "s7-t10",
      "begin" : 683,
      "end" : 684,
      "text" : "と",
      "whiteSpace" : false
    }, {
      "id" : "s7-t11",
      "begin" : 684,
      "end" : 686,
      "text" : "して",
      "whiteSpace" : false
    }, {
      "id" : "s7-t12",
      "begin" : 686,
      "end" : 689,
      "text" : "親しま",
      "whiteSpace" : false
    }, {
      "id" : "s7-t13",
      "begin" : 689,
      "end" : 691,
      "text" : "れて",
      "whiteSpace" : false
    }, {
      "id" : "s7-t14",
      "begin" : 691,
      "end" : 693,
      "text" : "おり",
      "whiteSpace" : false
    }, {
      "id" : "s7-t15",
      "begin" : 693,
      "end" : 694,
      "text" : "、",
      "whiteSpace" : false
    }, {
      "id" : "s7-t16",
      "begin" : 694,
      "end" : 696,
      "text" : "若山",
      "whiteSpace" : false
    }, {
      "id" : "s7-t17",
      "begin" : 696,
      "end" : 698,
      "text" : "牧水",
      "whiteSpace" : false
    }, {
      "id" : "s7-t18",
      "begin" : 698,
      "end" : 699,
      "text" : "の",
      "whiteSpace" : false
    }, {
      "id" : "s7-t19",
      "begin" : 699,
      "end" : 700,
      "text" : "句",
      "whiteSpace" : false
    }, {
      "id" : "s7-t20",
      "begin" : 700,
      "end" : 701,
      "text" : "に",
      "whiteSpace" : false
    }, {
      "id" : "s7-t21",
      "begin" : 701,
      "end" : 703,
      "text" : "残さ",
      "whiteSpace" : false
    }, {
      "id" : "s7-t22",
      "begin" : 703,
      "end" : 705,
      "text" : "れて",
      "whiteSpace" : false
    }, {
      "id" : "s7-t23",
      "begin" : 705,
      "end" : 707,
      "text" : "いる",
      "whiteSpace" : false
    }, {
      "id" : "s7-t24",
      "begin" : 707,
      "end" : 710,
      "text" : "ように",
      "whiteSpace" : false
    }, {
      "id" : "s7-t25",
      "begin" : 710,
      "end" : 711,
      "text" : "、",
      "whiteSpace" : false
    }, {
      "id" : "s7-t26",
      "begin" : 711,
      "end" : 712,
      "text" : "「",
      "whiteSpace" : false
    }, {
      "id" : "s7-t27",
      "begin" : 712,
      "end" : 715,
      "text" : "ぬるい",
      "whiteSpace" : false
    }, {
      "id" : "s7-t28",
      "begin" : 715,
      "end" : 716,
      "text" : "湯",
      "whiteSpace" : false
    }, {
      "id" : "s7-t29",
      "begin" : 716,
      "end" : 717,
      "text" : "に",
      "whiteSpace" : false
    }, {
      "id" : "s7-t30",
      "begin" : 717,
      "end" : 721,
      "text" : "ゆったり",
      "whiteSpace" : false
    }, {
      "id" : "s7-t31",
      "begin" : 721,
      "end" : 722,
      "text" : "と",
      "whiteSpace" : false
    }, {
      "id" : "s7-t32",
      "begin" : 722,
      "end" : 723,
      "text" : "長",
      "whiteSpace" : false
    }, {
      "id" : "s7-t33",
      "begin" : 723,
      "end" : 725,
      "text" : "時間",
      "whiteSpace" : false
    }, {
      "id" : "s7-t34",
      "begin" : 725,
      "end" : 727,
      "text" : "浸か",
      "whiteSpace" : false
    }, {
      "id" : "s7-t35",
      "begin" : 727,
      "end" : 729,
      "text" : "れる",
      "whiteSpace" : false
    }, {
      "id" : "s7-t36",
      "begin" : 729,
      "end" : 730,
      "text" : "」",
      "whiteSpace" : false
    }, {
      "id" : "s7-t37",
      "begin" : 730,
      "end" : 732,
      "text" : "こと",
      "whiteSpace" : false
    }, {
      "id" : "s7-t38",
      "begin" : 732,
      "end" : 733,
      "text" : "が",
      "whiteSpace" : false
    }, {
      "id" : "s7-t39",
      "begin" : 733,
      "end" : 734,
      "text" : "本",
      "whiteSpace" : false
    }, {
      "id" : "s7-t40",
      "begin" : 734,
      "end" : 736,
      "text" : "温泉",
      "whiteSpace" : false
    }, {
      "id" : "s7-t41",
      "begin" : 736,
      "end" : 737,
      "text" : "地",
      "whiteSpace" : false
    }, {
      "id" : "s7-t42",
      "begin" : 737,
      "end" : 738,
      "text" : "の",
      "whiteSpace" : false
    }, {
      "id" : "s7-t43",
      "begin" : 738,
      "end" : 740,
      "text" : "最大",
      "whiteSpace" : false
    }, {
      "id" : "s7-t44",
      "begin" : 740,
      "end" : 741,
      "text" : "の",
      "whiteSpace" : false
    }, {
      "id" : "s7-t45",
      "begin" : 741,
      "end" : 743,
      "text" : "特徴",
      "whiteSpace" : false
    }, {
      "id" : "s7-t46",
      "begin" : 743,
      "end" : 746,
      "text" : "である",
      "whiteSpace" : false
    }, {
      "id" : "s7-t47",
      "begin" : 746,
      "end" : 747,
      "text" : "。",
      "whiteSpace" : false
    } ]
  }, {
    "id" : "s8",
    "begin" : 747,
    "end" : 840,
    "text" : "この特徴が、湯治を目的とする利用客に愛され続けている所以となっており、今日では、近隣住民はもちろんのこと、首都圏等遠方からも多くの利用客が幾度も訪れており、利用客数は年々増加傾向にある。",
    "tokens" : [ {
      "id" : "s8-t0",
      "begin" : 747,
      "end" : 749,
      "text" : "この",
      "whiteSpace" : false
    }, {
      "id" : "s8-t1",
      "begin" : 749,
      "end" : 751,
      "text" : "特徴",
      "whiteSpace" : false
    }, {
      "id" : "s8-t2",
      "begin" : 751,
      "end" : 752,
      "text" : "が",
      "whiteSpace" : false
    }, {
      "id" : "s8-t3",
      "begin" : 752,
      "end" : 753,
      "text" : "、",
      "whiteSpace" : false
    }, {
      "id" : "s8-t4",
      "begin" : 753,
      "end" : 755,
      "text" : "湯治",
      "whiteSpace" : false
    }, {
      "id" : "s8-t5",
      "begin" : 755,
      "end" : 756,
      "text" : "を",
      "whiteSpace" : false
    }, {
      "id" : "s8-t6",
      "begin" : 756,
      "end" : 758,
      "text" : "目的",
      "whiteSpace" : false
    }, {
      "id" : "s8-t7",
      "begin" : 758,
      "end" : 759,
      "text" : "と",
      "whiteSpace" : false
    }, {
      "id" : "s8-t8",
      "begin" : 759,
      "end" : 761,
      "text" : "する",
      "whiteSpace" : false
    }, {
      "id" : "s8-t9",
      "begin" : 761,
      "end" : 763,
      "text" : "利用",
      "whiteSpace" : false
    }, {
      "id" : "s8-t10",
      "begin" : 763,
      "end" : 764,
      "text" : "客",
      "whiteSpace" : false
    }, {
      "id" : "s8-t11",
      "begin" : 764,
      "end" : 765,
      "text" : "に",
      "whiteSpace" : false
    }, {
      "id" : "s8-t12",
      "begin" : 765,
      "end" : 767,
      "text" : "愛さ",
      "whiteSpace" : false
    }, {
      "id" : "s8-t13",
      "begin" : 767,
      "end" : 768,
      "text" : "れ",
      "whiteSpace" : false
    }, {
      "id" : "s8-t14",
      "begin" : 768,
      "end" : 771,
      "text" : "続けて",
      "whiteSpace" : false
    }, {
      "id" : "s8-t15",
      "begin" : 771,
      "end" : 773,
      "text" : "いる",
      "whiteSpace" : false
    }, {
      "id" : "s8-t16",
      "begin" : 773,
      "end" : 774,
      "text" : "所",
      "whiteSpace" : false
    }, {
      "id" : "s8-t17",
      "begin" : 774,
      "end" : 775,
      "text" : "以",
      "whiteSpace" : false
    }, {
      "id" : "s8-t18",
      "begin" : 775,
      "end" : 776,
      "text" : "と",
      "whiteSpace" : false
    }, {
      "id" : "s8-t19",
      "begin" : 776,
      "end" : 779,
      "text" : "なって",
      "whiteSpace" : false
    }, {
      "id" : "s8-t20",
      "begin" : 779,
      "end" : 781,
      "text" : "おり",
      "whiteSpace" : false
    }, {
      "id" : "s8-t21",
      "begin" : 781,
      "end" : 782,
      "text" : "、",
      "whiteSpace" : false
    }, {
      "id" : "s8-t22",
      "begin" : 782,
      "end" : 784,
      "text" : "今日",
      "whiteSpace" : false
    }, {
      "id" : "s8-t23",
      "begin" : 784,
      "end" : 785,
      "text" : "で",
      "whiteSpace" : false
    }, {
      "id" : "s8-t24",
      "begin" : 785,
      "end" : 786,
      "text" : "は",
      "whiteSpace" : false
    }, {
      "id" : "s8-t25",
      "begin" : 786,
      "end" : 787,
      "text" : "、",
      "whiteSpace" : false
    }, {
      "id" : "s8-t26",
      "begin" : 787,
      "end" : 789,
      "text" : "近隣",
      "whiteSpace" : false
    }, {
      "id" : "s8-t27",
      "begin" : 789,
      "end" : 791,
      "text" : "住民",
      "whiteSpace" : false
    }, {
      "id" : "s8-t28",
      "begin" : 791,
      "end" : 792,
      "text" : "は",
      "whiteSpace" : false
    }, {
      "id" : "s8-t29",
      "begin" : 792,
      "end" : 796,
      "text" : "もちろん",
      "whiteSpace" : false
    }, {
      "id" : "s8-t30",
      "begin" : 796,
      "end" : 797,
      "text" : "の",
      "whiteSpace" : false
    }, {
      "id" : "s8-t31",
      "begin" : 797,
      "end" : 799,
      "text" : "こと",
      "whiteSpace" : false
    }, {
      "id" : "s8-t32",
      "begin" : 799,
      "end" : 800,
      "text" : "、",
      "whiteSpace" : false
    }, {
      "id" : "s8-t33",
      "begin" : 800,
      "end" : 802,
      "text" : "首都",
      "whiteSpace" : false
    }, {
      "id" : "s8-t34",
      "begin" : 802,
      "end" : 803,
      "text" : "圏",
      "whiteSpace" : false
    }, {
      "id" : "s8-t35",
      "begin" : 803,
      "end" : 804,
      "text" : "等",
      "whiteSpace" : false
    }, {
      "id" : "s8-t36",
      "begin" : 804,
      "end" : 806,
      "text" : "遠方",
      "whiteSpace" : false
    }, {
      "id" : "s8-t37",
      "begin" : 806,
      "end" : 808,
      "text" : "から",
      "whiteSpace" : false
    }, {
      "id" : "s8-t38",
      "begin" : 808,
      "end" : 809,
      "text" : "も",
      "whiteSpace" : false
    }, {
      "id" : "s8-t39",
      "begin" : 809,
      "end" : 811,
      "text" : "多く",
      "whiteSpace" : false
    }, {
      "id" : "s8-t40",
      "begin" : 811,
      "end" : 812,
      "text" : "の",
      "whiteSpace" : false
    }, {
      "id" : "s8-t41",
      "begin" : 812,
      "end" : 814,
      "text" : "利用",
      "whiteSpace" : false
    }, {
      "id" : "s8-t42",
      "begin" : 814,
      "end" : 815,
      "text" : "客",
      "whiteSpace" : false
    }, {
      "id" : "s8-t43",
      "begin" : 815,
      "end" : 816,
      "text" : "が",
      "whiteSpace" : false
    }, {
      "id" : "s8-t44",
      "begin" : 816,
      "end" : 817,
      "text" : "幾",
      "whiteSpace" : false
    }, {
      "id" : "s8-t45",
      "begin" : 817,
      "end" : 818,
      "text" : "度",
      "whiteSpace" : false
    }, {
      "id" : "s8-t46",
      "begin" : 818,
      "end" : 819,
      "text" : "も",
      "whiteSpace" : false
    }, {
      "id" : "s8-t47",
      "begin" : 819,
      "end" : 822,
      "text" : "訪れて",
      "whiteSpace" : false
    }, {
      "id" : "s8-t48",
      "begin" : 822,
      "end" : 824,
      "text" : "おり",
      "whiteSpace" : false
    }, {
      "id" : "s8-t49",
      "begin" : 824,
      "end" : 825,
      "text" : "、",
      "whiteSpace" : false
    }, {
      "id" : "s8-t50",
      "begin" : 825,
      "end" : 827,
      "text" : "利用",
      "whiteSpace" : false
    }, {
      "id" : "s8-t51",
      "begin" : 827,
      "end" : 828,
      "text" : "客",
      "whiteSpace" : false
    }, {
      "id" : "s8-t52",
      "begin" : 828,
      "end" : 829,
      "text" : "数",
      "whiteSpace" : false
    }, {
      "id" : "s8-t53",
      "begin" : 829,
      "end" : 830,
      "text" : "は",
      "whiteSpace" : false
    }, {
      "id" : "s8-t54",
      "begin" : 830,
      "end" : 832,
      "text" : "年々",
      "whiteSpace" : false
    }, {
      "id" : "s8-t55",
      "begin" : 832,
      "end" : 834,
      "text" : "増加",
      "whiteSpace" : false
    }, {
      "id" : "s8-t56",
      "begin" : 834,
      "end" : 836,
      "text" : "傾向",
      "whiteSpace" : false
    }, {
      "id" : "s8-t57",
      "begin" : 836,
      "end" : 837,
      "text" : "に",
      "whiteSpace" : false
    }, {
      "id" : "s8-t58",
      "begin" : 837,
      "end" : 839,
      "text" : "ある",
      "whiteSpace" : false
    }, {
      "id" : "s8-t59",
      "begin" : 839,
      "end" : 840,
      "text" : "。",
      "whiteSpace" : false
    } ]
  } ],
  "mentions" : [ {
    "id" : "s0-m1",
    "properties" : {
      "SIRE_MENTION_ROLE" : "ONSEN",
      "SIRE_ENTITY_SUBTYPE" : "NONE",
      "SIRE_MENTION_TYPE" : "NONE",
      "SIRE_MENTION_CLASS" : "SPC"
    },
    "type" : "ONSEN",
    "begin" : 0,
    "end" : 4,
    "inCoref" : false
  }, {
    "id" : "s3-m1",
    "properties" : {
      "SIRE_MENTION_ROLE" : "ONSEN",
      "SIRE_ENTITY_SUBTYPE" : "NONE",
      "SIRE_MENTION_TYPE" : "NONE",
      "SIRE_MENTION_CLASS" : "SPC"
    },
    "type" : "ONSEN",
    "begin" : 324,
    "end" : 328,
    "inCoref" : false
  }, {
    "id" : "s3-m2",
    "properties" : {
      "SIRE_MENTION_ROLE" : "Tekiou",
      "SIRE_ENTITY_SUBTYPE" : "NONE",
      "SIRE_MENTION_TYPE" : "NONE",
      "SIRE_MENTION_CLASS" : "SPC"
    },
    "type" : "Tekiou",
    "begin" : 336,
    "end" : 339,
    "inCoref" : false
  }, {
    "id" : "s7-m1",
    "properties" : {
      "SIRE_MENTION_ROLE" : "ONSEN",
      "SIRE_ENTITY_SUBTYPE" : "NONE",
      "SIRE_MENTION_TYPE" : "NONE",
      "SIRE_MENTION_CLASS" : "SPC"
    },
    "type" : "ONSEN",
    "begin" : 668,
    "end" : 672,
    "inCoref" : false
  } ],
  "relations" : [ {
    "id" : "s3-r1",
    "properties" : { },
    "type" : "targetCase",
    "args" : [ "s3-m1", "s3-m2" ]
  } ],
  "corefs" : [ ],
  "typeResolved" : true,
  "userResolved" : false
}