{
  "id" : "5ae7cfb0-d149-11e9-ad4b-c984733d60b0-5",
  "name" : "5_国民保養温泉地新規指定等の概要",
  "createdDate" : 0,
  "version" : 3,
  "text" : "竹田温泉群温泉（大分県竹田市）の概要（平成27年５月１日大幅拡充）\n○概要\n３つの温泉から構成されている。\n①長湯温泉（ながゆ）： 日本有数の炭酸泉、奈良時代から存在\n②久住高原温泉郷（くじゅう）：中世からの歴史\n③竹田・荻温泉（たけた・おぎ）：岡城下町の温泉年間の温泉利用者数：約３００万人（３温泉地計）\n旅館等の数：１０１軒\n※これまで①のみが国民保養温泉地として指定されていたが、今回②と③が追加となった。\n○特徴\n一部は阿蘇・くじゅう国立公園内にあり、自然豊かかつ岡城といった文化資産も存在。長湯温泉は「源泉かけ流し宣言」を行うなどの取組を実施。温泉療養保健システム（宿泊者への助成）を実施\n○温泉の状況\n主な泉質：炭酸水素塩泉・二酸化炭素泉\n効用：糖尿病、胃腸病、冷え性、筋肉痛等\n○今後の方針\n豊かな自然・文化を活かし、温泉・健康食・運動等を組み合わせた竹田式湯治を目指す",
  "docLength" : 0,
  "language" : "JA",
  "status" : "IN_PROGRESS",
  "modifiedDate" : 1567849508660,
  "documentSet" : [ ],
  "preannotation" : [ "PRE_LW" ],
  "sentences" : [ {
    "id" : "s0",
    "begin" : 0,
    "end" : 53,
    "text" : "竹田温泉群温泉（大分県竹田市）の概要（平成27年５月１日大幅拡充）\n○概要\n３つの温泉から構成されている。",
    "tokens" : [ {
      "id" : "s0-t0",
      "begin" : 0,
      "end" : 2,
      "text" : "竹田",
      "whiteSpace" : false
    }, {
      "id" : "s0-t1",
      "begin" : 2,
      "end" : 4,
      "text" : "温泉",
      "whiteSpace" : false
    }, {
      "id" : "s0-t2",
      "begin" : 4,
      "end" : 5,
      "text" : "群",
      "whiteSpace" : false
    }, {
      "id" : "s0-t3",
      "begin" : 5,
      "end" : 7,
      "text" : "温泉",
      "whiteSpace" : false
    }, {
      "id" : "s0-t4",
      "begin" : 7,
      "end" : 8,
      "text" : "（",
      "whiteSpace" : false
    }, {
      "id" : "s0-t5",
      "begin" : 8,
      "end" : 10,
      "text" : "大分",
      "whiteSpace" : false
    }, {
      "id" : "s0-t6",
      "begin" : 10,
      "end" : 11,
      "text" : "県",
      "whiteSpace" : false
    }, {
      "id" : "s0-t7",
      "begin" : 11,
      "end" : 13,
      "text" : "竹田",
      "whiteSpace" : false
    }, {
      "id" : "s0-t8",
      "begin" : 13,
      "end" : 14,
      "text" : "市",
      "whiteSpace" : false
    }, {
      "id" : "s0-t9",
      "begin" : 14,
      "end" : 15,
      "text" : "）",
      "whiteSpace" : false
    }, {
      "id" : "s0-t10",
      "begin" : 15,
      "end" : 16,
      "text" : "の",
      "whiteSpace" : false
    }, {
      "id" : "s0-t11",
      "begin" : 16,
      "end" : 18,
      "text" : "概要",
      "whiteSpace" : false
    }, {
      "id" : "s0-t12",
      "begin" : 18,
      "end" : 19,
      "text" : "（",
      "whiteSpace" : false
    }, {
      "id" : "s0-t13",
      "begin" : 19,
      "end" : 21,
      "text" : "平成",
      "whiteSpace" : false
    }, {
      "id" : "s0-t14",
      "begin" : 21,
      "end" : 23,
      "text" : "27",
      "whiteSpace" : false
    }, {
      "id" : "s0-t15",
      "begin" : 23,
      "end" : 24,
      "text" : "年",
      "whiteSpace" : false
    }, {
      "id" : "s0-t16",
      "begin" : 24,
      "end" : 25,
      "text" : "５",
      "whiteSpace" : false
    }, {
      "id" : "s0-t17",
      "begin" : 25,
      "end" : 26,
      "text" : "月",
      "whiteSpace" : false
    }, {
      "id" : "s0-t18",
      "begin" : 26,
      "end" : 27,
      "text" : "１",
      "whiteSpace" : false
    }, {
      "id" : "s0-t19",
      "begin" : 27,
      "end" : 28,
      "text" : "日",
      "whiteSpace" : false
    }, {
      "id" : "s0-t20",
      "begin" : 28,
      "end" : 30,
      "text" : "大幅",
      "whiteSpace" : false
    }, {
      "id" : "s0-t21",
      "begin" : 30,
      "end" : 32,
      "text" : "拡充",
      "whiteSpace" : false
    }, {
      "id" : "s0-t22",
      "begin" : 32,
      "end" : 33,
      "text" : "）",
      "whiteSpace" : false
    }, {
      "id" : "s0-t23",
      "begin" : 34,
      "end" : 35,
      "text" : "○",
      "whiteSpace" : false
    }, {
      "id" : "s0-t24",
      "begin" : 35,
      "end" : 37,
      "text" : "概要",
      "whiteSpace" : false
    }, {
      "id" : "s0-t25",
      "begin" : 38,
      "end" : 39,
      "text" : "３",
      "whiteSpace" : false
    }, {
      "id" : "s0-t26",
      "begin" : 39,
      "end" : 40,
      "text" : "つ",
      "whiteSpace" : false
    }, {
      "id" : "s0-t27",
      "begin" : 40,
      "end" : 41,
      "text" : "の",
      "whiteSpace" : false
    }, {
      "id" : "s0-t28",
      "begin" : 41,
      "end" : 43,
      "text" : "温泉",
      "whiteSpace" : false
    }, {
      "id" : "s0-t29",
      "begin" : 43,
      "end" : 45,
      "text" : "から",
      "whiteSpace" : false
    }, {
      "id" : "s0-t30",
      "begin" : 45,
      "end" : 47,
      "text" : "構成",
      "whiteSpace" : false
    }, {
      "id" : "s0-t31",
      "begin" : 47,
      "end" : 48,
      "text" : "さ",
      "whiteSpace" : false
    }, {
      "id" : "s0-t32",
      "begin" : 48,
      "end" : 50,
      "text" : "れて",
      "whiteSpace" : false
    }, {
      "id" : "s0-t33",
      "begin" : 50,
      "end" : 52,
      "text" : "いる",
      "whiteSpace" : false
    }, {
      "id" : "s0-t34",
      "begin" : 52,
      "end" : 53,
      "text" : "。",
      "whiteSpace" : false
    } ]
  }, {
    "id" : "s1",
    "begin" : 54,
    "end" : 206,
    "text" : "①長湯温泉（ながゆ）： 日本有数の炭酸泉、奈良時代から存在\n②久住高原温泉郷（くじゅう）：中世からの歴史\n③竹田・荻温泉（たけた・おぎ）：岡城下町の温泉年間の温泉利用者数：約３００万人（３温泉地計）\n旅館等の数：１０１軒\n※これまで①のみが国民保養温泉地として指定されていたが、今回②と③が追加となった。",
    "tokens" : [ {
      "id" : "s1-t0",
      "begin" : 54,
      "end" : 55,
      "text" : "①",
      "whiteSpace" : false
    }, {
      "id" : "s1-t1",
      "begin" : 55,
      "end" : 57,
      "text" : "長湯",
      "whiteSpace" : false
    }, {
      "id" : "s1-t2",
      "begin" : 57,
      "end" : 59,
      "text" : "温泉",
      "whiteSpace" : false
    }, {
      "id" : "s1-t3",
      "begin" : 59,
      "end" : 60,
      "text" : "（",
      "whiteSpace" : false
    }, {
      "id" : "s1-t4",
      "begin" : 60,
      "end" : 63,
      "text" : "ながゆ",
      "whiteSpace" : false
    }, {
      "id" : "s1-t5",
      "begin" : 63,
      "end" : 64,
      "text" : "）",
      "whiteSpace" : false
    }, {
      "id" : "s1-t6",
      "begin" : 64,
      "end" : 65,
      "text" : "：",
      "whiteSpace" : false
    }, {
      "id" : "s1-t7",
      "begin" : 66,
      "end" : 68,
      "text" : "日本",
      "whiteSpace" : false
    }, {
      "id" : "s1-t8",
      "begin" : 68,
      "end" : 70,
      "text" : "有数",
      "whiteSpace" : false
    }, {
      "id" : "s1-t9",
      "begin" : 70,
      "end" : 71,
      "text" : "の",
      "whiteSpace" : false
    }, {
      "id" : "s1-t10",
      "begin" : 71,
      "end" : 73,
      "text" : "炭酸",
      "whiteSpace" : false
    }, {
      "id" : "s1-t11",
      "begin" : 73,
      "end" : 74,
      "text" : "泉",
      "whiteSpace" : false
    }, {
      "id" : "s1-t12",
      "begin" : 74,
      "end" : 75,
      "text" : "、",
      "whiteSpace" : false
    }, {
      "id" : "s1-t13",
      "begin" : 75,
      "end" : 77,
      "text" : "奈良",
      "whiteSpace" : false
    }, {
      "id" : "s1-t14",
      "begin" : 77,
      "end" : 79,
      "text" : "時代",
      "whiteSpace" : false
    }, {
      "id" : "s1-t15",
      "begin" : 79,
      "end" : 81,
      "text" : "から",
      "whiteSpace" : false
    }, {
      "id" : "s1-t16",
      "begin" : 81,
      "end" : 83,
      "text" : "存在",
      "whiteSpace" : false
    }, {
      "id" : "s1-t17",
      "begin" : 84,
      "end" : 85,
      "text" : "②",
      "whiteSpace" : false
    }, {
      "id" : "s1-t18",
      "begin" : 85,
      "end" : 89,
      "text" : "久住高原",
      "whiteSpace" : false
    }, {
      "id" : "s1-t19",
      "begin" : 89,
      "end" : 92,
      "text" : "温泉郷",
      "whiteSpace" : false
    }, {
      "id" : "s1-t20",
      "begin" : 92,
      "end" : 93,
      "text" : "（",
      "whiteSpace" : false
    }, {
      "id" : "s1-t21",
      "begin" : 93,
      "end" : 97,
      "text" : "くじゅう",
      "whiteSpace" : false
    }, {
      "id" : "s1-t22",
      "begin" : 97,
      "end" : 98,
      "text" : "）",
      "whiteSpace" : false
    }, {
      "id" : "s1-t23",
      "begin" : 98,
      "end" : 99,
      "text" : "：",
      "whiteSpace" : false
    }, {
      "id" : "s1-t24",
      "begin" : 99,
      "end" : 101,
      "text" : "中世",
      "whiteSpace" : false
    }, {
      "id" : "s1-t25",
      "begin" : 101,
      "end" : 103,
      "text" : "から",
      "whiteSpace" : false
    }, {
      "id" : "s1-t26",
      "begin" : 103,
      "end" : 104,
      "text" : "の",
      "whiteSpace" : false
    }, {
      "id" : "s1-t27",
      "begin" : 104,
      "end" : 106,
      "text" : "歴史",
      "whiteSpace" : false
    }, {
      "id" : "s1-t28",
      "begin" : 107,
      "end" : 108,
      "text" : "③",
      "whiteSpace" : false
    }, {
      "id" : "s1-t29",
      "begin" : 108,
      "end" : 110,
      "text" : "竹田",
      "whiteSpace" : false
    }, {
      "id" : "s1-t30",
      "begin" : 110,
      "end" : 111,
      "text" : "・",
      "whiteSpace" : false
    }, {
      "id" : "s1-t31",
      "begin" : 111,
      "end" : 112,
      "text" : "荻",
      "whiteSpace" : false
    }, {
      "id" : "s1-t32",
      "begin" : 112,
      "end" : 114,
      "text" : "温泉",
      "whiteSpace" : false
    }, {
      "id" : "s1-t33",
      "begin" : 114,
      "end" : 115,
      "text" : "（",
      "whiteSpace" : false
    }, {
      "id" : "s1-t34",
      "begin" : 115,
      "end" : 118,
      "text" : "たけた",
      "whiteSpace" : false
    }, {
      "id" : "s1-t35",
      "begin" : 118,
      "end" : 119,
      "text" : "・",
      "whiteSpace" : false
    }, {
      "id" : "s1-t36",
      "begin" : 119,
      "end" : 121,
      "text" : "おぎ",
      "whiteSpace" : false
    }, {
      "id" : "s1-t37",
      "begin" : 121,
      "end" : 122,
      "text" : "）",
      "whiteSpace" : false
    }, {
      "id" : "s1-t38",
      "begin" : 122,
      "end" : 123,
      "text" : "：",
      "whiteSpace" : false
    }, {
      "id" : "s1-t39",
      "begin" : 123,
      "end" : 124,
      "text" : "岡",
      "whiteSpace" : false
    }, {
      "id" : "s1-t40",
      "begin" : 124,
      "end" : 127,
      "text" : "城下町",
      "whiteSpace" : false
    }, {
      "id" : "s1-t41",
      "begin" : 127,
      "end" : 128,
      "text" : "の",
      "whiteSpace" : false
    }, {
      "id" : "s1-t42",
      "begin" : 128,
      "end" : 130,
      "text" : "温泉",
      "whiteSpace" : false
    }, {
      "id" : "s1-t43",
      "begin" : 130,
      "end" : 132,
      "text" : "年間",
      "whiteSpace" : false
    }, {
      "id" : "s1-t44",
      "begin" : 132,
      "end" : 133,
      "text" : "の",
      "whiteSpace" : false
    }, {
      "id" : "s1-t45",
      "begin" : 133,
      "end" : 135,
      "text" : "温泉",
      "whiteSpace" : false
    }, {
      "id" : "s1-t46",
      "begin" : 135,
      "end" : 137,
      "text" : "利用",
      "whiteSpace" : false
    }, {
      "id" : "s1-t47",
      "begin" : 137,
      "end" : 138,
      "text" : "者",
      "whiteSpace" : false
    }, {
      "id" : "s1-t48",
      "begin" : 138,
      "end" : 139,
      "text" : "数",
      "whiteSpace" : false
    }, {
      "id" : "s1-t49",
      "begin" : 139,
      "end" : 140,
      "text" : "：",
      "whiteSpace" : false
    }, {
      "id" : "s1-t50",
      "begin" : 140,
      "end" : 141,
      "text" : "約",
      "whiteSpace" : false
    }, {
      "id" : "s1-t51",
      "begin" : 141,
      "end" : 144,
      "text" : "３００",
      "whiteSpace" : false
    }, {
      "id" : "s1-t52",
      "begin" : 144,
      "end" : 146,
      "text" : "万人",
      "whiteSpace" : false
    }, {
      "id" : "s1-t53",
      "begin" : 146,
      "end" : 147,
      "text" : "（",
      "whiteSpace" : false
    }, {
      "id" : "s1-t54",
      "begin" : 147,
      "end" : 148,
      "text" : "３",
      "whiteSpace" : false
    }, {
      "id" : "s1-t55",
      "begin" : 148,
      "end" : 150,
      "text" : "温泉",
      "whiteSpace" : false
    }, {
      "id" : "s1-t56",
      "begin" : 150,
      "end" : 152,
      "text" : "地計",
      "whiteSpace" : false
    }, {
      "id" : "s1-t57",
      "begin" : 152,
      "end" : 153,
      "text" : "）",
      "whiteSpace" : false
    }, {
      "id" : "s1-t58",
      "begin" : 154,
      "end" : 156,
      "text" : "旅館",
      "whiteSpace" : false
    }, {
      "id" : "s1-t59",
      "begin" : 156,
      "end" : 157,
      "text" : "等",
      "whiteSpace" : false
    }, {
      "id" : "s1-t60",
      "begin" : 157,
      "end" : 158,
      "text" : "の",
      "whiteSpace" : false
    }, {
      "id" : "s1-t61",
      "begin" : 158,
      "end" : 159,
      "text" : "数",
      "whiteSpace" : false
    }, {
      "id" : "s1-t62",
      "begin" : 159,
      "end" : 160,
      "text" : "：",
      "whiteSpace" : false
    }, {
      "id" : "s1-t63",
      "begin" : 160,
      "end" : 163,
      "text" : "１０１",
      "whiteSpace" : false
    }, {
      "id" : "s1-t64",
      "begin" : 163,
      "end" : 164,
      "text" : "軒",
      "whiteSpace" : false
    }, {
      "id" : "s1-t65",
      "begin" : 165,
      "end" : 166,
      "text" : "※",
      "whiteSpace" : false
    }, {
      "id" : "s1-t66",
      "begin" : 166,
      "end" : 168,
      "text" : "これ",
      "whiteSpace" : false
    }, {
      "id" : "s1-t67",
      "begin" : 168,
      "end" : 170,
      "text" : "まで",
      "whiteSpace" : false
    }, {
      "id" : "s1-t68",
      "begin" : 170,
      "end" : 171,
      "text" : "①",
      "whiteSpace" : false
    }, {
      "id" : "s1-t69",
      "begin" : 171,
      "end" : 173,
      "text" : "のみ",
      "whiteSpace" : false
    }, {
      "id" : "s1-t70",
      "begin" : 173,
      "end" : 174,
      "text" : "が",
      "whiteSpace" : false
    }, {
      "id" : "s1-t71",
      "begin" : 174,
      "end" : 176,
      "text" : "国民",
      "whiteSpace" : false
    }, {
      "id" : "s1-t72",
      "begin" : 176,
      "end" : 178,
      "text" : "保養",
      "whiteSpace" : false
    }, {
      "id" : "s1-t73",
      "begin" : 178,
      "end" : 180,
      "text" : "温泉",
      "whiteSpace" : false
    }, {
      "id" : "s1-t74",
      "begin" : 180,
      "end" : 181,
      "text" : "地",
      "whiteSpace" : false
    }, {
      "id" : "s1-t75",
      "begin" : 181,
      "end" : 182,
      "text" : "と",
      "whiteSpace" : false
    }, {
      "id" : "s1-t76",
      "begin" : 182,
      "end" : 184,
      "text" : "して",
      "whiteSpace" : false
    }, {
      "id" : "s1-t77",
      "begin" : 184,
      "end" : 186,
      "text" : "指定",
      "whiteSpace" : false
    }, {
      "id" : "s1-t78",
      "begin" : 186,
      "end" : 187,
      "text" : "さ",
      "whiteSpace" : false
    }, {
      "id" : "s1-t79",
      "begin" : 187,
      "end" : 189,
      "text" : "れて",
      "whiteSpace" : false
    }, {
      "id" : "s1-t80",
      "begin" : 189,
      "end" : 191,
      "text" : "いた",
      "whiteSpace" : false
    }, {
      "id" : "s1-t81",
      "begin" : 191,
      "end" : 192,
      "text" : "が",
      "whiteSpace" : false
    }, {
      "id" : "s1-t82",
      "begin" : 192,
      "end" : 193,
      "text" : "、",
      "whiteSpace" : false
    }, {
      "id" : "s1-t83",
      "begin" : 193,
      "end" : 195,
      "text" : "今回",
      "whiteSpace" : false
    }, {
      "id" : "s1-t84",
      "begin" : 195,
      "end" : 196,
      "text" : "②",
      "whiteSpace" : false
    }, {
      "id" : "s1-t85",
      "begin" : 196,
      "end" : 197,
      "text" : "と",
      "whiteSpace" : false
    }, {
      "id" : "s1-t86",
      "begin" : 197,
      "end" : 198,
      "text" : "③",
      "whiteSpace" : false
    }, {
      "id" : "s1-t87",
      "begin" : 198,
      "end" : 199,
      "text" : "が",
      "whiteSpace" : false
    }, {
      "id" : "s1-t88",
      "begin" : 199,
      "end" : 201,
      "text" : "追加",
      "whiteSpace" : false
    }, {
      "id" : "s1-t89",
      "begin" : 201,
      "end" : 202,
      "text" : "と",
      "whiteSpace" : false
    }, {
      "id" : "s1-t90",
      "begin" : 202,
      "end" : 205,
      "text" : "なった",
      "whiteSpace" : false
    }, {
      "id" : "s1-t91",
      "begin" : 205,
      "end" : 206,
      "text" : "。",
      "whiteSpace" : false
    } ]
  }, {
    "id" : "s2",
    "begin" : 207,
    "end" : 250,
    "text" : "○特徴\n一部は阿蘇・くじゅう国立公園内にあり、自然豊かかつ岡城といった文化資産も存在。",
    "tokens" : [ {
      "id" : "s2-t0",
      "begin" : 207,
      "end" : 208,
      "text" : "○",
      "whiteSpace" : false
    }, {
      "id" : "s2-t1",
      "begin" : 208,
      "end" : 210,
      "text" : "特徴",
      "whiteSpace" : false
    }, {
      "id" : "s2-t2",
      "begin" : 211,
      "end" : 213,
      "text" : "一部",
      "whiteSpace" : false
    }, {
      "id" : "s2-t3",
      "begin" : 213,
      "end" : 214,
      "text" : "は",
      "whiteSpace" : false
    }, {
      "id" : "s2-t4",
      "begin" : 214,
      "end" : 216,
      "text" : "阿蘇",
      "whiteSpace" : false
    }, {
      "id" : "s2-t5",
      "begin" : 216,
      "end" : 217,
      "text" : "・",
      "whiteSpace" : false
    }, {
      "id" : "s2-t6",
      "begin" : 217,
      "end" : 221,
      "text" : "くじゅう",
      "whiteSpace" : false
    }, {
      "id" : "s2-t7",
      "begin" : 221,
      "end" : 223,
      "text" : "国立",
      "whiteSpace" : false
    }, {
      "id" : "s2-t8",
      "begin" : 223,
      "end" : 225,
      "text" : "公園",
      "whiteSpace" : false
    }, {
      "id" : "s2-t9",
      "begin" : 225,
      "end" : 226,
      "text" : "内",
      "whiteSpace" : false
    }, {
      "id" : "s2-t10",
      "begin" : 226,
      "end" : 227,
      "text" : "に",
      "whiteSpace" : false
    }, {
      "id" : "s2-t11",
      "begin" : 227,
      "end" : 229,
      "text" : "あり",
      "whiteSpace" : false
    }, {
      "id" : "s2-t12",
      "begin" : 229,
      "end" : 230,
      "text" : "、",
      "whiteSpace" : false
    }, {
      "id" : "s2-t13",
      "begin" : 230,
      "end" : 232,
      "text" : "自然",
      "whiteSpace" : false
    }, {
      "id" : "s2-t14",
      "begin" : 232,
      "end" : 234,
      "text" : "豊か",
      "whiteSpace" : false
    }, {
      "id" : "s2-t15",
      "begin" : 234,
      "end" : 236,
      "text" : "かつ",
      "whiteSpace" : false
    }, {
      "id" : "s2-t16",
      "begin" : 236,
      "end" : 238,
      "text" : "岡城",
      "whiteSpace" : false
    }, {
      "id" : "s2-t17",
      "begin" : 238,
      "end" : 239,
      "text" : "と",
      "whiteSpace" : false
    }, {
      "id" : "s2-t18",
      "begin" : 239,
      "end" : 242,
      "text" : "いった",
      "whiteSpace" : false
    }, {
      "id" : "s2-t19",
      "begin" : 242,
      "end" : 244,
      "text" : "文化",
      "whiteSpace" : false
    }, {
      "id" : "s2-t20",
      "begin" : 244,
      "end" : 246,
      "text" : "資産",
      "whiteSpace" : false
    }, {
      "id" : "s2-t21",
      "begin" : 246,
      "end" : 247,
      "text" : "も",
      "whiteSpace" : false
    }, {
      "id" : "s2-t22",
      "begin" : 247,
      "end" : 249,
      "text" : "存在",
      "whiteSpace" : false
    }, {
      "id" : "s2-t23",
      "begin" : 249,
      "end" : 250,
      "text" : "。",
      "whiteSpace" : false
    } ]
  }, {
    "id" : "s3",
    "begin" : 250,
    "end" : 277,
    "text" : "長湯温泉は「源泉かけ流し宣言」を行うなどの取組を実施。",
    "tokens" : [ {
      "id" : "s3-t0",
      "begin" : 250,
      "end" : 252,
      "text" : "長湯",
      "whiteSpace" : false
    }, {
      "id" : "s3-t1",
      "begin" : 252,
      "end" : 254,
      "text" : "温泉",
      "whiteSpace" : false
    }, {
      "id" : "s3-t2",
      "begin" : 254,
      "end" : 255,
      "text" : "は",
      "whiteSpace" : false
    }, {
      "id" : "s3-t3",
      "begin" : 255,
      "end" : 256,
      "text" : "「",
      "whiteSpace" : false
    }, {
      "id" : "s3-t4",
      "begin" : 256,
      "end" : 258,
      "text" : "源泉",
      "whiteSpace" : false
    }, {
      "id" : "s3-t5",
      "begin" : 258,
      "end" : 260,
      "text" : "かけ",
      "whiteSpace" : false
    }, {
      "id" : "s3-t6",
      "begin" : 260,
      "end" : 262,
      "text" : "流し",
      "whiteSpace" : false
    }, {
      "id" : "s3-t7",
      "begin" : 262,
      "end" : 264,
      "text" : "宣言",
      "whiteSpace" : false
    }, {
      "id" : "s3-t8",
      "begin" : 264,
      "end" : 265,
      "text" : "」",
      "whiteSpace" : false
    }, {
      "id" : "s3-t9",
      "begin" : 265,
      "end" : 266,
      "text" : "を",
      "whiteSpace" : false
    }, {
      "id" : "s3-t10",
      "begin" : 266,
      "end" : 268,
      "text" : "行う",
      "whiteSpace" : false
    }, {
      "id" : "s3-t11",
      "begin" : 268,
      "end" : 270,
      "text" : "など",
      "whiteSpace" : false
    }, {
      "id" : "s3-t12",
      "begin" : 270,
      "end" : 271,
      "text" : "の",
      "whiteSpace" : false
    }, {
      "id" : "s3-t13",
      "begin" : 271,
      "end" : 273,
      "text" : "取組",
      "whiteSpace" : false
    }, {
      "id" : "s3-t14",
      "begin" : 273,
      "end" : 274,
      "text" : "を",
      "whiteSpace" : false
    }, {
      "id" : "s3-t15",
      "begin" : 274,
      "end" : 276,
      "text" : "実施",
      "whiteSpace" : false
    }, {
      "id" : "s3-t16",
      "begin" : 276,
      "end" : 277,
      "text" : "。",
      "whiteSpace" : false
    } ]
  }, {
    "id" : "s4",
    "begin" : 277,
    "end" : 392,
    "text" : "温泉療養保健システム（宿泊者への助成）を実施\n○温泉の状況\n主な泉質：炭酸水素塩泉・二酸化炭素泉\n効用：糖尿病、胃腸病、冷え性、筋肉痛等\n○今後の方針\n豊かな自然・文化を活かし、温泉・健康食・運動等を組み合わせた竹田式湯治を目指す",
    "tokens" : [ {
      "id" : "s4-t0",
      "begin" : 277,
      "end" : 279,
      "text" : "温泉",
      "whiteSpace" : false
    }, {
      "id" : "s4-t1",
      "begin" : 279,
      "end" : 281,
      "text" : "療養",
      "whiteSpace" : false
    }, {
      "id" : "s4-t2",
      "begin" : 281,
      "end" : 283,
      "text" : "保健",
      "whiteSpace" : false
    }, {
      "id" : "s4-t3",
      "begin" : 283,
      "end" : 287,
      "text" : "システム",
      "whiteSpace" : false
    }, {
      "id" : "s4-t4",
      "begin" : 287,
      "end" : 288,
      "text" : "（",
      "whiteSpace" : false
    }, {
      "id" : "s4-t5",
      "begin" : 288,
      "end" : 290,
      "text" : "宿泊",
      "whiteSpace" : false
    }, {
      "id" : "s4-t6",
      "begin" : 290,
      "end" : 291,
      "text" : "者",
      "whiteSpace" : false
    }, {
      "id" : "s4-t7",
      "begin" : 291,
      "end" : 292,
      "text" : "へ",
      "whiteSpace" : false
    }, {
      "id" : "s4-t8",
      "begin" : 292,
      "end" : 293,
      "text" : "の",
      "whiteSpace" : false
    }, {
      "id" : "s4-t9",
      "begin" : 293,
      "end" : 295,
      "text" : "助成",
      "whiteSpace" : false
    }, {
      "id" : "s4-t10",
      "begin" : 295,
      "end" : 296,
      "text" : "）",
      "whiteSpace" : false
    }, {
      "id" : "s4-t11",
      "begin" : 296,
      "end" : 297,
      "text" : "を",
      "whiteSpace" : false
    }, {
      "id" : "s4-t12",
      "begin" : 297,
      "end" : 299,
      "text" : "実施",
      "whiteSpace" : false
    }, {
      "id" : "s4-t13",
      "begin" : 300,
      "end" : 301,
      "text" : "○",
      "whiteSpace" : false
    }, {
      "id" : "s4-t14",
      "begin" : 301,
      "end" : 303,
      "text" : "温泉",
      "whiteSpace" : false
    }, {
      "id" : "s4-t15",
      "begin" : 303,
      "end" : 304,
      "text" : "の",
      "whiteSpace" : false
    }, {
      "id" : "s4-t16",
      "begin" : 304,
      "end" : 306,
      "text" : "状況",
      "whiteSpace" : false
    }, {
      "id" : "s4-t17",
      "begin" : 307,
      "end" : 309,
      "text" : "主な",
      "whiteSpace" : false
    }, {
      "id" : "s4-t18",
      "begin" : 309,
      "end" : 311,
      "text" : "泉質",
      "whiteSpace" : false
    }, {
      "id" : "s4-t19",
      "begin" : 311,
      "end" : 312,
      "text" : "：",
      "whiteSpace" : false
    }, {
      "id" : "s4-t20",
      "begin" : 312,
      "end" : 314,
      "text" : "炭酸",
      "whiteSpace" : false
    }, {
      "id" : "s4-t21",
      "begin" : 314,
      "end" : 316,
      "text" : "水素",
      "whiteSpace" : false
    }, {
      "id" : "s4-t22",
      "begin" : 316,
      "end" : 318,
      "text" : "塩泉",
      "whiteSpace" : false
    }, {
      "id" : "s4-t23",
      "begin" : 318,
      "end" : 319,
      "text" : "・",
      "whiteSpace" : false
    }, {
      "id" : "s4-t24",
      "begin" : 319,
      "end" : 320,
      "text" : "二",
      "whiteSpace" : false
    }, {
      "id" : "s4-t25",
      "begin" : 320,
      "end" : 322,
      "text" : "酸化",
      "whiteSpace" : false
    }, {
      "id" : "s4-t26",
      "begin" : 322,
      "end" : 324,
      "text" : "炭素",
      "whiteSpace" : false
    }, {
      "id" : "s4-t27",
      "begin" : 324,
      "end" : 325,
      "text" : "泉",
      "whiteSpace" : false
    }, {
      "id" : "s4-t28",
      "begin" : 326,
      "end" : 328,
      "text" : "効用",
      "whiteSpace" : false
    }, {
      "id" : "s4-t29",
      "begin" : 328,
      "end" : 329,
      "text" : "：",
      "whiteSpace" : false
    }, {
      "id" : "s4-t30",
      "begin" : 329,
      "end" : 331,
      "text" : "糖尿",
      "whiteSpace" : false
    }, {
      "id" : "s4-t31",
      "begin" : 331,
      "end" : 332,
      "text" : "病",
      "whiteSpace" : false
    }, {
      "id" : "s4-t32",
      "begin" : 332,
      "end" : 333,
      "text" : "、",
      "whiteSpace" : false
    }, {
      "id" : "s4-t33",
      "begin" : 333,
      "end" : 335,
      "text" : "胃腸",
      "whiteSpace" : false
    }, {
      "id" : "s4-t34",
      "begin" : 335,
      "end" : 336,
      "text" : "病",
      "whiteSpace" : false
    }, {
      "id" : "s4-t35",
      "begin" : 336,
      "end" : 337,
      "text" : "、",
      "whiteSpace" : false
    }, {
      "id" : "s4-t36",
      "begin" : 337,
      "end" : 340,
      "text" : "冷え性",
      "whiteSpace" : false
    }, {
      "id" : "s4-t37",
      "begin" : 340,
      "end" : 341,
      "text" : "、",
      "whiteSpace" : false
    }, {
      "id" : "s4-t38",
      "begin" : 341,
      "end" : 343,
      "text" : "筋肉",
      "whiteSpace" : false
    }, {
      "id" : "s4-t39",
      "begin" : 343,
      "end" : 345,
      "text" : "痛等",
      "whiteSpace" : false
    }, {
      "id" : "s4-t40",
      "begin" : 346,
      "end" : 347,
      "text" : "○",
      "whiteSpace" : false
    }, {
      "id" : "s4-t41",
      "begin" : 347,
      "end" : 349,
      "text" : "今後",
      "whiteSpace" : false
    }, {
      "id" : "s4-t42",
      "begin" : 349,
      "end" : 350,
      "text" : "の",
      "whiteSpace" : false
    }, {
      "id" : "s4-t43",
      "begin" : 350,
      "end" : 352,
      "text" : "方針",
      "whiteSpace" : false
    }, {
      "id" : "s4-t44",
      "begin" : 353,
      "end" : 356,
      "text" : "豊かな",
      "whiteSpace" : false
    }, {
      "id" : "s4-t45",
      "begin" : 356,
      "end" : 358,
      "text" : "自然",
      "whiteSpace" : false
    }, {
      "id" : "s4-t46",
      "begin" : 358,
      "end" : 359,
      "text" : "・",
      "whiteSpace" : false
    }, {
      "id" : "s4-t47",
      "begin" : 359,
      "end" : 361,
      "text" : "文化",
      "whiteSpace" : false
    }, {
      "id" : "s4-t48",
      "begin" : 361,
      "end" : 362,
      "text" : "を",
      "whiteSpace" : false
    }, {
      "id" : "s4-t49",
      "begin" : 362,
      "end" : 365,
      "text" : "活かし",
      "whiteSpace" : false
    }, {
      "id" : "s4-t50",
      "begin" : 365,
      "end" : 366,
      "text" : "、",
      "whiteSpace" : false
    }, {
      "id" : "s4-t51",
      "begin" : 366,
      "end" : 368,
      "text" : "温泉",
      "whiteSpace" : false
    }, {
      "id" : "s4-t52",
      "begin" : 368,
      "end" : 369,
      "text" : "・",
      "whiteSpace" : false
    }, {
      "id" : "s4-t53",
      "begin" : 369,
      "end" : 371,
      "text" : "健康",
      "whiteSpace" : false
    }, {
      "id" : "s4-t54",
      "begin" : 371,
      "end" : 372,
      "text" : "食",
      "whiteSpace" : false
    }, {
      "id" : "s4-t55",
      "begin" : 372,
      "end" : 373,
      "text" : "・",
      "whiteSpace" : false
    }, {
      "id" : "s4-t56",
      "begin" : 373,
      "end" : 375,
      "text" : "運動",
      "whiteSpace" : false
    }, {
      "id" : "s4-t57",
      "begin" : 375,
      "end" : 376,
      "text" : "等",
      "whiteSpace" : false
    }, {
      "id" : "s4-t58",
      "begin" : 376,
      "end" : 377,
      "text" : "を",
      "whiteSpace" : false
    }, {
      "id" : "s4-t59",
      "begin" : 377,
      "end" : 383,
      "text" : "組み合わせた",
      "whiteSpace" : false
    }, {
      "id" : "s4-t60",
      "begin" : 383,
      "end" : 385,
      "text" : "竹田",
      "whiteSpace" : false
    }, {
      "id" : "s4-t61",
      "begin" : 385,
      "end" : 386,
      "text" : "式",
      "whiteSpace" : false
    }, {
      "id" : "s4-t62",
      "begin" : 386,
      "end" : 388,
      "text" : "湯治",
      "whiteSpace" : false
    }, {
      "id" : "s4-t63",
      "begin" : 388,
      "end" : 389,
      "text" : "を",
      "whiteSpace" : false
    }, {
      "id" : "s4-t64",
      "begin" : 389,
      "end" : 392,
      "text" : "目指す",
      "whiteSpace" : false
    } ]
  } ],
  "mentions" : [ {
    "id" : "s0-m1",
    "properties" : {
      "SIRE_MENTION_ROLE" : "ONSEN",
      "SIRE_ENTITY_SUBTYPE" : "NONE",
      "SIRE_MENTION_TYPE" : "NONE",
      "SIRE_MENTION_CLASS" : "SPC"
    },
    "type" : "ONSEN",
    "begin" : 0,
    "end" : 4,
    "inCoref" : false
  }, {
    "id" : "s1-m1",
    "properties" : {
      "SIRE_MENTION_ROLE" : "ONSEN",
      "SIRE_ENTITY_SUBTYPE" : "NONE",
      "SIRE_MENTION_TYPE" : "NONE",
      "SIRE_MENTION_CLASS" : "SPC"
    },
    "type" : "ONSEN",
    "begin" : 55,
    "end" : 59,
    "inCoref" : false
  }, {
    "id" : "s1-m2",
    "properties" : {
      "SIRE_MENTION_ROLE" : "ONSEN",
      "SIRE_ENTITY_SUBTYPE" : "NONE",
      "SIRE_MENTION_TYPE" : "NONE",
      "SIRE_MENTION_CLASS" : "SPC"
    },
    "type" : "ONSEN",
    "begin" : 85,
    "end" : 92,
    "inCoref" : false
  }, {
    "id" : "s1-m3",
    "properties" : {
      "SIRE_MENTION_ROLE" : "ONSEN",
      "SIRE_ENTITY_SUBTYPE" : "NONE",
      "SIRE_MENTION_TYPE" : "NONE",
      "SIRE_MENTION_CLASS" : "SPC"
    },
    "type" : "ONSEN",
    "begin" : 108,
    "end" : 114,
    "inCoref" : false
  }, {
    "id" : "s3-m1",
    "properties" : {
      "SIRE_MENTION_ROLE" : "ONSEN",
      "SIRE_ENTITY_SUBTYPE" : "NONE",
      "SIRE_MENTION_TYPE" : "NONE",
      "SIRE_MENTION_CLASS" : "SPC"
    },
    "type" : "ONSEN",
    "begin" : 250,
    "end" : 254,
    "inCoref" : false
  }, {
    "id" : "s4-m0",
    "properties" : {
      "SIRE_MENTION_CLASS" : "SPC",
      "SIRE_MENTION_ROLE" : "Sensitsu",
      "SIRE_MENTION_TYPE" : "NONE",
      "SIRE_ENTITY_SUBTYPE" : "NONE"
    },
    "type" : "Sensitsu",
    "begin" : 312,
    "end" : 318,
    "inCoref" : false
  }, {
    "id" : "s4-m1",
    "properties" : {
      "SIRE_MENTION_CLASS" : "SPC",
      "SIRE_MENTION_ROLE" : "Sensitsu",
      "SIRE_MENTION_TYPE" : "NONE",
      "SIRE_ENTITY_SUBTYPE" : "NONE"
    },
    "type" : "Sensitsu",
    "begin" : 319,
    "end" : 325,
    "inCoref" : false
  }, {
    "id" : "s4-m3",
    "properties" : {
      "SIRE_MENTION_ROLE" : "Tekiou",
      "SIRE_ENTITY_SUBTYPE" : "NONE",
      "SIRE_MENTION_TYPE" : "NONE",
      "SIRE_MENTION_CLASS" : "SPC"
    },
    "type" : "Tekiou",
    "begin" : 329,
    "end" : 332,
    "inCoref" : false
  }, {
    "id" : "s4-m4",
    "properties" : {
      "SIRE_MENTION_ROLE" : "Tekiou",
      "SIRE_ENTITY_SUBTYPE" : "NONE",
      "SIRE_MENTION_TYPE" : "NONE",
      "SIRE_MENTION_CLASS" : "SPC"
    },
    "type" : "Tekiou",
    "begin" : 333,
    "end" : 336,
    "inCoref" : false
  }, {
    "id" : "s4-m5",
    "properties" : {
      "SIRE_MENTION_ROLE" : "Tekiou",
      "SIRE_ENTITY_SUBTYPE" : "NONE",
      "SIRE_MENTION_TYPE" : "NONE",
      "SIRE_MENTION_CLASS" : "SPC"
    },
    "type" : "Tekiou",
    "begin" : 337,
    "end" : 340,
    "inCoref" : false
  }, {
    "id" : "s4-m6",
    "properties" : {
      "SIRE_MENTION_ROLE" : "Tekiou",
      "SIRE_ENTITY_SUBTYPE" : "NONE",
      "SIRE_MENTION_TYPE" : "NONE",
      "SIRE_MENTION_CLASS" : "SPC"
    },
    "type" : "Tekiou",
    "begin" : 341,
    "end" : 345,
    "inCoref" : false
  } ],
  "relations" : [ ],
  "corefs" : [ ],
  "typeResolved" : true,
  "userResolved" : false
}