{
  "id" : "708577b0-c18f-11e9-8fb4-852e09b427fc-4",
  "name" : "四万温泉国民保養温泉地計画書",
  "createdDate" : 0,
  "version" : 3,
  "text" : "四万温泉は、群馬県の北西部に位置しており、面積は 171.6 ㌶、北は新潟県に接する県境まで、三国山系の高峰がそびえる上信越高原国立公園内にあり、標高 600㍍から 700 ㍍、四万川の渓流に沿った細長い温泉街で、上流から日向見・ゆずりは・新湯・山口・温泉口の 5 つの地区の総称である。\n地形的には、周囲を 1,500ｍ級の山々に囲まれており、すり鉢の中から空を見上げるに例えられる。豊かな山々からの清流は摩耶の滝・小倉の滝・小泉の滝に代表される美しい滝となり、天然のイワナやヤマメが多く生息しており、また、豊かな森林環境のもとで、天然記念物ニホンカモシカやニホンザル、キジや山鳥など貴重な動物を含め多種多様な動物たちが生息している。\n源泉は、ほとんどが四万川の河川沿いに所在し、合計で 41 源泉あり、そのうち37 源泉が常時利用されている。ほとんどが自噴泉で、温泉の湧出温度は 26℃から84℃、総湧出量は 3,000～4,000Ｌ／分である。また、温泉の泉質は、ｱﾙｶﾘ性単純温泉とﾅﾄﾘｳﾑ・ｶﾙｼｳﾑ-塩化物・硫酸塩温泉である。",
  "docLength" : 0,
  "language" : "JA",
  "status" : "IN_PROGRESS",
  "modifiedDate" : 1567851989813,
  "documentSet" : [ ],
  "preannotation" : [ "PRE_LW" ],
  "sentences" : [ {
    "id" : "s0",
    "begin" : 0,
    "end" : 144,
    "text" : "四万温泉は、群馬県の北西部に位置しており、面積は 171.6 ㌶、北は新潟県に接する県境まで、三国山系の高峰がそびえる上信越高原国立公園内にあり、標高 600㍍から 700 ㍍、四万川の渓流に沿った細長い温泉街で、上流から日向見・ゆずりは・新湯・山口・温泉口の 5 つの地区の総称である。",
    "tokens" : [ {
      "id" : "s0-t0",
      "begin" : 0,
      "end" : 2,
      "text" : "四万",
      "whiteSpace" : false
    }, {
      "id" : "s0-t1",
      "begin" : 2,
      "end" : 4,
      "text" : "温泉",
      "whiteSpace" : false
    }, {
      "id" : "s0-t2",
      "begin" : 4,
      "end" : 5,
      "text" : "は",
      "whiteSpace" : false
    }, {
      "id" : "s0-t3",
      "begin" : 5,
      "end" : 6,
      "text" : "、",
      "whiteSpace" : false
    }, {
      "id" : "s0-t4",
      "begin" : 6,
      "end" : 8,
      "text" : "群馬",
      "whiteSpace" : false
    }, {
      "id" : "s0-t5",
      "begin" : 8,
      "end" : 9,
      "text" : "県",
      "whiteSpace" : false
    }, {
      "id" : "s0-t6",
      "begin" : 9,
      "end" : 10,
      "text" : "の",
      "whiteSpace" : false
    }, {
      "id" : "s0-t7",
      "begin" : 10,
      "end" : 12,
      "text" : "北西",
      "whiteSpace" : false
    }, {
      "id" : "s0-t8",
      "begin" : 12,
      "end" : 13,
      "text" : "部",
      "whiteSpace" : false
    }, {
      "id" : "s0-t9",
      "begin" : 13,
      "end" : 14,
      "text" : "に",
      "whiteSpace" : false
    }, {
      "id" : "s0-t10",
      "begin" : 14,
      "end" : 16,
      "text" : "位置",
      "whiteSpace" : false
    }, {
      "id" : "s0-t11",
      "begin" : 16,
      "end" : 18,
      "text" : "して",
      "whiteSpace" : false
    }, {
      "id" : "s0-t12",
      "begin" : 18,
      "end" : 20,
      "text" : "おり",
      "whiteSpace" : false
    }, {
      "id" : "s0-t13",
      "begin" : 20,
      "end" : 21,
      "text" : "、",
      "whiteSpace" : false
    }, {
      "id" : "s0-t14",
      "begin" : 21,
      "end" : 23,
      "text" : "面積",
      "whiteSpace" : false
    }, {
      "id" : "s0-t15",
      "begin" : 23,
      "end" : 24,
      "text" : "は",
      "whiteSpace" : false
    }, {
      "id" : "s0-t16",
      "begin" : 25,
      "end" : 30,
      "text" : "171.6",
      "whiteSpace" : false
    }, {
      "id" : "s0-t17",
      "begin" : 31,
      "end" : 32,
      "text" : "㌶",
      "whiteSpace" : false
    }, {
      "id" : "s0-t18",
      "begin" : 32,
      "end" : 33,
      "text" : "、",
      "whiteSpace" : false
    }, {
      "id" : "s0-t19",
      "begin" : 33,
      "end" : 34,
      "text" : "北",
      "whiteSpace" : false
    }, {
      "id" : "s0-t20",
      "begin" : 34,
      "end" : 35,
      "text" : "は",
      "whiteSpace" : false
    }, {
      "id" : "s0-t21",
      "begin" : 35,
      "end" : 37,
      "text" : "新潟",
      "whiteSpace" : false
    }, {
      "id" : "s0-t22",
      "begin" : 37,
      "end" : 38,
      "text" : "県",
      "whiteSpace" : false
    }, {
      "id" : "s0-t23",
      "begin" : 38,
      "end" : 39,
      "text" : "に",
      "whiteSpace" : false
    }, {
      "id" : "s0-t24",
      "begin" : 39,
      "end" : 42,
      "text" : "接する",
      "whiteSpace" : false
    }, {
      "id" : "s0-t25",
      "begin" : 42,
      "end" : 43,
      "text" : "県",
      "whiteSpace" : false
    }, {
      "id" : "s0-t26",
      "begin" : 43,
      "end" : 44,
      "text" : "境",
      "whiteSpace" : false
    }, {
      "id" : "s0-t27",
      "begin" : 44,
      "end" : 46,
      "text" : "まで",
      "whiteSpace" : false
    }, {
      "id" : "s0-t28",
      "begin" : 46,
      "end" : 47,
      "text" : "、",
      "whiteSpace" : false
    }, {
      "id" : "s0-t29",
      "begin" : 47,
      "end" : 48,
      "text" : "三",
      "whiteSpace" : false
    }, {
      "id" : "s0-t30",
      "begin" : 48,
      "end" : 49,
      "text" : "国",
      "whiteSpace" : false
    }, {
      "id" : "s0-t31",
      "begin" : 49,
      "end" : 51,
      "text" : "山系",
      "whiteSpace" : false
    }, {
      "id" : "s0-t32",
      "begin" : 51,
      "end" : 52,
      "text" : "の",
      "whiteSpace" : false
    }, {
      "id" : "s0-t33",
      "begin" : 52,
      "end" : 54,
      "text" : "高峰",
      "whiteSpace" : false
    }, {
      "id" : "s0-t34",
      "begin" : 54,
      "end" : 55,
      "text" : "が",
      "whiteSpace" : false
    }, {
      "id" : "s0-t35",
      "begin" : 55,
      "end" : 59,
      "text" : "そびえる",
      "whiteSpace" : false
    }, {
      "id" : "s0-t36",
      "begin" : 59,
      "end" : 60,
      "text" : "上",
      "whiteSpace" : false
    }, {
      "id" : "s0-t37",
      "begin" : 60,
      "end" : 62,
      "text" : "信越",
      "whiteSpace" : false
    }, {
      "id" : "s0-t38",
      "begin" : 62,
      "end" : 64,
      "text" : "高原",
      "whiteSpace" : false
    }, {
      "id" : "s0-t39",
      "begin" : 64,
      "end" : 66,
      "text" : "国立",
      "whiteSpace" : false
    }, {
      "id" : "s0-t40",
      "begin" : 66,
      "end" : 68,
      "text" : "公園",
      "whiteSpace" : false
    }, {
      "id" : "s0-t41",
      "begin" : 68,
      "end" : 69,
      "text" : "内",
      "whiteSpace" : false
    }, {
      "id" : "s0-t42",
      "begin" : 69,
      "end" : 70,
      "text" : "に",
      "whiteSpace" : false
    }, {
      "id" : "s0-t43",
      "begin" : 70,
      "end" : 72,
      "text" : "あり",
      "whiteSpace" : false
    }, {
      "id" : "s0-t44",
      "begin" : 72,
      "end" : 73,
      "text" : "、",
      "whiteSpace" : false
    }, {
      "id" : "s0-t45",
      "begin" : 73,
      "end" : 75,
      "text" : "標高",
      "whiteSpace" : false
    }, {
      "id" : "s0-t46",
      "begin" : 76,
      "end" : 79,
      "text" : "600",
      "whiteSpace" : false
    }, {
      "id" : "s0-t47",
      "begin" : 79,
      "end" : 80,
      "text" : "㍍",
      "whiteSpace" : false
    }, {
      "id" : "s0-t48",
      "begin" : 80,
      "end" : 82,
      "text" : "から",
      "whiteSpace" : false
    }, {
      "id" : "s0-t49",
      "begin" : 83,
      "end" : 86,
      "text" : "700",
      "whiteSpace" : false
    }, {
      "id" : "s0-t50",
      "begin" : 87,
      "end" : 88,
      "text" : "㍍",
      "whiteSpace" : false
    }, {
      "id" : "s0-t51",
      "begin" : 88,
      "end" : 89,
      "text" : "、",
      "whiteSpace" : false
    }, {
      "id" : "s0-t52",
      "begin" : 89,
      "end" : 91,
      "text" : "四万",
      "whiteSpace" : false
    }, {
      "id" : "s0-t53",
      "begin" : 91,
      "end" : 92,
      "text" : "川",
      "whiteSpace" : false
    }, {
      "id" : "s0-t54",
      "begin" : 92,
      "end" : 93,
      "text" : "の",
      "whiteSpace" : false
    }, {
      "id" : "s0-t55",
      "begin" : 93,
      "end" : 95,
      "text" : "渓流",
      "whiteSpace" : false
    }, {
      "id" : "s0-t56",
      "begin" : 95,
      "end" : 96,
      "text" : "に",
      "whiteSpace" : false
    }, {
      "id" : "s0-t57",
      "begin" : 96,
      "end" : 99,
      "text" : "沿った",
      "whiteSpace" : false
    }, {
      "id" : "s0-t58",
      "begin" : 99,
      "end" : 102,
      "text" : "細長い",
      "whiteSpace" : false
    }, {
      "id" : "s0-t59",
      "begin" : 102,
      "end" : 104,
      "text" : "温泉",
      "whiteSpace" : false
    }, {
      "id" : "s0-t60",
      "begin" : 104,
      "end" : 105,
      "text" : "街",
      "whiteSpace" : false
    }, {
      "id" : "s0-t61",
      "begin" : 105,
      "end" : 106,
      "text" : "で",
      "whiteSpace" : false
    }, {
      "id" : "s0-t62",
      "begin" : 106,
      "end" : 107,
      "text" : "、",
      "whiteSpace" : false
    }, {
      "id" : "s0-t63",
      "begin" : 107,
      "end" : 109,
      "text" : "上流",
      "whiteSpace" : false
    }, {
      "id" : "s0-t64",
      "begin" : 109,
      "end" : 111,
      "text" : "から",
      "whiteSpace" : false
    }, {
      "id" : "s0-t65",
      "begin" : 111,
      "end" : 114,
      "text" : "日向見",
      "whiteSpace" : false
    }, {
      "id" : "s0-t66",
      "begin" : 114,
      "end" : 115,
      "text" : "・",
      "whiteSpace" : false
    }, {
      "id" : "s0-t67",
      "begin" : 115,
      "end" : 118,
      "text" : "ゆずり",
      "whiteSpace" : false
    }, {
      "id" : "s0-t68",
      "begin" : 118,
      "end" : 119,
      "text" : "は",
      "whiteSpace" : false
    }, {
      "id" : "s0-t69",
      "begin" : 119,
      "end" : 120,
      "text" : "・",
      "whiteSpace" : false
    }, {
      "id" : "s0-t70",
      "begin" : 120,
      "end" : 122,
      "text" : "新湯",
      "whiteSpace" : false
    }, {
      "id" : "s0-t71",
      "begin" : 122,
      "end" : 123,
      "text" : "・",
      "whiteSpace" : false
    }, {
      "id" : "s0-t72",
      "begin" : 123,
      "end" : 125,
      "text" : "山口",
      "whiteSpace" : false
    }, {
      "id" : "s0-t73",
      "begin" : 125,
      "end" : 126,
      "text" : "・",
      "whiteSpace" : false
    }, {
      "id" : "s0-t74",
      "begin" : 126,
      "end" : 128,
      "text" : "温泉",
      "whiteSpace" : false
    }, {
      "id" : "s0-t75",
      "begin" : 128,
      "end" : 129,
      "text" : "口",
      "whiteSpace" : false
    }, {
      "id" : "s0-t76",
      "begin" : 129,
      "end" : 130,
      "text" : "の",
      "whiteSpace" : false
    }, {
      "id" : "s0-t77",
      "begin" : 131,
      "end" : 132,
      "text" : "5",
      "whiteSpace" : false
    }, {
      "id" : "s0-t78",
      "begin" : 133,
      "end" : 134,
      "text" : "つ",
      "whiteSpace" : false
    }, {
      "id" : "s0-t79",
      "begin" : 134,
      "end" : 135,
      "text" : "の",
      "whiteSpace" : false
    }, {
      "id" : "s0-t80",
      "begin" : 135,
      "end" : 137,
      "text" : "地区",
      "whiteSpace" : false
    }, {
      "id" : "s0-t81",
      "begin" : 137,
      "end" : 138,
      "text" : "の",
      "whiteSpace" : false
    }, {
      "id" : "s0-t82",
      "begin" : 138,
      "end" : 140,
      "text" : "総称",
      "whiteSpace" : false
    }, {
      "id" : "s0-t83",
      "begin" : 140,
      "end" : 143,
      "text" : "である",
      "whiteSpace" : false
    }, {
      "id" : "s0-t84",
      "begin" : 143,
      "end" : 144,
      "text" : "。",
      "whiteSpace" : false
    } ]
  }, {
    "id" : "s1",
    "begin" : 145,
    "end" : 193,
    "text" : "地形的には、周囲を 1,500ｍ級の山々に囲まれており、すり鉢の中から空を見上げるに例えられる。",
    "tokens" : [ {
      "id" : "s1-t0",
      "begin" : 145,
      "end" : 147,
      "text" : "地形",
      "whiteSpace" : false
    }, {
      "id" : "s1-t1",
      "begin" : 147,
      "end" : 149,
      "text" : "的に",
      "whiteSpace" : false
    }, {
      "id" : "s1-t2",
      "begin" : 149,
      "end" : 150,
      "text" : "は",
      "whiteSpace" : false
    }, {
      "id" : "s1-t3",
      "begin" : 150,
      "end" : 151,
      "text" : "、",
      "whiteSpace" : false
    }, {
      "id" : "s1-t4",
      "begin" : 151,
      "end" : 153,
      "text" : "周囲",
      "whiteSpace" : false
    }, {
      "id" : "s1-t5",
      "begin" : 153,
      "end" : 154,
      "text" : "を",
      "whiteSpace" : false
    }, {
      "id" : "s1-t6",
      "begin" : 155,
      "end" : 161,
      "text" : "1,500ｍ",
      "whiteSpace" : false
    }, {
      "id" : "s1-t7",
      "begin" : 161,
      "end" : 162,
      "text" : "級",
      "whiteSpace" : false
    }, {
      "id" : "s1-t8",
      "begin" : 162,
      "end" : 163,
      "text" : "の",
      "whiteSpace" : false
    }, {
      "id" : "s1-t9",
      "begin" : 163,
      "end" : 165,
      "text" : "山々",
      "whiteSpace" : false
    }, {
      "id" : "s1-t10",
      "begin" : 165,
      "end" : 166,
      "text" : "に",
      "whiteSpace" : false
    }, {
      "id" : "s1-t11",
      "begin" : 166,
      "end" : 168,
      "text" : "囲ま",
      "whiteSpace" : false
    }, {
      "id" : "s1-t12",
      "begin" : 168,
      "end" : 170,
      "text" : "れて",
      "whiteSpace" : false
    }, {
      "id" : "s1-t13",
      "begin" : 170,
      "end" : 172,
      "text" : "おり",
      "whiteSpace" : false
    }, {
      "id" : "s1-t14",
      "begin" : 172,
      "end" : 173,
      "text" : "、",
      "whiteSpace" : false
    }, {
      "id" : "s1-t15",
      "begin" : 173,
      "end" : 176,
      "text" : "すり鉢",
      "whiteSpace" : false
    }, {
      "id" : "s1-t16",
      "begin" : 176,
      "end" : 177,
      "text" : "の",
      "whiteSpace" : false
    }, {
      "id" : "s1-t17",
      "begin" : 177,
      "end" : 178,
      "text" : "中",
      "whiteSpace" : false
    }, {
      "id" : "s1-t18",
      "begin" : 178,
      "end" : 180,
      "text" : "から",
      "whiteSpace" : false
    }, {
      "id" : "s1-t19",
      "begin" : 180,
      "end" : 181,
      "text" : "空",
      "whiteSpace" : false
    }, {
      "id" : "s1-t20",
      "begin" : 181,
      "end" : 182,
      "text" : "を",
      "whiteSpace" : false
    }, {
      "id" : "s1-t21",
      "begin" : 182,
      "end" : 186,
      "text" : "見上げる",
      "whiteSpace" : false
    }, {
      "id" : "s1-t22",
      "begin" : 186,
      "end" : 187,
      "text" : "に",
      "whiteSpace" : false
    }, {
      "id" : "s1-t23",
      "begin" : 187,
      "end" : 189,
      "text" : "例え",
      "whiteSpace" : false
    }, {
      "id" : "s1-t24",
      "begin" : 189,
      "end" : 192,
      "text" : "られる",
      "whiteSpace" : false
    }, {
      "id" : "s1-t25",
      "begin" : 192,
      "end" : 193,
      "text" : "。",
      "whiteSpace" : false
    } ]
  }, {
    "id" : "s2",
    "begin" : 193,
    "end" : 318,
    "text" : "豊かな山々からの清流は摩耶の滝・小倉の滝・小泉の滝に代表される美しい滝となり、天然のイワナやヤマメが多く生息しており、また、豊かな森林環境のもとで、天然記念物ニホンカモシカやニホンザル、キジや山鳥など貴重な動物を含め多種多様な動物たちが生息している。",
    "tokens" : [ {
      "id" : "s2-t0",
      "begin" : 193,
      "end" : 196,
      "text" : "豊かな",
      "whiteSpace" : false
    }, {
      "id" : "s2-t1",
      "begin" : 196,
      "end" : 198,
      "text" : "山々",
      "whiteSpace" : false
    }, {
      "id" : "s2-t2",
      "begin" : 198,
      "end" : 200,
      "text" : "から",
      "whiteSpace" : false
    }, {
      "id" : "s2-t3",
      "begin" : 200,
      "end" : 201,
      "text" : "の",
      "whiteSpace" : false
    }, {
      "id" : "s2-t4",
      "begin" : 201,
      "end" : 203,
      "text" : "清流",
      "whiteSpace" : false
    }, {
      "id" : "s2-t5",
      "begin" : 203,
      "end" : 204,
      "text" : "は",
      "whiteSpace" : false
    }, {
      "id" : "s2-t6",
      "begin" : 204,
      "end" : 206,
      "text" : "摩耶",
      "whiteSpace" : false
    }, {
      "id" : "s2-t7",
      "begin" : 206,
      "end" : 207,
      "text" : "の",
      "whiteSpace" : false
    }, {
      "id" : "s2-t8",
      "begin" : 207,
      "end" : 208,
      "text" : "滝",
      "whiteSpace" : false
    }, {
      "id" : "s2-t9",
      "begin" : 208,
      "end" : 209,
      "text" : "・",
      "whiteSpace" : false
    }, {
      "id" : "s2-t10",
      "begin" : 209,
      "end" : 211,
      "text" : "小倉",
      "whiteSpace" : false
    }, {
      "id" : "s2-t11",
      "begin" : 211,
      "end" : 212,
      "text" : "の",
      "whiteSpace" : false
    }, {
      "id" : "s2-t12",
      "begin" : 212,
      "end" : 213,
      "text" : "滝",
      "whiteSpace" : false
    }, {
      "id" : "s2-t13",
      "begin" : 213,
      "end" : 214,
      "text" : "・",
      "whiteSpace" : false
    }, {
      "id" : "s2-t14",
      "begin" : 214,
      "end" : 216,
      "text" : "小泉",
      "whiteSpace" : false
    }, {
      "id" : "s2-t15",
      "begin" : 216,
      "end" : 217,
      "text" : "の",
      "whiteSpace" : false
    }, {
      "id" : "s2-t16",
      "begin" : 217,
      "end" : 218,
      "text" : "滝",
      "whiteSpace" : false
    }, {
      "id" : "s2-t17",
      "begin" : 218,
      "end" : 219,
      "text" : "に",
      "whiteSpace" : false
    }, {
      "id" : "s2-t18",
      "begin" : 219,
      "end" : 221,
      "text" : "代表",
      "whiteSpace" : false
    }, {
      "id" : "s2-t19",
      "begin" : 221,
      "end" : 222,
      "text" : "さ",
      "whiteSpace" : false
    }, {
      "id" : "s2-t20",
      "begin" : 222,
      "end" : 224,
      "text" : "れる",
      "whiteSpace" : false
    }, {
      "id" : "s2-t21",
      "begin" : 224,
      "end" : 227,
      "text" : "美しい",
      "whiteSpace" : false
    }, {
      "id" : "s2-t22",
      "begin" : 227,
      "end" : 228,
      "text" : "滝",
      "whiteSpace" : false
    }, {
      "id" : "s2-t23",
      "begin" : 228,
      "end" : 229,
      "text" : "と",
      "whiteSpace" : false
    }, {
      "id" : "s2-t24",
      "begin" : 229,
      "end" : 231,
      "text" : "なり",
      "whiteSpace" : false
    }, {
      "id" : "s2-t25",
      "begin" : 231,
      "end" : 232,
      "text" : "、",
      "whiteSpace" : false
    }, {
      "id" : "s2-t26",
      "begin" : 232,
      "end" : 234,
      "text" : "天然",
      "whiteSpace" : false
    }, {
      "id" : "s2-t27",
      "begin" : 234,
      "end" : 235,
      "text" : "の",
      "whiteSpace" : false
    }, {
      "id" : "s2-t28",
      "begin" : 235,
      "end" : 238,
      "text" : "イワナ",
      "whiteSpace" : false
    }, {
      "id" : "s2-t29",
      "begin" : 238,
      "end" : 239,
      "text" : "や",
      "whiteSpace" : false
    }, {
      "id" : "s2-t30",
      "begin" : 239,
      "end" : 242,
      "text" : "ヤマメ",
      "whiteSpace" : false
    }, {
      "id" : "s2-t31",
      "begin" : 242,
      "end" : 243,
      "text" : "が",
      "whiteSpace" : false
    }, {
      "id" : "s2-t32",
      "begin" : 243,
      "end" : 245,
      "text" : "多く",
      "whiteSpace" : false
    }, {
      "id" : "s2-t33",
      "begin" : 245,
      "end" : 247,
      "text" : "生息",
      "whiteSpace" : false
    }, {
      "id" : "s2-t34",
      "begin" : 247,
      "end" : 249,
      "text" : "して",
      "whiteSpace" : false
    }, {
      "id" : "s2-t35",
      "begin" : 249,
      "end" : 251,
      "text" : "おり",
      "whiteSpace" : false
    }, {
      "id" : "s2-t36",
      "begin" : 251,
      "end" : 252,
      "text" : "、",
      "whiteSpace" : false
    }, {
      "id" : "s2-t37",
      "begin" : 252,
      "end" : 254,
      "text" : "また",
      "whiteSpace" : false
    }, {
      "id" : "s2-t38",
      "begin" : 254,
      "end" : 255,
      "text" : "、",
      "whiteSpace" : false
    }, {
      "id" : "s2-t39",
      "begin" : 255,
      "end" : 258,
      "text" : "豊かな",
      "whiteSpace" : false
    }, {
      "id" : "s2-t40",
      "begin" : 258,
      "end" : 260,
      "text" : "森林",
      "whiteSpace" : false
    }, {
      "id" : "s2-t41",
      "begin" : 260,
      "end" : 262,
      "text" : "環境",
      "whiteSpace" : false
    }, {
      "id" : "s2-t42",
      "begin" : 262,
      "end" : 263,
      "text" : "の",
      "whiteSpace" : false
    }, {
      "id" : "s2-t43",
      "begin" : 263,
      "end" : 265,
      "text" : "もと",
      "whiteSpace" : false
    }, {
      "id" : "s2-t44",
      "begin" : 265,
      "end" : 266,
      "text" : "で",
      "whiteSpace" : false
    }, {
      "id" : "s2-t45",
      "begin" : 266,
      "end" : 267,
      "text" : "、",
      "whiteSpace" : false
    }, {
      "id" : "s2-t46",
      "begin" : 267,
      "end" : 269,
      "text" : "天然",
      "whiteSpace" : false
    }, {
      "id" : "s2-t47",
      "begin" : 269,
      "end" : 271,
      "text" : "記念",
      "whiteSpace" : false
    }, {
      "id" : "s2-t48",
      "begin" : 271,
      "end" : 272,
      "text" : "物",
      "whiteSpace" : false
    }, {
      "id" : "s2-t49",
      "begin" : 272,
      "end" : 279,
      "text" : "ニホンカモシカ",
      "whiteSpace" : false
    }, {
      "id" : "s2-t50",
      "begin" : 279,
      "end" : 280,
      "text" : "や",
      "whiteSpace" : false
    }, {
      "id" : "s2-t51",
      "begin" : 280,
      "end" : 285,
      "text" : "ニホンザル",
      "whiteSpace" : false
    }, {
      "id" : "s2-t52",
      "begin" : 285,
      "end" : 286,
      "text" : "、",
      "whiteSpace" : false
    }, {
      "id" : "s2-t53",
      "begin" : 286,
      "end" : 288,
      "text" : "キジ",
      "whiteSpace" : false
    }, {
      "id" : "s2-t54",
      "begin" : 288,
      "end" : 289,
      "text" : "や",
      "whiteSpace" : false
    }, {
      "id" : "s2-t55",
      "begin" : 289,
      "end" : 291,
      "text" : "山鳥",
      "whiteSpace" : false
    }, {
      "id" : "s2-t56",
      "begin" : 291,
      "end" : 293,
      "text" : "など",
      "whiteSpace" : false
    }, {
      "id" : "s2-t57",
      "begin" : 293,
      "end" : 296,
      "text" : "貴重な",
      "whiteSpace" : false
    }, {
      "id" : "s2-t58",
      "begin" : 296,
      "end" : 298,
      "text" : "動物",
      "whiteSpace" : false
    }, {
      "id" : "s2-t59",
      "begin" : 298,
      "end" : 299,
      "text" : "を",
      "whiteSpace" : false
    }, {
      "id" : "s2-t60",
      "begin" : 299,
      "end" : 301,
      "text" : "含め",
      "whiteSpace" : false
    }, {
      "id" : "s2-t61",
      "begin" : 301,
      "end" : 306,
      "text" : "多種多様な",
      "whiteSpace" : false
    }, {
      "id" : "s2-t62",
      "begin" : 306,
      "end" : 308,
      "text" : "動物",
      "whiteSpace" : false
    }, {
      "id" : "s2-t63",
      "begin" : 308,
      "end" : 310,
      "text" : "たち",
      "whiteSpace" : false
    }, {
      "id" : "s2-t64",
      "begin" : 310,
      "end" : 311,
      "text" : "が",
      "whiteSpace" : false
    }, {
      "id" : "s2-t65",
      "begin" : 311,
      "end" : 313,
      "text" : "生息",
      "whiteSpace" : false
    }, {
      "id" : "s2-t66",
      "begin" : 313,
      "end" : 315,
      "text" : "して",
      "whiteSpace" : false
    }, {
      "id" : "s2-t67",
      "begin" : 315,
      "end" : 317,
      "text" : "いる",
      "whiteSpace" : false
    }, {
      "id" : "s2-t68",
      "begin" : 317,
      "end" : 318,
      "text" : "。",
      "whiteSpace" : false
    } ]
  }, {
    "id" : "s3",
    "begin" : 319,
    "end" : 373,
    "text" : "源泉は、ほとんどが四万川の河川沿いに所在し、合計で 41 源泉あり、そのうち37 源泉が常時利用されている。",
    "tokens" : [ {
      "id" : "s3-t0",
      "begin" : 319,
      "end" : 321,
      "text" : "源泉",
      "whiteSpace" : false
    }, {
      "id" : "s3-t1",
      "begin" : 321,
      "end" : 322,
      "text" : "は",
      "whiteSpace" : false
    }, {
      "id" : "s3-t2",
      "begin" : 322,
      "end" : 323,
      "text" : "、",
      "whiteSpace" : false
    }, {
      "id" : "s3-t3",
      "begin" : 323,
      "end" : 327,
      "text" : "ほとんど",
      "whiteSpace" : false
    }, {
      "id" : "s3-t4",
      "begin" : 327,
      "end" : 328,
      "text" : "が",
      "whiteSpace" : false
    }, {
      "id" : "s3-t5",
      "begin" : 328,
      "end" : 330,
      "text" : "四万",
      "whiteSpace" : false
    }, {
      "id" : "s3-t6",
      "begin" : 330,
      "end" : 331,
      "text" : "川",
      "whiteSpace" : false
    }, {
      "id" : "s3-t7",
      "begin" : 331,
      "end" : 332,
      "text" : "の",
      "whiteSpace" : false
    }, {
      "id" : "s3-t8",
      "begin" : 332,
      "end" : 334,
      "text" : "河川",
      "whiteSpace" : false
    }, {
      "id" : "s3-t9",
      "begin" : 334,
      "end" : 336,
      "text" : "沿い",
      "whiteSpace" : false
    }, {
      "id" : "s3-t10",
      "begin" : 336,
      "end" : 337,
      "text" : "に",
      "whiteSpace" : false
    }, {
      "id" : "s3-t11",
      "begin" : 337,
      "end" : 339,
      "text" : "所在",
      "whiteSpace" : false
    }, {
      "id" : "s3-t12",
      "begin" : 339,
      "end" : 340,
      "text" : "し",
      "whiteSpace" : false
    }, {
      "id" : "s3-t13",
      "begin" : 340,
      "end" : 341,
      "text" : "、",
      "whiteSpace" : false
    }, {
      "id" : "s3-t14",
      "begin" : 341,
      "end" : 343,
      "text" : "合計",
      "whiteSpace" : false
    }, {
      "id" : "s3-t15",
      "begin" : 343,
      "end" : 344,
      "text" : "で",
      "whiteSpace" : false
    }, {
      "id" : "s3-t16",
      "begin" : 345,
      "end" : 347,
      "text" : "41",
      "whiteSpace" : false
    }, {
      "id" : "s3-t17",
      "begin" : 348,
      "end" : 350,
      "text" : "源泉",
      "whiteSpace" : false
    }, {
      "id" : "s3-t18",
      "begin" : 350,
      "end" : 352,
      "text" : "あり",
      "whiteSpace" : false
    }, {
      "id" : "s3-t19",
      "begin" : 352,
      "end" : 353,
      "text" : "、",
      "whiteSpace" : false
    }, {
      "id" : "s3-t20",
      "begin" : 353,
      "end" : 357,
      "text" : "そのうち",
      "whiteSpace" : false
    }, {
      "id" : "s3-t21",
      "begin" : 357,
      "end" : 359,
      "text" : "37",
      "whiteSpace" : false
    }, {
      "id" : "s3-t22",
      "begin" : 360,
      "end" : 362,
      "text" : "源泉",
      "whiteSpace" : false
    }, {
      "id" : "s3-t23",
      "begin" : 362,
      "end" : 363,
      "text" : "が",
      "whiteSpace" : false
    }, {
      "id" : "s3-t24",
      "begin" : 363,
      "end" : 365,
      "text" : "常時",
      "whiteSpace" : false
    }, {
      "id" : "s3-t25",
      "begin" : 365,
      "end" : 367,
      "text" : "利用",
      "whiteSpace" : false
    }, {
      "id" : "s3-t26",
      "begin" : 367,
      "end" : 368,
      "text" : "さ",
      "whiteSpace" : false
    }, {
      "id" : "s3-t27",
      "begin" : 368,
      "end" : 370,
      "text" : "れて",
      "whiteSpace" : false
    }, {
      "id" : "s3-t28",
      "begin" : 370,
      "end" : 372,
      "text" : "いる",
      "whiteSpace" : false
    }, {
      "id" : "s3-t29",
      "begin" : 372,
      "end" : 373,
      "text" : "。",
      "whiteSpace" : false
    } ]
  }, {
    "id" : "s4",
    "begin" : 373,
    "end" : 425,
    "text" : "ほとんどが自噴泉で、温泉の湧出温度は 26℃から84℃、総湧出量は 3,000～4,000Ｌ／分である。",
    "tokens" : [ {
      "id" : "s4-t0",
      "begin" : 373,
      "end" : 377,
      "text" : "ほとんど",
      "whiteSpace" : false
    }, {
      "id" : "s4-t1",
      "begin" : 377,
      "end" : 378,
      "text" : "が",
      "whiteSpace" : false
    }, {
      "id" : "s4-t2",
      "begin" : 378,
      "end" : 380,
      "text" : "自噴",
      "whiteSpace" : false
    }, {
      "id" : "s4-t3",
      "begin" : 380,
      "end" : 381,
      "text" : "泉",
      "whiteSpace" : false
    }, {
      "id" : "s4-t4",
      "begin" : 381,
      "end" : 382,
      "text" : "で",
      "whiteSpace" : false
    }, {
      "id" : "s4-t5",
      "begin" : 382,
      "end" : 383,
      "text" : "、",
      "whiteSpace" : false
    }, {
      "id" : "s4-t6",
      "begin" : 383,
      "end" : 385,
      "text" : "温泉",
      "whiteSpace" : false
    }, {
      "id" : "s4-t7",
      "begin" : 385,
      "end" : 386,
      "text" : "の",
      "whiteSpace" : false
    }, {
      "id" : "s4-t8",
      "begin" : 386,
      "end" : 388,
      "text" : "湧出",
      "whiteSpace" : false
    }, {
      "id" : "s4-t9",
      "begin" : 388,
      "end" : 390,
      "text" : "温度",
      "whiteSpace" : false
    }, {
      "id" : "s4-t10",
      "begin" : 390,
      "end" : 391,
      "text" : "は",
      "whiteSpace" : false
    }, {
      "id" : "s4-t11",
      "begin" : 392,
      "end" : 394,
      "text" : "26",
      "whiteSpace" : false
    }, {
      "id" : "s4-t12",
      "begin" : 394,
      "end" : 395,
      "text" : "℃",
      "whiteSpace" : false
    }, {
      "id" : "s4-t13",
      "begin" : 395,
      "end" : 397,
      "text" : "から",
      "whiteSpace" : false
    }, {
      "id" : "s4-t14",
      "begin" : 397,
      "end" : 399,
      "text" : "84",
      "whiteSpace" : false
    }, {
      "id" : "s4-t15",
      "begin" : 399,
      "end" : 400,
      "text" : "℃",
      "whiteSpace" : false
    }, {
      "id" : "s4-t16",
      "begin" : 400,
      "end" : 401,
      "text" : "、",
      "whiteSpace" : false
    }, {
      "id" : "s4-t17",
      "begin" : 401,
      "end" : 402,
      "text" : "総",
      "whiteSpace" : false
    }, {
      "id" : "s4-t18",
      "begin" : 402,
      "end" : 404,
      "text" : "湧出",
      "whiteSpace" : false
    }, {
      "id" : "s4-t19",
      "begin" : 404,
      "end" : 405,
      "text" : "量",
      "whiteSpace" : false
    }, {
      "id" : "s4-t20",
      "begin" : 405,
      "end" : 406,
      "text" : "は",
      "whiteSpace" : false
    }, {
      "id" : "s4-t21",
      "begin" : 407,
      "end" : 408,
      "text" : "3",
      "whiteSpace" : false
    }, {
      "id" : "s4-t22",
      "begin" : 408,
      "end" : 412,
      "text" : ",000",
      "whiteSpace" : false
    }, {
      "id" : "s4-t23",
      "begin" : 412,
      "end" : 413,
      "text" : "～",
      "whiteSpace" : false
    }, {
      "id" : "s4-t24",
      "begin" : 413,
      "end" : 419,
      "text" : "4,000Ｌ",
      "whiteSpace" : false
    }, {
      "id" : "s4-t25",
      "begin" : 419,
      "end" : 420,
      "text" : "／",
      "whiteSpace" : false
    }, {
      "id" : "s4-t26",
      "begin" : 420,
      "end" : 421,
      "text" : "分",
      "whiteSpace" : false
    }, {
      "id" : "s4-t27",
      "begin" : 421,
      "end" : 424,
      "text" : "である",
      "whiteSpace" : false
    }, {
      "id" : "s4-t28",
      "begin" : 424,
      "end" : 425,
      "text" : "。",
      "whiteSpace" : false
    } ]
  }, {
    "id" : "s5",
    "begin" : 425,
    "end" : 470,
    "text" : "また、温泉の泉質は、ｱﾙｶﾘ性単純温泉とﾅﾄﾘｳﾑ・ｶﾙｼｳﾑ-塩化物・硫酸塩温泉である。",
    "tokens" : [ {
      "id" : "s5-t0",
      "begin" : 425,
      "end" : 427,
      "text" : "また",
      "whiteSpace" : false
    }, {
      "id" : "s5-t1",
      "begin" : 427,
      "end" : 428,
      "text" : "、",
      "whiteSpace" : false
    }, {
      "id" : "s5-t2",
      "begin" : 428,
      "end" : 430,
      "text" : "温泉",
      "whiteSpace" : false
    }, {
      "id" : "s5-t3",
      "begin" : 430,
      "end" : 431,
      "text" : "の",
      "whiteSpace" : false
    }, {
      "id" : "s5-t4",
      "begin" : 431,
      "end" : 433,
      "text" : "泉質",
      "whiteSpace" : false
    }, {
      "id" : "s5-t5",
      "begin" : 433,
      "end" : 434,
      "text" : "は",
      "whiteSpace" : false
    }, {
      "id" : "s5-t6",
      "begin" : 434,
      "end" : 435,
      "text" : "、",
      "whiteSpace" : false
    }, {
      "id" : "s5-t7",
      "begin" : 435,
      "end" : 439,
      "text" : "ｱﾙｶﾘ",
      "whiteSpace" : false
    }, {
      "id" : "s5-t8",
      "begin" : 439,
      "end" : 440,
      "text" : "性",
      "whiteSpace" : false
    }, {
      "id" : "s5-t9",
      "begin" : 440,
      "end" : 442,
      "text" : "単純",
      "whiteSpace" : false
    }, {
      "id" : "s5-t10",
      "begin" : 442,
      "end" : 444,
      "text" : "温泉",
      "whiteSpace" : false
    }, {
      "id" : "s5-t11",
      "begin" : 444,
      "end" : 445,
      "text" : "と",
      "whiteSpace" : false
    }, {
      "id" : "s5-t12",
      "begin" : 445,
      "end" : 450,
      "text" : "ﾅﾄﾘｳﾑ",
      "whiteSpace" : false
    }, {
      "id" : "s5-t13",
      "begin" : 450,
      "end" : 451,
      "text" : "・",
      "whiteSpace" : false
    }, {
      "id" : "s5-t14",
      "begin" : 451,
      "end" : 456,
      "text" : "ｶﾙｼｳﾑ",
      "whiteSpace" : false
    }, {
      "id" : "s5-t15",
      "begin" : 456,
      "end" : 457,
      "text" : "-",
      "whiteSpace" : false
    }, {
      "id" : "s5-t16",
      "begin" : 457,
      "end" : 459,
      "text" : "塩化",
      "whiteSpace" : false
    }, {
      "id" : "s5-t17",
      "begin" : 459,
      "end" : 460,
      "text" : "物",
      "whiteSpace" : false
    }, {
      "id" : "s5-t18",
      "begin" : 460,
      "end" : 461,
      "text" : "・",
      "whiteSpace" : false
    }, {
      "id" : "s5-t19",
      "begin" : 461,
      "end" : 463,
      "text" : "硫酸",
      "whiteSpace" : false
    }, {
      "id" : "s5-t20",
      "begin" : 463,
      "end" : 464,
      "text" : "塩",
      "whiteSpace" : false
    }, {
      "id" : "s5-t21",
      "begin" : 464,
      "end" : 466,
      "text" : "温泉",
      "whiteSpace" : false
    }, {
      "id" : "s5-t22",
      "begin" : 466,
      "end" : 469,
      "text" : "である",
      "whiteSpace" : false
    }, {
      "id" : "s5-t23",
      "begin" : 469,
      "end" : 470,
      "text" : "。",
      "whiteSpace" : false
    } ]
  } ],
  "mentions" : [ {
    "id" : "s0-m1",
    "properties" : {
      "SIRE_MENTION_ROLE" : "ONSEN",
      "SIRE_ENTITY_SUBTYPE" : "NONE",
      "SIRE_MENTION_TYPE" : "NONE",
      "SIRE_MENTION_CLASS" : "SPC"
    },
    "type" : "ONSEN",
    "begin" : 0,
    "end" : 4,
    "inCoref" : true
  }, {
    "id" : "s5-m0",
    "properties" : {
      "SIRE_MENTION_TYPE" : "NONE",
      "SIRE_MENTION_CLASS" : "SPC",
      "SIRE_MENTION_ROLE" : "Sensitsu",
      "SIRE_ENTITY_SUBTYPE" : "NONE"
    },
    "type" : "Sensitsu",
    "begin" : 435,
    "end" : 444,
    "inCoref" : false
  }, {
    "id" : "s5-m3",
    "properties" : {
      "SIRE_MENTION_ROLE" : "Sensitsu",
      "SIRE_ENTITY_SUBTYPE" : "NONE",
      "SIRE_MENTION_TYPE" : "NONE",
      "SIRE_MENTION_CLASS" : "SPC"
    },
    "type" : "Sensitsu",
    "begin" : 445,
    "end" : 466,
    "inCoref" : false
  } ],
  "relations" : [ ],
  "corefs" : [ {
    "id" : "c1",
    "properties" : { },
    "mentions" : [ "s0-m1" ]
  } ],
  "typeResolved" : true,
  "userResolved" : false
}