{
  "id" : "708577b0-c18f-11e9-8fb4-852e09b427fc-6",
  "name" : "六日町温泉国民保養温泉地計画書",
  "createdDate" : 0,
  "version" : 3,
  "text" : "六日町温泉の泉質は、ナトリウム‐塩化物温泉（低張性弱アルカリ性高温泉）と単純 温泉（低張性弱アルカリ性高温泉）で、二種類の温泉を楽しむことができる。神経痛、 関節痛、冷え性などに効能があり、優しい温泉であることから「家族の湯」「美肌の湯」 と言われている。新潟県でも有数の湧出量を誇ることから観光客だけでなく、保養や療 養を目的とした宿泊客にも多く利用されている。また、温泉宿には「温泉ソムリエ」が おり来訪者に温泉の情報や温泉の入浴方法を発信し、温泉好きを増やす取り組みに力を 入れている。今後は、関東圏からのアクセスの良さや優れた交通の利便性を生かし、六 日町地域の文化や歴史を大切に継承しながら、四季折々に色濃く変化をみせる豊かな自 然環境と調和し、観光客だけでなく地元民からも親しまれる温泉地を目指す。\n",
  "docLength" : 0,
  "language" : "JA",
  "status" : "IN_PROGRESS",
  "modifiedDate" : 1567851920862,
  "documentSet" : [ ],
  "preannotation" : [ "PRE_LW" ],
  "sentences" : [ {
    "id" : "s0",
    "begin" : 0,
    "end" : 74,
    "text" : "六日町温泉の泉質は、ナトリウム‐塩化物温泉（低張性弱アルカリ性高温泉）と単純 温泉（低張性弱アルカリ性高温泉）で、二種類の温泉を楽しむことができる。",
    "tokens" : [ {
      "id" : "s0-t0",
      "begin" : 0,
      "end" : 2,
      "text" : "六日",
      "whiteSpace" : false
    }, {
      "id" : "s0-t1",
      "begin" : 2,
      "end" : 3,
      "text" : "町",
      "whiteSpace" : false
    }, {
      "id" : "s0-t2",
      "begin" : 3,
      "end" : 5,
      "text" : "温泉",
      "whiteSpace" : false
    }, {
      "id" : "s0-t3",
      "begin" : 5,
      "end" : 6,
      "text" : "の",
      "whiteSpace" : false
    }, {
      "id" : "s0-t4",
      "begin" : 6,
      "end" : 8,
      "text" : "泉質",
      "whiteSpace" : false
    }, {
      "id" : "s0-t5",
      "begin" : 8,
      "end" : 9,
      "text" : "は",
      "whiteSpace" : false
    }, {
      "id" : "s0-t6",
      "begin" : 9,
      "end" : 10,
      "text" : "、",
      "whiteSpace" : false
    }, {
      "id" : "s0-t7",
      "begin" : 10,
      "end" : 15,
      "text" : "ナトリウム",
      "whiteSpace" : false
    }, {
      "id" : "s0-t8",
      "begin" : 15,
      "end" : 16,
      "text" : "‐",
      "whiteSpace" : false
    }, {
      "id" : "s0-t9",
      "begin" : 16,
      "end" : 19,
      "text" : "塩化物",
      "whiteSpace" : false
    }, {
      "id" : "s0-t10",
      "begin" : 19,
      "end" : 21,
      "text" : "温泉",
      "whiteSpace" : false
    }, {
      "id" : "s0-t11",
      "begin" : 21,
      "end" : 22,
      "text" : "（",
      "whiteSpace" : false
    }, {
      "id" : "s0-t12",
      "begin" : 22,
      "end" : 24,
      "text" : "低張",
      "whiteSpace" : false
    }, {
      "id" : "s0-t13",
      "begin" : 24,
      "end" : 25,
      "text" : "性",
      "whiteSpace" : false
    }, {
      "id" : "s0-t14",
      "begin" : 25,
      "end" : 26,
      "text" : "弱",
      "whiteSpace" : false
    }, {
      "id" : "s0-t15",
      "begin" : 26,
      "end" : 30,
      "text" : "アルカリ",
      "whiteSpace" : false
    }, {
      "id" : "s0-t16",
      "begin" : 30,
      "end" : 32,
      "text" : "性高",
      "whiteSpace" : false
    }, {
      "id" : "s0-t17",
      "begin" : 32,
      "end" : 34,
      "text" : "温泉",
      "whiteSpace" : false
    }, {
      "id" : "s0-t18",
      "begin" : 34,
      "end" : 35,
      "text" : "）",
      "whiteSpace" : false
    }, {
      "id" : "s0-t19",
      "begin" : 35,
      "end" : 36,
      "text" : "と",
      "whiteSpace" : false
    }, {
      "id" : "s0-t20",
      "begin" : 36,
      "end" : 38,
      "text" : "単純",
      "whiteSpace" : false
    }, {
      "id" : "s0-t21",
      "begin" : 39,
      "end" : 41,
      "text" : "温泉",
      "whiteSpace" : false
    }, {
      "id" : "s0-t22",
      "begin" : 41,
      "end" : 42,
      "text" : "（",
      "whiteSpace" : false
    }, {
      "id" : "s0-t23",
      "begin" : 42,
      "end" : 44,
      "text" : "低張",
      "whiteSpace" : false
    }, {
      "id" : "s0-t24",
      "begin" : 44,
      "end" : 45,
      "text" : "性",
      "whiteSpace" : false
    }, {
      "id" : "s0-t25",
      "begin" : 45,
      "end" : 46,
      "text" : "弱",
      "whiteSpace" : false
    }, {
      "id" : "s0-t26",
      "begin" : 46,
      "end" : 50,
      "text" : "アルカリ",
      "whiteSpace" : false
    }, {
      "id" : "s0-t27",
      "begin" : 50,
      "end" : 52,
      "text" : "性高",
      "whiteSpace" : false
    }, {
      "id" : "s0-t28",
      "begin" : 52,
      "end" : 54,
      "text" : "温泉",
      "whiteSpace" : false
    }, {
      "id" : "s0-t29",
      "begin" : 54,
      "end" : 55,
      "text" : "）",
      "whiteSpace" : false
    }, {
      "id" : "s0-t30",
      "begin" : 55,
      "end" : 56,
      "text" : "で",
      "whiteSpace" : false
    }, {
      "id" : "s0-t31",
      "begin" : 56,
      "end" : 57,
      "text" : "、",
      "whiteSpace" : false
    }, {
      "id" : "s0-t32",
      "begin" : 57,
      "end" : 58,
      "text" : "二",
      "whiteSpace" : false
    }, {
      "id" : "s0-t33",
      "begin" : 58,
      "end" : 60,
      "text" : "種類",
      "whiteSpace" : false
    }, {
      "id" : "s0-t34",
      "begin" : 60,
      "end" : 61,
      "text" : "の",
      "whiteSpace" : false
    }, {
      "id" : "s0-t35",
      "begin" : 61,
      "end" : 63,
      "text" : "温泉",
      "whiteSpace" : false
    }, {
      "id" : "s0-t36",
      "begin" : 63,
      "end" : 64,
      "text" : "を",
      "whiteSpace" : false
    }, {
      "id" : "s0-t37",
      "begin" : 64,
      "end" : 67,
      "text" : "楽しむ",
      "whiteSpace" : false
    }, {
      "id" : "s0-t38",
      "begin" : 67,
      "end" : 69,
      "text" : "こと",
      "whiteSpace" : false
    }, {
      "id" : "s0-t39",
      "begin" : 69,
      "end" : 70,
      "text" : "が",
      "whiteSpace" : false
    }, {
      "id" : "s0-t40",
      "begin" : 70,
      "end" : 73,
      "text" : "できる",
      "whiteSpace" : false
    }, {
      "id" : "s0-t41",
      "begin" : 73,
      "end" : 74,
      "text" : "。",
      "whiteSpace" : false
    } ]
  }, {
    "id" : "s1",
    "begin" : 74,
    "end" : 128,
    "text" : "神経痛、 関節痛、冷え性などに効能があり、優しい温泉であることから「家族の湯」「美肌の湯」 と言われている。",
    "tokens" : [ {
      "id" : "s1-t0",
      "begin" : 74,
      "end" : 76,
      "text" : "神経",
      "whiteSpace" : false
    }, {
      "id" : "s1-t1",
      "begin" : 76,
      "end" : 77,
      "text" : "痛",
      "whiteSpace" : false
    }, {
      "id" : "s1-t2",
      "begin" : 77,
      "end" : 78,
      "text" : "、",
      "whiteSpace" : false
    }, {
      "id" : "s1-t3",
      "begin" : 79,
      "end" : 81,
      "text" : "関節",
      "whiteSpace" : false
    }, {
      "id" : "s1-t4",
      "begin" : 81,
      "end" : 82,
      "text" : "痛",
      "whiteSpace" : false
    }, {
      "id" : "s1-t5",
      "begin" : 82,
      "end" : 83,
      "text" : "、",
      "whiteSpace" : false
    }, {
      "id" : "s1-t6",
      "begin" : 83,
      "end" : 86,
      "text" : "冷え性",
      "whiteSpace" : false
    }, {
      "id" : "s1-t7",
      "begin" : 86,
      "end" : 88,
      "text" : "など",
      "whiteSpace" : false
    }, {
      "id" : "s1-t8",
      "begin" : 88,
      "end" : 89,
      "text" : "に",
      "whiteSpace" : false
    }, {
      "id" : "s1-t9",
      "begin" : 89,
      "end" : 91,
      "text" : "効能",
      "whiteSpace" : false
    }, {
      "id" : "s1-t10",
      "begin" : 91,
      "end" : 92,
      "text" : "が",
      "whiteSpace" : false
    }, {
      "id" : "s1-t11",
      "begin" : 92,
      "end" : 94,
      "text" : "あり",
      "whiteSpace" : false
    }, {
      "id" : "s1-t12",
      "begin" : 94,
      "end" : 95,
      "text" : "、",
      "whiteSpace" : false
    }, {
      "id" : "s1-t13",
      "begin" : 95,
      "end" : 98,
      "text" : "優しい",
      "whiteSpace" : false
    }, {
      "id" : "s1-t14",
      "begin" : 98,
      "end" : 100,
      "text" : "温泉",
      "whiteSpace" : false
    }, {
      "id" : "s1-t15",
      "begin" : 100,
      "end" : 103,
      "text" : "である",
      "whiteSpace" : false
    }, {
      "id" : "s1-t16",
      "begin" : 103,
      "end" : 105,
      "text" : "こと",
      "whiteSpace" : false
    }, {
      "id" : "s1-t17",
      "begin" : 105,
      "end" : 107,
      "text" : "から",
      "whiteSpace" : false
    }, {
      "id" : "s1-t18",
      "begin" : 107,
      "end" : 108,
      "text" : "「",
      "whiteSpace" : false
    }, {
      "id" : "s1-t19",
      "begin" : 108,
      "end" : 110,
      "text" : "家族",
      "whiteSpace" : false
    }, {
      "id" : "s1-t20",
      "begin" : 110,
      "end" : 111,
      "text" : "の",
      "whiteSpace" : false
    }, {
      "id" : "s1-t21",
      "begin" : 111,
      "end" : 112,
      "text" : "湯",
      "whiteSpace" : false
    }, {
      "id" : "s1-t22",
      "begin" : 112,
      "end" : 113,
      "text" : "」",
      "whiteSpace" : false
    }, {
      "id" : "s1-t23",
      "begin" : 113,
      "end" : 114,
      "text" : "「",
      "whiteSpace" : false
    }, {
      "id" : "s1-t24",
      "begin" : 114,
      "end" : 116,
      "text" : "美肌",
      "whiteSpace" : false
    }, {
      "id" : "s1-t25",
      "begin" : 116,
      "end" : 117,
      "text" : "の",
      "whiteSpace" : false
    }, {
      "id" : "s1-t26",
      "begin" : 117,
      "end" : 118,
      "text" : "湯",
      "whiteSpace" : false
    }, {
      "id" : "s1-t27",
      "begin" : 118,
      "end" : 119,
      "text" : "」",
      "whiteSpace" : false
    }, {
      "id" : "s1-t28",
      "begin" : 120,
      "end" : 121,
      "text" : "と",
      "whiteSpace" : false
    }, {
      "id" : "s1-t29",
      "begin" : 121,
      "end" : 123,
      "text" : "言わ",
      "whiteSpace" : false
    }, {
      "id" : "s1-t30",
      "begin" : 123,
      "end" : 125,
      "text" : "れて",
      "whiteSpace" : false
    }, {
      "id" : "s1-t31",
      "begin" : 125,
      "end" : 127,
      "text" : "いる",
      "whiteSpace" : false
    }, {
      "id" : "s1-t32",
      "begin" : 127,
      "end" : 128,
      "text" : "。",
      "whiteSpace" : false
    } ]
  }, {
    "id" : "s2",
    "begin" : 128,
    "end" : 182,
    "text" : "新潟県でも有数の湧出量を誇ることから観光客だけでなく、保養や療 養を目的とした宿泊客にも多く利用されている。",
    "tokens" : [ {
      "id" : "s2-t0",
      "begin" : 128,
      "end" : 130,
      "text" : "新潟",
      "whiteSpace" : false
    }, {
      "id" : "s2-t1",
      "begin" : 130,
      "end" : 131,
      "text" : "県",
      "whiteSpace" : false
    }, {
      "id" : "s2-t2",
      "begin" : 131,
      "end" : 133,
      "text" : "でも",
      "whiteSpace" : false
    }, {
      "id" : "s2-t3",
      "begin" : 133,
      "end" : 135,
      "text" : "有数",
      "whiteSpace" : false
    }, {
      "id" : "s2-t4",
      "begin" : 135,
      "end" : 136,
      "text" : "の",
      "whiteSpace" : false
    }, {
      "id" : "s2-t5",
      "begin" : 136,
      "end" : 138,
      "text" : "湧出",
      "whiteSpace" : false
    }, {
      "id" : "s2-t6",
      "begin" : 138,
      "end" : 139,
      "text" : "量",
      "whiteSpace" : false
    }, {
      "id" : "s2-t7",
      "begin" : 139,
      "end" : 140,
      "text" : "を",
      "whiteSpace" : false
    }, {
      "id" : "s2-t8",
      "begin" : 140,
      "end" : 142,
      "text" : "誇る",
      "whiteSpace" : false
    }, {
      "id" : "s2-t9",
      "begin" : 142,
      "end" : 144,
      "text" : "こと",
      "whiteSpace" : false
    }, {
      "id" : "s2-t10",
      "begin" : 144,
      "end" : 146,
      "text" : "から",
      "whiteSpace" : false
    }, {
      "id" : "s2-t11",
      "begin" : 146,
      "end" : 148,
      "text" : "観光",
      "whiteSpace" : false
    }, {
      "id" : "s2-t12",
      "begin" : 148,
      "end" : 149,
      "text" : "客",
      "whiteSpace" : false
    }, {
      "id" : "s2-t13",
      "begin" : 149,
      "end" : 151,
      "text" : "だけ",
      "whiteSpace" : false
    }, {
      "id" : "s2-t14",
      "begin" : 151,
      "end" : 152,
      "text" : "で",
      "whiteSpace" : false
    }, {
      "id" : "s2-t15",
      "begin" : 152,
      "end" : 154,
      "text" : "なく",
      "whiteSpace" : false
    }, {
      "id" : "s2-t16",
      "begin" : 154,
      "end" : 155,
      "text" : "、",
      "whiteSpace" : false
    }, {
      "id" : "s2-t17",
      "begin" : 155,
      "end" : 157,
      "text" : "保養",
      "whiteSpace" : false
    }, {
      "id" : "s2-t18",
      "begin" : 157,
      "end" : 158,
      "text" : "や",
      "whiteSpace" : false
    }, {
      "id" : "s2-t19",
      "begin" : 158,
      "end" : 159,
      "text" : "療",
      "whiteSpace" : false
    }, {
      "id" : "s2-t20",
      "begin" : 160,
      "end" : 161,
      "text" : "養",
      "whiteSpace" : false
    }, {
      "id" : "s2-t21",
      "begin" : 161,
      "end" : 162,
      "text" : "を",
      "whiteSpace" : false
    }, {
      "id" : "s2-t22",
      "begin" : 162,
      "end" : 164,
      "text" : "目的",
      "whiteSpace" : false
    }, {
      "id" : "s2-t23",
      "begin" : 164,
      "end" : 165,
      "text" : "と",
      "whiteSpace" : false
    }, {
      "id" : "s2-t24",
      "begin" : 165,
      "end" : 167,
      "text" : "した",
      "whiteSpace" : false
    }, {
      "id" : "s2-t25",
      "begin" : 167,
      "end" : 169,
      "text" : "宿泊",
      "whiteSpace" : false
    }, {
      "id" : "s2-t26",
      "begin" : 169,
      "end" : 170,
      "text" : "客",
      "whiteSpace" : false
    }, {
      "id" : "s2-t27",
      "begin" : 170,
      "end" : 171,
      "text" : "に",
      "whiteSpace" : false
    }, {
      "id" : "s2-t28",
      "begin" : 171,
      "end" : 172,
      "text" : "も",
      "whiteSpace" : false
    }, {
      "id" : "s2-t29",
      "begin" : 172,
      "end" : 174,
      "text" : "多く",
      "whiteSpace" : false
    }, {
      "id" : "s2-t30",
      "begin" : 174,
      "end" : 176,
      "text" : "利用",
      "whiteSpace" : false
    }, {
      "id" : "s2-t31",
      "begin" : 176,
      "end" : 177,
      "text" : "さ",
      "whiteSpace" : false
    }, {
      "id" : "s2-t32",
      "begin" : 177,
      "end" : 179,
      "text" : "れて",
      "whiteSpace" : false
    }, {
      "id" : "s2-t33",
      "begin" : 179,
      "end" : 181,
      "text" : "いる",
      "whiteSpace" : false
    }, {
      "id" : "s2-t34",
      "begin" : 181,
      "end" : 182,
      "text" : "。",
      "whiteSpace" : false
    } ]
  }, {
    "id" : "s3",
    "begin" : 182,
    "end" : 246,
    "text" : "また、温泉宿には「温泉ソムリエ」が おり来訪者に温泉の情報や温泉の入浴方法を発信し、温泉好きを増やす取り組みに力を 入れている。",
    "tokens" : [ {
      "id" : "s3-t0",
      "begin" : 182,
      "end" : 184,
      "text" : "また",
      "whiteSpace" : false
    }, {
      "id" : "s3-t1",
      "begin" : 184,
      "end" : 185,
      "text" : "、",
      "whiteSpace" : false
    }, {
      "id" : "s3-t2",
      "begin" : 185,
      "end" : 187,
      "text" : "温泉",
      "whiteSpace" : false
    }, {
      "id" : "s3-t3",
      "begin" : 187,
      "end" : 188,
      "text" : "宿",
      "whiteSpace" : false
    }, {
      "id" : "s3-t4",
      "begin" : 188,
      "end" : 189,
      "text" : "に",
      "whiteSpace" : false
    }, {
      "id" : "s3-t5",
      "begin" : 189,
      "end" : 190,
      "text" : "は",
      "whiteSpace" : false
    }, {
      "id" : "s3-t6",
      "begin" : 190,
      "end" : 191,
      "text" : "「",
      "whiteSpace" : false
    }, {
      "id" : "s3-t7",
      "begin" : 191,
      "end" : 193,
      "text" : "温泉",
      "whiteSpace" : false
    }, {
      "id" : "s3-t8",
      "begin" : 193,
      "end" : 197,
      "text" : "ソムリエ",
      "whiteSpace" : false
    }, {
      "id" : "s3-t9",
      "begin" : 197,
      "end" : 198,
      "text" : "」",
      "whiteSpace" : false
    }, {
      "id" : "s3-t10",
      "begin" : 198,
      "end" : 199,
      "text" : "が",
      "whiteSpace" : false
    }, {
      "id" : "s3-t11",
      "begin" : 200,
      "end" : 202,
      "text" : "おり",
      "whiteSpace" : false
    }, {
      "id" : "s3-t12",
      "begin" : 202,
      "end" : 204,
      "text" : "来訪",
      "whiteSpace" : false
    }, {
      "id" : "s3-t13",
      "begin" : 204,
      "end" : 205,
      "text" : "者",
      "whiteSpace" : false
    }, {
      "id" : "s3-t14",
      "begin" : 205,
      "end" : 206,
      "text" : "に",
      "whiteSpace" : false
    }, {
      "id" : "s3-t15",
      "begin" : 206,
      "end" : 208,
      "text" : "温泉",
      "whiteSpace" : false
    }, {
      "id" : "s3-t16",
      "begin" : 208,
      "end" : 209,
      "text" : "の",
      "whiteSpace" : false
    }, {
      "id" : "s3-t17",
      "begin" : 209,
      "end" : 211,
      "text" : "情報",
      "whiteSpace" : false
    }, {
      "id" : "s3-t18",
      "begin" : 211,
      "end" : 212,
      "text" : "や",
      "whiteSpace" : false
    }, {
      "id" : "s3-t19",
      "begin" : 212,
      "end" : 214,
      "text" : "温泉",
      "whiteSpace" : false
    }, {
      "id" : "s3-t20",
      "begin" : 214,
      "end" : 215,
      "text" : "の",
      "whiteSpace" : false
    }, {
      "id" : "s3-t21",
      "begin" : 215,
      "end" : 217,
      "text" : "入浴",
      "whiteSpace" : false
    }, {
      "id" : "s3-t22",
      "begin" : 217,
      "end" : 219,
      "text" : "方法",
      "whiteSpace" : false
    }, {
      "id" : "s3-t23",
      "begin" : 219,
      "end" : 220,
      "text" : "を",
      "whiteSpace" : false
    }, {
      "id" : "s3-t24",
      "begin" : 220,
      "end" : 222,
      "text" : "発信",
      "whiteSpace" : false
    }, {
      "id" : "s3-t25",
      "begin" : 222,
      "end" : 223,
      "text" : "し",
      "whiteSpace" : false
    }, {
      "id" : "s3-t26",
      "begin" : 223,
      "end" : 224,
      "text" : "、",
      "whiteSpace" : false
    }, {
      "id" : "s3-t27",
      "begin" : 224,
      "end" : 226,
      "text" : "温泉",
      "whiteSpace" : false
    }, {
      "id" : "s3-t28",
      "begin" : 226,
      "end" : 228,
      "text" : "好き",
      "whiteSpace" : false
    }, {
      "id" : "s3-t29",
      "begin" : 228,
      "end" : 229,
      "text" : "を",
      "whiteSpace" : false
    }, {
      "id" : "s3-t30",
      "begin" : 229,
      "end" : 232,
      "text" : "増やす",
      "whiteSpace" : false
    }, {
      "id" : "s3-t31",
      "begin" : 232,
      "end" : 236,
      "text" : "取り組み",
      "whiteSpace" : false
    }, {
      "id" : "s3-t32",
      "begin" : 236,
      "end" : 237,
      "text" : "に",
      "whiteSpace" : false
    }, {
      "id" : "s3-t33",
      "begin" : 237,
      "end" : 238,
      "text" : "力",
      "whiteSpace" : false
    }, {
      "id" : "s3-t34",
      "begin" : 238,
      "end" : 239,
      "text" : "を",
      "whiteSpace" : false
    }, {
      "id" : "s3-t35",
      "begin" : 240,
      "end" : 243,
      "text" : "入れて",
      "whiteSpace" : false
    }, {
      "id" : "s3-t36",
      "begin" : 243,
      "end" : 245,
      "text" : "いる",
      "whiteSpace" : false
    }, {
      "id" : "s3-t37",
      "begin" : 245,
      "end" : 246,
      "text" : "。",
      "whiteSpace" : false
    } ]
  }, {
    "id" : "s4",
    "begin" : 246,
    "end" : 355,
    "text" : "今後は、関東圏からのアクセスの良さや優れた交通の利便性を生かし、六 日町地域の文化や歴史を大切に継承しながら、四季折々に色濃く変化をみせる豊かな自 然環境と調和し、観光客だけでなく地元民からも親しまれる温泉地を目指す。",
    "tokens" : [ {
      "id" : "s4-t0",
      "begin" : 246,
      "end" : 248,
      "text" : "今後",
      "whiteSpace" : false
    }, {
      "id" : "s4-t1",
      "begin" : 248,
      "end" : 249,
      "text" : "は",
      "whiteSpace" : false
    }, {
      "id" : "s4-t2",
      "begin" : 249,
      "end" : 250,
      "text" : "、",
      "whiteSpace" : false
    }, {
      "id" : "s4-t3",
      "begin" : 250,
      "end" : 252,
      "text" : "関東",
      "whiteSpace" : false
    }, {
      "id" : "s4-t4",
      "begin" : 252,
      "end" : 253,
      "text" : "圏",
      "whiteSpace" : false
    }, {
      "id" : "s4-t5",
      "begin" : 253,
      "end" : 255,
      "text" : "から",
      "whiteSpace" : false
    }, {
      "id" : "s4-t6",
      "begin" : 255,
      "end" : 256,
      "text" : "の",
      "whiteSpace" : false
    }, {
      "id" : "s4-t7",
      "begin" : 256,
      "end" : 260,
      "text" : "アクセス",
      "whiteSpace" : false
    }, {
      "id" : "s4-t8",
      "begin" : 260,
      "end" : 261,
      "text" : "の",
      "whiteSpace" : false
    }, {
      "id" : "s4-t9",
      "begin" : 261,
      "end" : 262,
      "text" : "良",
      "whiteSpace" : false
    }, {
      "id" : "s4-t10",
      "begin" : 262,
      "end" : 263,
      "text" : "さ",
      "whiteSpace" : false
    }, {
      "id" : "s4-t11",
      "begin" : 263,
      "end" : 264,
      "text" : "や",
      "whiteSpace" : false
    }, {
      "id" : "s4-t12",
      "begin" : 264,
      "end" : 267,
      "text" : "優れた",
      "whiteSpace" : false
    }, {
      "id" : "s4-t13",
      "begin" : 267,
      "end" : 269,
      "text" : "交通",
      "whiteSpace" : false
    }, {
      "id" : "s4-t14",
      "begin" : 269,
      "end" : 270,
      "text" : "の",
      "whiteSpace" : false
    }, {
      "id" : "s4-t15",
      "begin" : 270,
      "end" : 272,
      "text" : "利便",
      "whiteSpace" : false
    }, {
      "id" : "s4-t16",
      "begin" : 272,
      "end" : 273,
      "text" : "性",
      "whiteSpace" : false
    }, {
      "id" : "s4-t17",
      "begin" : 273,
      "end" : 274,
      "text" : "を",
      "whiteSpace" : false
    }, {
      "id" : "s4-t18",
      "begin" : 274,
      "end" : 277,
      "text" : "生かし",
      "whiteSpace" : false
    }, {
      "id" : "s4-t19",
      "begin" : 277,
      "end" : 278,
      "text" : "、",
      "whiteSpace" : false
    }, {
      "id" : "s4-t20",
      "begin" : 278,
      "end" : 279,
      "text" : "六",
      "whiteSpace" : false
    }, {
      "id" : "s4-t21",
      "begin" : 280,
      "end" : 282,
      "text" : "日町",
      "whiteSpace" : false
    }, {
      "id" : "s4-t22",
      "begin" : 282,
      "end" : 284,
      "text" : "地域",
      "whiteSpace" : false
    }, {
      "id" : "s4-t23",
      "begin" : 284,
      "end" : 285,
      "text" : "の",
      "whiteSpace" : false
    }, {
      "id" : "s4-t24",
      "begin" : 285,
      "end" : 287,
      "text" : "文化",
      "whiteSpace" : false
    }, {
      "id" : "s4-t25",
      "begin" : 287,
      "end" : 288,
      "text" : "や",
      "whiteSpace" : false
    }, {
      "id" : "s4-t26",
      "begin" : 288,
      "end" : 290,
      "text" : "歴史",
      "whiteSpace" : false
    }, {
      "id" : "s4-t27",
      "begin" : 290,
      "end" : 291,
      "text" : "を",
      "whiteSpace" : false
    }, {
      "id" : "s4-t28",
      "begin" : 291,
      "end" : 294,
      "text" : "大切に",
      "whiteSpace" : false
    }, {
      "id" : "s4-t29",
      "begin" : 294,
      "end" : 296,
      "text" : "継承",
      "whiteSpace" : false
    }, {
      "id" : "s4-t30",
      "begin" : 296,
      "end" : 297,
      "text" : "し",
      "whiteSpace" : false
    }, {
      "id" : "s4-t31",
      "begin" : 297,
      "end" : 300,
      "text" : "ながら",
      "whiteSpace" : false
    }, {
      "id" : "s4-t32",
      "begin" : 300,
      "end" : 301,
      "text" : "、",
      "whiteSpace" : false
    }, {
      "id" : "s4-t33",
      "begin" : 301,
      "end" : 303,
      "text" : "四季",
      "whiteSpace" : false
    }, {
      "id" : "s4-t34",
      "begin" : 303,
      "end" : 305,
      "text" : "折々",
      "whiteSpace" : false
    }, {
      "id" : "s4-t35",
      "begin" : 305,
      "end" : 306,
      "text" : "に",
      "whiteSpace" : false
    }, {
      "id" : "s4-t36",
      "begin" : 306,
      "end" : 307,
      "text" : "色",
      "whiteSpace" : false
    }, {
      "id" : "s4-t37",
      "begin" : 307,
      "end" : 309,
      "text" : "濃く",
      "whiteSpace" : false
    }, {
      "id" : "s4-t38",
      "begin" : 309,
      "end" : 311,
      "text" : "変化",
      "whiteSpace" : false
    }, {
      "id" : "s4-t39",
      "begin" : 311,
      "end" : 312,
      "text" : "を",
      "whiteSpace" : false
    }, {
      "id" : "s4-t40",
      "begin" : 312,
      "end" : 315,
      "text" : "みせる",
      "whiteSpace" : false
    }, {
      "id" : "s4-t41",
      "begin" : 315,
      "end" : 318,
      "text" : "豊かな",
      "whiteSpace" : false
    }, {
      "id" : "s4-t42",
      "begin" : 318,
      "end" : 319,
      "text" : "自",
      "whiteSpace" : false
    }, {
      "id" : "s4-t43",
      "begin" : 320,
      "end" : 321,
      "text" : "然",
      "whiteSpace" : false
    }, {
      "id" : "s4-t44",
      "begin" : 321,
      "end" : 323,
      "text" : "環境",
      "whiteSpace" : false
    }, {
      "id" : "s4-t45",
      "begin" : 323,
      "end" : 324,
      "text" : "と",
      "whiteSpace" : false
    }, {
      "id" : "s4-t46",
      "begin" : 324,
      "end" : 326,
      "text" : "調和",
      "whiteSpace" : false
    }, {
      "id" : "s4-t47",
      "begin" : 326,
      "end" : 327,
      "text" : "し",
      "whiteSpace" : false
    }, {
      "id" : "s4-t48",
      "begin" : 327,
      "end" : 328,
      "text" : "、",
      "whiteSpace" : false
    }, {
      "id" : "s4-t49",
      "begin" : 328,
      "end" : 330,
      "text" : "観光",
      "whiteSpace" : false
    }, {
      "id" : "s4-t50",
      "begin" : 330,
      "end" : 331,
      "text" : "客",
      "whiteSpace" : false
    }, {
      "id" : "s4-t51",
      "begin" : 331,
      "end" : 333,
      "text" : "だけ",
      "whiteSpace" : false
    }, {
      "id" : "s4-t52",
      "begin" : 333,
      "end" : 334,
      "text" : "で",
      "whiteSpace" : false
    }, {
      "id" : "s4-t53",
      "begin" : 334,
      "end" : 336,
      "text" : "なく",
      "whiteSpace" : false
    }, {
      "id" : "s4-t54",
      "begin" : 336,
      "end" : 338,
      "text" : "地元",
      "whiteSpace" : false
    }, {
      "id" : "s4-t55",
      "begin" : 338,
      "end" : 339,
      "text" : "民",
      "whiteSpace" : false
    }, {
      "id" : "s4-t56",
      "begin" : 339,
      "end" : 341,
      "text" : "から",
      "whiteSpace" : false
    }, {
      "id" : "s4-t57",
      "begin" : 341,
      "end" : 342,
      "text" : "も",
      "whiteSpace" : false
    }, {
      "id" : "s4-t58",
      "begin" : 342,
      "end" : 345,
      "text" : "親しま",
      "whiteSpace" : false
    }, {
      "id" : "s4-t59",
      "begin" : 345,
      "end" : 347,
      "text" : "れる",
      "whiteSpace" : false
    }, {
      "id" : "s4-t60",
      "begin" : 347,
      "end" : 349,
      "text" : "温泉",
      "whiteSpace" : false
    }, {
      "id" : "s4-t61",
      "begin" : 349,
      "end" : 350,
      "text" : "地",
      "whiteSpace" : false
    }, {
      "id" : "s4-t62",
      "begin" : 350,
      "end" : 351,
      "text" : "を",
      "whiteSpace" : false
    }, {
      "id" : "s4-t63",
      "begin" : 351,
      "end" : 354,
      "text" : "目指す",
      "whiteSpace" : false
    }, {
      "id" : "s4-t64",
      "begin" : 354,
      "end" : 355,
      "text" : "。",
      "whiteSpace" : false
    } ]
  } ],
  "mentions" : [ {
    "id" : "s0-m1",
    "properties" : {
      "SIRE_MENTION_ROLE" : "ONSEN",
      "SIRE_ENTITY_SUBTYPE" : "NONE",
      "SIRE_MENTION_TYPE" : "NONE",
      "SIRE_MENTION_CLASS" : "SPC"
    },
    "type" : "ONSEN",
    "begin" : 0,
    "end" : 5,
    "inCoref" : true
  }, {
    "id" : "s0-m2",
    "properties" : {
      "SIRE_MENTION_ROLE" : "Sensitsu",
      "SIRE_ENTITY_SUBTYPE" : "NONE",
      "SIRE_MENTION_TYPE" : "NONE",
      "SIRE_MENTION_CLASS" : "SPC"
    },
    "type" : "Sensitsu",
    "begin" : 10,
    "end" : 21,
    "inCoref" : false
  }, {
    "id" : "s0-m3",
    "properties" : {
      "SIRE_MENTION_ROLE" : "Sensitsu",
      "SIRE_ENTITY_SUBTYPE" : "NONE",
      "SIRE_MENTION_TYPE" : "NONE",
      "SIRE_MENTION_CLASS" : "SPC"
    },
    "type" : "Sensitsu",
    "begin" : 22,
    "end" : 34,
    "inCoref" : false
  }, {
    "id" : "s0-m4",
    "properties" : {
      "SIRE_MENTION_ROLE" : "Sensitsu",
      "SIRE_ENTITY_SUBTYPE" : "NONE",
      "SIRE_MENTION_TYPE" : "NONE",
      "SIRE_MENTION_CLASS" : "SPC"
    },
    "type" : "Sensitsu",
    "begin" : 36,
    "end" : 41,
    "inCoref" : false
  }, {
    "id" : "s0-m5",
    "properties" : {
      "SIRE_MENTION_ROLE" : "Sensitsu",
      "SIRE_ENTITY_SUBTYPE" : "NONE",
      "SIRE_MENTION_TYPE" : "NONE",
      "SIRE_MENTION_CLASS" : "SPC"
    },
    "type" : "Sensitsu",
    "begin" : 42,
    "end" : 54,
    "inCoref" : false
  }, {
    "id" : "s1-m1",
    "properties" : {
      "SIRE_MENTION_ROLE" : "Tekiou",
      "SIRE_ENTITY_SUBTYPE" : "NONE",
      "SIRE_MENTION_TYPE" : "NONE",
      "SIRE_MENTION_CLASS" : "SPC"
    },
    "type" : "Tekiou",
    "begin" : 74,
    "end" : 77,
    "inCoref" : false
  }, {
    "id" : "s1-m2",
    "properties" : {
      "SIRE_MENTION_ROLE" : "Tekiou",
      "SIRE_ENTITY_SUBTYPE" : "NONE",
      "SIRE_MENTION_TYPE" : "NONE",
      "SIRE_MENTION_CLASS" : "SPC"
    },
    "type" : "Tekiou",
    "begin" : 79,
    "end" : 82,
    "inCoref" : false
  }, {
    "id" : "s1-m3",
    "properties" : {
      "SIRE_MENTION_ROLE" : "Tekiou",
      "SIRE_ENTITY_SUBTYPE" : "NONE",
      "SIRE_MENTION_TYPE" : "NONE",
      "SIRE_MENTION_CLASS" : "SPC"
    },
    "type" : "Tekiou",
    "begin" : 83,
    "end" : 86,
    "inCoref" : false
  }, {
    "id" : "s1-m4",
    "properties" : {
      "SIRE_MENTION_ROLE" : "ONSEN",
      "SIRE_ENTITY_SUBTYPE" : "NONE",
      "SIRE_MENTION_TYPE" : "NONE",
      "SIRE_MENTION_CLASS" : "SPC"
    },
    "type" : "ONSEN",
    "begin" : 108,
    "end" : 112,
    "inCoref" : true
  }, {
    "id" : "s1-m5",
    "properties" : {
      "SIRE_MENTION_ROLE" : "ONSEN",
      "SIRE_ENTITY_SUBTYPE" : "NONE",
      "SIRE_MENTION_TYPE" : "NONE",
      "SIRE_MENTION_CLASS" : "SPC"
    },
    "type" : "ONSEN",
    "begin" : 114,
    "end" : 118,
    "inCoref" : true
  } ],
  "relations" : [ {
    "id" : "s0-r1",
    "properties" : { },
    "type" : "hasAttribute",
    "args" : [ "s0-m1", "s0-m2" ]
  }, {
    "id" : "s0-r2",
    "properties" : { },
    "type" : "hasAttribute",
    "args" : [ "s0-m1", "s0-m3" ]
  }, {
    "id" : "s0-r3",
    "properties" : { },
    "type" : "hasAttribute",
    "args" : [ "s0-m1", "s0-m4" ]
  }, {
    "id" : "s0-r4",
    "properties" : { },
    "type" : "hasAttribute",
    "args" : [ "s0-m1", "s0-m5" ]
  } ],
  "corefs" : [ {
    "id" : "c1",
    "properties" : { },
    "mentions" : [ "s0-m1" ]
  }, {
    "id" : "c2",
    "properties" : { },
    "mentions" : [ "s1-m4", "s1-m5" ]
  } ],
  "typeResolved" : true,
  "userResolved" : false
}