{
  "id" : "708577b0-c18f-11e9-8fb4-852e09b427fc-5",
  "name" : "芦之湯温泉国民保養温泉地計画書",
  "createdDate" : 0,
  "version" : 3,
  "text" : "芦之湯温泉は、鎌倉時代から湯治場として機能していたことが複数の文献に記 載されており、古くから知られた温泉地である。江戸時代の後期には｢箱根七湯｣ の温泉と名所等を廻る｢七湯廻り｣が実施されるようになり、多くの文人墨客が 訪れるようになった。芦之湯とその周辺には東光庵、精進池、石仏・石塔群な どの歴史的および文化的な遺産が遺されている。 泉質は、箱根温泉では唯一の中性の硫黄温泉で、美肌の湯と評されることも 多く、その他硫化水素型の硫酸塩泉などの温泉もある。\n",
  "docLength" : 0,
  "language" : "JA",
  "status" : "IN_PROGRESS",
  "modifiedDate" : 1567851238943,
  "documentSet" : [ ],
  "preannotation" : [ "PRE_LW" ],
  "sentences" : [ {
    "id" : "s0",
    "begin" : 0,
    "end" : 58,
    "text" : "芦之湯温泉は、鎌倉時代から湯治場として機能していたことが複数の文献に記 載されており、古くから知られた温泉地である。",
    "tokens" : [ {
      "id" : "s0-t0",
      "begin" : 0,
      "end" : 3,
      "text" : "芦之湯",
      "whiteSpace" : false
    }, {
      "id" : "s0-t1",
      "begin" : 3,
      "end" : 5,
      "text" : "温泉",
      "whiteSpace" : false
    }, {
      "id" : "s0-t2",
      "begin" : 5,
      "end" : 6,
      "text" : "は",
      "whiteSpace" : false
    }, {
      "id" : "s0-t3",
      "begin" : 6,
      "end" : 7,
      "text" : "、",
      "whiteSpace" : false
    }, {
      "id" : "s0-t4",
      "begin" : 7,
      "end" : 9,
      "text" : "鎌倉",
      "whiteSpace" : false
    }, {
      "id" : "s0-t5",
      "begin" : 9,
      "end" : 11,
      "text" : "時代",
      "whiteSpace" : false
    }, {
      "id" : "s0-t6",
      "begin" : 11,
      "end" : 13,
      "text" : "から",
      "whiteSpace" : false
    }, {
      "id" : "s0-t7",
      "begin" : 13,
      "end" : 15,
      "text" : "湯治",
      "whiteSpace" : false
    }, {
      "id" : "s0-t8",
      "begin" : 15,
      "end" : 16,
      "text" : "場",
      "whiteSpace" : false
    }, {
      "id" : "s0-t9",
      "begin" : 16,
      "end" : 17,
      "text" : "と",
      "whiteSpace" : false
    }, {
      "id" : "s0-t10",
      "begin" : 17,
      "end" : 19,
      "text" : "して",
      "whiteSpace" : false
    }, {
      "id" : "s0-t11",
      "begin" : 19,
      "end" : 21,
      "text" : "機能",
      "whiteSpace" : false
    }, {
      "id" : "s0-t12",
      "begin" : 21,
      "end" : 23,
      "text" : "して",
      "whiteSpace" : false
    }, {
      "id" : "s0-t13",
      "begin" : 23,
      "end" : 25,
      "text" : "いた",
      "whiteSpace" : false
    }, {
      "id" : "s0-t14",
      "begin" : 25,
      "end" : 27,
      "text" : "こと",
      "whiteSpace" : false
    }, {
      "id" : "s0-t15",
      "begin" : 27,
      "end" : 28,
      "text" : "が",
      "whiteSpace" : false
    }, {
      "id" : "s0-t16",
      "begin" : 28,
      "end" : 30,
      "text" : "複数",
      "whiteSpace" : false
    }, {
      "id" : "s0-t17",
      "begin" : 30,
      "end" : 31,
      "text" : "の",
      "whiteSpace" : false
    }, {
      "id" : "s0-t18",
      "begin" : 31,
      "end" : 33,
      "text" : "文献",
      "whiteSpace" : false
    }, {
      "id" : "s0-t19",
      "begin" : 33,
      "end" : 34,
      "text" : "に",
      "whiteSpace" : false
    }, {
      "id" : "s0-t20",
      "begin" : 34,
      "end" : 35,
      "text" : "記",
      "whiteSpace" : false
    }, {
      "id" : "s0-t21",
      "begin" : 36,
      "end" : 37,
      "text" : "載",
      "whiteSpace" : false
    }, {
      "id" : "s0-t22",
      "begin" : 37,
      "end" : 38,
      "text" : "さ",
      "whiteSpace" : false
    }, {
      "id" : "s0-t23",
      "begin" : 38,
      "end" : 40,
      "text" : "れて",
      "whiteSpace" : false
    }, {
      "id" : "s0-t24",
      "begin" : 40,
      "end" : 42,
      "text" : "おり",
      "whiteSpace" : false
    }, {
      "id" : "s0-t25",
      "begin" : 42,
      "end" : 43,
      "text" : "、",
      "whiteSpace" : false
    }, {
      "id" : "s0-t26",
      "begin" : 43,
      "end" : 45,
      "text" : "古く",
      "whiteSpace" : false
    }, {
      "id" : "s0-t27",
      "begin" : 45,
      "end" : 47,
      "text" : "から",
      "whiteSpace" : false
    }, {
      "id" : "s0-t28",
      "begin" : 47,
      "end" : 49,
      "text" : "知ら",
      "whiteSpace" : false
    }, {
      "id" : "s0-t29",
      "begin" : 49,
      "end" : 51,
      "text" : "れた",
      "whiteSpace" : false
    }, {
      "id" : "s0-t30",
      "begin" : 51,
      "end" : 53,
      "text" : "温泉",
      "whiteSpace" : false
    }, {
      "id" : "s0-t31",
      "begin" : 53,
      "end" : 54,
      "text" : "地",
      "whiteSpace" : false
    }, {
      "id" : "s0-t32",
      "begin" : 54,
      "end" : 57,
      "text" : "である",
      "whiteSpace" : false
    }, {
      "id" : "s0-t33",
      "begin" : 57,
      "end" : 58,
      "text" : "。",
      "whiteSpace" : false
    } ]
  }, {
    "id" : "s1",
    "begin" : 58,
    "end" : 121,
    "text" : "江戸時代の後期には｢箱根七湯｣ の温泉と名所等を廻る｢七湯廻り｣が実施されるようになり、多くの文人墨客が 訪れるようになった。",
    "tokens" : [ {
      "id" : "s1-t0",
      "begin" : 58,
      "end" : 60,
      "text" : "江戸",
      "whiteSpace" : false
    }, {
      "id" : "s1-t1",
      "begin" : 60,
      "end" : 62,
      "text" : "時代",
      "whiteSpace" : false
    }, {
      "id" : "s1-t2",
      "begin" : 62,
      "end" : 63,
      "text" : "の",
      "whiteSpace" : false
    }, {
      "id" : "s1-t3",
      "begin" : 63,
      "end" : 65,
      "text" : "後期",
      "whiteSpace" : false
    }, {
      "id" : "s1-t4",
      "begin" : 65,
      "end" : 66,
      "text" : "に",
      "whiteSpace" : false
    }, {
      "id" : "s1-t5",
      "begin" : 66,
      "end" : 67,
      "text" : "は",
      "whiteSpace" : false
    }, {
      "id" : "s1-t6",
      "begin" : 67,
      "end" : 68,
      "text" : "｢",
      "whiteSpace" : false
    }, {
      "id" : "s1-t7",
      "begin" : 68,
      "end" : 70,
      "text" : "箱根",
      "whiteSpace" : false
    }, {
      "id" : "s1-t8",
      "begin" : 70,
      "end" : 72,
      "text" : "七湯",
      "whiteSpace" : false
    }, {
      "id" : "s1-t9",
      "begin" : 72,
      "end" : 73,
      "text" : "｣",
      "whiteSpace" : false
    }, {
      "id" : "s1-t10",
      "begin" : 74,
      "end" : 75,
      "text" : "の",
      "whiteSpace" : false
    }, {
      "id" : "s1-t11",
      "begin" : 75,
      "end" : 77,
      "text" : "温泉",
      "whiteSpace" : false
    }, {
      "id" : "s1-t12",
      "begin" : 77,
      "end" : 78,
      "text" : "と",
      "whiteSpace" : false
    }, {
      "id" : "s1-t13",
      "begin" : 78,
      "end" : 80,
      "text" : "名所",
      "whiteSpace" : false
    }, {
      "id" : "s1-t14",
      "begin" : 80,
      "end" : 81,
      "text" : "等",
      "whiteSpace" : false
    }, {
      "id" : "s1-t15",
      "begin" : 81,
      "end" : 82,
      "text" : "を",
      "whiteSpace" : false
    }, {
      "id" : "s1-t16",
      "begin" : 82,
      "end" : 84,
      "text" : "廻る",
      "whiteSpace" : false
    }, {
      "id" : "s1-t17",
      "begin" : 84,
      "end" : 85,
      "text" : "｢",
      "whiteSpace" : false
    }, {
      "id" : "s1-t18",
      "begin" : 85,
      "end" : 86,
      "text" : "七",
      "whiteSpace" : false
    }, {
      "id" : "s1-t19",
      "begin" : 86,
      "end" : 89,
      "text" : "湯廻り",
      "whiteSpace" : false
    }, {
      "id" : "s1-t20",
      "begin" : 89,
      "end" : 90,
      "text" : "｣",
      "whiteSpace" : false
    }, {
      "id" : "s1-t21",
      "begin" : 90,
      "end" : 91,
      "text" : "が",
      "whiteSpace" : false
    }, {
      "id" : "s1-t22",
      "begin" : 91,
      "end" : 93,
      "text" : "実施",
      "whiteSpace" : false
    }, {
      "id" : "s1-t23",
      "begin" : 93,
      "end" : 94,
      "text" : "さ",
      "whiteSpace" : false
    }, {
      "id" : "s1-t24",
      "begin" : 94,
      "end" : 96,
      "text" : "れる",
      "whiteSpace" : false
    }, {
      "id" : "s1-t25",
      "begin" : 96,
      "end" : 99,
      "text" : "ように",
      "whiteSpace" : false
    }, {
      "id" : "s1-t26",
      "begin" : 99,
      "end" : 101,
      "text" : "なり",
      "whiteSpace" : false
    }, {
      "id" : "s1-t27",
      "begin" : 101,
      "end" : 102,
      "text" : "、",
      "whiteSpace" : false
    }, {
      "id" : "s1-t28",
      "begin" : 102,
      "end" : 104,
      "text" : "多く",
      "whiteSpace" : false
    }, {
      "id" : "s1-t29",
      "begin" : 104,
      "end" : 105,
      "text" : "の",
      "whiteSpace" : false
    }, {
      "id" : "s1-t30",
      "begin" : 105,
      "end" : 107,
      "text" : "文人",
      "whiteSpace" : false
    }, {
      "id" : "s1-t31",
      "begin" : 107,
      "end" : 109,
      "text" : "墨客",
      "whiteSpace" : false
    }, {
      "id" : "s1-t32",
      "begin" : 109,
      "end" : 110,
      "text" : "が",
      "whiteSpace" : false
    }, {
      "id" : "s1-t33",
      "begin" : 111,
      "end" : 114,
      "text" : "訪れる",
      "whiteSpace" : false
    }, {
      "id" : "s1-t34",
      "begin" : 114,
      "end" : 117,
      "text" : "ように",
      "whiteSpace" : false
    }, {
      "id" : "s1-t35",
      "begin" : 117,
      "end" : 120,
      "text" : "なった",
      "whiteSpace" : false
    }, {
      "id" : "s1-t36",
      "begin" : 120,
      "end" : 121,
      "text" : "。",
      "whiteSpace" : false
    } ]
  }, {
    "id" : "s2",
    "begin" : 121,
    "end" : 169,
    "text" : "芦之湯とその周辺には東光庵、精進池、石仏・石塔群な どの歴史的および文化的な遺産が遺されている。",
    "tokens" : [ {
      "id" : "s2-t0",
      "begin" : 121,
      "end" : 124,
      "text" : "芦之湯",
      "whiteSpace" : false
    }, {
      "id" : "s2-t1",
      "begin" : 124,
      "end" : 125,
      "text" : "と",
      "whiteSpace" : false
    }, {
      "id" : "s2-t2",
      "begin" : 125,
      "end" : 127,
      "text" : "その",
      "whiteSpace" : false
    }, {
      "id" : "s2-t3",
      "begin" : 127,
      "end" : 129,
      "text" : "周辺",
      "whiteSpace" : false
    }, {
      "id" : "s2-t4",
      "begin" : 129,
      "end" : 130,
      "text" : "に",
      "whiteSpace" : false
    }, {
      "id" : "s2-t5",
      "begin" : 130,
      "end" : 131,
      "text" : "は",
      "whiteSpace" : false
    }, {
      "id" : "s2-t6",
      "begin" : 131,
      "end" : 133,
      "text" : "東光",
      "whiteSpace" : false
    }, {
      "id" : "s2-t7",
      "begin" : 133,
      "end" : 134,
      "text" : "庵",
      "whiteSpace" : false
    }, {
      "id" : "s2-t8",
      "begin" : 134,
      "end" : 135,
      "text" : "、",
      "whiteSpace" : false
    }, {
      "id" : "s2-t9",
      "begin" : 135,
      "end" : 137,
      "text" : "精進",
      "whiteSpace" : false
    }, {
      "id" : "s2-t10",
      "begin" : 137,
      "end" : 138,
      "text" : "池",
      "whiteSpace" : false
    }, {
      "id" : "s2-t11",
      "begin" : 138,
      "end" : 139,
      "text" : "、",
      "whiteSpace" : false
    }, {
      "id" : "s2-t12",
      "begin" : 139,
      "end" : 140,
      "text" : "石",
      "whiteSpace" : false
    }, {
      "id" : "s2-t13",
      "begin" : 140,
      "end" : 141,
      "text" : "仏",
      "whiteSpace" : false
    }, {
      "id" : "s2-t14",
      "begin" : 141,
      "end" : 142,
      "text" : "・",
      "whiteSpace" : false
    }, {
      "id" : "s2-t15",
      "begin" : 142,
      "end" : 144,
      "text" : "石塔",
      "whiteSpace" : false
    }, {
      "id" : "s2-t16",
      "begin" : 144,
      "end" : 146,
      "text" : "群な",
      "whiteSpace" : false
    }, {
      "id" : "s2-t17",
      "begin" : 147,
      "end" : 149,
      "text" : "どの",
      "whiteSpace" : false
    }, {
      "id" : "s2-t18",
      "begin" : 149,
      "end" : 151,
      "text" : "歴史",
      "whiteSpace" : false
    }, {
      "id" : "s2-t19",
      "begin" : 151,
      "end" : 152,
      "text" : "的",
      "whiteSpace" : false
    }, {
      "id" : "s2-t20",
      "begin" : 152,
      "end" : 155,
      "text" : "および",
      "whiteSpace" : false
    }, {
      "id" : "s2-t21",
      "begin" : 155,
      "end" : 157,
      "text" : "文化",
      "whiteSpace" : false
    }, {
      "id" : "s2-t22",
      "begin" : 157,
      "end" : 159,
      "text" : "的な",
      "whiteSpace" : false
    }, {
      "id" : "s2-t23",
      "begin" : 159,
      "end" : 161,
      "text" : "遺産",
      "whiteSpace" : false
    }, {
      "id" : "s2-t24",
      "begin" : 161,
      "end" : 162,
      "text" : "が",
      "whiteSpace" : false
    }, {
      "id" : "s2-t25",
      "begin" : 162,
      "end" : 164,
      "text" : "遺さ",
      "whiteSpace" : false
    }, {
      "id" : "s2-t26",
      "begin" : 164,
      "end" : 166,
      "text" : "れて",
      "whiteSpace" : false
    }, {
      "id" : "s2-t27",
      "begin" : 166,
      "end" : 168,
      "text" : "いる",
      "whiteSpace" : false
    }, {
      "id" : "s2-t28",
      "begin" : 168,
      "end" : 169,
      "text" : "。",
      "whiteSpace" : false
    } ]
  }, {
    "id" : "s3",
    "begin" : 170,
    "end" : 230,
    "text" : "泉質は、箱根温泉では唯一の中性の硫黄温泉で、美肌の湯と評されることも 多く、その他硫化水素型の硫酸塩泉などの温泉もある。",
    "tokens" : [ {
      "id" : "s3-t0",
      "begin" : 170,
      "end" : 172,
      "text" : "泉質",
      "whiteSpace" : false
    }, {
      "id" : "s3-t1",
      "begin" : 172,
      "end" : 173,
      "text" : "は",
      "whiteSpace" : false
    }, {
      "id" : "s3-t2",
      "begin" : 173,
      "end" : 174,
      "text" : "、",
      "whiteSpace" : false
    }, {
      "id" : "s3-t3",
      "begin" : 174,
      "end" : 176,
      "text" : "箱根",
      "whiteSpace" : false
    }, {
      "id" : "s3-t4",
      "begin" : 176,
      "end" : 178,
      "text" : "温泉",
      "whiteSpace" : false
    }, {
      "id" : "s3-t5",
      "begin" : 178,
      "end" : 179,
      "text" : "で",
      "whiteSpace" : false
    }, {
      "id" : "s3-t6",
      "begin" : 179,
      "end" : 180,
      "text" : "は",
      "whiteSpace" : false
    }, {
      "id" : "s3-t7",
      "begin" : 180,
      "end" : 182,
      "text" : "唯一",
      "whiteSpace" : false
    }, {
      "id" : "s3-t8",
      "begin" : 182,
      "end" : 183,
      "text" : "の",
      "whiteSpace" : false
    }, {
      "id" : "s3-t9",
      "begin" : 183,
      "end" : 185,
      "text" : "中性",
      "whiteSpace" : false
    }, {
      "id" : "s3-t10",
      "begin" : 185,
      "end" : 186,
      "text" : "の",
      "whiteSpace" : false
    }, {
      "id" : "s3-t11",
      "begin" : 186,
      "end" : 188,
      "text" : "硫黄",
      "whiteSpace" : false
    }, {
      "id" : "s3-t12",
      "begin" : 188,
      "end" : 190,
      "text" : "温泉",
      "whiteSpace" : false
    }, {
      "id" : "s3-t13",
      "begin" : 190,
      "end" : 191,
      "text" : "で",
      "whiteSpace" : false
    }, {
      "id" : "s3-t14",
      "begin" : 191,
      "end" : 192,
      "text" : "、",
      "whiteSpace" : false
    }, {
      "id" : "s3-t15",
      "begin" : 192,
      "end" : 194,
      "text" : "美肌",
      "whiteSpace" : false
    }, {
      "id" : "s3-t16",
      "begin" : 194,
      "end" : 195,
      "text" : "の",
      "whiteSpace" : false
    }, {
      "id" : "s3-t17",
      "begin" : 195,
      "end" : 196,
      "text" : "湯",
      "whiteSpace" : false
    }, {
      "id" : "s3-t18",
      "begin" : 196,
      "end" : 197,
      "text" : "と",
      "whiteSpace" : false
    }, {
      "id" : "s3-t19",
      "begin" : 197,
      "end" : 199,
      "text" : "評さ",
      "whiteSpace" : false
    }, {
      "id" : "s3-t20",
      "begin" : 199,
      "end" : 201,
      "text" : "れる",
      "whiteSpace" : false
    }, {
      "id" : "s3-t21",
      "begin" : 201,
      "end" : 203,
      "text" : "こと",
      "whiteSpace" : false
    }, {
      "id" : "s3-t22",
      "begin" : 203,
      "end" : 204,
      "text" : "も",
      "whiteSpace" : false
    }, {
      "id" : "s3-t23",
      "begin" : 205,
      "end" : 207,
      "text" : "多く",
      "whiteSpace" : false
    }, {
      "id" : "s3-t24",
      "begin" : 207,
      "end" : 208,
      "text" : "、",
      "whiteSpace" : false
    }, {
      "id" : "s3-t25",
      "begin" : 208,
      "end" : 211,
      "text" : "その他",
      "whiteSpace" : false
    }, {
      "id" : "s3-t26",
      "begin" : 211,
      "end" : 213,
      "text" : "硫化",
      "whiteSpace" : false
    }, {
      "id" : "s3-t27",
      "begin" : 213,
      "end" : 215,
      "text" : "水素",
      "whiteSpace" : false
    }, {
      "id" : "s3-t28",
      "begin" : 215,
      "end" : 216,
      "text" : "型",
      "whiteSpace" : false
    }, {
      "id" : "s3-t29",
      "begin" : 216,
      "end" : 217,
      "text" : "の",
      "whiteSpace" : false
    }, {
      "id" : "s3-t30",
      "begin" : 217,
      "end" : 219,
      "text" : "硫酸",
      "whiteSpace" : false
    }, {
      "id" : "s3-t31",
      "begin" : 219,
      "end" : 221,
      "text" : "塩泉",
      "whiteSpace" : false
    }, {
      "id" : "s3-t32",
      "begin" : 221,
      "end" : 223,
      "text" : "など",
      "whiteSpace" : false
    }, {
      "id" : "s3-t33",
      "begin" : 223,
      "end" : 224,
      "text" : "の",
      "whiteSpace" : false
    }, {
      "id" : "s3-t34",
      "begin" : 224,
      "end" : 226,
      "text" : "温泉",
      "whiteSpace" : false
    }, {
      "id" : "s3-t35",
      "begin" : 226,
      "end" : 227,
      "text" : "も",
      "whiteSpace" : false
    }, {
      "id" : "s3-t36",
      "begin" : 227,
      "end" : 229,
      "text" : "ある",
      "whiteSpace" : false
    }, {
      "id" : "s3-t37",
      "begin" : 229,
      "end" : 230,
      "text" : "。",
      "whiteSpace" : false
    } ]
  } ],
  "mentions" : [ {
    "id" : "s0-m1",
    "properties" : {
      "SIRE_MENTION_ROLE" : "ONSEN",
      "SIRE_ENTITY_SUBTYPE" : "NONE",
      "SIRE_MENTION_TYPE" : "NONE",
      "SIRE_MENTION_CLASS" : "SPC"
    },
    "type" : "ONSEN",
    "begin" : 0,
    "end" : 5,
    "inCoref" : true
  }, {
    "id" : "s1-m1",
    "properties" : {
      "SIRE_MENTION_ROLE" : "ONSEN",
      "SIRE_ENTITY_SUBTYPE" : "NONE",
      "SIRE_MENTION_TYPE" : "NONE",
      "SIRE_MENTION_CLASS" : "SPC"
    },
    "type" : "ONSEN",
    "begin" : 68,
    "end" : 72,
    "inCoref" : true
  }, {
    "id" : "s3-m3",
    "properties" : {
      "SIRE_MENTION_ROLE" : "ONSEN",
      "SIRE_ENTITY_SUBTYPE" : "NONE",
      "SIRE_MENTION_TYPE" : "NONE",
      "SIRE_MENTION_CLASS" : "SPC"
    },
    "type" : "ONSEN",
    "begin" : 174,
    "end" : 178,
    "inCoref" : true
  }, {
    "id" : "s3-m2",
    "properties" : {
      "SIRE_MENTION_ROLE" : "Sensitsu",
      "SIRE_ENTITY_SUBTYPE" : "NONE",
      "SIRE_MENTION_TYPE" : "NONE",
      "SIRE_MENTION_CLASS" : "SPC"
    },
    "type" : "Sensitsu",
    "begin" : 186,
    "end" : 190,
    "inCoref" : false
  }, {
    "id" : "s3-m0",
    "properties" : {
      "SIRE_MENTION_TYPE" : "NONE",
      "SIRE_MENTION_CLASS" : "SPC",
      "SIRE_MENTION_ROLE" : "Sensitsu",
      "SIRE_ENTITY_SUBTYPE" : "NONE"
    },
    "type" : "Sensitsu",
    "begin" : 217,
    "end" : 221,
    "inCoref" : false
  } ],
  "relations" : [ {
    "id" : "s3-r1",
    "properties" : { },
    "type" : "hasAttribute",
    "args" : [ "s3-m3", "s3-m2" ]
  }, {
    "id" : "s3-r2",
    "properties" : { },
    "type" : "hasAttribute",
    "args" : [ "s3-m3", "s3-m0" ]
  } ],
  "corefs" : [ {
    "id" : "c1",
    "properties" : { },
    "mentions" : [ "s0-m1", "s1-m1", "s3-m3" ]
  } ],
  "typeResolved" : true,
  "userResolved" : false
}