{
  "id" : "708577b0-c18f-11e9-8fb4-852e09b427fc-8",
  "name" : "白川郷平瀬温泉国民保養温泉地計画書",
  "createdDate" : 0,
  "version" : 3,
  "text" : "白川郷平瀬温泉（面積 171.47 ㌶）は、白川村の南端、白山国立公園の東部に所在して おり、白川村平瀬地区、長瀬地区、木谷地区、大白川地区のうち、位置図に示す地域で 構成されている。 泉質は含硫黄-ナトリウム-塩化物泉に分類され、皮膚病やリユウマチ、冷え症などに 効用があるとされており、登山客や地元農家の休養の場として利用されてきた。また、 昔から伝わる伝承から、子供に恵まれる「子宝の湯」としても知られており、地元のみ ならず、内外の利用者に親しまれている。\n",
  "docLength" : 0,
  "language" : "JA",
  "status" : "IN_PROGRESS",
  "modifiedDate" : 1566118073505,
  "documentSet" : [ ],
  "preannotation" : [ "PRE_LW" ],
  "sentences" : [ {
    "id" : "s0",
    "begin" : 0,
    "end" : 92,
    "text" : "白川郷平瀬温泉（面積 171.47 ㌶）は、白川村の南端、白山国立公園の東部に所在して おり、白川村平瀬地区、長瀬地区、木谷地区、大白川地区のうち、位置図に示す地域で 構成されている。",
    "tokens" : [ {
      "id" : "s0-t0",
      "begin" : 0,
      "end" : 2,
      "text" : "白川",
      "whiteSpace" : false
    }, {
      "id" : "s0-t1",
      "begin" : 2,
      "end" : 5,
      "text" : "郷平瀬",
      "whiteSpace" : false
    }, {
      "id" : "s0-t2",
      "begin" : 5,
      "end" : 7,
      "text" : "温泉",
      "whiteSpace" : false
    }, {
      "id" : "s0-t3",
      "begin" : 7,
      "end" : 8,
      "text" : "（",
      "whiteSpace" : false
    }, {
      "id" : "s0-t4",
      "begin" : 8,
      "end" : 10,
      "text" : "面積",
      "whiteSpace" : false
    }, {
      "id" : "s0-t5",
      "begin" : 11,
      "end" : 17,
      "text" : "171.47",
      "whiteSpace" : false
    }, {
      "id" : "s0-t6",
      "begin" : 18,
      "end" : 19,
      "text" : "㌶",
      "whiteSpace" : false
    }, {
      "id" : "s0-t7",
      "begin" : 19,
      "end" : 20,
      "text" : "）",
      "whiteSpace" : false
    }, {
      "id" : "s0-t8",
      "begin" : 20,
      "end" : 21,
      "text" : "は",
      "whiteSpace" : false
    }, {
      "id" : "s0-t9",
      "begin" : 21,
      "end" : 22,
      "text" : "、",
      "whiteSpace" : false
    }, {
      "id" : "s0-t10",
      "begin" : 22,
      "end" : 24,
      "text" : "白川",
      "whiteSpace" : false
    }, {
      "id" : "s0-t11",
      "begin" : 24,
      "end" : 25,
      "text" : "村",
      "whiteSpace" : false
    }, {
      "id" : "s0-t12",
      "begin" : 25,
      "end" : 26,
      "text" : "の",
      "whiteSpace" : false
    }, {
      "id" : "s0-t13",
      "begin" : 26,
      "end" : 28,
      "text" : "南端",
      "whiteSpace" : false
    }, {
      "id" : "s0-t14",
      "begin" : 28,
      "end" : 29,
      "text" : "、",
      "whiteSpace" : false
    }, {
      "id" : "s0-t15",
      "begin" : 29,
      "end" : 31,
      "text" : "白山",
      "whiteSpace" : false
    }, {
      "id" : "s0-t16",
      "begin" : 31,
      "end" : 33,
      "text" : "国立",
      "whiteSpace" : false
    }, {
      "id" : "s0-t17",
      "begin" : 33,
      "end" : 35,
      "text" : "公園",
      "whiteSpace" : false
    }, {
      "id" : "s0-t18",
      "begin" : 35,
      "end" : 36,
      "text" : "の",
      "whiteSpace" : false
    }, {
      "id" : "s0-t19",
      "begin" : 36,
      "end" : 38,
      "text" : "東部",
      "whiteSpace" : false
    }, {
      "id" : "s0-t20",
      "begin" : 38,
      "end" : 39,
      "text" : "に",
      "whiteSpace" : false
    }, {
      "id" : "s0-t21",
      "begin" : 39,
      "end" : 41,
      "text" : "所在",
      "whiteSpace" : false
    }, {
      "id" : "s0-t22",
      "begin" : 41,
      "end" : 43,
      "text" : "して",
      "whiteSpace" : false
    }, {
      "id" : "s0-t23",
      "begin" : 44,
      "end" : 46,
      "text" : "おり",
      "whiteSpace" : false
    }, {
      "id" : "s0-t24",
      "begin" : 46,
      "end" : 47,
      "text" : "、",
      "whiteSpace" : false
    }, {
      "id" : "s0-t25",
      "begin" : 47,
      "end" : 49,
      "text" : "白川",
      "whiteSpace" : false
    }, {
      "id" : "s0-t26",
      "begin" : 49,
      "end" : 50,
      "text" : "村",
      "whiteSpace" : false
    }, {
      "id" : "s0-t27",
      "begin" : 50,
      "end" : 52,
      "text" : "平瀬",
      "whiteSpace" : false
    }, {
      "id" : "s0-t28",
      "begin" : 52,
      "end" : 54,
      "text" : "地区",
      "whiteSpace" : false
    }, {
      "id" : "s0-t29",
      "begin" : 54,
      "end" : 55,
      "text" : "、",
      "whiteSpace" : false
    }, {
      "id" : "s0-t30",
      "begin" : 55,
      "end" : 57,
      "text" : "長瀬",
      "whiteSpace" : false
    }, {
      "id" : "s0-t31",
      "begin" : 57,
      "end" : 59,
      "text" : "地区",
      "whiteSpace" : false
    }, {
      "id" : "s0-t32",
      "begin" : 59,
      "end" : 60,
      "text" : "、",
      "whiteSpace" : false
    }, {
      "id" : "s0-t33",
      "begin" : 60,
      "end" : 62,
      "text" : "木谷",
      "whiteSpace" : false
    }, {
      "id" : "s0-t34",
      "begin" : 62,
      "end" : 64,
      "text" : "地区",
      "whiteSpace" : false
    }, {
      "id" : "s0-t35",
      "begin" : 64,
      "end" : 65,
      "text" : "、",
      "whiteSpace" : false
    }, {
      "id" : "s0-t36",
      "begin" : 65,
      "end" : 66,
      "text" : "大",
      "whiteSpace" : false
    }, {
      "id" : "s0-t37",
      "begin" : 66,
      "end" : 68,
      "text" : "白川",
      "whiteSpace" : false
    }, {
      "id" : "s0-t38",
      "begin" : 68,
      "end" : 70,
      "text" : "地区",
      "whiteSpace" : false
    }, {
      "id" : "s0-t39",
      "begin" : 70,
      "end" : 71,
      "text" : "の",
      "whiteSpace" : false
    }, {
      "id" : "s0-t40",
      "begin" : 71,
      "end" : 73,
      "text" : "うち",
      "whiteSpace" : false
    }, {
      "id" : "s0-t41",
      "begin" : 73,
      "end" : 74,
      "text" : "、",
      "whiteSpace" : false
    }, {
      "id" : "s0-t42",
      "begin" : 74,
      "end" : 76,
      "text" : "位置",
      "whiteSpace" : false
    }, {
      "id" : "s0-t43",
      "begin" : 76,
      "end" : 77,
      "text" : "図",
      "whiteSpace" : false
    }, {
      "id" : "s0-t44",
      "begin" : 77,
      "end" : 78,
      "text" : "に",
      "whiteSpace" : false
    }, {
      "id" : "s0-t45",
      "begin" : 78,
      "end" : 80,
      "text" : "示す",
      "whiteSpace" : false
    }, {
      "id" : "s0-t46",
      "begin" : 80,
      "end" : 82,
      "text" : "地域",
      "whiteSpace" : false
    }, {
      "id" : "s0-t47",
      "begin" : 82,
      "end" : 83,
      "text" : "で",
      "whiteSpace" : false
    }, {
      "id" : "s0-t48",
      "begin" : 84,
      "end" : 86,
      "text" : "構成",
      "whiteSpace" : false
    }, {
      "id" : "s0-t49",
      "begin" : 86,
      "end" : 87,
      "text" : "さ",
      "whiteSpace" : false
    }, {
      "id" : "s0-t50",
      "begin" : 87,
      "end" : 89,
      "text" : "れて",
      "whiteSpace" : false
    }, {
      "id" : "s0-t51",
      "begin" : 89,
      "end" : 91,
      "text" : "いる",
      "whiteSpace" : false
    }, {
      "id" : "s0-t52",
      "begin" : 91,
      "end" : 92,
      "text" : "。",
      "whiteSpace" : false
    } ]
  }, {
    "id" : "s1",
    "begin" : 93,
    "end" : 169,
    "text" : "泉質は含硫黄-ナトリウム-塩化物泉に分類され、皮膚病やリユウマチ、冷え症などに 効用があるとされており、登山客や地元農家の休養の場として利用されてきた。",
    "tokens" : [ {
      "id" : "s1-t0",
      "begin" : 93,
      "end" : 95,
      "text" : "泉質",
      "whiteSpace" : false
    }, {
      "id" : "s1-t1",
      "begin" : 95,
      "end" : 96,
      "text" : "は",
      "whiteSpace" : false
    }, {
      "id" : "s1-t2",
      "begin" : 96,
      "end" : 97,
      "text" : "含",
      "whiteSpace" : false
    }, {
      "id" : "s1-t3",
      "begin" : 97,
      "end" : 99,
      "text" : "硫黄",
      "whiteSpace" : false
    }, {
      "id" : "s1-t4",
      "begin" : 99,
      "end" : 100,
      "text" : "-",
      "whiteSpace" : false
    }, {
      "id" : "s1-t5",
      "begin" : 100,
      "end" : 105,
      "text" : "ナトリウム",
      "whiteSpace" : false
    }, {
      "id" : "s1-t6",
      "begin" : 105,
      "end" : 106,
      "text" : "-",
      "whiteSpace" : false
    }, {
      "id" : "s1-t7",
      "begin" : 106,
      "end" : 108,
      "text" : "塩化",
      "whiteSpace" : false
    }, {
      "id" : "s1-t8",
      "begin" : 108,
      "end" : 110,
      "text" : "物泉",
      "whiteSpace" : false
    }, {
      "id" : "s1-t9",
      "begin" : 110,
      "end" : 111,
      "text" : "に",
      "whiteSpace" : false
    }, {
      "id" : "s1-t10",
      "begin" : 111,
      "end" : 113,
      "text" : "分類",
      "whiteSpace" : false
    }, {
      "id" : "s1-t11",
      "begin" : 113,
      "end" : 114,
      "text" : "さ",
      "whiteSpace" : false
    }, {
      "id" : "s1-t12",
      "begin" : 114,
      "end" : 115,
      "text" : "れ",
      "whiteSpace" : false
    }, {
      "id" : "s1-t13",
      "begin" : 115,
      "end" : 116,
      "text" : "、",
      "whiteSpace" : false
    }, {
      "id" : "s1-t14",
      "begin" : 116,
      "end" : 118,
      "text" : "皮膚",
      "whiteSpace" : false
    }, {
      "id" : "s1-t15",
      "begin" : 118,
      "end" : 119,
      "text" : "病",
      "whiteSpace" : false
    }, {
      "id" : "s1-t16",
      "begin" : 119,
      "end" : 120,
      "text" : "や",
      "whiteSpace" : false
    }, {
      "id" : "s1-t17",
      "begin" : 120,
      "end" : 125,
      "text" : "リユウマチ",
      "whiteSpace" : false
    }, {
      "id" : "s1-t18",
      "begin" : 125,
      "end" : 126,
      "text" : "、",
      "whiteSpace" : false
    }, {
      "id" : "s1-t19",
      "begin" : 126,
      "end" : 129,
      "text" : "冷え症",
      "whiteSpace" : false
    }, {
      "id" : "s1-t20",
      "begin" : 129,
      "end" : 131,
      "text" : "など",
      "whiteSpace" : false
    }, {
      "id" : "s1-t21",
      "begin" : 131,
      "end" : 132,
      "text" : "に",
      "whiteSpace" : false
    }, {
      "id" : "s1-t22",
      "begin" : 133,
      "end" : 135,
      "text" : "効用",
      "whiteSpace" : false
    }, {
      "id" : "s1-t23",
      "begin" : 135,
      "end" : 136,
      "text" : "が",
      "whiteSpace" : false
    }, {
      "id" : "s1-t24",
      "begin" : 136,
      "end" : 138,
      "text" : "ある",
      "whiteSpace" : false
    }, {
      "id" : "s1-t25",
      "begin" : 138,
      "end" : 139,
      "text" : "と",
      "whiteSpace" : false
    }, {
      "id" : "s1-t26",
      "begin" : 139,
      "end" : 140,
      "text" : "さ",
      "whiteSpace" : false
    }, {
      "id" : "s1-t27",
      "begin" : 140,
      "end" : 142,
      "text" : "れて",
      "whiteSpace" : false
    }, {
      "id" : "s1-t28",
      "begin" : 142,
      "end" : 144,
      "text" : "おり",
      "whiteSpace" : false
    }, {
      "id" : "s1-t29",
      "begin" : 144,
      "end" : 145,
      "text" : "、",
      "whiteSpace" : false
    }, {
      "id" : "s1-t30",
      "begin" : 145,
      "end" : 147,
      "text" : "登山",
      "whiteSpace" : false
    }, {
      "id" : "s1-t31",
      "begin" : 147,
      "end" : 148,
      "text" : "客",
      "whiteSpace" : false
    }, {
      "id" : "s1-t32",
      "begin" : 148,
      "end" : 149,
      "text" : "や",
      "whiteSpace" : false
    }, {
      "id" : "s1-t33",
      "begin" : 149,
      "end" : 151,
      "text" : "地元",
      "whiteSpace" : false
    }, {
      "id" : "s1-t34",
      "begin" : 151,
      "end" : 153,
      "text" : "農家",
      "whiteSpace" : false
    }, {
      "id" : "s1-t35",
      "begin" : 153,
      "end" : 154,
      "text" : "の",
      "whiteSpace" : false
    }, {
      "id" : "s1-t36",
      "begin" : 154,
      "end" : 156,
      "text" : "休養",
      "whiteSpace" : false
    }, {
      "id" : "s1-t37",
      "begin" : 156,
      "end" : 157,
      "text" : "の",
      "whiteSpace" : false
    }, {
      "id" : "s1-t38",
      "begin" : 157,
      "end" : 158,
      "text" : "場",
      "whiteSpace" : false
    }, {
      "id" : "s1-t39",
      "begin" : 158,
      "end" : 159,
      "text" : "と",
      "whiteSpace" : false
    }, {
      "id" : "s1-t40",
      "begin" : 159,
      "end" : 161,
      "text" : "して",
      "whiteSpace" : false
    }, {
      "id" : "s1-t41",
      "begin" : 161,
      "end" : 163,
      "text" : "利用",
      "whiteSpace" : false
    }, {
      "id" : "s1-t42",
      "begin" : 163,
      "end" : 164,
      "text" : "さ",
      "whiteSpace" : false
    }, {
      "id" : "s1-t43",
      "begin" : 164,
      "end" : 166,
      "text" : "れて",
      "whiteSpace" : false
    }, {
      "id" : "s1-t44",
      "begin" : 166,
      "end" : 168,
      "text" : "きた",
      "whiteSpace" : false
    }, {
      "id" : "s1-t45",
      "begin" : 168,
      "end" : 169,
      "text" : "。",
      "whiteSpace" : false
    } ]
  }, {
    "id" : "s2",
    "begin" : 169,
    "end" : 232,
    "text" : "また、 昔から伝わる伝承から、子供に恵まれる「子宝の湯」としても知られており、地元のみ ならず、内外の利用者に親しまれている。",
    "tokens" : [ {
      "id" : "s2-t0",
      "begin" : 169,
      "end" : 171,
      "text" : "また",
      "whiteSpace" : false
    }, {
      "id" : "s2-t1",
      "begin" : 171,
      "end" : 172,
      "text" : "、",
      "whiteSpace" : false
    }, {
      "id" : "s2-t2",
      "begin" : 173,
      "end" : 174,
      "text" : "昔",
      "whiteSpace" : false
    }, {
      "id" : "s2-t3",
      "begin" : 174,
      "end" : 176,
      "text" : "から",
      "whiteSpace" : false
    }, {
      "id" : "s2-t4",
      "begin" : 176,
      "end" : 179,
      "text" : "伝わる",
      "whiteSpace" : false
    }, {
      "id" : "s2-t5",
      "begin" : 179,
      "end" : 181,
      "text" : "伝承",
      "whiteSpace" : false
    }, {
      "id" : "s2-t6",
      "begin" : 181,
      "end" : 183,
      "text" : "から",
      "whiteSpace" : false
    }, {
      "id" : "s2-t7",
      "begin" : 183,
      "end" : 184,
      "text" : "、",
      "whiteSpace" : false
    }, {
      "id" : "s2-t8",
      "begin" : 184,
      "end" : 186,
      "text" : "子供",
      "whiteSpace" : false
    }, {
      "id" : "s2-t9",
      "begin" : 186,
      "end" : 187,
      "text" : "に",
      "whiteSpace" : false
    }, {
      "id" : "s2-t10",
      "begin" : 187,
      "end" : 191,
      "text" : "恵まれる",
      "whiteSpace" : false
    }, {
      "id" : "s2-t11",
      "begin" : 191,
      "end" : 192,
      "text" : "「",
      "whiteSpace" : false
    }, {
      "id" : "s2-t12",
      "begin" : 192,
      "end" : 194,
      "text" : "子宝",
      "whiteSpace" : false
    }, {
      "id" : "s2-t13",
      "begin" : 194,
      "end" : 195,
      "text" : "の",
      "whiteSpace" : false
    }, {
      "id" : "s2-t14",
      "begin" : 195,
      "end" : 196,
      "text" : "湯",
      "whiteSpace" : false
    }, {
      "id" : "s2-t15",
      "begin" : 196,
      "end" : 197,
      "text" : "」",
      "whiteSpace" : false
    }, {
      "id" : "s2-t16",
      "begin" : 197,
      "end" : 198,
      "text" : "と",
      "whiteSpace" : false
    }, {
      "id" : "s2-t17",
      "begin" : 198,
      "end" : 200,
      "text" : "して",
      "whiteSpace" : false
    }, {
      "id" : "s2-t18",
      "begin" : 200,
      "end" : 201,
      "text" : "も",
      "whiteSpace" : false
    }, {
      "id" : "s2-t19",
      "begin" : 201,
      "end" : 203,
      "text" : "知ら",
      "whiteSpace" : false
    }, {
      "id" : "s2-t20",
      "begin" : 203,
      "end" : 205,
      "text" : "れて",
      "whiteSpace" : false
    }, {
      "id" : "s2-t21",
      "begin" : 205,
      "end" : 207,
      "text" : "おり",
      "whiteSpace" : false
    }, {
      "id" : "s2-t22",
      "begin" : 207,
      "end" : 208,
      "text" : "、",
      "whiteSpace" : false
    }, {
      "id" : "s2-t23",
      "begin" : 208,
      "end" : 210,
      "text" : "地元",
      "whiteSpace" : false
    }, {
      "id" : "s2-t24",
      "begin" : 210,
      "end" : 212,
      "text" : "のみ",
      "whiteSpace" : false
    }, {
      "id" : "s2-t25",
      "begin" : 213,
      "end" : 215,
      "text" : "なら",
      "whiteSpace" : false
    }, {
      "id" : "s2-t26",
      "begin" : 215,
      "end" : 216,
      "text" : "ず",
      "whiteSpace" : false
    }, {
      "id" : "s2-t27",
      "begin" : 216,
      "end" : 217,
      "text" : "、",
      "whiteSpace" : false
    }, {
      "id" : "s2-t28",
      "begin" : 217,
      "end" : 219,
      "text" : "内外",
      "whiteSpace" : false
    }, {
      "id" : "s2-t29",
      "begin" : 219,
      "end" : 220,
      "text" : "の",
      "whiteSpace" : false
    }, {
      "id" : "s2-t30",
      "begin" : 220,
      "end" : 222,
      "text" : "利用",
      "whiteSpace" : false
    }, {
      "id" : "s2-t31",
      "begin" : 222,
      "end" : 223,
      "text" : "者",
      "whiteSpace" : false
    }, {
      "id" : "s2-t32",
      "begin" : 223,
      "end" : 224,
      "text" : "に",
      "whiteSpace" : false
    }, {
      "id" : "s2-t33",
      "begin" : 224,
      "end" : 227,
      "text" : "親しま",
      "whiteSpace" : false
    }, {
      "id" : "s2-t34",
      "begin" : 227,
      "end" : 229,
      "text" : "れて",
      "whiteSpace" : false
    }, {
      "id" : "s2-t35",
      "begin" : 229,
      "end" : 231,
      "text" : "いる",
      "whiteSpace" : false
    }, {
      "id" : "s2-t36",
      "begin" : 231,
      "end" : 232,
      "text" : "。",
      "whiteSpace" : false
    } ]
  } ],
  "mentions" : [ {
    "id" : "s0-m1",
    "properties" : {
      "SIRE_MENTION_ROLE" : "ONSEN",
      "SIRE_ENTITY_SUBTYPE" : "NONE",
      "SIRE_MENTION_TYPE" : "NONE",
      "SIRE_MENTION_CLASS" : "SPC"
    },
    "type" : "ONSEN",
    "begin" : 0,
    "end" : 7,
    "inCoref" : true
  }, {
    "id" : "s1-m0",
    "properties" : {
      "SIRE_MENTION_TYPE" : "NONE",
      "SIRE_MENTION_CLASS" : "SPC",
      "SIRE_MENTION_ROLE" : "Sensitsu",
      "SIRE_ENTITY_SUBTYPE" : "NONE"
    },
    "type" : "Sensitsu",
    "begin" : 96,
    "end" : 110,
    "inCoref" : false
  }, {
    "id" : "s1-m2",
    "properties" : {
      "SIRE_MENTION_ROLE" : "Tekiou",
      "SIRE_ENTITY_SUBTYPE" : "NONE",
      "SIRE_MENTION_TYPE" : "NONE",
      "SIRE_MENTION_CLASS" : "SPC"
    },
    "type" : "Tekiou",
    "begin" : 116,
    "end" : 119,
    "inCoref" : false
  }, {
    "id" : "s1-m3",
    "properties" : {
      "SIRE_MENTION_ROLE" : "Tekiou",
      "SIRE_ENTITY_SUBTYPE" : "NONE",
      "SIRE_MENTION_TYPE" : "NONE",
      "SIRE_MENTION_CLASS" : "SPC"
    },
    "type" : "Tekiou",
    "begin" : 120,
    "end" : 125,
    "inCoref" : false
  }, {
    "id" : "s1-m4",
    "properties" : {
      "SIRE_MENTION_ROLE" : "Tekiou",
      "SIRE_ENTITY_SUBTYPE" : "NONE",
      "SIRE_MENTION_TYPE" : "NONE",
      "SIRE_MENTION_CLASS" : "SPC"
    },
    "type" : "Tekiou",
    "begin" : 126,
    "end" : 129,
    "inCoref" : false
  }, {
    "id" : "s2-m1",
    "properties" : {
      "SIRE_MENTION_ROLE" : "ONSEN",
      "SIRE_ENTITY_SUBTYPE" : "NONE",
      "SIRE_MENTION_TYPE" : "NONE",
      "SIRE_MENTION_CLASS" : "SPC"
    },
    "type" : "ONSEN",
    "begin" : 192,
    "end" : 196,
    "inCoref" : true
  } ],
  "relations" : [ {
    "id" : "s1-r1",
    "properties" : { },
    "type" : "targetCase",
    "args" : [ "s1-m0", "s1-m2" ]
  }, {
    "id" : "s1-r2",
    "properties" : { },
    "type" : "targetCase",
    "args" : [ "s1-m0", "s1-m3" ]
  }, {
    "id" : "s1-r3",
    "properties" : { },
    "type" : "targetCase",
    "args" : [ "s1-m0", "s1-m4" ]
  } ],
  "corefs" : [ {
    "id" : "c1",
    "properties" : { },
    "mentions" : [ "s0-m1", "s2-m1" ]
  } ],
  "typeResolved" : true,
  "userResolved" : false
}