{
  "id" : "708577b0-c18f-11e9-8fb4-852e09b427fc-9",
  "name" : "十津川温泉 国民保養温泉地計画書",
  "createdDate" : 0,
  "version" : 3,
  "text" : "十津川温泉は、元禄年間に炭焼き職人が発見 したと云われている大字平谷地内の下湯を源泉 とし、村内で最も多くの宿泊施設や商店が集ま る二津野ダム湖畔沿いの温泉。 十津川温泉の泉質はナトリウム‐炭酸水素塩 泉で、９軒の宿泊施設、３軒の公衆浴場、その 他医療機関や介護施設等にも給湯しており、全 国でも珍しい温泉を活用したプールや、奈良県 第１号の飲泉場を有している。\n上湯温泉は、十津川温泉より和歌山県田辺市龍神村に向かう大字出谷地内の上湯川上流に湧出しており、享保年間に里人が見つけたと云われる大自然の中に静かに開ける秘湯。\n上湯温泉の泉質は含硫黄‐ナトリウム‐炭酸水素塩泉で、１軒の温泉旅館で利用されており、上湯川の川の流れの中にも温泉が湧き出ている。\n",
  "docLength" : 0,
  "language" : "JA",
  "status" : "IN_PROGRESS",
  "modifiedDate" : 1567851576360,
  "documentSet" : [ ],
  "preannotation" : [ "PRE_LW" ],
  "sentences" : [ {
    "id" : "s0",
    "begin" : 0,
    "end" : 79,
    "text" : "十津川温泉は、元禄年間に炭焼き職人が発見 したと云われている大字平谷地内の下湯を源泉 とし、村内で最も多くの宿泊施設や商店が集ま る二津野ダム湖畔沿いの温泉。",
    "tokens" : [ {
      "id" : "s0-t0",
      "begin" : 0,
      "end" : 3,
      "text" : "十津川",
      "whiteSpace" : false
    }, {
      "id" : "s0-t1",
      "begin" : 3,
      "end" : 5,
      "text" : "温泉",
      "whiteSpace" : false
    }, {
      "id" : "s0-t2",
      "begin" : 5,
      "end" : 6,
      "text" : "は",
      "whiteSpace" : false
    }, {
      "id" : "s0-t3",
      "begin" : 6,
      "end" : 7,
      "text" : "、",
      "whiteSpace" : false
    }, {
      "id" : "s0-t4",
      "begin" : 7,
      "end" : 9,
      "text" : "元禄",
      "whiteSpace" : false
    }, {
      "id" : "s0-t5",
      "begin" : 9,
      "end" : 11,
      "text" : "年間",
      "whiteSpace" : false
    }, {
      "id" : "s0-t6",
      "begin" : 11,
      "end" : 12,
      "text" : "に",
      "whiteSpace" : false
    }, {
      "id" : "s0-t7",
      "begin" : 12,
      "end" : 15,
      "text" : "炭焼き",
      "whiteSpace" : false
    }, {
      "id" : "s0-t8",
      "begin" : 15,
      "end" : 17,
      "text" : "職人",
      "whiteSpace" : false
    }, {
      "id" : "s0-t9",
      "begin" : 17,
      "end" : 18,
      "text" : "が",
      "whiteSpace" : false
    }, {
      "id" : "s0-t10",
      "begin" : 18,
      "end" : 20,
      "text" : "発見",
      "whiteSpace" : false
    }, {
      "id" : "s0-t11",
      "begin" : 21,
      "end" : 23,
      "text" : "した",
      "whiteSpace" : false
    }, {
      "id" : "s0-t12",
      "begin" : 23,
      "end" : 24,
      "text" : "と",
      "whiteSpace" : false
    }, {
      "id" : "s0-t13",
      "begin" : 24,
      "end" : 26,
      "text" : "云わ",
      "whiteSpace" : false
    }, {
      "id" : "s0-t14",
      "begin" : 26,
      "end" : 28,
      "text" : "れて",
      "whiteSpace" : false
    }, {
      "id" : "s0-t15",
      "begin" : 28,
      "end" : 30,
      "text" : "いる",
      "whiteSpace" : false
    }, {
      "id" : "s0-t16",
      "begin" : 30,
      "end" : 32,
      "text" : "大字",
      "whiteSpace" : false
    }, {
      "id" : "s0-t17",
      "begin" : 32,
      "end" : 34,
      "text" : "平谷",
      "whiteSpace" : false
    }, {
      "id" : "s0-t18",
      "begin" : 34,
      "end" : 35,
      "text" : "地",
      "whiteSpace" : false
    }, {
      "id" : "s0-t19",
      "begin" : 35,
      "end" : 36,
      "text" : "内",
      "whiteSpace" : false
    }, {
      "id" : "s0-t20",
      "begin" : 36,
      "end" : 37,
      "text" : "の",
      "whiteSpace" : false
    }, {
      "id" : "s0-t21",
      "begin" : 37,
      "end" : 39,
      "text" : "下湯",
      "whiteSpace" : false
    }, {
      "id" : "s0-t22",
      "begin" : 39,
      "end" : 40,
      "text" : "を",
      "whiteSpace" : false
    }, {
      "id" : "s0-t23",
      "begin" : 40,
      "end" : 42,
      "text" : "源泉",
      "whiteSpace" : false
    }, {
      "id" : "s0-t24",
      "begin" : 43,
      "end" : 44,
      "text" : "と",
      "whiteSpace" : false
    }, {
      "id" : "s0-t25",
      "begin" : 44,
      "end" : 45,
      "text" : "し",
      "whiteSpace" : false
    }, {
      "id" : "s0-t26",
      "begin" : 45,
      "end" : 46,
      "text" : "、",
      "whiteSpace" : false
    }, {
      "id" : "s0-t27",
      "begin" : 46,
      "end" : 47,
      "text" : "村",
      "whiteSpace" : false
    }, {
      "id" : "s0-t28",
      "begin" : 47,
      "end" : 48,
      "text" : "内",
      "whiteSpace" : false
    }, {
      "id" : "s0-t29",
      "begin" : 48,
      "end" : 49,
      "text" : "で",
      "whiteSpace" : false
    }, {
      "id" : "s0-t30",
      "begin" : 49,
      "end" : 51,
      "text" : "最も",
      "whiteSpace" : false
    }, {
      "id" : "s0-t31",
      "begin" : 51,
      "end" : 53,
      "text" : "多く",
      "whiteSpace" : false
    }, {
      "id" : "s0-t32",
      "begin" : 53,
      "end" : 54,
      "text" : "の",
      "whiteSpace" : false
    }, {
      "id" : "s0-t33",
      "begin" : 54,
      "end" : 56,
      "text" : "宿泊",
      "whiteSpace" : false
    }, {
      "id" : "s0-t34",
      "begin" : 56,
      "end" : 58,
      "text" : "施設",
      "whiteSpace" : false
    }, {
      "id" : "s0-t35",
      "begin" : 58,
      "end" : 59,
      "text" : "や",
      "whiteSpace" : false
    }, {
      "id" : "s0-t36",
      "begin" : 59,
      "end" : 61,
      "text" : "商店",
      "whiteSpace" : false
    }, {
      "id" : "s0-t37",
      "begin" : 61,
      "end" : 62,
      "text" : "が",
      "whiteSpace" : false
    }, {
      "id" : "s0-t38",
      "begin" : 62,
      "end" : 64,
      "text" : "集ま",
      "whiteSpace" : false
    }, {
      "id" : "s0-t39",
      "begin" : 65,
      "end" : 66,
      "text" : "る",
      "whiteSpace" : false
    }, {
      "id" : "s0-t40",
      "begin" : 66,
      "end" : 69,
      "text" : "二津野",
      "whiteSpace" : false
    }, {
      "id" : "s0-t41",
      "begin" : 69,
      "end" : 71,
      "text" : "ダム",
      "whiteSpace" : false
    }, {
      "id" : "s0-t42",
      "begin" : 71,
      "end" : 73,
      "text" : "湖畔",
      "whiteSpace" : false
    }, {
      "id" : "s0-t43",
      "begin" : 73,
      "end" : 75,
      "text" : "沿い",
      "whiteSpace" : false
    }, {
      "id" : "s0-t44",
      "begin" : 75,
      "end" : 76,
      "text" : "の",
      "whiteSpace" : false
    }, {
      "id" : "s0-t45",
      "begin" : 76,
      "end" : 78,
      "text" : "温泉",
      "whiteSpace" : false
    }, {
      "id" : "s0-t46",
      "begin" : 78,
      "end" : 79,
      "text" : "。",
      "whiteSpace" : false
    } ]
  }, {
    "id" : "s1",
    "begin" : 80,
    "end" : 181,
    "text" : "十津川温泉の泉質はナトリウム‐炭酸水素塩 泉で、９軒の宿泊施設、３軒の公衆浴場、その 他医療機関や介護施設等にも給湯しており、全 国でも珍しい温泉を活用したプールや、奈良県 第１号の飲泉場を有している。",
    "tokens" : [ {
      "id" : "s1-t0",
      "begin" : 80,
      "end" : 83,
      "text" : "十津川",
      "whiteSpace" : false
    }, {
      "id" : "s1-t1",
      "begin" : 83,
      "end" : 85,
      "text" : "温泉",
      "whiteSpace" : false
    }, {
      "id" : "s1-t2",
      "begin" : 85,
      "end" : 86,
      "text" : "の",
      "whiteSpace" : false
    }, {
      "id" : "s1-t3",
      "begin" : 86,
      "end" : 88,
      "text" : "泉質",
      "whiteSpace" : false
    }, {
      "id" : "s1-t4",
      "begin" : 88,
      "end" : 89,
      "text" : "は",
      "whiteSpace" : false
    }, {
      "id" : "s1-t5",
      "begin" : 89,
      "end" : 94,
      "text" : "ナトリウム",
      "whiteSpace" : false
    }, {
      "id" : "s1-t6",
      "begin" : 94,
      "end" : 95,
      "text" : "‐",
      "whiteSpace" : false
    }, {
      "id" : "s1-t7",
      "begin" : 95,
      "end" : 97,
      "text" : "炭酸",
      "whiteSpace" : false
    }, {
      "id" : "s1-t8",
      "begin" : 97,
      "end" : 99,
      "text" : "水素",
      "whiteSpace" : false
    }, {
      "id" : "s1-t9",
      "begin" : 99,
      "end" : 100,
      "text" : "塩",
      "whiteSpace" : false
    }, {
      "id" : "s1-t10",
      "begin" : 101,
      "end" : 102,
      "text" : "泉",
      "whiteSpace" : false
    }, {
      "id" : "s1-t11",
      "begin" : 102,
      "end" : 103,
      "text" : "で",
      "whiteSpace" : false
    }, {
      "id" : "s1-t12",
      "begin" : 103,
      "end" : 104,
      "text" : "、",
      "whiteSpace" : false
    }, {
      "id" : "s1-t13",
      "begin" : 104,
      "end" : 105,
      "text" : "９",
      "whiteSpace" : false
    }, {
      "id" : "s1-t14",
      "begin" : 105,
      "end" : 106,
      "text" : "軒",
      "whiteSpace" : false
    }, {
      "id" : "s1-t15",
      "begin" : 106,
      "end" : 107,
      "text" : "の",
      "whiteSpace" : false
    }, {
      "id" : "s1-t16",
      "begin" : 107,
      "end" : 109,
      "text" : "宿泊",
      "whiteSpace" : false
    }, {
      "id" : "s1-t17",
      "begin" : 109,
      "end" : 111,
      "text" : "施設",
      "whiteSpace" : false
    }, {
      "id" : "s1-t18",
      "begin" : 111,
      "end" : 112,
      "text" : "、",
      "whiteSpace" : false
    }, {
      "id" : "s1-t19",
      "begin" : 112,
      "end" : 113,
      "text" : "３",
      "whiteSpace" : false
    }, {
      "id" : "s1-t20",
      "begin" : 113,
      "end" : 114,
      "text" : "軒",
      "whiteSpace" : false
    }, {
      "id" : "s1-t21",
      "begin" : 114,
      "end" : 115,
      "text" : "の",
      "whiteSpace" : false
    }, {
      "id" : "s1-t22",
      "begin" : 115,
      "end" : 117,
      "text" : "公衆",
      "whiteSpace" : false
    }, {
      "id" : "s1-t23",
      "begin" : 117,
      "end" : 119,
      "text" : "浴場",
      "whiteSpace" : false
    }, {
      "id" : "s1-t24",
      "begin" : 119,
      "end" : 120,
      "text" : "、",
      "whiteSpace" : false
    }, {
      "id" : "s1-t25",
      "begin" : 120,
      "end" : 122,
      "text" : "その",
      "whiteSpace" : false
    }, {
      "id" : "s1-t26",
      "begin" : 123,
      "end" : 124,
      "text" : "他",
      "whiteSpace" : false
    }, {
      "id" : "s1-t27",
      "begin" : 124,
      "end" : 126,
      "text" : "医療",
      "whiteSpace" : false
    }, {
      "id" : "s1-t28",
      "begin" : 126,
      "end" : 128,
      "text" : "機関",
      "whiteSpace" : false
    }, {
      "id" : "s1-t29",
      "begin" : 128,
      "end" : 129,
      "text" : "や",
      "whiteSpace" : false
    }, {
      "id" : "s1-t30",
      "begin" : 129,
      "end" : 131,
      "text" : "介護",
      "whiteSpace" : false
    }, {
      "id" : "s1-t31",
      "begin" : 131,
      "end" : 133,
      "text" : "施設",
      "whiteSpace" : false
    }, {
      "id" : "s1-t32",
      "begin" : 133,
      "end" : 134,
      "text" : "等",
      "whiteSpace" : false
    }, {
      "id" : "s1-t33",
      "begin" : 134,
      "end" : 135,
      "text" : "に",
      "whiteSpace" : false
    }, {
      "id" : "s1-t34",
      "begin" : 135,
      "end" : 136,
      "text" : "も",
      "whiteSpace" : false
    }, {
      "id" : "s1-t35",
      "begin" : 136,
      "end" : 138,
      "text" : "給湯",
      "whiteSpace" : false
    }, {
      "id" : "s1-t36",
      "begin" : 138,
      "end" : 140,
      "text" : "して",
      "whiteSpace" : false
    }, {
      "id" : "s1-t37",
      "begin" : 140,
      "end" : 142,
      "text" : "おり",
      "whiteSpace" : false
    }, {
      "id" : "s1-t38",
      "begin" : 142,
      "end" : 143,
      "text" : "、",
      "whiteSpace" : false
    }, {
      "id" : "s1-t39",
      "begin" : 143,
      "end" : 144,
      "text" : "全",
      "whiteSpace" : false
    }, {
      "id" : "s1-t40",
      "begin" : 145,
      "end" : 146,
      "text" : "国",
      "whiteSpace" : false
    }, {
      "id" : "s1-t41",
      "begin" : 146,
      "end" : 148,
      "text" : "でも",
      "whiteSpace" : false
    }, {
      "id" : "s1-t42",
      "begin" : 148,
      "end" : 151,
      "text" : "珍しい",
      "whiteSpace" : false
    }, {
      "id" : "s1-t43",
      "begin" : 151,
      "end" : 153,
      "text" : "温泉",
      "whiteSpace" : false
    }, {
      "id" : "s1-t44",
      "begin" : 153,
      "end" : 154,
      "text" : "を",
      "whiteSpace" : false
    }, {
      "id" : "s1-t45",
      "begin" : 154,
      "end" : 156,
      "text" : "活用",
      "whiteSpace" : false
    }, {
      "id" : "s1-t46",
      "begin" : 156,
      "end" : 158,
      "text" : "した",
      "whiteSpace" : false
    }, {
      "id" : "s1-t47",
      "begin" : 158,
      "end" : 161,
      "text" : "プール",
      "whiteSpace" : false
    }, {
      "id" : "s1-t48",
      "begin" : 161,
      "end" : 162,
      "text" : "や",
      "whiteSpace" : false
    }, {
      "id" : "s1-t49",
      "begin" : 162,
      "end" : 163,
      "text" : "、",
      "whiteSpace" : false
    }, {
      "id" : "s1-t50",
      "begin" : 163,
      "end" : 165,
      "text" : "奈良",
      "whiteSpace" : false
    }, {
      "id" : "s1-t51",
      "begin" : 165,
      "end" : 166,
      "text" : "県",
      "whiteSpace" : false
    }, {
      "id" : "s1-t52",
      "begin" : 167,
      "end" : 168,
      "text" : "第",
      "whiteSpace" : false
    }, {
      "id" : "s1-t53",
      "begin" : 168,
      "end" : 169,
      "text" : "１",
      "whiteSpace" : false
    }, {
      "id" : "s1-t54",
      "begin" : 169,
      "end" : 170,
      "text" : "号",
      "whiteSpace" : false
    }, {
      "id" : "s1-t55",
      "begin" : 170,
      "end" : 171,
      "text" : "の",
      "whiteSpace" : false
    }, {
      "id" : "s1-t56",
      "begin" : 171,
      "end" : 173,
      "text" : "飲泉",
      "whiteSpace" : false
    }, {
      "id" : "s1-t57",
      "begin" : 173,
      "end" : 174,
      "text" : "場",
      "whiteSpace" : false
    }, {
      "id" : "s1-t58",
      "begin" : 174,
      "end" : 175,
      "text" : "を",
      "whiteSpace" : false
    }, {
      "id" : "s1-t59",
      "begin" : 175,
      "end" : 178,
      "text" : "有して",
      "whiteSpace" : false
    }, {
      "id" : "s1-t60",
      "begin" : 178,
      "end" : 180,
      "text" : "いる",
      "whiteSpace" : false
    }, {
      "id" : "s1-t61",
      "begin" : 180,
      "end" : 181,
      "text" : "。",
      "whiteSpace" : false
    } ]
  }, {
    "id" : "s2",
    "begin" : 182,
    "end" : 261,
    "text" : "上湯温泉は、十津川温泉より和歌山県田辺市龍神村に向かう大字出谷地内の上湯川上流に湧出しており、享保年間に里人が見つけたと云われる大自然の中に静かに開ける秘湯。",
    "tokens" : [ {
      "id" : "s2-t0",
      "begin" : 182,
      "end" : 184,
      "text" : "上湯",
      "whiteSpace" : false
    }, {
      "id" : "s2-t1",
      "begin" : 184,
      "end" : 186,
      "text" : "温泉",
      "whiteSpace" : false
    }, {
      "id" : "s2-t2",
      "begin" : 186,
      "end" : 187,
      "text" : "は",
      "whiteSpace" : false
    }, {
      "id" : "s2-t3",
      "begin" : 187,
      "end" : 188,
      "text" : "、",
      "whiteSpace" : false
    }, {
      "id" : "s2-t4",
      "begin" : 188,
      "end" : 191,
      "text" : "十津川",
      "whiteSpace" : false
    }, {
      "id" : "s2-t5",
      "begin" : 191,
      "end" : 193,
      "text" : "温泉",
      "whiteSpace" : false
    }, {
      "id" : "s2-t6",
      "begin" : 193,
      "end" : 195,
      "text" : "より",
      "whiteSpace" : false
    }, {
      "id" : "s2-t7",
      "begin" : 195,
      "end" : 198,
      "text" : "和歌山",
      "whiteSpace" : false
    }, {
      "id" : "s2-t8",
      "begin" : 198,
      "end" : 199,
      "text" : "県",
      "whiteSpace" : false
    }, {
      "id" : "s2-t9",
      "begin" : 199,
      "end" : 201,
      "text" : "田辺",
      "whiteSpace" : false
    }, {
      "id" : "s2-t10",
      "begin" : 201,
      "end" : 202,
      "text" : "市",
      "whiteSpace" : false
    }, {
      "id" : "s2-t11",
      "begin" : 202,
      "end" : 204,
      "text" : "龍神",
      "whiteSpace" : false
    }, {
      "id" : "s2-t12",
      "begin" : 204,
      "end" : 205,
      "text" : "村",
      "whiteSpace" : false
    }, {
      "id" : "s2-t13",
      "begin" : 205,
      "end" : 206,
      "text" : "に",
      "whiteSpace" : false
    }, {
      "id" : "s2-t14",
      "begin" : 206,
      "end" : 209,
      "text" : "向かう",
      "whiteSpace" : false
    }, {
      "id" : "s2-t15",
      "begin" : 209,
      "end" : 211,
      "text" : "大字",
      "whiteSpace" : false
    }, {
      "id" : "s2-t16",
      "begin" : 211,
      "end" : 213,
      "text" : "出谷",
      "whiteSpace" : false
    }, {
      "id" : "s2-t17",
      "begin" : 213,
      "end" : 214,
      "text" : "地",
      "whiteSpace" : false
    }, {
      "id" : "s2-t18",
      "begin" : 214,
      "end" : 215,
      "text" : "内",
      "whiteSpace" : false
    }, {
      "id" : "s2-t19",
      "begin" : 215,
      "end" : 216,
      "text" : "の",
      "whiteSpace" : false
    }, {
      "id" : "s2-t20",
      "begin" : 216,
      "end" : 217,
      "text" : "上",
      "whiteSpace" : false
    }, {
      "id" : "s2-t21",
      "begin" : 217,
      "end" : 219,
      "text" : "湯川",
      "whiteSpace" : false
    }, {
      "id" : "s2-t22",
      "begin" : 219,
      "end" : 221,
      "text" : "上流",
      "whiteSpace" : false
    }, {
      "id" : "s2-t23",
      "begin" : 221,
      "end" : 222,
      "text" : "に",
      "whiteSpace" : false
    }, {
      "id" : "s2-t24",
      "begin" : 222,
      "end" : 224,
      "text" : "湧出",
      "whiteSpace" : false
    }, {
      "id" : "s2-t25",
      "begin" : 224,
      "end" : 226,
      "text" : "して",
      "whiteSpace" : false
    }, {
      "id" : "s2-t26",
      "begin" : 226,
      "end" : 228,
      "text" : "おり",
      "whiteSpace" : false
    }, {
      "id" : "s2-t27",
      "begin" : 228,
      "end" : 229,
      "text" : "、",
      "whiteSpace" : false
    }, {
      "id" : "s2-t28",
      "begin" : 229,
      "end" : 231,
      "text" : "享保",
      "whiteSpace" : false
    }, {
      "id" : "s2-t29",
      "begin" : 231,
      "end" : 233,
      "text" : "年間",
      "whiteSpace" : false
    }, {
      "id" : "s2-t30",
      "begin" : 233,
      "end" : 234,
      "text" : "に",
      "whiteSpace" : false
    }, {
      "id" : "s2-t31",
      "begin" : 234,
      "end" : 236,
      "text" : "里人",
      "whiteSpace" : false
    }, {
      "id" : "s2-t32",
      "begin" : 236,
      "end" : 237,
      "text" : "が",
      "whiteSpace" : false
    }, {
      "id" : "s2-t33",
      "begin" : 237,
      "end" : 241,
      "text" : "見つけた",
      "whiteSpace" : false
    }, {
      "id" : "s2-t34",
      "begin" : 241,
      "end" : 242,
      "text" : "と",
      "whiteSpace" : false
    }, {
      "id" : "s2-t35",
      "begin" : 242,
      "end" : 244,
      "text" : "云わ",
      "whiteSpace" : false
    }, {
      "id" : "s2-t36",
      "begin" : 244,
      "end" : 246,
      "text" : "れる",
      "whiteSpace" : false
    }, {
      "id" : "s2-t37",
      "begin" : 246,
      "end" : 247,
      "text" : "大",
      "whiteSpace" : false
    }, {
      "id" : "s2-t38",
      "begin" : 247,
      "end" : 250,
      "text" : "自然の",
      "whiteSpace" : false
    }, {
      "id" : "s2-t39",
      "begin" : 250,
      "end" : 251,
      "text" : "中",
      "whiteSpace" : false
    }, {
      "id" : "s2-t40",
      "begin" : 251,
      "end" : 252,
      "text" : "に",
      "whiteSpace" : false
    }, {
      "id" : "s2-t41",
      "begin" : 252,
      "end" : 255,
      "text" : "静かに",
      "whiteSpace" : false
    }, {
      "id" : "s2-t42",
      "begin" : 255,
      "end" : 258,
      "text" : "開ける",
      "whiteSpace" : false
    }, {
      "id" : "s2-t43",
      "begin" : 258,
      "end" : 260,
      "text" : "秘湯",
      "whiteSpace" : false
    }, {
      "id" : "s2-t44",
      "begin" : 260,
      "end" : 261,
      "text" : "。",
      "whiteSpace" : false
    } ]
  }, {
    "id" : "s3",
    "begin" : 262,
    "end" : 326,
    "text" : "上湯温泉の泉質は含硫黄‐ナトリウム‐炭酸水素塩泉で、１軒の温泉旅館で利用されており、上湯川の川の流れの中にも温泉が湧き出ている。",
    "tokens" : [ {
      "id" : "s3-t0",
      "begin" : 262,
      "end" : 264,
      "text" : "上湯",
      "whiteSpace" : false
    }, {
      "id" : "s3-t1",
      "begin" : 264,
      "end" : 266,
      "text" : "温泉",
      "whiteSpace" : false
    }, {
      "id" : "s3-t2",
      "begin" : 266,
      "end" : 267,
      "text" : "の",
      "whiteSpace" : false
    }, {
      "id" : "s3-t3",
      "begin" : 267,
      "end" : 269,
      "text" : "泉質",
      "whiteSpace" : false
    }, {
      "id" : "s3-t4",
      "begin" : 269,
      "end" : 270,
      "text" : "は",
      "whiteSpace" : false
    }, {
      "id" : "s3-t5",
      "begin" : 270,
      "end" : 271,
      "text" : "含",
      "whiteSpace" : false
    }, {
      "id" : "s3-t6",
      "begin" : 271,
      "end" : 273,
      "text" : "硫黄",
      "whiteSpace" : false
    }, {
      "id" : "s3-t7",
      "begin" : 273,
      "end" : 274,
      "text" : "‐",
      "whiteSpace" : false
    }, {
      "id" : "s3-t8",
      "begin" : 274,
      "end" : 279,
      "text" : "ナトリウム",
      "whiteSpace" : false
    }, {
      "id" : "s3-t9",
      "begin" : 279,
      "end" : 280,
      "text" : "‐",
      "whiteSpace" : false
    }, {
      "id" : "s3-t10",
      "begin" : 280,
      "end" : 282,
      "text" : "炭酸",
      "whiteSpace" : false
    }, {
      "id" : "s3-t11",
      "begin" : 282,
      "end" : 284,
      "text" : "水素",
      "whiteSpace" : false
    }, {
      "id" : "s3-t12",
      "begin" : 284,
      "end" : 286,
      "text" : "塩泉",
      "whiteSpace" : false
    }, {
      "id" : "s3-t13",
      "begin" : 286,
      "end" : 287,
      "text" : "で",
      "whiteSpace" : false
    }, {
      "id" : "s3-t14",
      "begin" : 287,
      "end" : 288,
      "text" : "、",
      "whiteSpace" : false
    }, {
      "id" : "s3-t15",
      "begin" : 288,
      "end" : 289,
      "text" : "１",
      "whiteSpace" : false
    }, {
      "id" : "s3-t16",
      "begin" : 289,
      "end" : 290,
      "text" : "軒",
      "whiteSpace" : false
    }, {
      "id" : "s3-t17",
      "begin" : 290,
      "end" : 291,
      "text" : "の",
      "whiteSpace" : false
    }, {
      "id" : "s3-t18",
      "begin" : 291,
      "end" : 293,
      "text" : "温泉",
      "whiteSpace" : false
    }, {
      "id" : "s3-t19",
      "begin" : 293,
      "end" : 295,
      "text" : "旅館",
      "whiteSpace" : false
    }, {
      "id" : "s3-t20",
      "begin" : 295,
      "end" : 296,
      "text" : "で",
      "whiteSpace" : false
    }, {
      "id" : "s3-t21",
      "begin" : 296,
      "end" : 298,
      "text" : "利用",
      "whiteSpace" : false
    }, {
      "id" : "s3-t22",
      "begin" : 298,
      "end" : 299,
      "text" : "さ",
      "whiteSpace" : false
    }, {
      "id" : "s3-t23",
      "begin" : 299,
      "end" : 301,
      "text" : "れて",
      "whiteSpace" : false
    }, {
      "id" : "s3-t24",
      "begin" : 301,
      "end" : 303,
      "text" : "おり",
      "whiteSpace" : false
    }, {
      "id" : "s3-t25",
      "begin" : 303,
      "end" : 304,
      "text" : "、",
      "whiteSpace" : false
    }, {
      "id" : "s3-t26",
      "begin" : 304,
      "end" : 305,
      "text" : "上",
      "whiteSpace" : false
    }, {
      "id" : "s3-t27",
      "begin" : 305,
      "end" : 307,
      "text" : "湯川",
      "whiteSpace" : false
    }, {
      "id" : "s3-t28",
      "begin" : 307,
      "end" : 308,
      "text" : "の",
      "whiteSpace" : false
    }, {
      "id" : "s3-t29",
      "begin" : 308,
      "end" : 309,
      "text" : "川",
      "whiteSpace" : false
    }, {
      "id" : "s3-t30",
      "begin" : 309,
      "end" : 310,
      "text" : "の",
      "whiteSpace" : false
    }, {
      "id" : "s3-t31",
      "begin" : 310,
      "end" : 312,
      "text" : "流れ",
      "whiteSpace" : false
    }, {
      "id" : "s3-t32",
      "begin" : 312,
      "end" : 313,
      "text" : "の",
      "whiteSpace" : false
    }, {
      "id" : "s3-t33",
      "begin" : 313,
      "end" : 314,
      "text" : "中",
      "whiteSpace" : false
    }, {
      "id" : "s3-t34",
      "begin" : 314,
      "end" : 315,
      "text" : "に",
      "whiteSpace" : false
    }, {
      "id" : "s3-t35",
      "begin" : 315,
      "end" : 316,
      "text" : "も",
      "whiteSpace" : false
    }, {
      "id" : "s3-t36",
      "begin" : 316,
      "end" : 318,
      "text" : "温泉",
      "whiteSpace" : false
    }, {
      "id" : "s3-t37",
      "begin" : 318,
      "end" : 319,
      "text" : "が",
      "whiteSpace" : false
    }, {
      "id" : "s3-t38",
      "begin" : 319,
      "end" : 323,
      "text" : "湧き出て",
      "whiteSpace" : false
    }, {
      "id" : "s3-t39",
      "begin" : 323,
      "end" : 325,
      "text" : "いる",
      "whiteSpace" : false
    }, {
      "id" : "s3-t40",
      "begin" : 325,
      "end" : 326,
      "text" : "。",
      "whiteSpace" : false
    } ]
  } ],
  "mentions" : [ {
    "id" : "s0-m1",
    "properties" : {
      "SIRE_MENTION_ROLE" : "ONSEN",
      "SIRE_ENTITY_SUBTYPE" : "NONE",
      "SIRE_MENTION_TYPE" : "NONE",
      "SIRE_MENTION_CLASS" : "SPC"
    },
    "type" : "ONSEN",
    "begin" : 0,
    "end" : 5,
    "inCoref" : true
  }, {
    "id" : "s1-m1",
    "properties" : {
      "SIRE_MENTION_ROLE" : "ONSEN",
      "SIRE_ENTITY_SUBTYPE" : "NONE",
      "SIRE_MENTION_TYPE" : "NONE",
      "SIRE_MENTION_CLASS" : "SPC"
    },
    "type" : "ONSEN",
    "begin" : 80,
    "end" : 85,
    "inCoref" : true
  }, {
    "id" : "s1-m2",
    "properties" : {
      "SIRE_MENTION_ROLE" : "Sensitsu",
      "SIRE_ENTITY_SUBTYPE" : "NONE",
      "SIRE_MENTION_TYPE" : "NONE",
      "SIRE_MENTION_CLASS" : "SPC"
    },
    "type" : "Sensitsu",
    "begin" : 89,
    "end" : 102,
    "inCoref" : false
  }, {
    "id" : "s2-m1",
    "properties" : {
      "SIRE_MENTION_ROLE" : "ONSEN",
      "SIRE_ENTITY_SUBTYPE" : "NONE",
      "SIRE_MENTION_TYPE" : "NONE",
      "SIRE_MENTION_CLASS" : "SPC"
    },
    "type" : "ONSEN",
    "begin" : 182,
    "end" : 186,
    "inCoref" : true
  }, {
    "id" : "s2-m3",
    "properties" : {
      "SIRE_MENTION_ROLE" : "ONSEN",
      "SIRE_ENTITY_SUBTYPE" : "NONE",
      "SIRE_MENTION_TYPE" : "NONE",
      "SIRE_MENTION_CLASS" : "SPC"
    },
    "type" : "ONSEN",
    "begin" : 188,
    "end" : 193,
    "inCoref" : true
  }, {
    "id" : "s2-m2",
    "properties" : {
      "SIRE_MENTION_ROLE" : "ONSEN",
      "SIRE_ENTITY_SUBTYPE" : "NONE",
      "SIRE_MENTION_TYPE" : "NONE",
      "SIRE_MENTION_CLASS" : "SPC"
    },
    "type" : "ONSEN",
    "begin" : 258,
    "end" : 260,
    "inCoref" : true
  }, {
    "id" : "s3-m2",
    "properties" : {
      "SIRE_MENTION_ROLE" : "ONSEN",
      "SIRE_ENTITY_SUBTYPE" : "NONE",
      "SIRE_MENTION_TYPE" : "NONE",
      "SIRE_MENTION_CLASS" : "SPC"
    },
    "type" : "ONSEN",
    "begin" : 262,
    "end" : 266,
    "inCoref" : false
  }, {
    "id" : "s3-m3",
    "properties" : {
      "SIRE_MENTION_ROLE" : "Sensitsu",
      "SIRE_ENTITY_SUBTYPE" : "NONE",
      "SIRE_MENTION_TYPE" : "NONE",
      "SIRE_MENTION_CLASS" : "SPC"
    },
    "type" : "Sensitsu",
    "begin" : 270,
    "end" : 279,
    "inCoref" : false
  }, {
    "id" : "s3-m0",
    "properties" : {
      "SIRE_MENTION_TYPE" : "NONE",
      "SIRE_MENTION_CLASS" : "SPC",
      "SIRE_MENTION_ROLE" : "Sensitsu",
      "SIRE_ENTITY_SUBTYPE" : "NONE"
    },
    "type" : "Sensitsu",
    "begin" : 280,
    "end" : 286,
    "inCoref" : false
  } ],
  "relations" : [ {
    "id" : "s1-r1",
    "properties" : { },
    "type" : "hasAttribute",
    "args" : [ "s1-m1", "s1-m2" ]
  }, {
    "id" : "s3-r1",
    "properties" : { },
    "type" : "hasAttribute",
    "args" : [ "s3-m2", "s3-m3" ]
  }, {
    "id" : "s3-r2",
    "properties" : { },
    "type" : "hasAttribute",
    "args" : [ "s3-m2", "s3-m0" ]
  } ],
  "corefs" : [ {
    "id" : "c1",
    "properties" : { },
    "mentions" : [ "s2-m1", "s2-m2" ]
  }, {
    "id" : "c2",
    "properties" : { },
    "mentions" : [ "s0-m1", "s1-m1", "s2-m3" ]
  } ],
  "typeResolved" : true,
  "userResolved" : false
}