{
  "id" : "708577b0-c18f-11e9-8fb4-852e09b427fc-3",
  "name" : "碁点温泉 国民保養温泉地計画書",
  "createdDate" : 0,
  "version" : 3,
  "text" : "碁点温泉は、山形県の中央部村山盆地の北部に位置する村山市にあり、東に日本三大急 流の一つである最上川が北流し、西に山岳信仰の対象であった霊峰葉山を擁する風光明媚 な温泉地である。この温泉地の面積は 121.8ha（図上計測）であり、地名は最上川の難所 と呼ばれる「三ヶ瀬」「隼」「碁点」のうち、温泉地内にある「碁点」に由来している。 2 つの源泉を持つ碁点温泉は、宿泊施設及び日帰り入浴施設に供給されており、源泉か け流しの湯は「きりきず・やけど・慢性皮膚病」に効果があるとされ、地元住民はもとよ り遠方からの観光客にも親しまれ、多くの入湯客で賑わっている。\n",
  "docLength" : 0,
  "language" : "JA",
  "status" : "IN_PROGRESS",
  "modifiedDate" : 1567851823677,
  "documentSet" : [ ],
  "preannotation" : [ "PRE_LW" ],
  "sentences" : [ {
    "id" : "s0",
    "begin" : 0,
    "end" : 89,
    "text" : "碁点温泉は、山形県の中央部村山盆地の北部に位置する村山市にあり、東に日本三大急 流の一つである最上川が北流し、西に山岳信仰の対象であった霊峰葉山を擁する風光明媚 な温泉地である。",
    "tokens" : [ {
      "id" : "s0-t0",
      "begin" : 0,
      "end" : 2,
      "text" : "碁点",
      "whiteSpace" : false
    }, {
      "id" : "s0-t1",
      "begin" : 2,
      "end" : 4,
      "text" : "温泉",
      "whiteSpace" : false
    }, {
      "id" : "s0-t2",
      "begin" : 4,
      "end" : 5,
      "text" : "は",
      "whiteSpace" : false
    }, {
      "id" : "s0-t3",
      "begin" : 5,
      "end" : 6,
      "text" : "、",
      "whiteSpace" : false
    }, {
      "id" : "s0-t4",
      "begin" : 6,
      "end" : 8,
      "text" : "山形",
      "whiteSpace" : false
    }, {
      "id" : "s0-t5",
      "begin" : 8,
      "end" : 9,
      "text" : "県",
      "whiteSpace" : false
    }, {
      "id" : "s0-t6",
      "begin" : 9,
      "end" : 10,
      "text" : "の",
      "whiteSpace" : false
    }, {
      "id" : "s0-t7",
      "begin" : 10,
      "end" : 12,
      "text" : "中央",
      "whiteSpace" : false
    }, {
      "id" : "s0-t8",
      "begin" : 12,
      "end" : 13,
      "text" : "部",
      "whiteSpace" : false
    }, {
      "id" : "s0-t9",
      "begin" : 13,
      "end" : 15,
      "text" : "村山",
      "whiteSpace" : false
    }, {
      "id" : "s0-t10",
      "begin" : 15,
      "end" : 17,
      "text" : "盆地",
      "whiteSpace" : false
    }, {
      "id" : "s0-t11",
      "begin" : 17,
      "end" : 18,
      "text" : "の",
      "whiteSpace" : false
    }, {
      "id" : "s0-t12",
      "begin" : 18,
      "end" : 20,
      "text" : "北部",
      "whiteSpace" : false
    }, {
      "id" : "s0-t13",
      "begin" : 20,
      "end" : 21,
      "text" : "に",
      "whiteSpace" : false
    }, {
      "id" : "s0-t14",
      "begin" : 21,
      "end" : 23,
      "text" : "位置",
      "whiteSpace" : false
    }, {
      "id" : "s0-t15",
      "begin" : 23,
      "end" : 25,
      "text" : "する",
      "whiteSpace" : false
    }, {
      "id" : "s0-t16",
      "begin" : 25,
      "end" : 27,
      "text" : "村山",
      "whiteSpace" : false
    }, {
      "id" : "s0-t17",
      "begin" : 27,
      "end" : 28,
      "text" : "市",
      "whiteSpace" : false
    }, {
      "id" : "s0-t18",
      "begin" : 28,
      "end" : 29,
      "text" : "に",
      "whiteSpace" : false
    }, {
      "id" : "s0-t19",
      "begin" : 29,
      "end" : 31,
      "text" : "あり",
      "whiteSpace" : false
    }, {
      "id" : "s0-t20",
      "begin" : 31,
      "end" : 32,
      "text" : "、",
      "whiteSpace" : false
    }, {
      "id" : "s0-t21",
      "begin" : 32,
      "end" : 33,
      "text" : "東",
      "whiteSpace" : false
    }, {
      "id" : "s0-t22",
      "begin" : 33,
      "end" : 34,
      "text" : "に",
      "whiteSpace" : false
    }, {
      "id" : "s0-t23",
      "begin" : 34,
      "end" : 36,
      "text" : "日本",
      "whiteSpace" : false
    }, {
      "id" : "s0-t24",
      "begin" : 36,
      "end" : 37,
      "text" : "三",
      "whiteSpace" : false
    }, {
      "id" : "s0-t25",
      "begin" : 37,
      "end" : 38,
      "text" : "大",
      "whiteSpace" : false
    }, {
      "id" : "s0-t26",
      "begin" : 38,
      "end" : 39,
      "text" : "急",
      "whiteSpace" : false
    }, {
      "id" : "s0-t27",
      "begin" : 40,
      "end" : 41,
      "text" : "流",
      "whiteSpace" : false
    }, {
      "id" : "s0-t28",
      "begin" : 41,
      "end" : 42,
      "text" : "の",
      "whiteSpace" : false
    }, {
      "id" : "s0-t29",
      "begin" : 42,
      "end" : 43,
      "text" : "一",
      "whiteSpace" : false
    }, {
      "id" : "s0-t30",
      "begin" : 43,
      "end" : 44,
      "text" : "つ",
      "whiteSpace" : false
    }, {
      "id" : "s0-t31",
      "begin" : 44,
      "end" : 47,
      "text" : "である",
      "whiteSpace" : false
    }, {
      "id" : "s0-t32",
      "begin" : 47,
      "end" : 48,
      "text" : "最",
      "whiteSpace" : false
    }, {
      "id" : "s0-t33",
      "begin" : 48,
      "end" : 50,
      "text" : "上川",
      "whiteSpace" : false
    }, {
      "id" : "s0-t34",
      "begin" : 50,
      "end" : 51,
      "text" : "が",
      "whiteSpace" : false
    }, {
      "id" : "s0-t35",
      "begin" : 51,
      "end" : 53,
      "text" : "北流",
      "whiteSpace" : false
    }, {
      "id" : "s0-t36",
      "begin" : 53,
      "end" : 54,
      "text" : "し",
      "whiteSpace" : false
    }, {
      "id" : "s0-t37",
      "begin" : 54,
      "end" : 55,
      "text" : "、",
      "whiteSpace" : false
    }, {
      "id" : "s0-t38",
      "begin" : 55,
      "end" : 56,
      "text" : "西",
      "whiteSpace" : false
    }, {
      "id" : "s0-t39",
      "begin" : 56,
      "end" : 57,
      "text" : "に",
      "whiteSpace" : false
    }, {
      "id" : "s0-t40",
      "begin" : 57,
      "end" : 59,
      "text" : "山岳",
      "whiteSpace" : false
    }, {
      "id" : "s0-t41",
      "begin" : 59,
      "end" : 61,
      "text" : "信仰",
      "whiteSpace" : false
    }, {
      "id" : "s0-t42",
      "begin" : 61,
      "end" : 62,
      "text" : "の",
      "whiteSpace" : false
    }, {
      "id" : "s0-t43",
      "begin" : 62,
      "end" : 64,
      "text" : "対象",
      "whiteSpace" : false
    }, {
      "id" : "s0-t44",
      "begin" : 64,
      "end" : 68,
      "text" : "であった",
      "whiteSpace" : false
    }, {
      "id" : "s0-t45",
      "begin" : 68,
      "end" : 70,
      "text" : "霊峰",
      "whiteSpace" : false
    }, {
      "id" : "s0-t46",
      "begin" : 70,
      "end" : 72,
      "text" : "葉山",
      "whiteSpace" : false
    }, {
      "id" : "s0-t47",
      "begin" : 72,
      "end" : 73,
      "text" : "を",
      "whiteSpace" : false
    }, {
      "id" : "s0-t48",
      "begin" : 73,
      "end" : 76,
      "text" : "擁する",
      "whiteSpace" : false
    }, {
      "id" : "s0-t49",
      "begin" : 76,
      "end" : 78,
      "text" : "風光",
      "whiteSpace" : false
    }, {
      "id" : "s0-t50",
      "begin" : 78,
      "end" : 80,
      "text" : "明媚",
      "whiteSpace" : false
    }, {
      "id" : "s0-t51",
      "begin" : 81,
      "end" : 82,
      "text" : "な",
      "whiteSpace" : false
    }, {
      "id" : "s0-t52",
      "begin" : 82,
      "end" : 84,
      "text" : "温泉",
      "whiteSpace" : false
    }, {
      "id" : "s0-t53",
      "begin" : 84,
      "end" : 85,
      "text" : "地",
      "whiteSpace" : false
    }, {
      "id" : "s0-t54",
      "begin" : 85,
      "end" : 88,
      "text" : "である",
      "whiteSpace" : false
    }, {
      "id" : "s0-t55",
      "begin" : 88,
      "end" : 89,
      "text" : "。",
      "whiteSpace" : false
    } ]
  }, {
    "id" : "s1",
    "begin" : 89,
    "end" : 166,
    "text" : "この温泉地の面積は 121.8ha（図上計測）であり、地名は最上川の難所 と呼ばれる「三ヶ瀬」「隼」「碁点」のうち、温泉地内にある「碁点」に由来している。",
    "tokens" : [ {
      "id" : "s1-t0",
      "begin" : 89,
      "end" : 91,
      "text" : "この",
      "whiteSpace" : false
    }, {
      "id" : "s1-t1",
      "begin" : 91,
      "end" : 93,
      "text" : "温泉",
      "whiteSpace" : false
    }, {
      "id" : "s1-t2",
      "begin" : 93,
      "end" : 94,
      "text" : "地",
      "whiteSpace" : false
    }, {
      "id" : "s1-t3",
      "begin" : 94,
      "end" : 95,
      "text" : "の",
      "whiteSpace" : false
    }, {
      "id" : "s1-t4",
      "begin" : 95,
      "end" : 97,
      "text" : "面積",
      "whiteSpace" : false
    }, {
      "id" : "s1-t5",
      "begin" : 97,
      "end" : 98,
      "text" : "は",
      "whiteSpace" : false
    }, {
      "id" : "s1-t6",
      "begin" : 99,
      "end" : 106,
      "text" : "121.8ha",
      "whiteSpace" : false
    }, {
      "id" : "s1-t7",
      "begin" : 106,
      "end" : 107,
      "text" : "（",
      "whiteSpace" : false
    }, {
      "id" : "s1-t8",
      "begin" : 107,
      "end" : 109,
      "text" : "図上",
      "whiteSpace" : false
    }, {
      "id" : "s1-t9",
      "begin" : 109,
      "end" : 111,
      "text" : "計測",
      "whiteSpace" : false
    }, {
      "id" : "s1-t10",
      "begin" : 111,
      "end" : 112,
      "text" : "）",
      "whiteSpace" : false
    }, {
      "id" : "s1-t11",
      "begin" : 112,
      "end" : 115,
      "text" : "であり",
      "whiteSpace" : false
    }, {
      "id" : "s1-t12",
      "begin" : 115,
      "end" : 116,
      "text" : "、",
      "whiteSpace" : false
    }, {
      "id" : "s1-t13",
      "begin" : 116,
      "end" : 118,
      "text" : "地名",
      "whiteSpace" : false
    }, {
      "id" : "s1-t14",
      "begin" : 118,
      "end" : 119,
      "text" : "は",
      "whiteSpace" : false
    }, {
      "id" : "s1-t15",
      "begin" : 119,
      "end" : 120,
      "text" : "最",
      "whiteSpace" : false
    }, {
      "id" : "s1-t16",
      "begin" : 120,
      "end" : 122,
      "text" : "上川",
      "whiteSpace" : false
    }, {
      "id" : "s1-t17",
      "begin" : 122,
      "end" : 123,
      "text" : "の",
      "whiteSpace" : false
    }, {
      "id" : "s1-t18",
      "begin" : 123,
      "end" : 125,
      "text" : "難所",
      "whiteSpace" : false
    }, {
      "id" : "s1-t19",
      "begin" : 126,
      "end" : 127,
      "text" : "と",
      "whiteSpace" : false
    }, {
      "id" : "s1-t20",
      "begin" : 127,
      "end" : 129,
      "text" : "呼ば",
      "whiteSpace" : false
    }, {
      "id" : "s1-t21",
      "begin" : 129,
      "end" : 131,
      "text" : "れる",
      "whiteSpace" : false
    }, {
      "id" : "s1-t22",
      "begin" : 131,
      "end" : 132,
      "text" : "「",
      "whiteSpace" : false
    }, {
      "id" : "s1-t23",
      "begin" : 132,
      "end" : 133,
      "text" : "三",
      "whiteSpace" : false
    }, {
      "id" : "s1-t24",
      "begin" : 133,
      "end" : 135,
      "text" : "ヶ瀬",
      "whiteSpace" : false
    }, {
      "id" : "s1-t25",
      "begin" : 135,
      "end" : 136,
      "text" : "」",
      "whiteSpace" : false
    }, {
      "id" : "s1-t26",
      "begin" : 136,
      "end" : 137,
      "text" : "「",
      "whiteSpace" : false
    }, {
      "id" : "s1-t27",
      "begin" : 137,
      "end" : 138,
      "text" : "隼",
      "whiteSpace" : false
    }, {
      "id" : "s1-t28",
      "begin" : 138,
      "end" : 139,
      "text" : "」",
      "whiteSpace" : false
    }, {
      "id" : "s1-t29",
      "begin" : 139,
      "end" : 140,
      "text" : "「",
      "whiteSpace" : false
    }, {
      "id" : "s1-t30",
      "begin" : 140,
      "end" : 141,
      "text" : "碁",
      "whiteSpace" : false
    }, {
      "id" : "s1-t31",
      "begin" : 141,
      "end" : 142,
      "text" : "点",
      "whiteSpace" : false
    }, {
      "id" : "s1-t32",
      "begin" : 142,
      "end" : 143,
      "text" : "」",
      "whiteSpace" : false
    }, {
      "id" : "s1-t33",
      "begin" : 143,
      "end" : 144,
      "text" : "の",
      "whiteSpace" : false
    }, {
      "id" : "s1-t34",
      "begin" : 144,
      "end" : 146,
      "text" : "うち",
      "whiteSpace" : false
    }, {
      "id" : "s1-t35",
      "begin" : 146,
      "end" : 147,
      "text" : "、",
      "whiteSpace" : false
    }, {
      "id" : "s1-t36",
      "begin" : 147,
      "end" : 149,
      "text" : "温泉",
      "whiteSpace" : false
    }, {
      "id" : "s1-t37",
      "begin" : 149,
      "end" : 150,
      "text" : "地",
      "whiteSpace" : false
    }, {
      "id" : "s1-t38",
      "begin" : 150,
      "end" : 151,
      "text" : "内",
      "whiteSpace" : false
    }, {
      "id" : "s1-t39",
      "begin" : 151,
      "end" : 152,
      "text" : "に",
      "whiteSpace" : false
    }, {
      "id" : "s1-t40",
      "begin" : 152,
      "end" : 154,
      "text" : "ある",
      "whiteSpace" : false
    }, {
      "id" : "s1-t41",
      "begin" : 154,
      "end" : 155,
      "text" : "「",
      "whiteSpace" : false
    }, {
      "id" : "s1-t42",
      "begin" : 155,
      "end" : 156,
      "text" : "碁",
      "whiteSpace" : false
    }, {
      "id" : "s1-t43",
      "begin" : 156,
      "end" : 157,
      "text" : "点",
      "whiteSpace" : false
    }, {
      "id" : "s1-t44",
      "begin" : 157,
      "end" : 158,
      "text" : "」",
      "whiteSpace" : false
    }, {
      "id" : "s1-t45",
      "begin" : 158,
      "end" : 159,
      "text" : "に",
      "whiteSpace" : false
    }, {
      "id" : "s1-t46",
      "begin" : 159,
      "end" : 161,
      "text" : "由来",
      "whiteSpace" : false
    }, {
      "id" : "s1-t47",
      "begin" : 161,
      "end" : 163,
      "text" : "して",
      "whiteSpace" : false
    }, {
      "id" : "s1-t48",
      "begin" : 163,
      "end" : 165,
      "text" : "いる",
      "whiteSpace" : false
    }, {
      "id" : "s1-t49",
      "begin" : 165,
      "end" : 166,
      "text" : "。",
      "whiteSpace" : false
    } ]
  }, {
    "id" : "s2",
    "begin" : 167,
    "end" : 279,
    "text" : "2 つの源泉を持つ碁点温泉は、宿泊施設及び日帰り入浴施設に供給されており、源泉か け流しの湯は「きりきず・やけど・慢性皮膚病」に効果があるとされ、地元住民はもとよ り遠方からの観光客にも親しまれ、多くの入湯客で賑わっている。",
    "tokens" : [ {
      "id" : "s2-t0",
      "begin" : 167,
      "end" : 168,
      "text" : "2",
      "whiteSpace" : false
    }, {
      "id" : "s2-t1",
      "begin" : 169,
      "end" : 170,
      "text" : "つ",
      "whiteSpace" : false
    }, {
      "id" : "s2-t2",
      "begin" : 170,
      "end" : 171,
      "text" : "の",
      "whiteSpace" : false
    }, {
      "id" : "s2-t3",
      "begin" : 171,
      "end" : 173,
      "text" : "源泉",
      "whiteSpace" : false
    }, {
      "id" : "s2-t4",
      "begin" : 173,
      "end" : 174,
      "text" : "を",
      "whiteSpace" : false
    }, {
      "id" : "s2-t5",
      "begin" : 174,
      "end" : 176,
      "text" : "持つ",
      "whiteSpace" : false
    }, {
      "id" : "s2-t6",
      "begin" : 176,
      "end" : 178,
      "text" : "碁点",
      "whiteSpace" : false
    }, {
      "id" : "s2-t7",
      "begin" : 178,
      "end" : 180,
      "text" : "温泉",
      "whiteSpace" : false
    }, {
      "id" : "s2-t8",
      "begin" : 180,
      "end" : 181,
      "text" : "は",
      "whiteSpace" : false
    }, {
      "id" : "s2-t9",
      "begin" : 181,
      "end" : 182,
      "text" : "、",
      "whiteSpace" : false
    }, {
      "id" : "s2-t10",
      "begin" : 182,
      "end" : 184,
      "text" : "宿泊",
      "whiteSpace" : false
    }, {
      "id" : "s2-t11",
      "begin" : 184,
      "end" : 186,
      "text" : "施設",
      "whiteSpace" : false
    }, {
      "id" : "s2-t12",
      "begin" : 186,
      "end" : 188,
      "text" : "及び",
      "whiteSpace" : false
    }, {
      "id" : "s2-t13",
      "begin" : 188,
      "end" : 191,
      "text" : "日帰り",
      "whiteSpace" : false
    }, {
      "id" : "s2-t14",
      "begin" : 191,
      "end" : 193,
      "text" : "入浴",
      "whiteSpace" : false
    }, {
      "id" : "s2-t15",
      "begin" : 193,
      "end" : 195,
      "text" : "施設",
      "whiteSpace" : false
    }, {
      "id" : "s2-t16",
      "begin" : 195,
      "end" : 196,
      "text" : "に",
      "whiteSpace" : false
    }, {
      "id" : "s2-t17",
      "begin" : 196,
      "end" : 198,
      "text" : "供給",
      "whiteSpace" : false
    }, {
      "id" : "s2-t18",
      "begin" : 198,
      "end" : 199,
      "text" : "さ",
      "whiteSpace" : false
    }, {
      "id" : "s2-t19",
      "begin" : 199,
      "end" : 201,
      "text" : "れて",
      "whiteSpace" : false
    }, {
      "id" : "s2-t20",
      "begin" : 201,
      "end" : 203,
      "text" : "おり",
      "whiteSpace" : false
    }, {
      "id" : "s2-t21",
      "begin" : 203,
      "end" : 204,
      "text" : "、",
      "whiteSpace" : false
    }, {
      "id" : "s2-t22",
      "begin" : 204,
      "end" : 206,
      "text" : "源泉",
      "whiteSpace" : false
    }, {
      "id" : "s2-t23",
      "begin" : 206,
      "end" : 207,
      "text" : "か",
      "whiteSpace" : false
    }, {
      "id" : "s2-t24",
      "begin" : 208,
      "end" : 209,
      "text" : "け",
      "whiteSpace" : false
    }, {
      "id" : "s2-t25",
      "begin" : 209,
      "end" : 211,
      "text" : "流し",
      "whiteSpace" : false
    }, {
      "id" : "s2-t26",
      "begin" : 211,
      "end" : 212,
      "text" : "の",
      "whiteSpace" : false
    }, {
      "id" : "s2-t27",
      "begin" : 212,
      "end" : 213,
      "text" : "湯",
      "whiteSpace" : false
    }, {
      "id" : "s2-t28",
      "begin" : 213,
      "end" : 214,
      "text" : "は",
      "whiteSpace" : false
    }, {
      "id" : "s2-t29",
      "begin" : 214,
      "end" : 215,
      "text" : "「",
      "whiteSpace" : false
    }, {
      "id" : "s2-t30",
      "begin" : 215,
      "end" : 218,
      "text" : "きりき",
      "whiteSpace" : false
    }, {
      "id" : "s2-t31",
      "begin" : 218,
      "end" : 219,
      "text" : "ず",
      "whiteSpace" : false
    }, {
      "id" : "s2-t32",
      "begin" : 219,
      "end" : 220,
      "text" : "・",
      "whiteSpace" : false
    }, {
      "id" : "s2-t33",
      "begin" : 220,
      "end" : 223,
      "text" : "やけど",
      "whiteSpace" : false
    }, {
      "id" : "s2-t34",
      "begin" : 223,
      "end" : 224,
      "text" : "・",
      "whiteSpace" : false
    }, {
      "id" : "s2-t35",
      "begin" : 224,
      "end" : 229,
      "text" : "慢性皮膚病",
      "whiteSpace" : false
    }, {
      "id" : "s2-t36",
      "begin" : 229,
      "end" : 230,
      "text" : "」",
      "whiteSpace" : false
    }, {
      "id" : "s2-t37",
      "begin" : 230,
      "end" : 231,
      "text" : "に",
      "whiteSpace" : false
    }, {
      "id" : "s2-t38",
      "begin" : 231,
      "end" : 233,
      "text" : "効果",
      "whiteSpace" : false
    }, {
      "id" : "s2-t39",
      "begin" : 233,
      "end" : 234,
      "text" : "が",
      "whiteSpace" : false
    }, {
      "id" : "s2-t40",
      "begin" : 234,
      "end" : 236,
      "text" : "ある",
      "whiteSpace" : false
    }, {
      "id" : "s2-t41",
      "begin" : 236,
      "end" : 237,
      "text" : "と",
      "whiteSpace" : false
    }, {
      "id" : "s2-t42",
      "begin" : 237,
      "end" : 238,
      "text" : "さ",
      "whiteSpace" : false
    }, {
      "id" : "s2-t43",
      "begin" : 238,
      "end" : 239,
      "text" : "れ",
      "whiteSpace" : false
    }, {
      "id" : "s2-t44",
      "begin" : 239,
      "end" : 240,
      "text" : "、",
      "whiteSpace" : false
    }, {
      "id" : "s2-t45",
      "begin" : 240,
      "end" : 242,
      "text" : "地元",
      "whiteSpace" : false
    }, {
      "id" : "s2-t46",
      "begin" : 242,
      "end" : 244,
      "text" : "住民",
      "whiteSpace" : false
    }, {
      "id" : "s2-t47",
      "begin" : 244,
      "end" : 245,
      "text" : "は",
      "whiteSpace" : false
    }, {
      "id" : "s2-t48",
      "begin" : 245,
      "end" : 248,
      "text" : "もとよ",
      "whiteSpace" : false
    }, {
      "id" : "s2-t49",
      "begin" : 249,
      "end" : 250,
      "text" : "り",
      "whiteSpace" : false
    }, {
      "id" : "s2-t50",
      "begin" : 250,
      "end" : 252,
      "text" : "遠方",
      "whiteSpace" : false
    }, {
      "id" : "s2-t51",
      "begin" : 252,
      "end" : 254,
      "text" : "から",
      "whiteSpace" : false
    }, {
      "id" : "s2-t52",
      "begin" : 254,
      "end" : 255,
      "text" : "の",
      "whiteSpace" : false
    }, {
      "id" : "s2-t53",
      "begin" : 255,
      "end" : 257,
      "text" : "観光",
      "whiteSpace" : false
    }, {
      "id" : "s2-t54",
      "begin" : 257,
      "end" : 258,
      "text" : "客",
      "whiteSpace" : false
    }, {
      "id" : "s2-t55",
      "begin" : 258,
      "end" : 259,
      "text" : "に",
      "whiteSpace" : false
    }, {
      "id" : "s2-t56",
      "begin" : 259,
      "end" : 260,
      "text" : "も",
      "whiteSpace" : false
    }, {
      "id" : "s2-t57",
      "begin" : 260,
      "end" : 263,
      "text" : "親しま",
      "whiteSpace" : false
    }, {
      "id" : "s2-t58",
      "begin" : 263,
      "end" : 264,
      "text" : "れ",
      "whiteSpace" : false
    }, {
      "id" : "s2-t59",
      "begin" : 264,
      "end" : 265,
      "text" : "、",
      "whiteSpace" : false
    }, {
      "id" : "s2-t60",
      "begin" : 265,
      "end" : 267,
      "text" : "多く",
      "whiteSpace" : false
    }, {
      "id" : "s2-t61",
      "begin" : 267,
      "end" : 268,
      "text" : "の",
      "whiteSpace" : false
    }, {
      "id" : "s2-t62",
      "begin" : 268,
      "end" : 270,
      "text" : "入湯",
      "whiteSpace" : false
    }, {
      "id" : "s2-t63",
      "begin" : 270,
      "end" : 271,
      "text" : "客",
      "whiteSpace" : false
    }, {
      "id" : "s2-t64",
      "begin" : 271,
      "end" : 272,
      "text" : "で",
      "whiteSpace" : false
    }, {
      "id" : "s2-t65",
      "begin" : 272,
      "end" : 276,
      "text" : "賑わって",
      "whiteSpace" : false
    }, {
      "id" : "s2-t66",
      "begin" : 276,
      "end" : 278,
      "text" : "いる",
      "whiteSpace" : false
    }, {
      "id" : "s2-t67",
      "begin" : 278,
      "end" : 279,
      "text" : "。",
      "whiteSpace" : false
    } ]
  } ],
  "mentions" : [ {
    "id" : "s0-m1",
    "properties" : {
      "SIRE_MENTION_ROLE" : "ONSEN",
      "SIRE_ENTITY_SUBTYPE" : "NONE",
      "SIRE_MENTION_TYPE" : "NONE",
      "SIRE_MENTION_CLASS" : "SPC"
    },
    "type" : "ONSEN",
    "begin" : 0,
    "end" : 4,
    "inCoref" : true
  }, {
    "id" : "s2-m1",
    "properties" : {
      "SIRE_MENTION_ROLE" : "ONSEN",
      "SIRE_ENTITY_SUBTYPE" : "NONE",
      "SIRE_MENTION_TYPE" : "NONE",
      "SIRE_MENTION_CLASS" : "SPC"
    },
    "type" : "ONSEN",
    "begin" : 176,
    "end" : 180,
    "inCoref" : true
  }, {
    "id" : "s2-m2",
    "properties" : {
      "SIRE_MENTION_ROLE" : "Tekiou",
      "SIRE_ENTITY_SUBTYPE" : "NONE",
      "SIRE_MENTION_TYPE" : "NONE",
      "SIRE_MENTION_CLASS" : "SPC"
    },
    "type" : "Tekiou",
    "begin" : 215,
    "end" : 219,
    "inCoref" : false
  }, {
    "id" : "s2-m3",
    "properties" : {
      "SIRE_MENTION_ROLE" : "Tekiou",
      "SIRE_ENTITY_SUBTYPE" : "NONE",
      "SIRE_MENTION_TYPE" : "NONE",
      "SIRE_MENTION_CLASS" : "SPC"
    },
    "type" : "Tekiou",
    "begin" : 220,
    "end" : 223,
    "inCoref" : false
  }, {
    "id" : "s2-m4",
    "properties" : {
      "SIRE_MENTION_ROLE" : "Tekiou",
      "SIRE_ENTITY_SUBTYPE" : "NONE",
      "SIRE_MENTION_TYPE" : "NONE",
      "SIRE_MENTION_CLASS" : "SPC"
    },
    "type" : "Tekiou",
    "begin" : 224,
    "end" : 229,
    "inCoref" : false
  } ],
  "relations" : [ {
    "id" : "s2-r1",
    "properties" : { },
    "type" : "targetCase",
    "args" : [ "s2-m1", "s2-m2" ]
  }, {
    "id" : "s2-r2",
    "properties" : { },
    "type" : "targetCase",
    "args" : [ "s2-m1", "s2-m3" ]
  }, {
    "id" : "s2-r3",
    "properties" : { },
    "type" : "targetCase",
    "args" : [ "s2-m1", "s2-m4" ]
  } ],
  "corefs" : [ {
    "id" : "c2",
    "properties" : { },
    "mentions" : [ "s0-m1", "s2-m1" ]
  } ],
  "typeResolved" : true,
  "userResolved" : false
}