{
  "id" : "708577b0-c18f-11e9-8fb4-852e09b427fc-10",
  "name" : "温泉利用のいろは_14_2_ha",
  "createdDate" : 0,
  "version" : 3,
  "text" : "8含よう素泉、泉質別適応症は飲用がコレステロール血症。\nよう化物イオンを10mg/kg 以上含む。\n特　徴\n・非火山性の温泉に多く、放置すると黄色く着色します。日本は、よう素の主要生産国です。\n・飲んで総コレステロールを抑制します。\n9硫黄泉、泉質別適応症は浴用がアトピー性皮膚炎、尋常性乾癬、慢性湿疹、表皮化膿症、飲用が飲耐糖能異常（糖尿病）、高コレステロール血症。\n総硫黄を2mg/kg以上含む。\n特　徴\n・殺菌力が強く、表皮の細菌やアトピー原因物質を取り除きます。\n10放射能泉、泉質別適応症は浴用が高尿酸血症（痛風）、関節リウマチ、強直性脊椎炎など。\nラドンを30×10-10Ci/kg（8.25 マッヘ単位）以上含む。\n特　徴\n・温泉に含まれる微量の放射能は、炎症に効果的です。",
  "docLength" : 0,
  "language" : "JA",
  "status" : "IN_PROGRESS",
  "modifiedDate" : 1566118395635,
  "documentSet" : [ ],
  "preannotation" : [ "PRE_LW" ],
  "sentences" : [ {
    "id" : "s0",
    "begin" : 0,
    "end" : 27,
    "text" : "8含よう素泉、泉質別適応症は飲用がコレステロール血症。",
    "tokens" : [ {
      "id" : "s0-t0",
      "begin" : 0,
      "end" : 1,
      "text" : "8",
      "whiteSpace" : false
    }, {
      "id" : "s0-t1",
      "begin" : 1,
      "end" : 4,
      "text" : "含よう",
      "whiteSpace" : false
    }, {
      "id" : "s0-t2",
      "begin" : 4,
      "end" : 6,
      "text" : "素泉",
      "whiteSpace" : false
    }, {
      "id" : "s0-t3",
      "begin" : 6,
      "end" : 7,
      "text" : "、",
      "whiteSpace" : false
    }, {
      "id" : "s0-t4",
      "begin" : 7,
      "end" : 10,
      "text" : "泉質別",
      "whiteSpace" : false
    }, {
      "id" : "s0-t5",
      "begin" : 10,
      "end" : 12,
      "text" : "適応",
      "whiteSpace" : false
    }, {
      "id" : "s0-t6",
      "begin" : 12,
      "end" : 13,
      "text" : "症",
      "whiteSpace" : false
    }, {
      "id" : "s0-t7",
      "begin" : 13,
      "end" : 14,
      "text" : "は",
      "whiteSpace" : false
    }, {
      "id" : "s0-t8",
      "begin" : 14,
      "end" : 16,
      "text" : "飲用",
      "whiteSpace" : false
    }, {
      "id" : "s0-t9",
      "begin" : 16,
      "end" : 17,
      "text" : "が",
      "whiteSpace" : false
    }, {
      "id" : "s0-t10",
      "begin" : 17,
      "end" : 24,
      "text" : "コレステロール",
      "whiteSpace" : false
    }, {
      "id" : "s0-t11",
      "begin" : 24,
      "end" : 26,
      "text" : "血症",
      "whiteSpace" : false
    }, {
      "id" : "s0-t12",
      "begin" : 26,
      "end" : 27,
      "text" : "。",
      "whiteSpace" : false
    } ]
  }, {
    "id" : "s1",
    "begin" : 28,
    "end" : 49,
    "text" : "よう化物イオンを10mg/kg 以上含む。",
    "tokens" : [ {
      "id" : "s1-t0",
      "begin" : 28,
      "end" : 30,
      "text" : "よう",
      "whiteSpace" : false
    }, {
      "id" : "s1-t1",
      "begin" : 30,
      "end" : 32,
      "text" : "化物",
      "whiteSpace" : false
    }, {
      "id" : "s1-t2",
      "begin" : 32,
      "end" : 35,
      "text" : "イオン",
      "whiteSpace" : false
    }, {
      "id" : "s1-t3",
      "begin" : 35,
      "end" : 36,
      "text" : "を",
      "whiteSpace" : false
    }, {
      "id" : "s1-t4",
      "begin" : 36,
      "end" : 43,
      "text" : "10mg/kg",
      "whiteSpace" : false
    }, {
      "id" : "s1-t5",
      "begin" : 44,
      "end" : 46,
      "text" : "以上",
      "whiteSpace" : false
    }, {
      "id" : "s1-t6",
      "begin" : 46,
      "end" : 48,
      "text" : "含む",
      "whiteSpace" : false
    }, {
      "id" : "s1-t7",
      "begin" : 48,
      "end" : 49,
      "text" : "。",
      "whiteSpace" : false
    } ]
  }, {
    "id" : "s2",
    "begin" : 50,
    "end" : 80,
    "text" : "特　徴\n・非火山性の温泉に多く、放置すると黄色く着色します。",
    "tokens" : [ {
      "id" : "s2-t0",
      "begin" : 50,
      "end" : 51,
      "text" : "特",
      "whiteSpace" : false
    }, {
      "id" : "s2-t1",
      "begin" : 52,
      "end" : 53,
      "text" : "徴",
      "whiteSpace" : false
    }, {
      "id" : "s2-t2",
      "begin" : 54,
      "end" : 55,
      "text" : "・",
      "whiteSpace" : false
    }, {
      "id" : "s2-t3",
      "begin" : 55,
      "end" : 56,
      "text" : "非",
      "whiteSpace" : false
    }, {
      "id" : "s2-t4",
      "begin" : 56,
      "end" : 58,
      "text" : "火山",
      "whiteSpace" : false
    }, {
      "id" : "s2-t5",
      "begin" : 58,
      "end" : 59,
      "text" : "性",
      "whiteSpace" : false
    }, {
      "id" : "s2-t6",
      "begin" : 59,
      "end" : 60,
      "text" : "の",
      "whiteSpace" : false
    }, {
      "id" : "s2-t7",
      "begin" : 60,
      "end" : 62,
      "text" : "温泉",
      "whiteSpace" : false
    }, {
      "id" : "s2-t8",
      "begin" : 62,
      "end" : 63,
      "text" : "に",
      "whiteSpace" : false
    }, {
      "id" : "s2-t9",
      "begin" : 63,
      "end" : 65,
      "text" : "多く",
      "whiteSpace" : false
    }, {
      "id" : "s2-t10",
      "begin" : 65,
      "end" : 66,
      "text" : "、",
      "whiteSpace" : false
    }, {
      "id" : "s2-t11",
      "begin" : 66,
      "end" : 68,
      "text" : "放置",
      "whiteSpace" : false
    }, {
      "id" : "s2-t12",
      "begin" : 68,
      "end" : 70,
      "text" : "する",
      "whiteSpace" : false
    }, {
      "id" : "s2-t13",
      "begin" : 70,
      "end" : 71,
      "text" : "と",
      "whiteSpace" : false
    }, {
      "id" : "s2-t14",
      "begin" : 71,
      "end" : 74,
      "text" : "黄色く",
      "whiteSpace" : false
    }, {
      "id" : "s2-t15",
      "begin" : 74,
      "end" : 76,
      "text" : "着色",
      "whiteSpace" : false
    }, {
      "id" : "s2-t16",
      "begin" : 76,
      "end" : 77,
      "text" : "し",
      "whiteSpace" : false
    }, {
      "id" : "s2-t17",
      "begin" : 77,
      "end" : 79,
      "text" : "ます",
      "whiteSpace" : false
    }, {
      "id" : "s2-t18",
      "begin" : 79,
      "end" : 80,
      "text" : "。",
      "whiteSpace" : false
    } ]
  }, {
    "id" : "s3",
    "begin" : 80,
    "end" : 96,
    "text" : "日本は、よう素の主要生産国です。",
    "tokens" : [ {
      "id" : "s3-t0",
      "begin" : 80,
      "end" : 82,
      "text" : "日本",
      "whiteSpace" : false
    }, {
      "id" : "s3-t1",
      "begin" : 82,
      "end" : 83,
      "text" : "は",
      "whiteSpace" : false
    }, {
      "id" : "s3-t2",
      "begin" : 83,
      "end" : 84,
      "text" : "、",
      "whiteSpace" : false
    }, {
      "id" : "s3-t3",
      "begin" : 84,
      "end" : 87,
      "text" : "よう素",
      "whiteSpace" : false
    }, {
      "id" : "s3-t4",
      "begin" : 87,
      "end" : 88,
      "text" : "の",
      "whiteSpace" : false
    }, {
      "id" : "s3-t5",
      "begin" : 88,
      "end" : 90,
      "text" : "主要",
      "whiteSpace" : false
    }, {
      "id" : "s3-t6",
      "begin" : 90,
      "end" : 92,
      "text" : "生産",
      "whiteSpace" : false
    }, {
      "id" : "s3-t7",
      "begin" : 92,
      "end" : 93,
      "text" : "国",
      "whiteSpace" : false
    }, {
      "id" : "s3-t8",
      "begin" : 93,
      "end" : 95,
      "text" : "です",
      "whiteSpace" : false
    }, {
      "id" : "s3-t9",
      "begin" : 95,
      "end" : 96,
      "text" : "。",
      "whiteSpace" : false
    } ]
  }, {
    "id" : "s4",
    "begin" : 97,
    "end" : 116,
    "text" : "・飲んで総コレステロールを抑制します。",
    "tokens" : [ {
      "id" : "s4-t0",
      "begin" : 97,
      "end" : 98,
      "text" : "・",
      "whiteSpace" : false
    }, {
      "id" : "s4-t1",
      "begin" : 98,
      "end" : 101,
      "text" : "飲んで",
      "whiteSpace" : false
    }, {
      "id" : "s4-t2",
      "begin" : 101,
      "end" : 102,
      "text" : "総",
      "whiteSpace" : false
    }, {
      "id" : "s4-t3",
      "begin" : 102,
      "end" : 109,
      "text" : "コレステロール",
      "whiteSpace" : false
    }, {
      "id" : "s4-t4",
      "begin" : 109,
      "end" : 110,
      "text" : "を",
      "whiteSpace" : false
    }, {
      "id" : "s4-t5",
      "begin" : 110,
      "end" : 112,
      "text" : "抑制",
      "whiteSpace" : false
    }, {
      "id" : "s4-t6",
      "begin" : 112,
      "end" : 113,
      "text" : "し",
      "whiteSpace" : false
    }, {
      "id" : "s4-t7",
      "begin" : 113,
      "end" : 115,
      "text" : "ます",
      "whiteSpace" : false
    }, {
      "id" : "s4-t8",
      "begin" : 115,
      "end" : 116,
      "text" : "。",
      "whiteSpace" : false
    } ]
  }, {
    "id" : "s5",
    "begin" : 117,
    "end" : 184,
    "text" : "9硫黄泉、泉質別適応症は浴用がアトピー性皮膚炎、尋常性乾癬、慢性湿疹、表皮化膿症、飲用が飲耐糖能異常（糖尿病）、高コレステロール血症。",
    "tokens" : [ {
      "id" : "s5-t0",
      "begin" : 117,
      "end" : 118,
      "text" : "9",
      "whiteSpace" : false
    }, {
      "id" : "s5-t1",
      "begin" : 118,
      "end" : 120,
      "text" : "硫黄",
      "whiteSpace" : false
    }, {
      "id" : "s5-t2",
      "begin" : 120,
      "end" : 121,
      "text" : "泉",
      "whiteSpace" : false
    }, {
      "id" : "s5-t3",
      "begin" : 121,
      "end" : 122,
      "text" : "、",
      "whiteSpace" : false
    }, {
      "id" : "s5-t4",
      "begin" : 122,
      "end" : 125,
      "text" : "泉質別",
      "whiteSpace" : false
    }, {
      "id" : "s5-t5",
      "begin" : 125,
      "end" : 127,
      "text" : "適応",
      "whiteSpace" : false
    }, {
      "id" : "s5-t6",
      "begin" : 127,
      "end" : 128,
      "text" : "症",
      "whiteSpace" : false
    }, {
      "id" : "s5-t7",
      "begin" : 128,
      "end" : 129,
      "text" : "は",
      "whiteSpace" : false
    }, {
      "id" : "s5-t8",
      "begin" : 129,
      "end" : 131,
      "text" : "浴用",
      "whiteSpace" : false
    }, {
      "id" : "s5-t9",
      "begin" : 131,
      "end" : 132,
      "text" : "が",
      "whiteSpace" : false
    }, {
      "id" : "s5-t10",
      "begin" : 132,
      "end" : 140,
      "text" : "アトピー性皮膚炎",
      "whiteSpace" : false
    }, {
      "id" : "s5-t11",
      "begin" : 140,
      "end" : 141,
      "text" : "、",
      "whiteSpace" : false
    }, {
      "id" : "s5-t12",
      "begin" : 141,
      "end" : 143,
      "text" : "尋常",
      "whiteSpace" : false
    }, {
      "id" : "s5-t13",
      "begin" : 143,
      "end" : 144,
      "text" : "性",
      "whiteSpace" : false
    }, {
      "id" : "s5-t14",
      "begin" : 144,
      "end" : 146,
      "text" : "乾癬",
      "whiteSpace" : false
    }, {
      "id" : "s5-t15",
      "begin" : 146,
      "end" : 147,
      "text" : "、",
      "whiteSpace" : false
    }, {
      "id" : "s5-t16",
      "begin" : 147,
      "end" : 149,
      "text" : "慢性",
      "whiteSpace" : false
    }, {
      "id" : "s5-t17",
      "begin" : 149,
      "end" : 151,
      "text" : "湿疹",
      "whiteSpace" : false
    }, {
      "id" : "s5-t18",
      "begin" : 151,
      "end" : 152,
      "text" : "、",
      "whiteSpace" : false
    }, {
      "id" : "s5-t19",
      "begin" : 152,
      "end" : 154,
      "text" : "表皮",
      "whiteSpace" : false
    }, {
      "id" : "s5-t20",
      "begin" : 154,
      "end" : 155,
      "text" : "化",
      "whiteSpace" : false
    }, {
      "id" : "s5-t21",
      "begin" : 155,
      "end" : 157,
      "text" : "膿症",
      "whiteSpace" : false
    }, {
      "id" : "s5-t22",
      "begin" : 157,
      "end" : 158,
      "text" : "、",
      "whiteSpace" : false
    }, {
      "id" : "s5-t23",
      "begin" : 158,
      "end" : 160,
      "text" : "飲用",
      "whiteSpace" : false
    }, {
      "id" : "s5-t24",
      "begin" : 160,
      "end" : 161,
      "text" : "が",
      "whiteSpace" : false
    }, {
      "id" : "s5-t25",
      "begin" : 161,
      "end" : 163,
      "text" : "飲耐",
      "whiteSpace" : false
    }, {
      "id" : "s5-t26",
      "begin" : 163,
      "end" : 165,
      "text" : "糖能",
      "whiteSpace" : false
    }, {
      "id" : "s5-t27",
      "begin" : 165,
      "end" : 167,
      "text" : "異常",
      "whiteSpace" : false
    }, {
      "id" : "s5-t28",
      "begin" : 167,
      "end" : 168,
      "text" : "（",
      "whiteSpace" : false
    }, {
      "id" : "s5-t29",
      "begin" : 168,
      "end" : 170,
      "text" : "糖尿",
      "whiteSpace" : false
    }, {
      "id" : "s5-t30",
      "begin" : 170,
      "end" : 171,
      "text" : "病",
      "whiteSpace" : false
    }, {
      "id" : "s5-t31",
      "begin" : 171,
      "end" : 172,
      "text" : "）",
      "whiteSpace" : false
    }, {
      "id" : "s5-t32",
      "begin" : 172,
      "end" : 173,
      "text" : "、",
      "whiteSpace" : false
    }, {
      "id" : "s5-t33",
      "begin" : 173,
      "end" : 174,
      "text" : "高",
      "whiteSpace" : false
    }, {
      "id" : "s5-t34",
      "begin" : 174,
      "end" : 181,
      "text" : "コレステロール",
      "whiteSpace" : false
    }, {
      "id" : "s5-t35",
      "begin" : 181,
      "end" : 183,
      "text" : "血症",
      "whiteSpace" : false
    }, {
      "id" : "s5-t36",
      "begin" : 183,
      "end" : 184,
      "text" : "。",
      "whiteSpace" : false
    } ]
  }, {
    "id" : "s6",
    "begin" : 185,
    "end" : 200,
    "text" : "総硫黄を2mg/kg以上含む。",
    "tokens" : [ {
      "id" : "s6-t0",
      "begin" : 185,
      "end" : 186,
      "text" : "総",
      "whiteSpace" : false
    }, {
      "id" : "s6-t1",
      "begin" : 186,
      "end" : 188,
      "text" : "硫黄",
      "whiteSpace" : false
    }, {
      "id" : "s6-t2",
      "begin" : 188,
      "end" : 189,
      "text" : "を",
      "whiteSpace" : false
    }, {
      "id" : "s6-t3",
      "begin" : 189,
      "end" : 195,
      "text" : "2mg/kg",
      "whiteSpace" : false
    }, {
      "id" : "s6-t4",
      "begin" : 195,
      "end" : 197,
      "text" : "以上",
      "whiteSpace" : false
    }, {
      "id" : "s6-t5",
      "begin" : 197,
      "end" : 199,
      "text" : "含む",
      "whiteSpace" : false
    }, {
      "id" : "s6-t6",
      "begin" : 199,
      "end" : 200,
      "text" : "。",
      "whiteSpace" : false
    } ]
  }, {
    "id" : "s7",
    "begin" : 201,
    "end" : 235,
    "text" : "特　徴\n・殺菌力が強く、表皮の細菌やアトピー原因物質を取り除きます。",
    "tokens" : [ {
      "id" : "s7-t0",
      "begin" : 201,
      "end" : 202,
      "text" : "特",
      "whiteSpace" : false
    }, {
      "id" : "s7-t1",
      "begin" : 203,
      "end" : 204,
      "text" : "徴",
      "whiteSpace" : false
    }, {
      "id" : "s7-t2",
      "begin" : 205,
      "end" : 206,
      "text" : "・",
      "whiteSpace" : false
    }, {
      "id" : "s7-t3",
      "begin" : 206,
      "end" : 208,
      "text" : "殺菌",
      "whiteSpace" : false
    }, {
      "id" : "s7-t4",
      "begin" : 208,
      "end" : 209,
      "text" : "力",
      "whiteSpace" : false
    }, {
      "id" : "s7-t5",
      "begin" : 209,
      "end" : 210,
      "text" : "が",
      "whiteSpace" : false
    }, {
      "id" : "s7-t6",
      "begin" : 210,
      "end" : 212,
      "text" : "強く",
      "whiteSpace" : false
    }, {
      "id" : "s7-t7",
      "begin" : 212,
      "end" : 213,
      "text" : "、",
      "whiteSpace" : false
    }, {
      "id" : "s7-t8",
      "begin" : 213,
      "end" : 215,
      "text" : "表皮",
      "whiteSpace" : false
    }, {
      "id" : "s7-t9",
      "begin" : 215,
      "end" : 216,
      "text" : "の",
      "whiteSpace" : false
    }, {
      "id" : "s7-t10",
      "begin" : 216,
      "end" : 218,
      "text" : "細菌",
      "whiteSpace" : false
    }, {
      "id" : "s7-t11",
      "begin" : 218,
      "end" : 219,
      "text" : "や",
      "whiteSpace" : false
    }, {
      "id" : "s7-t12",
      "begin" : 219,
      "end" : 223,
      "text" : "アトピー",
      "whiteSpace" : false
    }, {
      "id" : "s7-t13",
      "begin" : 223,
      "end" : 225,
      "text" : "原因",
      "whiteSpace" : false
    }, {
      "id" : "s7-t14",
      "begin" : 225,
      "end" : 227,
      "text" : "物質",
      "whiteSpace" : false
    }, {
      "id" : "s7-t15",
      "begin" : 227,
      "end" : 228,
      "text" : "を",
      "whiteSpace" : false
    }, {
      "id" : "s7-t16",
      "begin" : 228,
      "end" : 232,
      "text" : "取り除き",
      "whiteSpace" : false
    }, {
      "id" : "s7-t17",
      "begin" : 232,
      "end" : 234,
      "text" : "ます",
      "whiteSpace" : false
    }, {
      "id" : "s7-t18",
      "begin" : 234,
      "end" : 235,
      "text" : "。",
      "whiteSpace" : false
    } ]
  }, {
    "id" : "s8",
    "begin" : 236,
    "end" : 279,
    "text" : "10放射能泉、泉質別適応症は浴用が高尿酸血症（痛風）、関節リウマチ、強直性脊椎炎など。",
    "tokens" : [ {
      "id" : "s8-t0",
      "begin" : 236,
      "end" : 238,
      "text" : "10",
      "whiteSpace" : false
    }, {
      "id" : "s8-t1",
      "begin" : 238,
      "end" : 241,
      "text" : "放射能",
      "whiteSpace" : false
    }, {
      "id" : "s8-t2",
      "begin" : 241,
      "end" : 242,
      "text" : "泉",
      "whiteSpace" : false
    }, {
      "id" : "s8-t3",
      "begin" : 242,
      "end" : 243,
      "text" : "、",
      "whiteSpace" : false
    }, {
      "id" : "s8-t4",
      "begin" : 243,
      "end" : 246,
      "text" : "泉質別",
      "whiteSpace" : false
    }, {
      "id" : "s8-t5",
      "begin" : 246,
      "end" : 248,
      "text" : "適応",
      "whiteSpace" : false
    }, {
      "id" : "s8-t6",
      "begin" : 248,
      "end" : 249,
      "text" : "症",
      "whiteSpace" : false
    }, {
      "id" : "s8-t7",
      "begin" : 249,
      "end" : 250,
      "text" : "は",
      "whiteSpace" : false
    }, {
      "id" : "s8-t8",
      "begin" : 250,
      "end" : 252,
      "text" : "浴用",
      "whiteSpace" : false
    }, {
      "id" : "s8-t9",
      "begin" : 252,
      "end" : 253,
      "text" : "が",
      "whiteSpace" : false
    }, {
      "id" : "s8-t10",
      "begin" : 253,
      "end" : 255,
      "text" : "高尿",
      "whiteSpace" : false
    }, {
      "id" : "s8-t11",
      "begin" : 255,
      "end" : 257,
      "text" : "酸血",
      "whiteSpace" : false
    }, {
      "id" : "s8-t12",
      "begin" : 257,
      "end" : 258,
      "text" : "症",
      "whiteSpace" : false
    }, {
      "id" : "s8-t13",
      "begin" : 258,
      "end" : 259,
      "text" : "（",
      "whiteSpace" : false
    }, {
      "id" : "s8-t14",
      "begin" : 259,
      "end" : 261,
      "text" : "痛風",
      "whiteSpace" : false
    }, {
      "id" : "s8-t15",
      "begin" : 261,
      "end" : 262,
      "text" : "）",
      "whiteSpace" : false
    }, {
      "id" : "s8-t16",
      "begin" : 262,
      "end" : 263,
      "text" : "、",
      "whiteSpace" : false
    }, {
      "id" : "s8-t17",
      "begin" : 263,
      "end" : 265,
      "text" : "関節",
      "whiteSpace" : false
    }, {
      "id" : "s8-t18",
      "begin" : 265,
      "end" : 269,
      "text" : "リウマチ",
      "whiteSpace" : false
    }, {
      "id" : "s8-t19",
      "begin" : 269,
      "end" : 270,
      "text" : "、",
      "whiteSpace" : false
    }, {
      "id" : "s8-t20",
      "begin" : 270,
      "end" : 271,
      "text" : "強",
      "whiteSpace" : false
    }, {
      "id" : "s8-t21",
      "begin" : 271,
      "end" : 273,
      "text" : "直性",
      "whiteSpace" : false
    }, {
      "id" : "s8-t22",
      "begin" : 273,
      "end" : 274,
      "text" : "脊",
      "whiteSpace" : false
    }, {
      "id" : "s8-t23",
      "begin" : 274,
      "end" : 276,
      "text" : "椎炎",
      "whiteSpace" : false
    }, {
      "id" : "s8-t24",
      "begin" : 276,
      "end" : 278,
      "text" : "など",
      "whiteSpace" : false
    }, {
      "id" : "s8-t25",
      "begin" : 278,
      "end" : 279,
      "text" : "。",
      "whiteSpace" : false
    } ]
  }, {
    "id" : "s9",
    "begin" : 280,
    "end" : 314,
    "text" : "ラドンを30×10-10Ci/kg（8.25 マッヘ単位）以上含む。",
    "tokens" : [ {
      "id" : "s9-t0",
      "begin" : 280,
      "end" : 283,
      "text" : "ラドン",
      "whiteSpace" : false
    }, {
      "id" : "s9-t1",
      "begin" : 283,
      "end" : 284,
      "text" : "を",
      "whiteSpace" : false
    }, {
      "id" : "s9-t2",
      "begin" : 284,
      "end" : 286,
      "text" : "30",
      "whiteSpace" : false
    }, {
      "id" : "s9-t3",
      "begin" : 286,
      "end" : 287,
      "text" : "×",
      "whiteSpace" : false
    }, {
      "id" : "s9-t4",
      "begin" : 287,
      "end" : 297,
      "text" : "10-10Ci/kg",
      "whiteSpace" : false
    }, {
      "id" : "s9-t5",
      "begin" : 297,
      "end" : 298,
      "text" : "（",
      "whiteSpace" : false
    }, {
      "id" : "s9-t6",
      "begin" : 298,
      "end" : 302,
      "text" : "8.25",
      "whiteSpace" : false
    }, {
      "id" : "s9-t7",
      "begin" : 303,
      "end" : 306,
      "text" : "マッヘ",
      "whiteSpace" : false
    }, {
      "id" : "s9-t8",
      "begin" : 306,
      "end" : 308,
      "text" : "単位",
      "whiteSpace" : false
    }, {
      "id" : "s9-t9",
      "begin" : 308,
      "end" : 309,
      "text" : "）",
      "whiteSpace" : false
    }, {
      "id" : "s9-t10",
      "begin" : 309,
      "end" : 311,
      "text" : "以上",
      "whiteSpace" : false
    }, {
      "id" : "s9-t11",
      "begin" : 311,
      "end" : 313,
      "text" : "含む",
      "whiteSpace" : false
    }, {
      "id" : "s9-t12",
      "begin" : 313,
      "end" : 314,
      "text" : "。",
      "whiteSpace" : false
    } ]
  }, {
    "id" : "s10",
    "begin" : 315,
    "end" : 344,
    "text" : "特　徴\n・温泉に含まれる微量の放射能は、炎症に効果的です。",
    "tokens" : [ {
      "id" : "s10-t0",
      "begin" : 315,
      "end" : 316,
      "text" : "特",
      "whiteSpace" : false
    }, {
      "id" : "s10-t1",
      "begin" : 317,
      "end" : 318,
      "text" : "徴",
      "whiteSpace" : false
    }, {
      "id" : "s10-t2",
      "begin" : 319,
      "end" : 320,
      "text" : "・",
      "whiteSpace" : false
    }, {
      "id" : "s10-t3",
      "begin" : 320,
      "end" : 322,
      "text" : "温泉",
      "whiteSpace" : false
    }, {
      "id" : "s10-t4",
      "begin" : 322,
      "end" : 323,
      "text" : "に",
      "whiteSpace" : false
    }, {
      "id" : "s10-t5",
      "begin" : 323,
      "end" : 325,
      "text" : "含ま",
      "whiteSpace" : false
    }, {
      "id" : "s10-t6",
      "begin" : 325,
      "end" : 327,
      "text" : "れる",
      "whiteSpace" : false
    }, {
      "id" : "s10-t7",
      "begin" : 327,
      "end" : 329,
      "text" : "微量",
      "whiteSpace" : false
    }, {
      "id" : "s10-t8",
      "begin" : 329,
      "end" : 330,
      "text" : "の",
      "whiteSpace" : false
    }, {
      "id" : "s10-t9",
      "begin" : 330,
      "end" : 333,
      "text" : "放射能",
      "whiteSpace" : false
    }, {
      "id" : "s10-t10",
      "begin" : 333,
      "end" : 334,
      "text" : "は",
      "whiteSpace" : false
    }, {
      "id" : "s10-t11",
      "begin" : 334,
      "end" : 335,
      "text" : "、",
      "whiteSpace" : false
    }, {
      "id" : "s10-t12",
      "begin" : 335,
      "end" : 337,
      "text" : "炎症",
      "whiteSpace" : false
    }, {
      "id" : "s10-t13",
      "begin" : 337,
      "end" : 338,
      "text" : "に",
      "whiteSpace" : false
    }, {
      "id" : "s10-t14",
      "begin" : 338,
      "end" : 340,
      "text" : "効果",
      "whiteSpace" : false
    }, {
      "id" : "s10-t15",
      "begin" : 340,
      "end" : 343,
      "text" : "的です",
      "whiteSpace" : false
    }, {
      "id" : "s10-t16",
      "begin" : 343,
      "end" : 344,
      "text" : "。",
      "whiteSpace" : false
    } ]
  } ],
  "mentions" : [ {
    "id" : "s0-m1",
    "properties" : {
      "SIRE_MENTION_ROLE" : "Sensitsu",
      "SIRE_ENTITY_SUBTYPE" : "NONE",
      "SIRE_MENTION_TYPE" : "NONE",
      "SIRE_MENTION_CLASS" : "SPC"
    },
    "type" : "Sensitsu",
    "begin" : 1,
    "end" : 6,
    "inCoref" : false
  }, {
    "id" : "s0-m2",
    "properties" : {
      "SIRE_MENTION_ROLE" : "Tekiou",
      "SIRE_ENTITY_SUBTYPE" : "NONE",
      "SIRE_MENTION_TYPE" : "NONE",
      "SIRE_MENTION_CLASS" : "SPC"
    },
    "type" : "Tekiou",
    "begin" : 17,
    "end" : 26,
    "inCoref" : false
  }, {
    "id" : "s5-m0",
    "properties" : {
      "SIRE_MENTION_TYPE" : "NONE",
      "SIRE_MENTION_CLASS" : "SPC",
      "SIRE_MENTION_ROLE" : "Sensitsu",
      "SIRE_ENTITY_SUBTYPE" : "NONE"
    },
    "type" : "Sensitsu",
    "begin" : 118,
    "end" : 121,
    "inCoref" : false
  }, {
    "id" : "s5-m2",
    "properties" : {
      "SIRE_MENTION_ROLE" : "Tekiou",
      "SIRE_ENTITY_SUBTYPE" : "NONE",
      "SIRE_MENTION_TYPE" : "NONE",
      "SIRE_MENTION_CLASS" : "SPC"
    },
    "type" : "Tekiou",
    "begin" : 132,
    "end" : 140,
    "inCoref" : false
  }, {
    "id" : "s5-m3",
    "properties" : {
      "SIRE_MENTION_ROLE" : "Tekiou",
      "SIRE_ENTITY_SUBTYPE" : "NONE",
      "SIRE_MENTION_TYPE" : "NONE",
      "SIRE_MENTION_CLASS" : "SPC"
    },
    "type" : "Tekiou",
    "begin" : 141,
    "end" : 146,
    "inCoref" : false
  }, {
    "id" : "s5-m4",
    "properties" : {
      "SIRE_MENTION_ROLE" : "Tekiou",
      "SIRE_ENTITY_SUBTYPE" : "NONE",
      "SIRE_MENTION_TYPE" : "NONE",
      "SIRE_MENTION_CLASS" : "SPC"
    },
    "type" : "Tekiou",
    "begin" : 147,
    "end" : 151,
    "inCoref" : false
  }, {
    "id" : "s5-m5",
    "properties" : {
      "SIRE_MENTION_ROLE" : "Tekiou",
      "SIRE_ENTITY_SUBTYPE" : "NONE",
      "SIRE_MENTION_TYPE" : "NONE",
      "SIRE_MENTION_CLASS" : "SPC"
    },
    "type" : "Tekiou",
    "begin" : 152,
    "end" : 157,
    "inCoref" : false
  }, {
    "id" : "s5-m6",
    "properties" : {
      "SIRE_MENTION_ROLE" : "Tekiou",
      "SIRE_ENTITY_SUBTYPE" : "NONE",
      "SIRE_MENTION_TYPE" : "NONE",
      "SIRE_MENTION_CLASS" : "SPC"
    },
    "type" : "Tekiou",
    "begin" : 161,
    "end" : 167,
    "inCoref" : false
  }, {
    "id" : "s5-m8",
    "properties" : {
      "SIRE_MENTION_ROLE" : "Tekiou",
      "SIRE_ENTITY_SUBTYPE" : "NONE",
      "SIRE_MENTION_TYPE" : "NONE",
      "SIRE_MENTION_CLASS" : "SPC"
    },
    "type" : "Tekiou",
    "begin" : 168,
    "end" : 171,
    "inCoref" : false
  }, {
    "id" : "s5-m7",
    "properties" : {
      "SIRE_MENTION_ROLE" : "Tekiou",
      "SIRE_ENTITY_SUBTYPE" : "NONE",
      "SIRE_MENTION_TYPE" : "NONE",
      "SIRE_MENTION_CLASS" : "SPC"
    },
    "type" : "Tekiou",
    "begin" : 173,
    "end" : 183,
    "inCoref" : false
  }, {
    "id" : "s8-m0",
    "properties" : {
      "SIRE_MENTION_TYPE" : "NONE",
      "SIRE_MENTION_CLASS" : "SPC",
      "SIRE_MENTION_ROLE" : "Sensitsu",
      "SIRE_ENTITY_SUBTYPE" : "NONE"
    },
    "type" : "Sensitsu",
    "begin" : 238,
    "end" : 242,
    "inCoref" : false
  }, {
    "id" : "s8-m2",
    "properties" : {
      "SIRE_MENTION_ROLE" : "Tekiou",
      "SIRE_ENTITY_SUBTYPE" : "NONE",
      "SIRE_MENTION_TYPE" : "NONE",
      "SIRE_MENTION_CLASS" : "SPC"
    },
    "type" : "Tekiou",
    "begin" : 253,
    "end" : 258,
    "inCoref" : false
  }, {
    "id" : "s8-m3",
    "properties" : {
      "SIRE_MENTION_ROLE" : "Tekiou",
      "SIRE_ENTITY_SUBTYPE" : "NONE",
      "SIRE_MENTION_TYPE" : "NONE",
      "SIRE_MENTION_CLASS" : "SPC"
    },
    "type" : "Tekiou",
    "begin" : 259,
    "end" : 261,
    "inCoref" : false
  }, {
    "id" : "s8-m4",
    "properties" : {
      "SIRE_MENTION_ROLE" : "Tekiou",
      "SIRE_ENTITY_SUBTYPE" : "NONE",
      "SIRE_MENTION_TYPE" : "NONE",
      "SIRE_MENTION_CLASS" : "SPC"
    },
    "type" : "Tekiou",
    "begin" : 263,
    "end" : 269,
    "inCoref" : false
  }, {
    "id" : "s8-m5",
    "properties" : {
      "SIRE_MENTION_ROLE" : "Tekiou",
      "SIRE_ENTITY_SUBTYPE" : "NONE",
      "SIRE_MENTION_TYPE" : "NONE",
      "SIRE_MENTION_CLASS" : "SPC"
    },
    "type" : "Tekiou",
    "begin" : 270,
    "end" : 276,
    "inCoref" : false
  } ],
  "relations" : [ {
    "id" : "s0-r1",
    "properties" : { },
    "type" : "targetCase",
    "args" : [ "s0-m1", "s0-m2" ]
  }, {
    "id" : "s5-r1",
    "properties" : { },
    "type" : "targetCase",
    "args" : [ "s5-m0", "s5-m2" ]
  }, {
    "id" : "s5-r2",
    "properties" : { },
    "type" : "targetCase",
    "args" : [ "s5-m0", "s5-m3" ]
  }, {
    "id" : "s5-r3",
    "properties" : { },
    "type" : "targetCase",
    "args" : [ "s5-m0", "s5-m4" ]
  }, {
    "id" : "s5-r4",
    "properties" : { },
    "type" : "targetCase",
    "args" : [ "s5-m0", "s5-m5" ]
  }, {
    "id" : "s5-r5",
    "properties" : { },
    "type" : "targetCase",
    "args" : [ "s5-m0", "s5-m6" ]
  }, {
    "id" : "s5-r6",
    "properties" : { },
    "type" : "targetCase",
    "args" : [ "s5-m0", "s5-m8" ]
  }, {
    "id" : "s5-r7",
    "properties" : { },
    "type" : "targetCase",
    "args" : [ "s5-m0", "s5-m7" ]
  }, {
    "id" : "s8-r1",
    "properties" : { },
    "type" : "targetCase",
    "args" : [ "s8-m0", "s8-m2" ]
  }, {
    "id" : "s8-r2",
    "properties" : { },
    "type" : "targetCase",
    "args" : [ "s8-m0", "s8-m3" ]
  }, {
    "id" : "s8-r3",
    "properties" : { },
    "type" : "targetCase",
    "args" : [ "s8-m0", "s8-m4" ]
  }, {
    "id" : "s8-r4",
    "properties" : { },
    "type" : "targetCase",
    "args" : [ "s8-m0", "s8-m5" ]
  } ],
  "corefs" : [ ],
  "typeResolved" : true,
  "userResolved" : false
}