{
  "id" : "708577b0-c18f-11e9-8fb4-852e09b427fc-1",
  "name" : "酸ヶ湯温泉国民保養温泉地計画書",
  "createdDate" : 0,
  "version" : 3,
  "text" : "酸ヶ湯温泉は 300 年の昔から開かれていた山の温泉宿であり、その泉質は酸性・含硫黄－ナトリウム－硫酸塩泉（硫化水素型）で、神経痛、筋肉痛、慢性消化器病などの効能がある。\n総ヒバ造りの千人風呂は、広さ約 80 坪の浴室に「熱の湯」、「四分六分の湯」、「鹿の湯」、「冷の湯」と 4 種類の浴槽に分かれており、その柱の 1 本もない大空間で、老若男女に昔ながらのスタイルで湯あみされている。\nまた、酸ヶ湯温泉から歩いて 5 分のところに位置するキャンプ場は、ブナ林に囲まれた八甲田・大岳を望む敷地内にあり、青森ヒバで建てられた管理棟や、ベンチ・釜場を備えた炊事棟及び、テントサイトなどの施設が整備されている。平成 19 年のリニューアルオープン後は、野外活動を楽しむ場として、登山などのレジャーを目的に八甲田を訪れる多くの方に利用されている。",
  "docLength" : 0,
  "language" : "JA",
  "status" : "IN_PROGRESS",
  "modifiedDate" : 1567851712105,
  "documentSet" : [ ],
  "preannotation" : [ "PRE_LW" ],
  "sentences" : [ {
    "id" : "s0",
    "begin" : 0,
    "end" : 85,
    "text" : "酸ヶ湯温泉は 300 年の昔から開かれていた山の温泉宿であり、その泉質は酸性・含硫黄－ナトリウム－硫酸塩泉（硫化水素型）で、神経痛、筋肉痛、慢性消化器病などの効能がある。",
    "tokens" : [ {
      "id" : "s0-t0",
      "begin" : 0,
      "end" : 1,
      "text" : "酸",
      "whiteSpace" : false
    }, {
      "id" : "s0-t1",
      "begin" : 1,
      "end" : 3,
      "text" : "ヶ湯",
      "whiteSpace" : false
    }, {
      "id" : "s0-t2",
      "begin" : 3,
      "end" : 5,
      "text" : "温泉",
      "whiteSpace" : false
    }, {
      "id" : "s0-t3",
      "begin" : 5,
      "end" : 6,
      "text" : "は",
      "whiteSpace" : false
    }, {
      "id" : "s0-t4",
      "begin" : 7,
      "end" : 10,
      "text" : "300",
      "whiteSpace" : false
    }, {
      "id" : "s0-t5",
      "begin" : 11,
      "end" : 12,
      "text" : "年",
      "whiteSpace" : false
    }, {
      "id" : "s0-t6",
      "begin" : 12,
      "end" : 13,
      "text" : "の",
      "whiteSpace" : false
    }, {
      "id" : "s0-t7",
      "begin" : 13,
      "end" : 14,
      "text" : "昔",
      "whiteSpace" : false
    }, {
      "id" : "s0-t8",
      "begin" : 14,
      "end" : 16,
      "text" : "から",
      "whiteSpace" : false
    }, {
      "id" : "s0-t9",
      "begin" : 16,
      "end" : 18,
      "text" : "開か",
      "whiteSpace" : false
    }, {
      "id" : "s0-t10",
      "begin" : 18,
      "end" : 20,
      "text" : "れて",
      "whiteSpace" : false
    }, {
      "id" : "s0-t11",
      "begin" : 20,
      "end" : 22,
      "text" : "いた",
      "whiteSpace" : false
    }, {
      "id" : "s0-t12",
      "begin" : 22,
      "end" : 23,
      "text" : "山",
      "whiteSpace" : false
    }, {
      "id" : "s0-t13",
      "begin" : 23,
      "end" : 24,
      "text" : "の",
      "whiteSpace" : false
    }, {
      "id" : "s0-t14",
      "begin" : 24,
      "end" : 26,
      "text" : "温泉",
      "whiteSpace" : false
    }, {
      "id" : "s0-t15",
      "begin" : 26,
      "end" : 27,
      "text" : "宿",
      "whiteSpace" : false
    }, {
      "id" : "s0-t16",
      "begin" : 27,
      "end" : 30,
      "text" : "であり",
      "whiteSpace" : false
    }, {
      "id" : "s0-t17",
      "begin" : 30,
      "end" : 31,
      "text" : "、",
      "whiteSpace" : false
    }, {
      "id" : "s0-t18",
      "begin" : 31,
      "end" : 33,
      "text" : "その",
      "whiteSpace" : false
    }, {
      "id" : "s0-t19",
      "begin" : 33,
      "end" : 35,
      "text" : "泉質",
      "whiteSpace" : false
    }, {
      "id" : "s0-t20",
      "begin" : 35,
      "end" : 36,
      "text" : "は",
      "whiteSpace" : false
    }, {
      "id" : "s0-t21",
      "begin" : 36,
      "end" : 38,
      "text" : "酸性",
      "whiteSpace" : false
    }, {
      "id" : "s0-t22",
      "begin" : 38,
      "end" : 39,
      "text" : "・",
      "whiteSpace" : false
    }, {
      "id" : "s0-t23",
      "begin" : 39,
      "end" : 40,
      "text" : "含",
      "whiteSpace" : false
    }, {
      "id" : "s0-t24",
      "begin" : 40,
      "end" : 42,
      "text" : "硫黄",
      "whiteSpace" : false
    }, {
      "id" : "s0-t25",
      "begin" : 42,
      "end" : 43,
      "text" : "－",
      "whiteSpace" : false
    }, {
      "id" : "s0-t26",
      "begin" : 43,
      "end" : 48,
      "text" : "ナトリウム",
      "whiteSpace" : false
    }, {
      "id" : "s0-t27",
      "begin" : 48,
      "end" : 49,
      "text" : "－",
      "whiteSpace" : false
    }, {
      "id" : "s0-t28",
      "begin" : 49,
      "end" : 51,
      "text" : "硫酸",
      "whiteSpace" : false
    }, {
      "id" : "s0-t29",
      "begin" : 51,
      "end" : 53,
      "text" : "塩泉",
      "whiteSpace" : false
    }, {
      "id" : "s0-t30",
      "begin" : 53,
      "end" : 54,
      "text" : "（",
      "whiteSpace" : false
    }, {
      "id" : "s0-t31",
      "begin" : 54,
      "end" : 56,
      "text" : "硫化",
      "whiteSpace" : false
    }, {
      "id" : "s0-t32",
      "begin" : 56,
      "end" : 58,
      "text" : "水素",
      "whiteSpace" : false
    }, {
      "id" : "s0-t33",
      "begin" : 58,
      "end" : 59,
      "text" : "型",
      "whiteSpace" : false
    }, {
      "id" : "s0-t34",
      "begin" : 59,
      "end" : 60,
      "text" : "）",
      "whiteSpace" : false
    }, {
      "id" : "s0-t35",
      "begin" : 60,
      "end" : 61,
      "text" : "で",
      "whiteSpace" : false
    }, {
      "id" : "s0-t36",
      "begin" : 61,
      "end" : 62,
      "text" : "、",
      "whiteSpace" : false
    }, {
      "id" : "s0-t37",
      "begin" : 62,
      "end" : 64,
      "text" : "神経",
      "whiteSpace" : false
    }, {
      "id" : "s0-t38",
      "begin" : 64,
      "end" : 65,
      "text" : "痛",
      "whiteSpace" : false
    }, {
      "id" : "s0-t39",
      "begin" : 65,
      "end" : 66,
      "text" : "、",
      "whiteSpace" : false
    }, {
      "id" : "s0-t40",
      "begin" : 66,
      "end" : 68,
      "text" : "筋肉",
      "whiteSpace" : false
    }, {
      "id" : "s0-t41",
      "begin" : 68,
      "end" : 69,
      "text" : "痛",
      "whiteSpace" : false
    }, {
      "id" : "s0-t42",
      "begin" : 69,
      "end" : 70,
      "text" : "、",
      "whiteSpace" : false
    }, {
      "id" : "s0-t43",
      "begin" : 70,
      "end" : 72,
      "text" : "慢性",
      "whiteSpace" : false
    }, {
      "id" : "s0-t44",
      "begin" : 72,
      "end" : 74,
      "text" : "消化",
      "whiteSpace" : false
    }, {
      "id" : "s0-t45",
      "begin" : 74,
      "end" : 75,
      "text" : "器",
      "whiteSpace" : false
    }, {
      "id" : "s0-t46",
      "begin" : 75,
      "end" : 76,
      "text" : "病",
      "whiteSpace" : false
    }, {
      "id" : "s0-t47",
      "begin" : 76,
      "end" : 78,
      "text" : "など",
      "whiteSpace" : false
    }, {
      "id" : "s0-t48",
      "begin" : 78,
      "end" : 79,
      "text" : "の",
      "whiteSpace" : false
    }, {
      "id" : "s0-t49",
      "begin" : 79,
      "end" : 81,
      "text" : "効能",
      "whiteSpace" : false
    }, {
      "id" : "s0-t50",
      "begin" : 81,
      "end" : 82,
      "text" : "が",
      "whiteSpace" : false
    }, {
      "id" : "s0-t51",
      "begin" : 82,
      "end" : 84,
      "text" : "ある",
      "whiteSpace" : false
    }, {
      "id" : "s0-t52",
      "begin" : 84,
      "end" : 85,
      "text" : "。",
      "whiteSpace" : false
    } ]
  }, {
    "id" : "s1",
    "begin" : 86,
    "end" : 193,
    "text" : "総ヒバ造りの千人風呂は、広さ約 80 坪の浴室に「熱の湯」、「四分六分の湯」、「鹿の湯」、「冷の湯」と 4 種類の浴槽に分かれており、その柱の 1 本もない大空間で、老若男女に昔ながらのスタイルで湯あみされている。",
    "tokens" : [ {
      "id" : "s1-t0",
      "begin" : 86,
      "end" : 87,
      "text" : "総",
      "whiteSpace" : false
    }, {
      "id" : "s1-t1",
      "begin" : 87,
      "end" : 89,
      "text" : "ヒバ",
      "whiteSpace" : false
    }, {
      "id" : "s1-t2",
      "begin" : 89,
      "end" : 91,
      "text" : "造り",
      "whiteSpace" : false
    }, {
      "id" : "s1-t3",
      "begin" : 91,
      "end" : 92,
      "text" : "の",
      "whiteSpace" : false
    }, {
      "id" : "s1-t4",
      "begin" : 92,
      "end" : 93,
      "text" : "千",
      "whiteSpace" : false
    }, {
      "id" : "s1-t5",
      "begin" : 93,
      "end" : 94,
      "text" : "人",
      "whiteSpace" : false
    }, {
      "id" : "s1-t6",
      "begin" : 94,
      "end" : 96,
      "text" : "風呂",
      "whiteSpace" : false
    }, {
      "id" : "s1-t7",
      "begin" : 96,
      "end" : 97,
      "text" : "は",
      "whiteSpace" : false
    }, {
      "id" : "s1-t8",
      "begin" : 97,
      "end" : 98,
      "text" : "、",
      "whiteSpace" : false
    }, {
      "id" : "s1-t9",
      "begin" : 98,
      "end" : 99,
      "text" : "広",
      "whiteSpace" : false
    }, {
      "id" : "s1-t10",
      "begin" : 99,
      "end" : 100,
      "text" : "さ",
      "whiteSpace" : false
    }, {
      "id" : "s1-t11",
      "begin" : 100,
      "end" : 101,
      "text" : "約",
      "whiteSpace" : false
    }, {
      "id" : "s1-t12",
      "begin" : 102,
      "end" : 104,
      "text" : "80",
      "whiteSpace" : false
    }, {
      "id" : "s1-t13",
      "begin" : 105,
      "end" : 106,
      "text" : "坪",
      "whiteSpace" : false
    }, {
      "id" : "s1-t14",
      "begin" : 106,
      "end" : 107,
      "text" : "の",
      "whiteSpace" : false
    }, {
      "id" : "s1-t15",
      "begin" : 107,
      "end" : 109,
      "text" : "浴室",
      "whiteSpace" : false
    }, {
      "id" : "s1-t16",
      "begin" : 109,
      "end" : 110,
      "text" : "に",
      "whiteSpace" : false
    }, {
      "id" : "s1-t17",
      "begin" : 110,
      "end" : 111,
      "text" : "「",
      "whiteSpace" : false
    }, {
      "id" : "s1-t18",
      "begin" : 111,
      "end" : 112,
      "text" : "熱",
      "whiteSpace" : false
    }, {
      "id" : "s1-t19",
      "begin" : 112,
      "end" : 113,
      "text" : "の",
      "whiteSpace" : false
    }, {
      "id" : "s1-t20",
      "begin" : 113,
      "end" : 114,
      "text" : "湯",
      "whiteSpace" : false
    }, {
      "id" : "s1-t21",
      "begin" : 114,
      "end" : 115,
      "text" : "」",
      "whiteSpace" : false
    }, {
      "id" : "s1-t22",
      "begin" : 115,
      "end" : 116,
      "text" : "、",
      "whiteSpace" : false
    }, {
      "id" : "s1-t23",
      "begin" : 116,
      "end" : 117,
      "text" : "「",
      "whiteSpace" : false
    }, {
      "id" : "s1-t24",
      "begin" : 117,
      "end" : 118,
      "text" : "四",
      "whiteSpace" : false
    }, {
      "id" : "s1-t25",
      "begin" : 118,
      "end" : 119,
      "text" : "分",
      "whiteSpace" : false
    }, {
      "id" : "s1-t26",
      "begin" : 119,
      "end" : 120,
      "text" : "六",
      "whiteSpace" : false
    }, {
      "id" : "s1-t27",
      "begin" : 120,
      "end" : 121,
      "text" : "分",
      "whiteSpace" : false
    }, {
      "id" : "s1-t28",
      "begin" : 121,
      "end" : 122,
      "text" : "の",
      "whiteSpace" : false
    }, {
      "id" : "s1-t29",
      "begin" : 122,
      "end" : 123,
      "text" : "湯",
      "whiteSpace" : false
    }, {
      "id" : "s1-t30",
      "begin" : 123,
      "end" : 124,
      "text" : "」",
      "whiteSpace" : false
    }, {
      "id" : "s1-t31",
      "begin" : 124,
      "end" : 125,
      "text" : "、",
      "whiteSpace" : false
    }, {
      "id" : "s1-t32",
      "begin" : 125,
      "end" : 126,
      "text" : "「",
      "whiteSpace" : false
    }, {
      "id" : "s1-t33",
      "begin" : 126,
      "end" : 127,
      "text" : "鹿",
      "whiteSpace" : false
    }, {
      "id" : "s1-t34",
      "begin" : 127,
      "end" : 128,
      "text" : "の",
      "whiteSpace" : false
    }, {
      "id" : "s1-t35",
      "begin" : 128,
      "end" : 129,
      "text" : "湯",
      "whiteSpace" : false
    }, {
      "id" : "s1-t36",
      "begin" : 129,
      "end" : 130,
      "text" : "」",
      "whiteSpace" : false
    }, {
      "id" : "s1-t37",
      "begin" : 130,
      "end" : 131,
      "text" : "、",
      "whiteSpace" : false
    }, {
      "id" : "s1-t38",
      "begin" : 131,
      "end" : 132,
      "text" : "「",
      "whiteSpace" : false
    }, {
      "id" : "s1-t39",
      "begin" : 132,
      "end" : 133,
      "text" : "冷",
      "whiteSpace" : false
    }, {
      "id" : "s1-t40",
      "begin" : 133,
      "end" : 134,
      "text" : "の",
      "whiteSpace" : false
    }, {
      "id" : "s1-t41",
      "begin" : 134,
      "end" : 135,
      "text" : "湯",
      "whiteSpace" : false
    }, {
      "id" : "s1-t42",
      "begin" : 135,
      "end" : 136,
      "text" : "」",
      "whiteSpace" : false
    }, {
      "id" : "s1-t43",
      "begin" : 136,
      "end" : 137,
      "text" : "と",
      "whiteSpace" : false
    }, {
      "id" : "s1-t44",
      "begin" : 138,
      "end" : 139,
      "text" : "4",
      "whiteSpace" : false
    }, {
      "id" : "s1-t45",
      "begin" : 140,
      "end" : 142,
      "text" : "種類",
      "whiteSpace" : false
    }, {
      "id" : "s1-t46",
      "begin" : 142,
      "end" : 143,
      "text" : "の",
      "whiteSpace" : false
    }, {
      "id" : "s1-t47",
      "begin" : 143,
      "end" : 145,
      "text" : "浴槽",
      "whiteSpace" : false
    }, {
      "id" : "s1-t48",
      "begin" : 145,
      "end" : 146,
      "text" : "に",
      "whiteSpace" : false
    }, {
      "id" : "s1-t49",
      "begin" : 146,
      "end" : 150,
      "text" : "分かれて",
      "whiteSpace" : false
    }, {
      "id" : "s1-t50",
      "begin" : 150,
      "end" : 152,
      "text" : "おり",
      "whiteSpace" : false
    }, {
      "id" : "s1-t51",
      "begin" : 152,
      "end" : 153,
      "text" : "、",
      "whiteSpace" : false
    }, {
      "id" : "s1-t52",
      "begin" : 153,
      "end" : 155,
      "text" : "その",
      "whiteSpace" : false
    }, {
      "id" : "s1-t53",
      "begin" : 155,
      "end" : 156,
      "text" : "柱",
      "whiteSpace" : false
    }, {
      "id" : "s1-t54",
      "begin" : 156,
      "end" : 157,
      "text" : "の",
      "whiteSpace" : false
    }, {
      "id" : "s1-t55",
      "begin" : 158,
      "end" : 159,
      "text" : "1",
      "whiteSpace" : false
    }, {
      "id" : "s1-t56",
      "begin" : 160,
      "end" : 161,
      "text" : "本",
      "whiteSpace" : false
    }, {
      "id" : "s1-t57",
      "begin" : 161,
      "end" : 162,
      "text" : "も",
      "whiteSpace" : false
    }, {
      "id" : "s1-t58",
      "begin" : 162,
      "end" : 164,
      "text" : "ない",
      "whiteSpace" : false
    }, {
      "id" : "s1-t59",
      "begin" : 164,
      "end" : 165,
      "text" : "大",
      "whiteSpace" : false
    }, {
      "id" : "s1-t60",
      "begin" : 165,
      "end" : 167,
      "text" : "空間",
      "whiteSpace" : false
    }, {
      "id" : "s1-t61",
      "begin" : 167,
      "end" : 168,
      "text" : "で",
      "whiteSpace" : false
    }, {
      "id" : "s1-t62",
      "begin" : 168,
      "end" : 169,
      "text" : "、",
      "whiteSpace" : false
    }, {
      "id" : "s1-t63",
      "begin" : 169,
      "end" : 171,
      "text" : "老若",
      "whiteSpace" : false
    }, {
      "id" : "s1-t64",
      "begin" : 171,
      "end" : 173,
      "text" : "男女",
      "whiteSpace" : false
    }, {
      "id" : "s1-t65",
      "begin" : 173,
      "end" : 174,
      "text" : "に",
      "whiteSpace" : false
    }, {
      "id" : "s1-t66",
      "begin" : 174,
      "end" : 178,
      "text" : "昔ながら",
      "whiteSpace" : false
    }, {
      "id" : "s1-t67",
      "begin" : 178,
      "end" : 179,
      "text" : "の",
      "whiteSpace" : false
    }, {
      "id" : "s1-t68",
      "begin" : 179,
      "end" : 183,
      "text" : "スタイル",
      "whiteSpace" : false
    }, {
      "id" : "s1-t69",
      "begin" : 183,
      "end" : 184,
      "text" : "で",
      "whiteSpace" : false
    }, {
      "id" : "s1-t70",
      "begin" : 184,
      "end" : 185,
      "text" : "湯",
      "whiteSpace" : false
    }, {
      "id" : "s1-t71",
      "begin" : 185,
      "end" : 187,
      "text" : "あみ",
      "whiteSpace" : false
    }, {
      "id" : "s1-t72",
      "begin" : 187,
      "end" : 188,
      "text" : "さ",
      "whiteSpace" : false
    }, {
      "id" : "s1-t73",
      "begin" : 188,
      "end" : 190,
      "text" : "れて",
      "whiteSpace" : false
    }, {
      "id" : "s1-t74",
      "begin" : 190,
      "end" : 192,
      "text" : "いる",
      "whiteSpace" : false
    }, {
      "id" : "s1-t75",
      "begin" : 192,
      "end" : 193,
      "text" : "。",
      "whiteSpace" : false
    } ]
  }, {
    "id" : "s2",
    "begin" : 194,
    "end" : 302,
    "text" : "また、酸ヶ湯温泉から歩いて 5 分のところに位置するキャンプ場は、ブナ林に囲まれた八甲田・大岳を望む敷地内にあり、青森ヒバで建てられた管理棟や、ベンチ・釜場を備えた炊事棟及び、テントサイトなどの施設が整備されている。",
    "tokens" : [ {
      "id" : "s2-t0",
      "begin" : 194,
      "end" : 196,
      "text" : "また",
      "whiteSpace" : false
    }, {
      "id" : "s2-t1",
      "begin" : 196,
      "end" : 197,
      "text" : "、",
      "whiteSpace" : false
    }, {
      "id" : "s2-t2",
      "begin" : 197,
      "end" : 198,
      "text" : "酸",
      "whiteSpace" : false
    }, {
      "id" : "s2-t3",
      "begin" : 198,
      "end" : 200,
      "text" : "ヶ湯",
      "whiteSpace" : false
    }, {
      "id" : "s2-t4",
      "begin" : 200,
      "end" : 202,
      "text" : "温泉",
      "whiteSpace" : false
    }, {
      "id" : "s2-t5",
      "begin" : 202,
      "end" : 204,
      "text" : "から",
      "whiteSpace" : false
    }, {
      "id" : "s2-t6",
      "begin" : 204,
      "end" : 207,
      "text" : "歩いて",
      "whiteSpace" : false
    }, {
      "id" : "s2-t7",
      "begin" : 208,
      "end" : 209,
      "text" : "5",
      "whiteSpace" : false
    }, {
      "id" : "s2-t8",
      "begin" : 210,
      "end" : 211,
      "text" : "分",
      "whiteSpace" : false
    }, {
      "id" : "s2-t9",
      "begin" : 211,
      "end" : 212,
      "text" : "の",
      "whiteSpace" : false
    }, {
      "id" : "s2-t10",
      "begin" : 212,
      "end" : 215,
      "text" : "ところ",
      "whiteSpace" : false
    }, {
      "id" : "s2-t11",
      "begin" : 215,
      "end" : 216,
      "text" : "に",
      "whiteSpace" : false
    }, {
      "id" : "s2-t12",
      "begin" : 216,
      "end" : 218,
      "text" : "位置",
      "whiteSpace" : false
    }, {
      "id" : "s2-t13",
      "begin" : 218,
      "end" : 220,
      "text" : "する",
      "whiteSpace" : false
    }, {
      "id" : "s2-t14",
      "begin" : 220,
      "end" : 224,
      "text" : "キャンプ",
      "whiteSpace" : false
    }, {
      "id" : "s2-t15",
      "begin" : 224,
      "end" : 225,
      "text" : "場",
      "whiteSpace" : false
    }, {
      "id" : "s2-t16",
      "begin" : 225,
      "end" : 226,
      "text" : "は",
      "whiteSpace" : false
    }, {
      "id" : "s2-t17",
      "begin" : 226,
      "end" : 227,
      "text" : "、",
      "whiteSpace" : false
    }, {
      "id" : "s2-t18",
      "begin" : 227,
      "end" : 229,
      "text" : "ブナ",
      "whiteSpace" : false
    }, {
      "id" : "s2-t19",
      "begin" : 229,
      "end" : 230,
      "text" : "林",
      "whiteSpace" : false
    }, {
      "id" : "s2-t20",
      "begin" : 230,
      "end" : 231,
      "text" : "に",
      "whiteSpace" : false
    }, {
      "id" : "s2-t21",
      "begin" : 231,
      "end" : 233,
      "text" : "囲ま",
      "whiteSpace" : false
    }, {
      "id" : "s2-t22",
      "begin" : 233,
      "end" : 235,
      "text" : "れた",
      "whiteSpace" : false
    }, {
      "id" : "s2-t23",
      "begin" : 235,
      "end" : 238,
      "text" : "八甲田",
      "whiteSpace" : false
    }, {
      "id" : "s2-t24",
      "begin" : 238,
      "end" : 239,
      "text" : "・",
      "whiteSpace" : false
    }, {
      "id" : "s2-t25",
      "begin" : 239,
      "end" : 241,
      "text" : "大岳",
      "whiteSpace" : false
    }, {
      "id" : "s2-t26",
      "begin" : 241,
      "end" : 242,
      "text" : "を",
      "whiteSpace" : false
    }, {
      "id" : "s2-t27",
      "begin" : 242,
      "end" : 244,
      "text" : "望む",
      "whiteSpace" : false
    }, {
      "id" : "s2-t28",
      "begin" : 244,
      "end" : 246,
      "text" : "敷地",
      "whiteSpace" : false
    }, {
      "id" : "s2-t29",
      "begin" : 246,
      "end" : 247,
      "text" : "内",
      "whiteSpace" : false
    }, {
      "id" : "s2-t30",
      "begin" : 247,
      "end" : 248,
      "text" : "に",
      "whiteSpace" : false
    }, {
      "id" : "s2-t31",
      "begin" : 248,
      "end" : 250,
      "text" : "あり",
      "whiteSpace" : false
    }, {
      "id" : "s2-t32",
      "begin" : 250,
      "end" : 251,
      "text" : "、",
      "whiteSpace" : false
    }, {
      "id" : "s2-t33",
      "begin" : 251,
      "end" : 253,
      "text" : "青森",
      "whiteSpace" : false
    }, {
      "id" : "s2-t34",
      "begin" : 253,
      "end" : 255,
      "text" : "ヒバ",
      "whiteSpace" : false
    }, {
      "id" : "s2-t35",
      "begin" : 255,
      "end" : 256,
      "text" : "で",
      "whiteSpace" : false
    }, {
      "id" : "s2-t36",
      "begin" : 256,
      "end" : 258,
      "text" : "建て",
      "whiteSpace" : false
    }, {
      "id" : "s2-t37",
      "begin" : 258,
      "end" : 261,
      "text" : "られた",
      "whiteSpace" : false
    }, {
      "id" : "s2-t38",
      "begin" : 261,
      "end" : 263,
      "text" : "管理",
      "whiteSpace" : false
    }, {
      "id" : "s2-t39",
      "begin" : 263,
      "end" : 264,
      "text" : "棟",
      "whiteSpace" : false
    }, {
      "id" : "s2-t40",
      "begin" : 264,
      "end" : 265,
      "text" : "や",
      "whiteSpace" : false
    }, {
      "id" : "s2-t41",
      "begin" : 265,
      "end" : 266,
      "text" : "、",
      "whiteSpace" : false
    }, {
      "id" : "s2-t42",
      "begin" : 266,
      "end" : 269,
      "text" : "ベンチ",
      "whiteSpace" : false
    }, {
      "id" : "s2-t43",
      "begin" : 269,
      "end" : 270,
      "text" : "・",
      "whiteSpace" : false
    }, {
      "id" : "s2-t44",
      "begin" : 270,
      "end" : 272,
      "text" : "釜場",
      "whiteSpace" : false
    }, {
      "id" : "s2-t45",
      "begin" : 272,
      "end" : 273,
      "text" : "を",
      "whiteSpace" : false
    }, {
      "id" : "s2-t46",
      "begin" : 273,
      "end" : 276,
      "text" : "備えた",
      "whiteSpace" : false
    }, {
      "id" : "s2-t47",
      "begin" : 276,
      "end" : 278,
      "text" : "炊事",
      "whiteSpace" : false
    }, {
      "id" : "s2-t48",
      "begin" : 278,
      "end" : 279,
      "text" : "棟",
      "whiteSpace" : false
    }, {
      "id" : "s2-t49",
      "begin" : 279,
      "end" : 281,
      "text" : "及び",
      "whiteSpace" : false
    }, {
      "id" : "s2-t50",
      "begin" : 281,
      "end" : 282,
      "text" : "、",
      "whiteSpace" : false
    }, {
      "id" : "s2-t51",
      "begin" : 282,
      "end" : 285,
      "text" : "テント",
      "whiteSpace" : false
    }, {
      "id" : "s2-t52",
      "begin" : 285,
      "end" : 288,
      "text" : "サイト",
      "whiteSpace" : false
    }, {
      "id" : "s2-t53",
      "begin" : 288,
      "end" : 290,
      "text" : "など",
      "whiteSpace" : false
    }, {
      "id" : "s2-t54",
      "begin" : 290,
      "end" : 291,
      "text" : "の",
      "whiteSpace" : false
    }, {
      "id" : "s2-t55",
      "begin" : 291,
      "end" : 293,
      "text" : "施設",
      "whiteSpace" : false
    }, {
      "id" : "s2-t56",
      "begin" : 293,
      "end" : 294,
      "text" : "が",
      "whiteSpace" : false
    }, {
      "id" : "s2-t57",
      "begin" : 294,
      "end" : 296,
      "text" : "整備",
      "whiteSpace" : false
    }, {
      "id" : "s2-t58",
      "begin" : 296,
      "end" : 297,
      "text" : "さ",
      "whiteSpace" : false
    }, {
      "id" : "s2-t59",
      "begin" : 297,
      "end" : 299,
      "text" : "れて",
      "whiteSpace" : false
    }, {
      "id" : "s2-t60",
      "begin" : 299,
      "end" : 301,
      "text" : "いる",
      "whiteSpace" : false
    }, {
      "id" : "s2-t61",
      "begin" : 301,
      "end" : 302,
      "text" : "。",
      "whiteSpace" : false
    } ]
  }, {
    "id" : "s3",
    "begin" : 302,
    "end" : 369,
    "text" : "平成 19 年のリニューアルオープン後は、野外活動を楽しむ場として、登山などのレジャーを目的に八甲田を訪れる多くの方に利用されている。",
    "tokens" : [ {
      "id" : "s3-t0",
      "begin" : 302,
      "end" : 304,
      "text" : "平成",
      "whiteSpace" : false
    }, {
      "id" : "s3-t1",
      "begin" : 305,
      "end" : 307,
      "text" : "19",
      "whiteSpace" : false
    }, {
      "id" : "s3-t2",
      "begin" : 308,
      "end" : 309,
      "text" : "年",
      "whiteSpace" : false
    }, {
      "id" : "s3-t3",
      "begin" : 309,
      "end" : 310,
      "text" : "の",
      "whiteSpace" : false
    }, {
      "id" : "s3-t4",
      "begin" : 310,
      "end" : 320,
      "text" : "リニューアルオープン",
      "whiteSpace" : false
    }, {
      "id" : "s3-t5",
      "begin" : 320,
      "end" : 321,
      "text" : "後",
      "whiteSpace" : false
    }, {
      "id" : "s3-t6",
      "begin" : 321,
      "end" : 322,
      "text" : "は",
      "whiteSpace" : false
    }, {
      "id" : "s3-t7",
      "begin" : 322,
      "end" : 323,
      "text" : "、",
      "whiteSpace" : false
    }, {
      "id" : "s3-t8",
      "begin" : 323,
      "end" : 325,
      "text" : "野外",
      "whiteSpace" : false
    }, {
      "id" : "s3-t9",
      "begin" : 325,
      "end" : 327,
      "text" : "活動",
      "whiteSpace" : false
    }, {
      "id" : "s3-t10",
      "begin" : 327,
      "end" : 328,
      "text" : "を",
      "whiteSpace" : false
    }, {
      "id" : "s3-t11",
      "begin" : 328,
      "end" : 331,
      "text" : "楽しむ",
      "whiteSpace" : false
    }, {
      "id" : "s3-t12",
      "begin" : 331,
      "end" : 332,
      "text" : "場",
      "whiteSpace" : false
    }, {
      "id" : "s3-t13",
      "begin" : 332,
      "end" : 333,
      "text" : "と",
      "whiteSpace" : false
    }, {
      "id" : "s3-t14",
      "begin" : 333,
      "end" : 335,
      "text" : "して",
      "whiteSpace" : false
    }, {
      "id" : "s3-t15",
      "begin" : 335,
      "end" : 336,
      "text" : "、",
      "whiteSpace" : false
    }, {
      "id" : "s3-t16",
      "begin" : 336,
      "end" : 338,
      "text" : "登山",
      "whiteSpace" : false
    }, {
      "id" : "s3-t17",
      "begin" : 338,
      "end" : 340,
      "text" : "など",
      "whiteSpace" : false
    }, {
      "id" : "s3-t18",
      "begin" : 340,
      "end" : 341,
      "text" : "の",
      "whiteSpace" : false
    }, {
      "id" : "s3-t19",
      "begin" : 341,
      "end" : 345,
      "text" : "レジャー",
      "whiteSpace" : false
    }, {
      "id" : "s3-t20",
      "begin" : 345,
      "end" : 346,
      "text" : "を",
      "whiteSpace" : false
    }, {
      "id" : "s3-t21",
      "begin" : 346,
      "end" : 348,
      "text" : "目的",
      "whiteSpace" : false
    }, {
      "id" : "s3-t22",
      "begin" : 348,
      "end" : 349,
      "text" : "に",
      "whiteSpace" : false
    }, {
      "id" : "s3-t23",
      "begin" : 349,
      "end" : 352,
      "text" : "八甲田",
      "whiteSpace" : false
    }, {
      "id" : "s3-t24",
      "begin" : 352,
      "end" : 353,
      "text" : "を",
      "whiteSpace" : false
    }, {
      "id" : "s3-t25",
      "begin" : 353,
      "end" : 356,
      "text" : "訪れる",
      "whiteSpace" : false
    }, {
      "id" : "s3-t26",
      "begin" : 356,
      "end" : 358,
      "text" : "多く",
      "whiteSpace" : false
    }, {
      "id" : "s3-t27",
      "begin" : 358,
      "end" : 359,
      "text" : "の",
      "whiteSpace" : false
    }, {
      "id" : "s3-t28",
      "begin" : 359,
      "end" : 360,
      "text" : "方",
      "whiteSpace" : false
    }, {
      "id" : "s3-t29",
      "begin" : 360,
      "end" : 361,
      "text" : "に",
      "whiteSpace" : false
    }, {
      "id" : "s3-t30",
      "begin" : 361,
      "end" : 363,
      "text" : "利用",
      "whiteSpace" : false
    }, {
      "id" : "s3-t31",
      "begin" : 363,
      "end" : 364,
      "text" : "さ",
      "whiteSpace" : false
    }, {
      "id" : "s3-t32",
      "begin" : 364,
      "end" : 366,
      "text" : "れて",
      "whiteSpace" : false
    }, {
      "id" : "s3-t33",
      "begin" : 366,
      "end" : 368,
      "text" : "いる",
      "whiteSpace" : false
    }, {
      "id" : "s3-t34",
      "begin" : 368,
      "end" : 369,
      "text" : "。",
      "whiteSpace" : false
    } ]
  } ],
  "mentions" : [ {
    "id" : "s0-m2",
    "properties" : {
      "SIRE_MENTION_ROLE" : "ONSEN",
      "SIRE_ENTITY_SUBTYPE" : "NONE",
      "SIRE_MENTION_TYPE" : "NONE",
      "SIRE_MENTION_CLASS" : "SPC"
    },
    "type" : "ONSEN",
    "begin" : 0,
    "end" : 5,
    "inCoref" : true
  }, {
    "id" : "s0-m7",
    "properties" : {
      "SIRE_MENTION_ROLE" : "Sensitsu",
      "SIRE_ENTITY_SUBTYPE" : "NONE",
      "SIRE_MENTION_TYPE" : "NONE",
      "SIRE_MENTION_CLASS" : "SPC"
    },
    "type" : "Sensitsu",
    "begin" : 36,
    "end" : 53,
    "inCoref" : false
  }, {
    "id" : "s0-m3",
    "properties" : {
      "SIRE_MENTION_ROLE" : "Tekiou",
      "SIRE_ENTITY_SUBTYPE" : "NONE",
      "SIRE_MENTION_TYPE" : "NONE",
      "SIRE_MENTION_CLASS" : "SPC"
    },
    "type" : "Tekiou",
    "begin" : 62,
    "end" : 65,
    "inCoref" : false
  }, {
    "id" : "s0-m4",
    "properties" : {
      "SIRE_MENTION_ROLE" : "Tekiou",
      "SIRE_ENTITY_SUBTYPE" : "NONE",
      "SIRE_MENTION_TYPE" : "NONE",
      "SIRE_MENTION_CLASS" : "SPC"
    },
    "type" : "Tekiou",
    "begin" : 66,
    "end" : 69,
    "inCoref" : false
  }, {
    "id" : "s0-m5",
    "properties" : {
      "SIRE_MENTION_ROLE" : "Tekiou",
      "SIRE_ENTITY_SUBTYPE" : "NONE",
      "SIRE_MENTION_TYPE" : "NONE",
      "SIRE_MENTION_CLASS" : "SPC"
    },
    "type" : "Tekiou",
    "begin" : 70,
    "end" : 76,
    "inCoref" : false
  }, {
    "id" : "s2-m1",
    "properties" : {
      "SIRE_MENTION_ROLE" : "ONSEN",
      "SIRE_ENTITY_SUBTYPE" : "NONE",
      "SIRE_MENTION_TYPE" : "NONE",
      "SIRE_MENTION_CLASS" : "SPC"
    },
    "type" : "ONSEN",
    "begin" : 197,
    "end" : 202,
    "inCoref" : true
  } ],
  "relations" : [ {
    "id" : "s0-r1",
    "properties" : { },
    "type" : "hasAttribute",
    "args" : [ "s0-m2", "s0-m7" ]
  }, {
    "id" : "s0-r2",
    "properties" : { },
    "type" : "targetCase",
    "args" : [ "s0-m2", "s0-m3" ]
  }, {
    "id" : "s0-r3",
    "properties" : { },
    "type" : "targetCase",
    "args" : [ "s0-m2", "s0-m4" ]
  }, {
    "id" : "s0-r4",
    "properties" : { },
    "type" : "targetCase",
    "args" : [ "s0-m2", "s0-m5" ]
  }, {
    "id" : "s0-r5",
    "properties" : { },
    "type" : "targetCase",
    "args" : [ "s0-m7", "s0-m3" ]
  }, {
    "id" : "s0-r6",
    "properties" : { },
    "type" : "targetCase",
    "args" : [ "s0-m7", "s0-m4" ]
  }, {
    "id" : "s0-r7",
    "properties" : { },
    "type" : "targetCase",
    "args" : [ "s0-m7", "s0-m5" ]
  } ],
  "corefs" : [ {
    "id" : "c1",
    "properties" : { },
    "mentions" : [ "s0-m2", "s2-m1" ]
  } ],
  "typeResolved" : true,
  "userResolved" : false
}