{
  "id" : "708577b0-c18f-11e9-8fb4-852e09b427fc-2",
  "name" : "田沢湖高原温泉郷 国民保養温泉地計画書",
  "createdDate" : 0,
  "version" : 3,
  "text" : "田沢湖高原温泉郷は、十和田八幡平国立公園の八幡平地区の西南端に位置し、乳 頭温泉と田沢湖高原温泉からなる。源泉は、乳頭温泉については乳頭山麓に点在する７湯からなり、その泉質は多種多様であり、湧出量は１０から６５０Ｌ／分、湧出温度は３０℃から８６℃である。\n田沢湖高原温泉については乳頭温泉からの引湯（造成井）であり、その泉質は乳白色の単純硫黄泉で湧出量最大で５７５Ｌ／分、湧出温度最高で７１℃である。",
  "docLength" : 0,
  "language" : "JA",
  "status" : "IN_PROGRESS",
  "modifiedDate" : 1567851185410,
  "documentSet" : [ ],
  "preannotation" : [ "PRE_LW" ],
  "sentences" : [ {
    "id" : "s0",
    "begin" : 0,
    "end" : 53,
    "text" : "田沢湖高原温泉郷は、十和田八幡平国立公園の八幡平地区の西南端に位置し、乳 頭温泉と田沢湖高原温泉からなる。",
    "tokens" : [ {
      "id" : "s0-t0",
      "begin" : 0,
      "end" : 3,
      "text" : "田沢湖",
      "whiteSpace" : false
    }, {
      "id" : "s0-t1",
      "begin" : 3,
      "end" : 5,
      "text" : "高原",
      "whiteSpace" : false
    }, {
      "id" : "s0-t2",
      "begin" : 5,
      "end" : 8,
      "text" : "温泉郷",
      "whiteSpace" : false
    }, {
      "id" : "s0-t3",
      "begin" : 8,
      "end" : 9,
      "text" : "は",
      "whiteSpace" : false
    }, {
      "id" : "s0-t4",
      "begin" : 9,
      "end" : 10,
      "text" : "、",
      "whiteSpace" : false
    }, {
      "id" : "s0-t5",
      "begin" : 10,
      "end" : 13,
      "text" : "十和田",
      "whiteSpace" : false
    }, {
      "id" : "s0-t6",
      "begin" : 13,
      "end" : 16,
      "text" : "八幡平",
      "whiteSpace" : false
    }, {
      "id" : "s0-t7",
      "begin" : 16,
      "end" : 18,
      "text" : "国立",
      "whiteSpace" : false
    }, {
      "id" : "s0-t8",
      "begin" : 18,
      "end" : 20,
      "text" : "公園",
      "whiteSpace" : false
    }, {
      "id" : "s0-t9",
      "begin" : 20,
      "end" : 21,
      "text" : "の",
      "whiteSpace" : false
    }, {
      "id" : "s0-t10",
      "begin" : 21,
      "end" : 24,
      "text" : "八幡平",
      "whiteSpace" : false
    }, {
      "id" : "s0-t11",
      "begin" : 24,
      "end" : 26,
      "text" : "地区",
      "whiteSpace" : false
    }, {
      "id" : "s0-t12",
      "begin" : 26,
      "end" : 27,
      "text" : "の",
      "whiteSpace" : false
    }, {
      "id" : "s0-t13",
      "begin" : 27,
      "end" : 28,
      "text" : "西",
      "whiteSpace" : false
    }, {
      "id" : "s0-t14",
      "begin" : 28,
      "end" : 30,
      "text" : "南端",
      "whiteSpace" : false
    }, {
      "id" : "s0-t15",
      "begin" : 30,
      "end" : 31,
      "text" : "に",
      "whiteSpace" : false
    }, {
      "id" : "s0-t16",
      "begin" : 31,
      "end" : 33,
      "text" : "位置",
      "whiteSpace" : false
    }, {
      "id" : "s0-t17",
      "begin" : 33,
      "end" : 34,
      "text" : "し",
      "whiteSpace" : false
    }, {
      "id" : "s0-t18",
      "begin" : 34,
      "end" : 35,
      "text" : "、",
      "whiteSpace" : false
    }, {
      "id" : "s0-t19",
      "begin" : 35,
      "end" : 36,
      "text" : "乳",
      "whiteSpace" : false
    }, {
      "id" : "s0-t20",
      "begin" : 37,
      "end" : 38,
      "text" : "頭",
      "whiteSpace" : false
    }, {
      "id" : "s0-t21",
      "begin" : 38,
      "end" : 40,
      "text" : "温泉",
      "whiteSpace" : false
    }, {
      "id" : "s0-t22",
      "begin" : 40,
      "end" : 41,
      "text" : "と",
      "whiteSpace" : false
    }, {
      "id" : "s0-t23",
      "begin" : 41,
      "end" : 44,
      "text" : "田沢湖",
      "whiteSpace" : false
    }, {
      "id" : "s0-t24",
      "begin" : 44,
      "end" : 46,
      "text" : "高原",
      "whiteSpace" : false
    }, {
      "id" : "s0-t25",
      "begin" : 46,
      "end" : 48,
      "text" : "温泉",
      "whiteSpace" : false
    }, {
      "id" : "s0-t26",
      "begin" : 48,
      "end" : 50,
      "text" : "から",
      "whiteSpace" : false
    }, {
      "id" : "s0-t27",
      "begin" : 50,
      "end" : 52,
      "text" : "なる",
      "whiteSpace" : false
    }, {
      "id" : "s0-t28",
      "begin" : 52,
      "end" : 53,
      "text" : "。",
      "whiteSpace" : false
    } ]
  }, {
    "id" : "s1",
    "begin" : 53,
    "end" : 127,
    "text" : "源泉は、乳頭温泉については乳頭山麓に点在する７湯からなり、その泉質は多種多様であり、湧出量は１０から６５０Ｌ／分、湧出温度は３０℃から８６℃である。",
    "tokens" : [ {
      "id" : "s1-t0",
      "begin" : 53,
      "end" : 55,
      "text" : "源泉",
      "whiteSpace" : false
    }, {
      "id" : "s1-t1",
      "begin" : 55,
      "end" : 56,
      "text" : "は",
      "whiteSpace" : false
    }, {
      "id" : "s1-t2",
      "begin" : 56,
      "end" : 57,
      "text" : "、",
      "whiteSpace" : false
    }, {
      "id" : "s1-t3",
      "begin" : 57,
      "end" : 59,
      "text" : "乳頭",
      "whiteSpace" : false
    }, {
      "id" : "s1-t4",
      "begin" : 59,
      "end" : 61,
      "text" : "温泉",
      "whiteSpace" : false
    }, {
      "id" : "s1-t5",
      "begin" : 61,
      "end" : 62,
      "text" : "に",
      "whiteSpace" : false
    }, {
      "id" : "s1-t6",
      "begin" : 62,
      "end" : 65,
      "text" : "ついて",
      "whiteSpace" : false
    }, {
      "id" : "s1-t7",
      "begin" : 65,
      "end" : 66,
      "text" : "は",
      "whiteSpace" : false
    }, {
      "id" : "s1-t8",
      "begin" : 66,
      "end" : 68,
      "text" : "乳頭",
      "whiteSpace" : false
    }, {
      "id" : "s1-t9",
      "begin" : 68,
      "end" : 70,
      "text" : "山麓",
      "whiteSpace" : false
    }, {
      "id" : "s1-t10",
      "begin" : 70,
      "end" : 71,
      "text" : "に",
      "whiteSpace" : false
    }, {
      "id" : "s1-t11",
      "begin" : 71,
      "end" : 73,
      "text" : "点在",
      "whiteSpace" : false
    }, {
      "id" : "s1-t12",
      "begin" : 73,
      "end" : 75,
      "text" : "する",
      "whiteSpace" : false
    }, {
      "id" : "s1-t13",
      "begin" : 75,
      "end" : 76,
      "text" : "７",
      "whiteSpace" : false
    }, {
      "id" : "s1-t14",
      "begin" : 76,
      "end" : 77,
      "text" : "湯",
      "whiteSpace" : false
    }, {
      "id" : "s1-t15",
      "begin" : 77,
      "end" : 79,
      "text" : "から",
      "whiteSpace" : false
    }, {
      "id" : "s1-t16",
      "begin" : 79,
      "end" : 81,
      "text" : "なり",
      "whiteSpace" : false
    }, {
      "id" : "s1-t17",
      "begin" : 81,
      "end" : 82,
      "text" : "、",
      "whiteSpace" : false
    }, {
      "id" : "s1-t18",
      "begin" : 82,
      "end" : 84,
      "text" : "その",
      "whiteSpace" : false
    }, {
      "id" : "s1-t19",
      "begin" : 84,
      "end" : 86,
      "text" : "泉質",
      "whiteSpace" : false
    }, {
      "id" : "s1-t20",
      "begin" : 86,
      "end" : 87,
      "text" : "は",
      "whiteSpace" : false
    }, {
      "id" : "s1-t21",
      "begin" : 87,
      "end" : 94,
      "text" : "多種多様であり",
      "whiteSpace" : false
    }, {
      "id" : "s1-t22",
      "begin" : 94,
      "end" : 95,
      "text" : "、",
      "whiteSpace" : false
    }, {
      "id" : "s1-t23",
      "begin" : 95,
      "end" : 97,
      "text" : "湧出",
      "whiteSpace" : false
    }, {
      "id" : "s1-t24",
      "begin" : 97,
      "end" : 98,
      "text" : "量",
      "whiteSpace" : false
    }, {
      "id" : "s1-t25",
      "begin" : 98,
      "end" : 99,
      "text" : "は",
      "whiteSpace" : false
    }, {
      "id" : "s1-t26",
      "begin" : 99,
      "end" : 101,
      "text" : "１０",
      "whiteSpace" : false
    }, {
      "id" : "s1-t27",
      "begin" : 101,
      "end" : 103,
      "text" : "から",
      "whiteSpace" : false
    }, {
      "id" : "s1-t28",
      "begin" : 103,
      "end" : 107,
      "text" : "６５０Ｌ",
      "whiteSpace" : false
    }, {
      "id" : "s1-t29",
      "begin" : 107,
      "end" : 108,
      "text" : "／",
      "whiteSpace" : false
    }, {
      "id" : "s1-t30",
      "begin" : 108,
      "end" : 109,
      "text" : "分",
      "whiteSpace" : false
    }, {
      "id" : "s1-t31",
      "begin" : 109,
      "end" : 110,
      "text" : "、",
      "whiteSpace" : false
    }, {
      "id" : "s1-t32",
      "begin" : 110,
      "end" : 112,
      "text" : "湧出",
      "whiteSpace" : false
    }, {
      "id" : "s1-t33",
      "begin" : 112,
      "end" : 114,
      "text" : "温度",
      "whiteSpace" : false
    }, {
      "id" : "s1-t34",
      "begin" : 114,
      "end" : 115,
      "text" : "は",
      "whiteSpace" : false
    }, {
      "id" : "s1-t35",
      "begin" : 115,
      "end" : 117,
      "text" : "３０",
      "whiteSpace" : false
    }, {
      "id" : "s1-t36",
      "begin" : 117,
      "end" : 118,
      "text" : "℃",
      "whiteSpace" : false
    }, {
      "id" : "s1-t37",
      "begin" : 118,
      "end" : 120,
      "text" : "から",
      "whiteSpace" : false
    }, {
      "id" : "s1-t38",
      "begin" : 120,
      "end" : 122,
      "text" : "８６",
      "whiteSpace" : false
    }, {
      "id" : "s1-t39",
      "begin" : 122,
      "end" : 123,
      "text" : "℃",
      "whiteSpace" : false
    }, {
      "id" : "s1-t40",
      "begin" : 123,
      "end" : 126,
      "text" : "である",
      "whiteSpace" : false
    }, {
      "id" : "s1-t41",
      "begin" : 126,
      "end" : 127,
      "text" : "。",
      "whiteSpace" : false
    } ]
  }, {
    "id" : "s2",
    "begin" : 128,
    "end" : 200,
    "text" : "田沢湖高原温泉については乳頭温泉からの引湯（造成井）であり、その泉質は乳白色の単純硫黄泉で湧出量最大で５７５Ｌ／分、湧出温度最高で７１℃である。",
    "tokens" : [ {
      "id" : "s2-t0",
      "begin" : 128,
      "end" : 131,
      "text" : "田沢湖",
      "whiteSpace" : false
    }, {
      "id" : "s2-t1",
      "begin" : 131,
      "end" : 133,
      "text" : "高原",
      "whiteSpace" : false
    }, {
      "id" : "s2-t2",
      "begin" : 133,
      "end" : 135,
      "text" : "温泉",
      "whiteSpace" : false
    }, {
      "id" : "s2-t3",
      "begin" : 135,
      "end" : 136,
      "text" : "に",
      "whiteSpace" : false
    }, {
      "id" : "s2-t4",
      "begin" : 136,
      "end" : 139,
      "text" : "ついて",
      "whiteSpace" : false
    }, {
      "id" : "s2-t5",
      "begin" : 139,
      "end" : 140,
      "text" : "は",
      "whiteSpace" : false
    }, {
      "id" : "s2-t6",
      "begin" : 140,
      "end" : 142,
      "text" : "乳頭",
      "whiteSpace" : false
    }, {
      "id" : "s2-t7",
      "begin" : 142,
      "end" : 144,
      "text" : "温泉",
      "whiteSpace" : false
    }, {
      "id" : "s2-t8",
      "begin" : 144,
      "end" : 146,
      "text" : "から",
      "whiteSpace" : false
    }, {
      "id" : "s2-t9",
      "begin" : 146,
      "end" : 147,
      "text" : "の",
      "whiteSpace" : false
    }, {
      "id" : "s2-t10",
      "begin" : 147,
      "end" : 149,
      "text" : "引湯",
      "whiteSpace" : false
    }, {
      "id" : "s2-t11",
      "begin" : 149,
      "end" : 150,
      "text" : "（",
      "whiteSpace" : false
    }, {
      "id" : "s2-t12",
      "begin" : 150,
      "end" : 153,
      "text" : "造成井",
      "whiteSpace" : false
    }, {
      "id" : "s2-t13",
      "begin" : 153,
      "end" : 154,
      "text" : "）",
      "whiteSpace" : false
    }, {
      "id" : "s2-t14",
      "begin" : 154,
      "end" : 157,
      "text" : "であり",
      "whiteSpace" : false
    }, {
      "id" : "s2-t15",
      "begin" : 157,
      "end" : 158,
      "text" : "、",
      "whiteSpace" : false
    }, {
      "id" : "s2-t16",
      "begin" : 158,
      "end" : 160,
      "text" : "その",
      "whiteSpace" : false
    }, {
      "id" : "s2-t17",
      "begin" : 160,
      "end" : 162,
      "text" : "泉質",
      "whiteSpace" : false
    }, {
      "id" : "s2-t18",
      "begin" : 162,
      "end" : 163,
      "text" : "は",
      "whiteSpace" : false
    }, {
      "id" : "s2-t19",
      "begin" : 163,
      "end" : 166,
      "text" : "乳白色",
      "whiteSpace" : false
    }, {
      "id" : "s2-t20",
      "begin" : 166,
      "end" : 167,
      "text" : "の",
      "whiteSpace" : false
    }, {
      "id" : "s2-t21",
      "begin" : 167,
      "end" : 169,
      "text" : "単純",
      "whiteSpace" : false
    }, {
      "id" : "s2-t22",
      "begin" : 169,
      "end" : 171,
      "text" : "硫黄",
      "whiteSpace" : false
    }, {
      "id" : "s2-t23",
      "begin" : 171,
      "end" : 172,
      "text" : "泉",
      "whiteSpace" : false
    }, {
      "id" : "s2-t24",
      "begin" : 172,
      "end" : 173,
      "text" : "で",
      "whiteSpace" : false
    }, {
      "id" : "s2-t25",
      "begin" : 173,
      "end" : 175,
      "text" : "湧出",
      "whiteSpace" : false
    }, {
      "id" : "s2-t26",
      "begin" : 175,
      "end" : 176,
      "text" : "量",
      "whiteSpace" : false
    }, {
      "id" : "s2-t27",
      "begin" : 176,
      "end" : 178,
      "text" : "最大",
      "whiteSpace" : false
    }, {
      "id" : "s2-t28",
      "begin" : 178,
      "end" : 179,
      "text" : "で",
      "whiteSpace" : false
    }, {
      "id" : "s2-t29",
      "begin" : 179,
      "end" : 183,
      "text" : "５７５Ｌ",
      "whiteSpace" : false
    }, {
      "id" : "s2-t30",
      "begin" : 183,
      "end" : 184,
      "text" : "／",
      "whiteSpace" : false
    }, {
      "id" : "s2-t31",
      "begin" : 184,
      "end" : 185,
      "text" : "分",
      "whiteSpace" : false
    }, {
      "id" : "s2-t32",
      "begin" : 185,
      "end" : 186,
      "text" : "、",
      "whiteSpace" : false
    }, {
      "id" : "s2-t33",
      "begin" : 186,
      "end" : 188,
      "text" : "湧出",
      "whiteSpace" : false
    }, {
      "id" : "s2-t34",
      "begin" : 188,
      "end" : 190,
      "text" : "温度",
      "whiteSpace" : false
    }, {
      "id" : "s2-t35",
      "begin" : 190,
      "end" : 193,
      "text" : "最高で",
      "whiteSpace" : false
    }, {
      "id" : "s2-t36",
      "begin" : 193,
      "end" : 195,
      "text" : "７１",
      "whiteSpace" : false
    }, {
      "id" : "s2-t37",
      "begin" : 195,
      "end" : 196,
      "text" : "℃",
      "whiteSpace" : false
    }, {
      "id" : "s2-t38",
      "begin" : 196,
      "end" : 199,
      "text" : "である",
      "whiteSpace" : false
    }, {
      "id" : "s2-t39",
      "begin" : 199,
      "end" : 200,
      "text" : "。",
      "whiteSpace" : false
    } ]
  } ],
  "mentions" : [ {
    "id" : "s0-m1",
    "properties" : {
      "SIRE_MENTION_ROLE" : "ONSEN",
      "SIRE_ENTITY_SUBTYPE" : "NONE",
      "SIRE_MENTION_TYPE" : "NONE",
      "SIRE_MENTION_CLASS" : "SPC"
    },
    "type" : "ONSEN",
    "begin" : 35,
    "end" : 40,
    "inCoref" : false
  }, {
    "id" : "s0-m2",
    "properties" : {
      "SIRE_MENTION_ROLE" : "ONSEN",
      "SIRE_ENTITY_SUBTYPE" : "NONE",
      "SIRE_MENTION_TYPE" : "NONE",
      "SIRE_MENTION_CLASS" : "SPC"
    },
    "type" : "ONSEN",
    "begin" : 41,
    "end" : 48,
    "inCoref" : true
  }, {
    "id" : "s1-m1",
    "properties" : {
      "SIRE_MENTION_ROLE" : "ONSEN",
      "SIRE_ENTITY_SUBTYPE" : "NONE",
      "SIRE_MENTION_TYPE" : "NONE",
      "SIRE_MENTION_CLASS" : "SPC"
    },
    "type" : "ONSEN",
    "begin" : 57,
    "end" : 61,
    "inCoref" : true
  }, {
    "id" : "s2-m2",
    "properties" : {
      "SIRE_MENTION_ROLE" : "ONSEN",
      "SIRE_ENTITY_SUBTYPE" : "NONE",
      "SIRE_MENTION_TYPE" : "NONE",
      "SIRE_MENTION_CLASS" : "SPC"
    },
    "type" : "ONSEN",
    "begin" : 128,
    "end" : 135,
    "inCoref" : true
  }, {
    "id" : "s2-m3",
    "properties" : {
      "SIRE_MENTION_ROLE" : "ONSEN",
      "SIRE_ENTITY_SUBTYPE" : "NONE",
      "SIRE_MENTION_TYPE" : "NONE",
      "SIRE_MENTION_CLASS" : "SPC"
    },
    "type" : "ONSEN",
    "begin" : 140,
    "end" : 144,
    "inCoref" : true
  }, {
    "id" : "s2-m0",
    "properties" : {
      "SIRE_MENTION_TYPE" : "NONE",
      "SIRE_MENTION_CLASS" : "SPC",
      "SIRE_MENTION_ROLE" : "Sensitsu",
      "SIRE_ENTITY_SUBTYPE" : "NONE"
    },
    "type" : "Sensitsu",
    "begin" : 167,
    "end" : 172,
    "inCoref" : false
  } ],
  "relations" : [ {
    "id" : "s2-r1",
    "properties" : { },
    "type" : "hasAttribute",
    "args" : [ "s2-m2", "s2-m0" ]
  } ],
  "corefs" : [ {
    "id" : "c1",
    "properties" : { },
    "mentions" : [ "s1-m1", "s2-m3" ]
  }, {
    "id" : "c2",
    "properties" : { },
    "mentions" : [ "s0-m2", "s2-m2" ]
  } ],
  "typeResolved" : true,
  "userResolved" : false
}