{
  "id" : "708577b0-c18f-11e9-8fb4-852e09b427fc-7",
  "name" : "丸子温泉郷 国民保養温泉地計画書",
  "createdDate" : 0,
  "version" : 3,
  "text" : "丸子温泉郷の三温泉地（鹿教湯温泉・大塩温泉・霊泉寺温泉）は、それぞれ独自の歴史と異な る泉質・効能をもっているが、ともに弱アルカリ性の泉質は良好であり、高血圧・中風・動脈硬 化・関節リュウマチなどに効能がある。 鹿教湯温泉の名は、鹿に化けた文殊菩薩が信仰心の厚い猟師に出湯のありかを教えたという古 事に由来しており、文殊堂や五台橋をはじめとする歴史文化資源に恵まれているだけでなく、温 泉治療とリハビリテーションの聖地として広く知られている。 大塩温泉は、武田信玄が川中島の合戦で負傷した傷兵の治療のために使用したことから“信玄 の隠し湯”と伝わっており、昔から傷によく効く温泉として知られ、温泉の効能はラジウムの含 有によるものであることが分かっている。\n",
  "docLength" : 0,
  "language" : "JA",
  "status" : "IN_PROGRESS",
  "modifiedDate" : 1567851408055,
  "documentSet" : [ ],
  "preannotation" : [ "PRE_LW" ],
  "sentences" : [ {
    "id" : "s0",
    "begin" : 0,
    "end" : 105,
    "text" : "丸子温泉郷の三温泉地（鹿教湯温泉・大塩温泉・霊泉寺温泉）は、それぞれ独自の歴史と異な る泉質・効能をもっているが、ともに弱アルカリ性の泉質は良好であり、高血圧・中風・動脈硬 化・関節リュウマチなどに効能がある。",
    "tokens" : [ {
      "id" : "s0-t0",
      "begin" : 0,
      "end" : 2,
      "text" : "丸子",
      "whiteSpace" : false
    }, {
      "id" : "s0-t1",
      "begin" : 2,
      "end" : 5,
      "text" : "温泉郷",
      "whiteSpace" : false
    }, {
      "id" : "s0-t2",
      "begin" : 5,
      "end" : 6,
      "text" : "の",
      "whiteSpace" : false
    }, {
      "id" : "s0-t3",
      "begin" : 6,
      "end" : 7,
      "text" : "三",
      "whiteSpace" : false
    }, {
      "id" : "s0-t4",
      "begin" : 7,
      "end" : 9,
      "text" : "温泉",
      "whiteSpace" : false
    }, {
      "id" : "s0-t5",
      "begin" : 9,
      "end" : 10,
      "text" : "地",
      "whiteSpace" : false
    }, {
      "id" : "s0-t6",
      "begin" : 10,
      "end" : 11,
      "text" : "（",
      "whiteSpace" : false
    }, {
      "id" : "s0-t7",
      "begin" : 11,
      "end" : 14,
      "text" : "鹿教湯",
      "whiteSpace" : false
    }, {
      "id" : "s0-t8",
      "begin" : 14,
      "end" : 16,
      "text" : "温泉",
      "whiteSpace" : false
    }, {
      "id" : "s0-t9",
      "begin" : 16,
      "end" : 17,
      "text" : "・",
      "whiteSpace" : false
    }, {
      "id" : "s0-t10",
      "begin" : 17,
      "end" : 19,
      "text" : "大塩",
      "whiteSpace" : false
    }, {
      "id" : "s0-t11",
      "begin" : 19,
      "end" : 21,
      "text" : "温泉",
      "whiteSpace" : false
    }, {
      "id" : "s0-t12",
      "begin" : 21,
      "end" : 22,
      "text" : "・",
      "whiteSpace" : false
    }, {
      "id" : "s0-t13",
      "begin" : 22,
      "end" : 25,
      "text" : "霊泉寺",
      "whiteSpace" : false
    }, {
      "id" : "s0-t14",
      "begin" : 25,
      "end" : 27,
      "text" : "温泉",
      "whiteSpace" : false
    }, {
      "id" : "s0-t15",
      "begin" : 27,
      "end" : 28,
      "text" : "）",
      "whiteSpace" : false
    }, {
      "id" : "s0-t16",
      "begin" : 28,
      "end" : 29,
      "text" : "は",
      "whiteSpace" : false
    }, {
      "id" : "s0-t17",
      "begin" : 29,
      "end" : 30,
      "text" : "、",
      "whiteSpace" : false
    }, {
      "id" : "s0-t18",
      "begin" : 30,
      "end" : 34,
      "text" : "それぞれ",
      "whiteSpace" : false
    }, {
      "id" : "s0-t19",
      "begin" : 34,
      "end" : 37,
      "text" : "独自の",
      "whiteSpace" : false
    }, {
      "id" : "s0-t20",
      "begin" : 37,
      "end" : 39,
      "text" : "歴史",
      "whiteSpace" : false
    }, {
      "id" : "s0-t21",
      "begin" : 39,
      "end" : 40,
      "text" : "と",
      "whiteSpace" : false
    }, {
      "id" : "s0-t22",
      "begin" : 40,
      "end" : 42,
      "text" : "異な",
      "whiteSpace" : false
    }, {
      "id" : "s0-t23",
      "begin" : 43,
      "end" : 44,
      "text" : "る",
      "whiteSpace" : false
    }, {
      "id" : "s0-t24",
      "begin" : 44,
      "end" : 46,
      "text" : "泉質",
      "whiteSpace" : false
    }, {
      "id" : "s0-t25",
      "begin" : 46,
      "end" : 47,
      "text" : "・",
      "whiteSpace" : false
    }, {
      "id" : "s0-t26",
      "begin" : 47,
      "end" : 49,
      "text" : "効能",
      "whiteSpace" : false
    }, {
      "id" : "s0-t27",
      "begin" : 49,
      "end" : 50,
      "text" : "を",
      "whiteSpace" : false
    }, {
      "id" : "s0-t28",
      "begin" : 50,
      "end" : 53,
      "text" : "もって",
      "whiteSpace" : false
    }, {
      "id" : "s0-t29",
      "begin" : 53,
      "end" : 55,
      "text" : "いる",
      "whiteSpace" : false
    }, {
      "id" : "s0-t30",
      "begin" : 55,
      "end" : 56,
      "text" : "が",
      "whiteSpace" : false
    }, {
      "id" : "s0-t31",
      "begin" : 56,
      "end" : 57,
      "text" : "、",
      "whiteSpace" : false
    }, {
      "id" : "s0-t32",
      "begin" : 57,
      "end" : 60,
      "text" : "ともに",
      "whiteSpace" : false
    }, {
      "id" : "s0-t33",
      "begin" : 60,
      "end" : 61,
      "text" : "弱",
      "whiteSpace" : false
    }, {
      "id" : "s0-t34",
      "begin" : 61,
      "end" : 65,
      "text" : "アルカリ",
      "whiteSpace" : false
    }, {
      "id" : "s0-t35",
      "begin" : 65,
      "end" : 66,
      "text" : "性",
      "whiteSpace" : false
    }, {
      "id" : "s0-t36",
      "begin" : 66,
      "end" : 67,
      "text" : "の",
      "whiteSpace" : false
    }, {
      "id" : "s0-t37",
      "begin" : 67,
      "end" : 69,
      "text" : "泉質",
      "whiteSpace" : false
    }, {
      "id" : "s0-t38",
      "begin" : 69,
      "end" : 70,
      "text" : "は",
      "whiteSpace" : false
    }, {
      "id" : "s0-t39",
      "begin" : 70,
      "end" : 75,
      "text" : "良好であり",
      "whiteSpace" : false
    }, {
      "id" : "s0-t40",
      "begin" : 75,
      "end" : 76,
      "text" : "、",
      "whiteSpace" : false
    }, {
      "id" : "s0-t41",
      "begin" : 76,
      "end" : 77,
      "text" : "高",
      "whiteSpace" : false
    }, {
      "id" : "s0-t42",
      "begin" : 77,
      "end" : 79,
      "text" : "血圧",
      "whiteSpace" : false
    }, {
      "id" : "s0-t43",
      "begin" : 79,
      "end" : 80,
      "text" : "・",
      "whiteSpace" : false
    }, {
      "id" : "s0-t44",
      "begin" : 80,
      "end" : 82,
      "text" : "中風",
      "whiteSpace" : false
    }, {
      "id" : "s0-t45",
      "begin" : 82,
      "end" : 83,
      "text" : "・",
      "whiteSpace" : false
    }, {
      "id" : "s0-t46",
      "begin" : 83,
      "end" : 85,
      "text" : "動脈",
      "whiteSpace" : false
    }, {
      "id" : "s0-t47",
      "begin" : 85,
      "end" : 86,
      "text" : "硬",
      "whiteSpace" : false
    }, {
      "id" : "s0-t48",
      "begin" : 87,
      "end" : 88,
      "text" : "化",
      "whiteSpace" : false
    }, {
      "id" : "s0-t49",
      "begin" : 88,
      "end" : 89,
      "text" : "・",
      "whiteSpace" : false
    }, {
      "id" : "s0-t50",
      "begin" : 89,
      "end" : 91,
      "text" : "関節",
      "whiteSpace" : false
    }, {
      "id" : "s0-t51",
      "begin" : 91,
      "end" : 96,
      "text" : "リュウマチ",
      "whiteSpace" : false
    }, {
      "id" : "s0-t52",
      "begin" : 96,
      "end" : 98,
      "text" : "など",
      "whiteSpace" : false
    }, {
      "id" : "s0-t53",
      "begin" : 98,
      "end" : 99,
      "text" : "に",
      "whiteSpace" : false
    }, {
      "id" : "s0-t54",
      "begin" : 99,
      "end" : 101,
      "text" : "効能",
      "whiteSpace" : false
    }, {
      "id" : "s0-t55",
      "begin" : 101,
      "end" : 102,
      "text" : "が",
      "whiteSpace" : false
    }, {
      "id" : "s0-t56",
      "begin" : 102,
      "end" : 104,
      "text" : "ある",
      "whiteSpace" : false
    }, {
      "id" : "s0-t57",
      "begin" : 104,
      "end" : 105,
      "text" : "。",
      "whiteSpace" : false
    } ]
  }, {
    "id" : "s1",
    "begin" : 106,
    "end" : 221,
    "text" : "鹿教湯温泉の名は、鹿に化けた文殊菩薩が信仰心の厚い猟師に出湯のありかを教えたという古 事に由来しており、文殊堂や五台橋をはじめとする歴史文化資源に恵まれているだけでなく、温 泉治療とリハビリテーションの聖地として広く知られている。",
    "tokens" : [ {
      "id" : "s1-t0",
      "begin" : 106,
      "end" : 109,
      "text" : "鹿教湯",
      "whiteSpace" : false
    }, {
      "id" : "s1-t1",
      "begin" : 109,
      "end" : 111,
      "text" : "温泉",
      "whiteSpace" : false
    }, {
      "id" : "s1-t2",
      "begin" : 111,
      "end" : 112,
      "text" : "の",
      "whiteSpace" : false
    }, {
      "id" : "s1-t3",
      "begin" : 112,
      "end" : 113,
      "text" : "名",
      "whiteSpace" : false
    }, {
      "id" : "s1-t4",
      "begin" : 113,
      "end" : 114,
      "text" : "は",
      "whiteSpace" : false
    }, {
      "id" : "s1-t5",
      "begin" : 114,
      "end" : 115,
      "text" : "、",
      "whiteSpace" : false
    }, {
      "id" : "s1-t6",
      "begin" : 115,
      "end" : 116,
      "text" : "鹿",
      "whiteSpace" : false
    }, {
      "id" : "s1-t7",
      "begin" : 116,
      "end" : 117,
      "text" : "に",
      "whiteSpace" : false
    }, {
      "id" : "s1-t8",
      "begin" : 117,
      "end" : 120,
      "text" : "化けた",
      "whiteSpace" : false
    }, {
      "id" : "s1-t9",
      "begin" : 120,
      "end" : 122,
      "text" : "文殊",
      "whiteSpace" : false
    }, {
      "id" : "s1-t10",
      "begin" : 122,
      "end" : 124,
      "text" : "菩薩",
      "whiteSpace" : false
    }, {
      "id" : "s1-t11",
      "begin" : 124,
      "end" : 125,
      "text" : "が",
      "whiteSpace" : false
    }, {
      "id" : "s1-t12",
      "begin" : 125,
      "end" : 127,
      "text" : "信仰",
      "whiteSpace" : false
    }, {
      "id" : "s1-t13",
      "begin" : 127,
      "end" : 128,
      "text" : "心",
      "whiteSpace" : false
    }, {
      "id" : "s1-t14",
      "begin" : 128,
      "end" : 129,
      "text" : "の",
      "whiteSpace" : false
    }, {
      "id" : "s1-t15",
      "begin" : 129,
      "end" : 131,
      "text" : "厚い",
      "whiteSpace" : false
    }, {
      "id" : "s1-t16",
      "begin" : 131,
      "end" : 133,
      "text" : "猟師",
      "whiteSpace" : false
    }, {
      "id" : "s1-t17",
      "begin" : 133,
      "end" : 134,
      "text" : "に",
      "whiteSpace" : false
    }, {
      "id" : "s1-t18",
      "begin" : 134,
      "end" : 136,
      "text" : "出湯",
      "whiteSpace" : false
    }, {
      "id" : "s1-t19",
      "begin" : 136,
      "end" : 137,
      "text" : "の",
      "whiteSpace" : false
    }, {
      "id" : "s1-t20",
      "begin" : 137,
      "end" : 140,
      "text" : "ありか",
      "whiteSpace" : false
    }, {
      "id" : "s1-t21",
      "begin" : 140,
      "end" : 141,
      "text" : "を",
      "whiteSpace" : false
    }, {
      "id" : "s1-t22",
      "begin" : 141,
      "end" : 144,
      "text" : "教えた",
      "whiteSpace" : false
    }, {
      "id" : "s1-t23",
      "begin" : 144,
      "end" : 145,
      "text" : "と",
      "whiteSpace" : false
    }, {
      "id" : "s1-t24",
      "begin" : 145,
      "end" : 147,
      "text" : "いう",
      "whiteSpace" : false
    }, {
      "id" : "s1-t25",
      "begin" : 147,
      "end" : 148,
      "text" : "古",
      "whiteSpace" : false
    }, {
      "id" : "s1-t26",
      "begin" : 149,
      "end" : 150,
      "text" : "事",
      "whiteSpace" : false
    }, {
      "id" : "s1-t27",
      "begin" : 150,
      "end" : 151,
      "text" : "に",
      "whiteSpace" : false
    }, {
      "id" : "s1-t28",
      "begin" : 151,
      "end" : 153,
      "text" : "由来",
      "whiteSpace" : false
    }, {
      "id" : "s1-t29",
      "begin" : 153,
      "end" : 155,
      "text" : "して",
      "whiteSpace" : false
    }, {
      "id" : "s1-t30",
      "begin" : 155,
      "end" : 157,
      "text" : "おり",
      "whiteSpace" : false
    }, {
      "id" : "s1-t31",
      "begin" : 157,
      "end" : 158,
      "text" : "、",
      "whiteSpace" : false
    }, {
      "id" : "s1-t32",
      "begin" : 158,
      "end" : 161,
      "text" : "文殊堂",
      "whiteSpace" : false
    }, {
      "id" : "s1-t33",
      "begin" : 161,
      "end" : 162,
      "text" : "や",
      "whiteSpace" : false
    }, {
      "id" : "s1-t34",
      "begin" : 162,
      "end" : 164,
      "text" : "五台",
      "whiteSpace" : false
    }, {
      "id" : "s1-t35",
      "begin" : 164,
      "end" : 165,
      "text" : "橋",
      "whiteSpace" : false
    }, {
      "id" : "s1-t36",
      "begin" : 165,
      "end" : 166,
      "text" : "を",
      "whiteSpace" : false
    }, {
      "id" : "s1-t37",
      "begin" : 166,
      "end" : 169,
      "text" : "はじめ",
      "whiteSpace" : false
    }, {
      "id" : "s1-t38",
      "begin" : 169,
      "end" : 170,
      "text" : "と",
      "whiteSpace" : false
    }, {
      "id" : "s1-t39",
      "begin" : 170,
      "end" : 172,
      "text" : "する",
      "whiteSpace" : false
    }, {
      "id" : "s1-t40",
      "begin" : 172,
      "end" : 174,
      "text" : "歴史",
      "whiteSpace" : false
    }, {
      "id" : "s1-t41",
      "begin" : 174,
      "end" : 176,
      "text" : "文化",
      "whiteSpace" : false
    }, {
      "id" : "s1-t42",
      "begin" : 176,
      "end" : 178,
      "text" : "資源",
      "whiteSpace" : false
    }, {
      "id" : "s1-t43",
      "begin" : 178,
      "end" : 179,
      "text" : "に",
      "whiteSpace" : false
    }, {
      "id" : "s1-t44",
      "begin" : 179,
      "end" : 183,
      "text" : "恵まれて",
      "whiteSpace" : false
    }, {
      "id" : "s1-t45",
      "begin" : 183,
      "end" : 185,
      "text" : "いる",
      "whiteSpace" : false
    }, {
      "id" : "s1-t46",
      "begin" : 185,
      "end" : 187,
      "text" : "だけ",
      "whiteSpace" : false
    }, {
      "id" : "s1-t47",
      "begin" : 187,
      "end" : 188,
      "text" : "で",
      "whiteSpace" : false
    }, {
      "id" : "s1-t48",
      "begin" : 188,
      "end" : 190,
      "text" : "なく",
      "whiteSpace" : false
    }, {
      "id" : "s1-t49",
      "begin" : 190,
      "end" : 191,
      "text" : "、",
      "whiteSpace" : false
    }, {
      "id" : "s1-t50",
      "begin" : 191,
      "end" : 192,
      "text" : "温",
      "whiteSpace" : false
    }, {
      "id" : "s1-t51",
      "begin" : 193,
      "end" : 194,
      "text" : "泉",
      "whiteSpace" : false
    }, {
      "id" : "s1-t52",
      "begin" : 194,
      "end" : 196,
      "text" : "治療",
      "whiteSpace" : false
    }, {
      "id" : "s1-t53",
      "begin" : 196,
      "end" : 197,
      "text" : "と",
      "whiteSpace" : false
    }, {
      "id" : "s1-t54",
      "begin" : 197,
      "end" : 206,
      "text" : "リハビリテーション",
      "whiteSpace" : false
    }, {
      "id" : "s1-t55",
      "begin" : 206,
      "end" : 207,
      "text" : "の",
      "whiteSpace" : false
    }, {
      "id" : "s1-t56",
      "begin" : 207,
      "end" : 209,
      "text" : "聖地",
      "whiteSpace" : false
    }, {
      "id" : "s1-t57",
      "begin" : 209,
      "end" : 210,
      "text" : "と",
      "whiteSpace" : false
    }, {
      "id" : "s1-t58",
      "begin" : 210,
      "end" : 212,
      "text" : "して",
      "whiteSpace" : false
    }, {
      "id" : "s1-t59",
      "begin" : 212,
      "end" : 214,
      "text" : "広く",
      "whiteSpace" : false
    }, {
      "id" : "s1-t60",
      "begin" : 214,
      "end" : 216,
      "text" : "知ら",
      "whiteSpace" : false
    }, {
      "id" : "s1-t61",
      "begin" : 216,
      "end" : 218,
      "text" : "れて",
      "whiteSpace" : false
    }, {
      "id" : "s1-t62",
      "begin" : 218,
      "end" : 220,
      "text" : "いる",
      "whiteSpace" : false
    }, {
      "id" : "s1-t63",
      "begin" : 220,
      "end" : 221,
      "text" : "。",
      "whiteSpace" : false
    } ]
  }, {
    "id" : "s2",
    "begin" : 222,
    "end" : 328,
    "text" : "大塩温泉は、武田信玄が川中島の合戦で負傷した傷兵の治療のために使用したことから“信玄 の隠し湯”と伝わっており、昔から傷によく効く温泉として知られ、温泉の効能はラジウムの含 有によるものであることが分かっている。",
    "tokens" : [ {
      "id" : "s2-t0",
      "begin" : 222,
      "end" : 224,
      "text" : "大塩",
      "whiteSpace" : false
    }, {
      "id" : "s2-t1",
      "begin" : 224,
      "end" : 226,
      "text" : "温泉",
      "whiteSpace" : false
    }, {
      "id" : "s2-t2",
      "begin" : 226,
      "end" : 227,
      "text" : "は",
      "whiteSpace" : false
    }, {
      "id" : "s2-t3",
      "begin" : 227,
      "end" : 228,
      "text" : "、",
      "whiteSpace" : false
    }, {
      "id" : "s2-t4",
      "begin" : 228,
      "end" : 230,
      "text" : "武田",
      "whiteSpace" : false
    }, {
      "id" : "s2-t5",
      "begin" : 230,
      "end" : 232,
      "text" : "信玄",
      "whiteSpace" : false
    }, {
      "id" : "s2-t6",
      "begin" : 232,
      "end" : 233,
      "text" : "が",
      "whiteSpace" : false
    }, {
      "id" : "s2-t7",
      "begin" : 233,
      "end" : 234,
      "text" : "川",
      "whiteSpace" : false
    }, {
      "id" : "s2-t8",
      "begin" : 234,
      "end" : 236,
      "text" : "中島",
      "whiteSpace" : false
    }, {
      "id" : "s2-t9",
      "begin" : 236,
      "end" : 237,
      "text" : "の",
      "whiteSpace" : false
    }, {
      "id" : "s2-t10",
      "begin" : 237,
      "end" : 239,
      "text" : "合戦",
      "whiteSpace" : false
    }, {
      "id" : "s2-t11",
      "begin" : 239,
      "end" : 240,
      "text" : "で",
      "whiteSpace" : false
    }, {
      "id" : "s2-t12",
      "begin" : 240,
      "end" : 242,
      "text" : "負傷",
      "whiteSpace" : false
    }, {
      "id" : "s2-t13",
      "begin" : 242,
      "end" : 244,
      "text" : "した",
      "whiteSpace" : false
    }, {
      "id" : "s2-t14",
      "begin" : 244,
      "end" : 246,
      "text" : "傷兵",
      "whiteSpace" : false
    }, {
      "id" : "s2-t15",
      "begin" : 246,
      "end" : 247,
      "text" : "の",
      "whiteSpace" : false
    }, {
      "id" : "s2-t16",
      "begin" : 247,
      "end" : 249,
      "text" : "治療",
      "whiteSpace" : false
    }, {
      "id" : "s2-t17",
      "begin" : 249,
      "end" : 250,
      "text" : "の",
      "whiteSpace" : false
    }, {
      "id" : "s2-t18",
      "begin" : 250,
      "end" : 252,
      "text" : "ため",
      "whiteSpace" : false
    }, {
      "id" : "s2-t19",
      "begin" : 252,
      "end" : 253,
      "text" : "に",
      "whiteSpace" : false
    }, {
      "id" : "s2-t20",
      "begin" : 253,
      "end" : 255,
      "text" : "使用",
      "whiteSpace" : false
    }, {
      "id" : "s2-t21",
      "begin" : 255,
      "end" : 257,
      "text" : "した",
      "whiteSpace" : false
    }, {
      "id" : "s2-t22",
      "begin" : 257,
      "end" : 259,
      "text" : "こと",
      "whiteSpace" : false
    }, {
      "id" : "s2-t23",
      "begin" : 259,
      "end" : 261,
      "text" : "から",
      "whiteSpace" : false
    }, {
      "id" : "s2-t24",
      "begin" : 261,
      "end" : 262,
      "text" : "“",
      "whiteSpace" : false
    }, {
      "id" : "s2-t25",
      "begin" : 262,
      "end" : 264,
      "text" : "信玄",
      "whiteSpace" : false
    }, {
      "id" : "s2-t26",
      "begin" : 265,
      "end" : 266,
      "text" : "の",
      "whiteSpace" : false
    }, {
      "id" : "s2-t27",
      "begin" : 266,
      "end" : 268,
      "text" : "隠し",
      "whiteSpace" : false
    }, {
      "id" : "s2-t28",
      "begin" : 268,
      "end" : 269,
      "text" : "湯",
      "whiteSpace" : false
    }, {
      "id" : "s2-t29",
      "begin" : 269,
      "end" : 270,
      "text" : "”",
      "whiteSpace" : false
    }, {
      "id" : "s2-t30",
      "begin" : 270,
      "end" : 271,
      "text" : "と",
      "whiteSpace" : false
    }, {
      "id" : "s2-t31",
      "begin" : 271,
      "end" : 275,
      "text" : "伝わって",
      "whiteSpace" : false
    }, {
      "id" : "s2-t32",
      "begin" : 275,
      "end" : 277,
      "text" : "おり",
      "whiteSpace" : false
    }, {
      "id" : "s2-t33",
      "begin" : 277,
      "end" : 278,
      "text" : "、",
      "whiteSpace" : false
    }, {
      "id" : "s2-t34",
      "begin" : 278,
      "end" : 279,
      "text" : "昔",
      "whiteSpace" : false
    }, {
      "id" : "s2-t35",
      "begin" : 279,
      "end" : 281,
      "text" : "から",
      "whiteSpace" : false
    }, {
      "id" : "s2-t36",
      "begin" : 281,
      "end" : 282,
      "text" : "傷",
      "whiteSpace" : false
    }, {
      "id" : "s2-t37",
      "begin" : 282,
      "end" : 283,
      "text" : "に",
      "whiteSpace" : false
    }, {
      "id" : "s2-t38",
      "begin" : 283,
      "end" : 285,
      "text" : "よく",
      "whiteSpace" : false
    }, {
      "id" : "s2-t39",
      "begin" : 285,
      "end" : 287,
      "text" : "効く",
      "whiteSpace" : false
    }, {
      "id" : "s2-t40",
      "begin" : 287,
      "end" : 289,
      "text" : "温泉",
      "whiteSpace" : false
    }, {
      "id" : "s2-t41",
      "begin" : 289,
      "end" : 290,
      "text" : "と",
      "whiteSpace" : false
    }, {
      "id" : "s2-t42",
      "begin" : 290,
      "end" : 292,
      "text" : "して",
      "whiteSpace" : false
    }, {
      "id" : "s2-t43",
      "begin" : 292,
      "end" : 294,
      "text" : "知ら",
      "whiteSpace" : false
    }, {
      "id" : "s2-t44",
      "begin" : 294,
      "end" : 295,
      "text" : "れ",
      "whiteSpace" : false
    }, {
      "id" : "s2-t45",
      "begin" : 295,
      "end" : 296,
      "text" : "、",
      "whiteSpace" : false
    }, {
      "id" : "s2-t46",
      "begin" : 296,
      "end" : 298,
      "text" : "温泉",
      "whiteSpace" : false
    }, {
      "id" : "s2-t47",
      "begin" : 298,
      "end" : 299,
      "text" : "の",
      "whiteSpace" : false
    }, {
      "id" : "s2-t48",
      "begin" : 299,
      "end" : 301,
      "text" : "効能",
      "whiteSpace" : false
    }, {
      "id" : "s2-t49",
      "begin" : 301,
      "end" : 302,
      "text" : "は",
      "whiteSpace" : false
    }, {
      "id" : "s2-t50",
      "begin" : 302,
      "end" : 306,
      "text" : "ラジウム",
      "whiteSpace" : false
    }, {
      "id" : "s2-t51",
      "begin" : 306,
      "end" : 307,
      "text" : "の",
      "whiteSpace" : false
    }, {
      "id" : "s2-t52",
      "begin" : 307,
      "end" : 308,
      "text" : "含",
      "whiteSpace" : false
    }, {
      "id" : "s2-t53",
      "begin" : 309,
      "end" : 310,
      "text" : "有",
      "whiteSpace" : false
    }, {
      "id" : "s2-t54",
      "begin" : 310,
      "end" : 311,
      "text" : "に",
      "whiteSpace" : false
    }, {
      "id" : "s2-t55",
      "begin" : 311,
      "end" : 313,
      "text" : "よる",
      "whiteSpace" : false
    }, {
      "id" : "s2-t56",
      "begin" : 313,
      "end" : 315,
      "text" : "もの",
      "whiteSpace" : false
    }, {
      "id" : "s2-t57",
      "begin" : 315,
      "end" : 318,
      "text" : "である",
      "whiteSpace" : false
    }, {
      "id" : "s2-t58",
      "begin" : 318,
      "end" : 320,
      "text" : "こと",
      "whiteSpace" : false
    }, {
      "id" : "s2-t59",
      "begin" : 320,
      "end" : 321,
      "text" : "が",
      "whiteSpace" : false
    }, {
      "id" : "s2-t60",
      "begin" : 321,
      "end" : 325,
      "text" : "分かって",
      "whiteSpace" : false
    }, {
      "id" : "s2-t61",
      "begin" : 325,
      "end" : 327,
      "text" : "いる",
      "whiteSpace" : false
    }, {
      "id" : "s2-t62",
      "begin" : 327,
      "end" : 328,
      "text" : "。",
      "whiteSpace" : false
    } ]
  } ],
  "mentions" : [ {
    "id" : "s0-m1",
    "properties" : {
      "SIRE_MENTION_ROLE" : "ONSEN",
      "SIRE_ENTITY_SUBTYPE" : "NONE",
      "SIRE_MENTION_TYPE" : "NONE",
      "SIRE_MENTION_CLASS" : "SPC"
    },
    "type" : "ONSEN",
    "begin" : 0,
    "end" : 5,
    "inCoref" : false
  }, {
    "id" : "s0-m2",
    "properties" : {
      "SIRE_MENTION_ROLE" : "ONSEN",
      "SIRE_ENTITY_SUBTYPE" : "NONE",
      "SIRE_MENTION_TYPE" : "NONE",
      "SIRE_MENTION_CLASS" : "SPC"
    },
    "type" : "ONSEN",
    "begin" : 6,
    "end" : 10,
    "inCoref" : false
  }, {
    "id" : "s0-m3",
    "properties" : {
      "SIRE_MENTION_ROLE" : "ONSEN",
      "SIRE_ENTITY_SUBTYPE" : "NONE",
      "SIRE_MENTION_TYPE" : "NONE",
      "SIRE_MENTION_CLASS" : "SPC"
    },
    "type" : "ONSEN",
    "begin" : 11,
    "end" : 16,
    "inCoref" : true
  }, {
    "id" : "s0-m4",
    "properties" : {
      "SIRE_MENTION_ROLE" : "ONSEN",
      "SIRE_ENTITY_SUBTYPE" : "NONE",
      "SIRE_MENTION_TYPE" : "NONE",
      "SIRE_MENTION_CLASS" : "SPC"
    },
    "type" : "ONSEN",
    "begin" : 17,
    "end" : 21,
    "inCoref" : true
  }, {
    "id" : "s0-m5",
    "properties" : {
      "SIRE_MENTION_ROLE" : "ONSEN",
      "SIRE_ENTITY_SUBTYPE" : "NONE",
      "SIRE_MENTION_TYPE" : "NONE",
      "SIRE_MENTION_CLASS" : "SPC"
    },
    "type" : "ONSEN",
    "begin" : 22,
    "end" : 27,
    "inCoref" : false
  }, {
    "id" : "s0-m6",
    "properties" : {
      "SIRE_MENTION_ROLE" : "Sensitsu",
      "SIRE_ENTITY_SUBTYPE" : "NONE",
      "SIRE_MENTION_TYPE" : "NONE",
      "SIRE_MENTION_CLASS" : "SPC"
    },
    "type" : "Sensitsu",
    "begin" : 60,
    "end" : 66,
    "inCoref" : false
  }, {
    "id" : "s0-m7",
    "properties" : {
      "SIRE_MENTION_ROLE" : "Tekiou",
      "SIRE_ENTITY_SUBTYPE" : "NONE",
      "SIRE_MENTION_TYPE" : "NONE",
      "SIRE_MENTION_CLASS" : "SPC"
    },
    "type" : "Tekiou",
    "begin" : 76,
    "end" : 79,
    "inCoref" : false
  }, {
    "id" : "s0-m8",
    "properties" : {
      "SIRE_MENTION_ROLE" : "Tekiou",
      "SIRE_ENTITY_SUBTYPE" : "NONE",
      "SIRE_MENTION_TYPE" : "NONE",
      "SIRE_MENTION_CLASS" : "SPC"
    },
    "type" : "Tekiou",
    "begin" : 80,
    "end" : 82,
    "inCoref" : false
  }, {
    "id" : "s0-m9",
    "properties" : {
      "SIRE_MENTION_ROLE" : "Tekiou",
      "SIRE_ENTITY_SUBTYPE" : "NONE",
      "SIRE_MENTION_TYPE" : "NONE",
      "SIRE_MENTION_CLASS" : "SPC"
    },
    "type" : "Tekiou",
    "begin" : 83,
    "end" : 88,
    "inCoref" : false
  }, {
    "id" : "s0-m10",
    "properties" : {
      "SIRE_MENTION_ROLE" : "Tekiou",
      "SIRE_ENTITY_SUBTYPE" : "NONE",
      "SIRE_MENTION_TYPE" : "NONE",
      "SIRE_MENTION_CLASS" : "SPC"
    },
    "type" : "Tekiou",
    "begin" : 89,
    "end" : 96,
    "inCoref" : false
  }, {
    "id" : "s1-m1",
    "properties" : {
      "SIRE_MENTION_ROLE" : "ONSEN",
      "SIRE_ENTITY_SUBTYPE" : "NONE",
      "SIRE_MENTION_TYPE" : "NONE",
      "SIRE_MENTION_CLASS" : "SPC"
    },
    "type" : "ONSEN",
    "begin" : 106,
    "end" : 111,
    "inCoref" : true
  }, {
    "id" : "s2-m1",
    "properties" : {
      "SIRE_MENTION_ROLE" : "ONSEN",
      "SIRE_ENTITY_SUBTYPE" : "NONE",
      "SIRE_MENTION_TYPE" : "NONE",
      "SIRE_MENTION_CLASS" : "SPC"
    },
    "type" : "ONSEN",
    "begin" : 222,
    "end" : 226,
    "inCoref" : true
  }, {
    "id" : "s2-m2",
    "properties" : {
      "SIRE_MENTION_ROLE" : "ONSEN",
      "SIRE_ENTITY_SUBTYPE" : "NONE",
      "SIRE_MENTION_TYPE" : "NONE",
      "SIRE_MENTION_CLASS" : "SPC"
    },
    "type" : "ONSEN",
    "begin" : 262,
    "end" : 269,
    "inCoref" : true
  } ],
  "relations" : [ {
    "id" : "s0-r1",
    "properties" : { },
    "type" : "hasAttribute",
    "args" : [ "s0-m2", "s0-m6" ]
  }, {
    "id" : "s0-r2",
    "properties" : { },
    "type" : "hasAttribute",
    "args" : [ "s0-m3", "s0-m6" ]
  }, {
    "id" : "s0-r3",
    "properties" : { },
    "type" : "hasAttribute",
    "args" : [ "s0-m4", "s0-m6" ]
  }, {
    "id" : "s0-r4",
    "properties" : { },
    "type" : "hasAttribute",
    "args" : [ "s0-m5", "s0-m6" ]
  }, {
    "id" : "s0-r5",
    "properties" : { },
    "type" : "targetCase",
    "args" : [ "s0-m6", "s0-m7" ]
  }, {
    "id" : "s0-r6",
    "properties" : { },
    "type" : "targetCase",
    "args" : [ "s0-m6", "s0-m8" ]
  }, {
    "id" : "s0-r7",
    "properties" : { },
    "type" : "targetCase",
    "args" : [ "s0-m6", "s0-m9" ]
  }, {
    "id" : "s0-r8",
    "properties" : { },
    "type" : "targetCase",
    "args" : [ "s0-m6", "s0-m10" ]
  }, {
    "id" : "s0-r9",
    "properties" : { },
    "type" : "targetCase",
    "args" : [ "s0-m3", "s0-m7" ]
  }, {
    "id" : "s0-r10",
    "properties" : { },
    "type" : "targetCase",
    "args" : [ "s0-m3", "s0-m8" ]
  }, {
    "id" : "s0-r11",
    "properties" : { },
    "type" : "targetCase",
    "args" : [ "s0-m3", "s0-m9" ]
  }, {
    "id" : "s0-r12",
    "properties" : { },
    "type" : "targetCase",
    "args" : [ "s0-m3", "s0-m10" ]
  }, {
    "id" : "s0-r13",
    "properties" : { },
    "type" : "targetCase",
    "args" : [ "s0-m4", "s0-m7" ]
  }, {
    "id" : "s0-r14",
    "properties" : { },
    "type" : "targetCase",
    "args" : [ "s0-m4", "s0-m8" ]
  }, {
    "id" : "s0-r15",
    "properties" : { },
    "type" : "targetCase",
    "args" : [ "s0-m4", "s0-m9" ]
  }, {
    "id" : "s0-r16",
    "properties" : { },
    "type" : "targetCase",
    "args" : [ "s0-m4", "s0-m10" ]
  }, {
    "id" : "s0-r17",
    "properties" : { },
    "type" : "targetCase",
    "args" : [ "s0-m5", "s0-m7" ]
  }, {
    "id" : "s0-r18",
    "properties" : { },
    "type" : "targetCase",
    "args" : [ "s0-m5", "s0-m8" ]
  }, {
    "id" : "s0-r19",
    "properties" : { },
    "type" : "targetCase",
    "args" : [ "s0-m5", "s0-m9" ]
  }, {
    "id" : "s0-r20",
    "properties" : { },
    "type" : "targetCase",
    "args" : [ "s0-m5", "s0-m10" ]
  } ],
  "corefs" : [ {
    "id" : "c1",
    "properties" : { },
    "mentions" : [ "s0-m3", "s1-m1" ]
  }, {
    "id" : "c4",
    "properties" : { },
    "mentions" : [ "s0-m4", "s2-m1", "s2-m2" ]
  } ],
  "typeResolved" : true,
  "userResolved" : false
}